id,warehouse_id,sku,item_number,product_name,product_url,aisle,bay,is_wrong,is_discontinued,category_url,updated_at
58de9d96-eda5-556c-a276-278cf69bd777,1738,,,"El Monterey Mexican Grill Taquitos, Chicken & Cheese, 30-count",https://www.costco.com/.product.18668.html,,,0,0,https://www.costco.com/grocery-household.html,9/27/2026 0:00
1d21d323-b545-571f-b91c-12854ebf0606,1738,,,"Phillips Crab Cake Minis, 36-count",https://www.costco.com/.product.689121.html,,,0,0,https://www.costco.com/grocery-household.html,9/27/2026 0:00
a7d00391-7fd7-5034-858a-ab09fcd420cc,1738,,,"Boursin Garlic & Fine Herbs + Shallot & Chive, Gourmet Cheese, 5.3 oz, 3-count",https://www.costco.com/.product.388467.html,,,0,0,https://www.costco.com/grocery-household.html,9/27/2026 0:00
f631d7db-e6c7-5247-a531-07a323176ac7,1738,,,"Jimmy Dean Croissant Sausage Egg & Cheese, 4.5 oz, 12-count",https://www.costco.com/.product.1312303.html,,,0,0,https://www.costco.com/grocery-household.html,9/27/2026 0:00
ccc990ef-076d-5d1d-91ae-b5ca3eeea2a4,1738,,,"Carbone Spicy Vodka Sauce, 32 oz, 2-count",https://www.costco.com/.product.1804984.html,,,0,0,https://www.costco.com/grocery-household.html,9/27/2026 0:00
2ff988fe-932f-51d7-803e-5dacde7e7b17,1738,,,"Pierre Raw Stuffed Chicken Breasts, Cordon Bleu, 6-count",https://www.costco.com/.product.1021876.html,,,0,0,https://www.costco.com/grocery-household.html,9/27/2026 0:00
c50099f0-de26-5999-9c12-a21a6cab33c2,1738,,,Samsung 30 cu. ft. Bespoke 3-Door French Door Refrigerator with Beverage Center,https://www.costco.com/samsung-30-cu-ft-bespoke-3-door-french-door-refrigerator-with-beverage-center.product.4000039993.html?preselect=top%2Fbottom%20panel%20color%3Awhiteglass,,,0,0,https://www.costco.com/french-door-refrigerators.html,9/27/2026 0:00
6033e24a-8dc6-5355-88bd-f1e0c95c8699,1738,,,GE ENERGY STAR 21.9 cu. ft. Fingerprint Resistant Counter-Depth French-Door Refrigerator,https://www.costco.com/ge-energy-star-219-cu-ft-fingerprint-resistant-counter-depth-french-door-refrigerator.product.4000279490.html,,,0,0,https://www.costco.com/french-door-refrigerators.html,9/27/2026 0:00
b94ec03e-99da-590a-8b5d-ff6c4802374a,1738,,,bella 10-in-1 8.5qt MultiCooker,https://www.costco.com/bella-10-in-1-85qt-multicooker.product.4201002779.html,,,0,0,https://www.costco.com/small-kitchen-appliances.html,9/27/2026 0:00
146097d9-423a-5b28-9f94-92ef24624c17,1738,,,Gourmia XL 13-In-1 French Door Countertop Oven with Air Fry and Temperature Probe,https://www.costco.com/gourmia-xl-13-in-1-french-door-countertop-oven-with-air-fry-and-temperature-probe.product.4201024080.html,,,0,0,https://www.costco.com/small-kitchen-appliances.html,9/27/2026 0:00
6e5f3811-87d0-5de2-988c-d5ff7c10003b,1738,,,Ninja CRISPi DualZone 2-Basket Glass Air Fryer,https://www.costco.com/ninja-crispi-dualzone-2-basket-glass-air-fryer.product.4201032153.html,,,0,0,https://www.costco.com/small-kitchen-appliances.html,9/27/2026 0:00
7c3f44a6-8bf1-5317-9941-5d098b284fd9,1738,,,Cuisinart Brew Central Plus 14-Cup Programmable Coffee Maker,https://www.costco.com/cuisinart-brew-central-plus-14-cup-programmable-coffee-maker.product.4000372303.html,,,0,0,https://www.costco.com/small-kitchen-appliances.html,9/27/2026 0:00
bef31f42-a64f-5501-b5da-3fae5c6eef33,1738,,,Dyson V10 Konical Cordless Stick Vacuum with Car Cleaning Kit,https://www.costco.com/shark-navigator-lift-away-upright-vacuum-with-reveal-technology.product.4201031429.html,,,0,0,https://www.costco.com/vacuums-floor-care.html,9/27/2026 0:00
d28b66b6-c08e-5a7c-9ef3-89c14e2569e5,1738,,,Dyson R2 Nurovi Wash Dry Robot Vacuum,https://www.costco.com/dyson-r2-nurovi-wash-dry-robot-vacuum.product.4201044416.html,,,0,0,https://www.costco.com/vacuums-floor-care.html,9/27/2026 0:00
cfdc7dd4-c2ee-5f8f-b7e9-6eac655e16cd,1738,,,We're sorry. We were not able to find a match.,https://www.costco.com/.product.2040153.html,,,0,0,https://www.costco.com/beauty.html,9/27/2026 0:00
17152d28-250a-585e-b7f3-763a4cab36dd,1738,,,"Braun IPL At Home Laser Hair Removal, Permanent Hair Reduction, Venus Razor",https://www.costco.com/braun-ipl-at-home-laser-hair-removal-permanent-hair-reduction-venus-razor.product.4000395848.html,,,0,0,https://www.costco.com/beauty-tools-accessories.html,9/27/2026 0:00
fc637b1c-c3e3-5a7b-8967-1f6d39912d12,1738,,,Shark FlexStyle IonCurl Air Styling System with Curl IQ,https://www.costco.com/shark-flexstyle-ioncurl-air-styling-system-with-curl-iq.product.4201021071.html,,,0,0,https://www.costco.com/beauty-tools-accessories.html,9/27/2026 0:00
c18f9125-7151-5343-8c48-adf8a587a922,1738,,,Magic Keyboard for iPad Pro 13‑inch - US English,https://www.costco.com/magic-keyboard-for-ipad-pro-13inch---us-english.product.4000276952.html,,,0,0,https://www.costco.com/tablet-computers-accessories.html,9/27/2026 0:00
0aaffa75-52c0-54e4-833b-d3cd76fbe7ab,1738,,,Magic Keyboard — White iPad Air 13-inch,https://www.costco.com/magic-keyboard--white-ipad-air-13-inch.product.4000276943.html,,,0,0,https://www.costco.com/tablet-computers-accessories.html,9/27/2026 0:00
1e572ad0-d6a9-5800-be1f-7ea060fc01b9,1738,,,Magic Keyboard for iPad Pro 11‑inch - US English,https://www.costco.com/magic-keyboard-for-ipad-pro-11inch---us-english.product.4000276972.html,,,0,0,https://www.costco.com/tablet-computers-accessories.html,9/27/2026 0:00
ac9c5fbe-c255-5e0e-97fe-65cc44dafb0e,1738,,,Thomasville Fallon Modular Sectional 6-piece Gray with Ottoman,https://www.costco.com/.product.1861704.html,,,0,0,https://www.costco.com/costco-direct.html,9/27/2026 0:00
46198093-bce9-57e3-8019-86a0ed020145,1738,,,Lifetime 170-Gallon Resin Outdoor Storage Deck Box,https://www.costco.com/.product.1947401.html,,,0,0,https://www.costco.com/costco-direct.html,9/27/2026 0:00
b99052f6-63a0-5f61-a4d0-f16d612ccbb1,1738,,,We're sorry. We were not able to find a match.,https://www.costco.com/.product.1862180.html,,,0,0,https://www.costco.com/costco-direct.html,9/27/2026 0:00
f8c41643-e875-5c75-921f-af34e51afe4c,1738,,,Yardistry 8' x 7' Greenhouse,https://www.costco.com/.product.1902493.html,,,0,0,https://www.costco.com/costco-direct.html,9/27/2026 0:00
2b4ce666-6bd2-5eb3-b08e-e65021fabb75,1738,,,"Henredon Murphy Swivel Boucle Chair, Cream",https://www.costco.com/.product.1695459.html,,,0,0,https://www.costco.com/costco-direct.html,9/27/2026 0:00
30e43e4e-e803-56b9-b7dc-e6593a1cc6e7,1738,,,"THOR Kitchen 48"" 6.8 cu. ft. Professional Double Oven Gas Range",https://www.costco.com/.product.2092119.html,,,0,0,https://www.costco.com/costco-direct.html,9/27/2026 0:00
d66a5fa4-6d23-5a31-b108-c0356d1341a0,1738,,,"1 - 1 of 1 results for ""2092120""",https://www.costco.com/.product.2092120.html,,,0,0,https://www.costco.com/costco-direct.html,9/27/2026 0:00
8012ec55-8dd1-554e-9aa1-81c933d1d61f,1738,,,"THOR Kitchen 17.5 cu. ft. 30""  French Door Refrigerator",https://www.costco.com/.product.2092122.html,,,0,0,https://www.costco.com/costco-direct.html,9/27/2026 0:00
214bbbd0-1c83-5120-bf3f-d85bf41f7e6c,1738,,,Holley Oversized Fabric Accent Chair with Storage Ottoman,https://www.costco.com/.product.1783227.html,,,0,0,https://www.costco.com/costco-direct.html,9/27/2026 0:00
329af4ae-6ea2-5116-9429-46d9cf00a753,1738,,,"Sealy Posturepedic Pro Lincoln Heights 14"" Firm, Medium, or Plush Mattress",https://www.costco.com/.product.1900568.html,,,0,0,https://www.costco.com/costco-direct.html,9/27/2026 0:00
9043da04-e8d9-5a7e-a271-eeab0fb0f9e2,1738,,,"Sealy Posturepedic Pro Lincoln Heights 14"" Firm, Medium, or Plush Mattress",https://www.costco.com/.product.1900569.html,,,0,0,https://www.costco.com/costco-direct.html,9/27/2026 0:00
59fc7bd8-7043-5735-9e06-3cfb63c2d009,1738,,,"Sealy Posturepedic Pro Lincoln Heights 14"" Firm, Medium, or Plush Mattress",https://www.costco.com/.product.1900570.html,,,0,0,https://www.costco.com/costco-direct.html,9/27/2026 0:00
f4a34f10-add3-5b32-8051-efafccd5d900,1738,,,"Sealy Posturepedic Pro Lincoln Heights 14"" Firm, Medium, or Plush Mattress",https://www.costco.com/.product.2045147.html,,,0,0,https://www.costco.com/costco-direct.html,9/27/2026 0:00
57d20b02-759f-54b0-8087-bd26804406f5,1738,,,"Sealy Posturepedic Pro Lincoln Heights 14"" Firm, Medium, or Plush Mattress",https://www.costco.com/.product.2045148.html,,,0,0,https://www.costco.com/costco-direct.html,9/27/2026 0:00
6cd116d1-4912-5f44-9150-522d60eed1ea,1738,,,We're sorry. We were not able to find a match.,https://www.costco.com/.product.2092124.html,,,0,0,https://www.costco.com/costco-direct.html,9/27/2026 0:00
a759604a-0799-5b62-976e-79ed6829bc33,1738,,,"Henredon Murphy Swivel Boucle Chair, Gray",https://www.costco.com/.product.1812332.html,,,0,0,https://www.costco.com/costco-direct.html,9/27/2026 0:00
1b1d98f4-22e2-5574-9697-3834b541e1db,1738,,,"Henredon Murphy Fabric 6-piece Modular Sectional with Ottoman, Beige",https://www.costco.com/.product.1861850.html,,,0,0,https://www.costco.com/costco-direct.html,9/27/2026 0:00
471e7169-1165-584b-a340-f0a7ea0b5a45,1738,,,Novaform 14” ComfortGrande Advanced Gel Memory Foam Mattress,https://www.costco.com/.product.1723204.html,,,0,0,https://www.costco.com/costco-direct.html,9/27/2026 0:00
d42c7cd1-b28e-5a0d-b0a3-cc75f79c22ba,1738,,,Novaform 14” ComfortGrande Advanced Gel Memory Foam Mattress,https://www.costco.com/.product.1723202.html,,,0,0,https://www.costco.com/costco-direct.html,9/27/2026 0:00
a084b560-109d-5d70-b68d-378aaf8dec1e,1738,,,Novaform 14” ComfortGrande Advanced Gel Memory Foam Mattress,https://www.costco.com/.product.1895900.html,,,0,0,https://www.costco.com/costco-direct.html,9/27/2026 0:00
3eee9ce2-c9f5-526b-a91b-3a77b685f957,1738,,,We're sorry. We were not able to find a match.,https://www.costco.com/.product.1862067.html,,,0,0,https://www.costco.com/costco-direct.html,9/27/2026 0:00
f40c75fd-79e9-5aac-a20e-e7a78d082c7e,1738,,,Thomasville Caler Convertible Sleeper Sectional with Storage,https://www.costco.com/.product.1783245.html,,,0,0,https://www.costco.com/costco-direct.html,9/27/2026 0:00
3ca68073-aff6-52a4-95c4-33b2c9331d9d,1738,,,We're sorry. We were not able to find a match.,https://www.costco.com/.product.1987843.html,,,0,0,https://www.costco.com/costco-direct.html,9/27/2026 0:00
c8ffa20d-fc04-5981-bfd5-e17daa22a029,1738,,,Mattresses,https://www.costco.com/.product.1845205.html,,,0,0,https://www.costco.com/costco-direct.html,9/27/2026 0:00
7567d067-8cec-5658-bc8b-45e1f5391b76,1738,,,"Kirkland Signature by Stearns & Foster 14"" Tight Top Lakeridge Mattress",https://www.costco.com/.product.1845206.html,,,0,0,https://www.costco.com/costco-direct.html,9/27/2026 0:00
31527221-3013-53be-aae0-d3926a5c5785,1738,,,"Kirkland Signature by Stearns & Foster 14"" Tight Top Lakeridge Mattress",https://www.costco.com/.product.1845207.html,,,0,0,https://www.costco.com/costco-direct.html,9/27/2026 0:00
a9cdcabb-c94d-5533-8ebc-6c977c9ea9bc,1738,,,Yardistry 12' x 16' Gazebo with Aluminum Roof,https://www.costco.com/.product.1293824.html,,,0,0,https://www.costco.com/costco-direct.html,9/27/2026 0:00
91775fb6-d257-5385-844e-b7083c07b2a1,1738,,,Emma Fabric Power Reclining Sectional with Power Footrest,https://www.costco.com/.product.1812619.html,,,0,0,https://www.costco.com/costco-direct.html,9/27/2026 0:00
1ef82c40-e968-5ea7-ad95-78d66524f989,1738,,,"Apple Watch Series 12 (GPS) 42mm Case with Sport Band (Size S/M), Hypertension Notifications, Sleep Score, Advanced Workout Metrics.",https://www.costco.com/.product.2042840.html,,,0,0,https://www.costco.com/apple-smart-watch.html,9/27/2026 0:00
84603582-527b-5d63-b820-4c927e9bc4f8,1738,,,"Apple Watch Series 12 (GPS) 46mm Case with Sport Band (Size M/L), Hypertension Notifications, Sleep Score, Advanced Workout Metrics",https://www.costco.com/.product.2042843.html,,,0,0,https://www.costco.com/apple-smart-watch.html,9/27/2026 0:00
44f12766-48a2-5b75-b253-0dfcb44acec0,1738,,,Apple Watch SE 3 (GPS) 40mm Case with Sport Band (Size S/M),https://www.costco.com/.product.1778371.html,,,0,0,https://www.costco.com/apple-smart-watch.html,9/27/2026 0:00
bf25f589-132c-57f9-9544-aa9b925f4423,1738,,,SHOKZ OpenRun SE- Open-Ear Bluetooth Wireless Bone Conduction Sport Headphones,https://www.costco.com/.product.1926987.html,,,0,0,https://www.costco.com/audio-video.html,9/27/2026 0:00
39a14e66-9da2-5391-8fc5-785503ccf14a,1738,,,Bose QuietComfort SC Headphones (2nd Gen),https://www.costco.com/.product.2058979.html,,,0,0,https://www.costco.com/audio-video.html,9/27/2026 0:00
b7070bfd-3e7b-5b07-b2fe-bb119cf85501,1738,,,Bose QuietComfort Ultra Headphones (Gen1),https://www.costco.com/.product.2058998.html,,,0,0,https://www.costco.com/audio-video.html,9/27/2026 0:00
a299dcf5-d179-5b01-9341-f7e097f89397,1738,,,Soundcore Space One Noise Cancelling Headphones,https://www.costco.com/.product.1967401.html,,,0,0,https://www.costco.com/audio-video.html,9/27/2026 0:00
10c36b34-746f-5140-983f-aa4773281d5a,1738,,,Ultimate Ears Megaboom 4 SE Portable Bluetooth Speaker,https://www.costco.com/.product.2077441.html,,,0,0,https://www.costco.com/audio-video.html,9/27/2026 0:00
59dd8c42-c4e9-5283-9513-11550851a4f5,1738,,,Insta360 X5 - 8K 360° Action Camera Bundle,https://www.costco.com/.product.9536005.html,,,0,0,https://www.costco.com/cameras-camcorders.html,9/27/2026 0:00
d963ea48-f583-5edf-afd4-0801849e4268,1738,,,Belkin 3-in-1 Charging Stand Qi2 25W,https://www.costco.com/belkin-3-in-1-charging-stand-qi2-25w.product.4000406542.html,,,0,0,https://www.costco.com/cell-phone-chargers-batteries.html,9/27/2026 0:00
bd8dfc9e-b977-584e-8b4e-19ac924aff55,1738,,,Anker 70W/30W Wall Charger Bundle,https://www.costco.com/anker-70w30w-wall-charger-bundle.product.4000388367.html,,,0,0,https://www.costco.com/cell-phone-chargers-batteries.html,9/27/2026 0:00
17a33975-9539-55f5-bad4-40d6b5a74a28,1738,,,Canon IVY 2 Mini Photo Printer Bundle - White,https://www.costco.com/canon-ivy-2-mini-photo-printer-bundle---white.product.4000364539.html,,,0,0,https://www.costco.com/cell-phone-chargers-batteries.html,9/27/2026 0:00
77f6c71e-b31b-5acd-be83-159585074d00,1738,,,Canon IVY 2 Mini Photo Printer Bundle - Pink,https://www.costco.com/canon-ivy-2-mini-photo-printer-bundle---pink.product.4000373193.html,,,0,0,https://www.costco.com/cell-phone-chargers-batteries.html,9/27/2026 0:00
4689e238-d966-5143-b291-e6a76217a820,1738,,,"TCL 75"" Class - QM6K Pro Series - 4K UHD QD-Mini LED Smart TV  - Allstate 3-Year Protection Plan Bundle Included for 5 Years of Total Coverage*",https://www.costco.com/.product.9575676.html,,,0,0,https://www.costco.com/televisions.html,9/27/2026 0:00
78d60729-4986-5152-ba03-e95dd39ea195,1738,,,"TCL 85"" Class - QM6K Pro Series - 4K UHD QD-Mini LED Smart TV  - Allstate 3-Year Protection Plan Bundle Included for 5 Years of Total Coverage*",https://www.costco.com/.product.9585676.html,,,0,0,https://www.costco.com/televisions.html,9/27/2026 0:00
85523805-5442-5940-8e52-8fd2b4a2538d,1738,,,"LG 65"" Class - OLED AI B6E Series - 4K Smart TV - Allstate 3-Year Protection Plan Bundle Included For 5 Years of Total Coverage*",https://www.costco.com/.product.9665025.html,,,0,0,https://www.costco.com/televisions.html,9/27/2026 0:00
947e330c-7a14-53d2-bf54-7a131df7c063,1738,,,"LG 77"" Class - OLED AI B6E Series - 4K Smart TV - Allstate 3-Year Protection Plan Bundle Included For 5 Years of Total Coverage*",https://www.costco.com/.product.9677025.html,,,0,0,https://www.costco.com/televisions.html,9/27/2026 0:00
7ea629e5-b891-59b1-a7e3-3d1f9469509a,1738,,,"1 - 1 of 1 results for ""2052213""",https://www.costco.com/.product.2052213.html,,,0,0,https://www.costco.com/wearable-technology.html,9/27/2026 0:00
1d23ca59-b6da-5499-8992-c249999097df,1738,,,Bryce Dining Table and 6 Chairs,https://www.costco.com/.product.1782879.html,,,0,0,https://www.costco.com/furniture.html,9/27/2026 0:00
abcd9ea2-b391-5adb-aa22-e452be349a13,1738,,,"Colin 72"" Accent Console",https://www.costco.com/.product.1782902.html,,,0,0,https://www.costco.com/furniture.html,9/27/2026 0:00
85e19b24-d758-52cb-961c-fbe8abee353c,1738,,,Graham Dining Table and 8 Chairs,https://www.costco.com/.product.1861872.html,,,0,0,https://www.costco.com/furniture.html,9/27/2026 0:00
b63d513a-0ed9-5617-bd74-2376169c0645,1738,,,"Keeley 72"" Accent Cabinet",https://www.costco.com/.product.1782766.html,,,0,0,https://www.costco.com/furniture.html,9/27/2026 0:00
8a62b1de-9ed6-573b-b11b-a694f8ce3a34,1738,,,Wren Zero Gravity Power Leather Recliner with Power Headrest,https://www.costco.com/.product.1987550.html,,,0,0,https://www.costco.com/furniture.html,9/27/2026 0:00
5a621c88-eb1b-56cc-887d-c0cf1ee7e692,1738,,,Hughes Storage Bed,https://www.costco.com/.product.1752902.html,,,0,0,https://www.costco.com/furniture.html,9/27/2026 0:00
f549b2c8-ce68-5836-9f52-397552cde10c,1738,,,Sanders Leather Power Recliner with Power Headrest,https://www.costco.com/.product.1646063.html,,,0,0,https://www.costco.com/furniture.html,9/27/2026 0:00
9390f6d2-ec77-540a-ae7b-405bcd2678d7,1738,,,Highland Gas-lift Adjustable Stool,https://www.costco.com/.product.1862009.html,,,0,0,https://www.costco.com/furniture.html,9/27/2026 0:00
604cade7-0cd9-527f-a7e3-37fe74af1aa0,1738,,,"Rose Universal Broadmoore Bed Frame with Storage, White",https://www.costco.com/rose-universal-broadmoore-bed-frame-with-storage-white.product.4000396491.html,,,0,0,https://www.costco.com/bedroom-furniture.html,9/27/2026 0:00
15b372fc-56aa-5f34-af92-9eb6b5acddc1,1738,,,Rose 6 Drawer Dresser,https://www.costco.com/rose-6-drawer-dresser.product.4000225967.html,,,0,0,https://www.costco.com/bedroom-furniture.html,9/27/2026 0:00
e1720fe4-afb7-56c7-9258-282468840563,1738,,,Henredon Caley Reversible Sofa Chaise with Ottoman,https://www.costco.com/henredon-caley-reversible-sofa-chaise-with-ottoman.product.4000410992.html,,,0,0,https://www.costco.com/living-room.html,9/27/2026 0:00
1bcfa19f-9726-58bd-acb7-28e9b52b0295,1738,,,Del Rey Oaks 74” Accent Console,https://www.costco.com/del-rey-oaks-74-accent-console.product.4000361515.html,,,0,0,https://www.costco.com/living-room.html,9/27/2026 0:00
dc331109-d342-5d43-81c9-3fd4be35ba73,1738,,,TrueWellness All Mesh Office Chair,https://www.costco.com/truewellness-all-mesh-office-chair.product.4000366330.html,,,0,0,https://www.costco.com/office-furniture.html,9/27/2026 0:00
3ece9d01-47d6-5c28-b6b8-20f7bd0594e2,1738,,,"3M Scotch Precision Ultra Edge 8"" Scissor, 3-count",https://www.costco.com/3m-scotch-precision-ultra-edge-8-scissor-3-count.product.100382542.html,,,0,0,https://www.costco.com/all-costco-grocery.html,9/27/2026 0:00
68019c14-a7d6-50eb-93f7-3bdc12c6f815,1738,,,"Softsoap Advanced Clean Liquid Hand Soap Refill 80 oz, 2-pack",https://www.costco.com/softsoap-advanced-clean-liquid-hand-soap-refill-80-oz-2-pack.product.100385266.html,,,0,0,https://www.costco.com/all-costco-grocery.html,9/27/2026 0:00
2ccf209a-04e9-5028-a80b-61f9f62ab8a5,1738,,,"Duracell 9V Alkaline Batteries, 8-count",https://www.costco.com/duracell-9v-alkaline-batteries-8-count.product.100085370.html,,,0,0,https://www.costco.com/all-costco-grocery.html,9/27/2026 0:00
c0fd289f-0def-5055-b572-a0a867b009fd,1738,,,"Cetaphil Gentle Skin Cleanser, Dry to Normal Sensitive Skin, 20 fl oz, 2-count",https://www.costco.com/cetaphil-gentle-skin-cleanser-dry-to-normal-sensitive-skin-20-fl-oz-2-count.product.4000062546.html,,,0,0,https://www.costco.com/all-costco-grocery.html,9/27/2026 0:00
f6812101-d376-5dad-b10f-7f9d7c68af72,1738,,,"Gillette Ultimate Protection 6-in-1 Antiperspirant, 3.8 oz, 5-pack",https://www.costco.com/gillette-ultimate-protection-6-in-1-antiperspirant-38-oz-5-pack.product.100737979.html,,,0,0,https://www.costco.com/all-costco-grocery.html,9/27/2026 0:00
0ea517f6-f13e-528e-9114-577f4933450c,1738,,,"Neutrogena Makeup Remover Wipes, 125-count",https://www.costco.com/neutrogena-makeup-remover-wipes-125-count.product.4000257190.html,,,0,0,https://www.costco.com/all-costco-grocery.html,9/27/2026 0:00
dfd34b73-002f-582d-b5b6-b9a6e1646896,1738,,,"Cetaphil Moisturizing Cream Ultimate with Prebiotic Aloe, Very Dry to Dry Sensitive Skin, 20 oz + 16 oz, 2-pack",https://www.costco.com/cetaphil-moisturizing-cream-ultimate-with-prebiotic-aloe-very-dry-to-dry-sensitive-skin-20-oz--16-oz-2-pack.product.4000058742.html,,,0,0,https://www.costco.com/all-costco-grocery.html,9/27/2026 0:00
3cd9ca61-16cb-5697-9825-37ac2bbbd45b,1738,,,"Listerine UltraClean Coolmint Mouthwash, 1.5 Liter, 2-count",https://www.costco.com/listerine-ultraclean-coolmint-mouthwash-15-liter-2-count.product.100104327.html,,,0,0,https://www.costco.com/all-costco-grocery.html,9/27/2026 0:00
ba54238f-a072-5738-9a07-209ce344a713,1738,,,"Gillette Venus Sensitive Plus Disposable Razor, 15-count",https://www.costco.com/gillette-venus-sensitive-plus-disposable-razor-15-count.product.100733023.html,,,0,0,https://www.costco.com/all-costco-grocery.html,9/27/2026 0:00
99317d37-e887-5fa4-b8d5-1d192079afbd,1738,,,"Kirkland Signature Bar Soap with Shea Butter, 15 Bars",https://www.costco.com/kirkland-signature-bar-soap-with-shea-butter-15-bars.product.100643940.html,,,0,0,https://www.costco.com/all-costco-grocery.html,9/27/2026 0:00
6d16334e-7061-5c3a-a083-28247a22ba67,1738,,,"Duracell C Alkaline Batteries, 14-count",https://www.costco.com/duracell-c-alkaline-batteries-14-count.product.100339368.html,,,0,0,https://www.costco.com/all-costco-grocery.html,9/27/2026 0:00
eb877a32-7e53-5b41-8571-54793647a809,1738,,,"Crest Pro-Health Advanced Mouthwash, 33.8 fl oz, 3-pack",https://www.costco.com/crest-pro-health-advanced-mouthwash-338-fl-oz-3-pack.product.4000151041.html,,,0,0,https://www.costco.com/all-costco-grocery.html,9/27/2026 0:00
b6b38d39-416e-5792-923a-e5bc52bcfc58,1738,,,"Unitex 100% Cotton Towel, White, 14 in x 17 in, 52-count",https://www.costco.com/unitex-100-cotton-towel-white-14-in-x-17-in-52-count.product.100460088.html,,,0,0,https://www.costco.com/all-costco-grocery.html,9/27/2026 0:00
f06d0c92-3846-540d-ad2e-c7a4f5d5fd90,1738,,,"Colgate Total Active Prevention Plus Advanced Whitening Toothpaste, 6.4 oz, 5-pack",https://www.costco.com/colgate-total-active-prevention-plus-advanced-whitening-toothpaste-64-oz-5-pack.product.100473402.html,,,0,0,https://www.costco.com/all-costco-grocery.html,9/27/2026 0:00
560100ac-67db-5d90-af41-9ca4d277c566,1738,,,"trunature Cranberry 650 mg, 140 Vegetarian Capsules",https://www.costco.com/trunature-cranberry-650-mg-140-vegetarian-capsules.product.100463241.html,,,0,0,https://www.costco.com/all-costco-grocery.html,9/27/2026 0:00
96329fce-1d07-5e4a-b6d1-5ed92537a56e,1738,,,"Always Ultra Thin Advanced Overnight Pads, 76-count",https://www.costco.com/always-ultra-thin-advanced-overnight-pads-76-count.product.100520262.html,,,0,0,https://www.costco.com/all-costco-grocery.html,9/27/2026 0:00
8ba08cc0-ede1-5244-8ddb-b69b84ddbdcd,1738,,,"Always Infinity FlexFoam Pads, 72-count",https://www.costco.com/always-infinity-flexfoam-pads-72-count.product.4201001268.html,,,0,0,https://www.costco.com/all-costco-grocery.html,9/27/2026 0:00
6cc8fec7-34f3-52ab-a74a-8a9fa6ace2a3,1738,,,"TUMS Antacid Ultra Strength, 265 Chewable Tablets",https://www.costco.com/tums-antacid-ultra-strength-265-chewable-tablets.product.10031413.html,,,0,0,https://www.costco.com/all-costco-grocery.html,9/27/2026 0:00
b25653a7-9ec5-5c9d-8b5a-f659456a2b12,1738,,,"Kirkland Signature Sparkling Energy Drink, Variety Pack, 12 fl oz, 24-count",https://www.costco.com/kirkland-signature-sparkling-energy-drink-variety-pack-12-fl-oz-24-count.product.4000444178.html,,,0,0,https://www.costco.com/beverages.html,9/27/2026 0:00
e0793c67-9316-5d81-bd42-b3122f9e1cde,1738,,,"Coca-Cola Mini, 7.5 fl oz, 30-count",https://www.costco.com/coca-cola-mini-75-fl-oz-30-count.product.100735424.html,,,0,0,https://www.costco.com/beverages.html,9/27/2026 0:00
01aba19f-468c-5b2c-a73b-1396262d2e39,1738,,,"Celsius Vibe Energy Drink, Variety Pack, 12 fl oz, 18-count",https://www.costco.com/celsius-vibe-energy-drink-variety-pack-12-fl-oz-18-count.product.4000448713.html,,,0,0,https://www.costco.com/beverages.html,9/27/2026 0:00
3f053692-f83a-5a0d-9738-0d6ae020bf5a,1738,,,"Coca-Cola Mini, Variety Pack, 7.5 fl oz, 30-count",https://www.costco.com/coca-cola-mini-variety-pack-75-fl-oz-30-count.product.100787633.html,,,0,0,https://www.costco.com/beverages.html,9/27/2026 0:00
2fe4c3ab-e298-50c9-8587-7f19157e13ed,1738,,,"Vita Coco, Coconut Water, 11.1 fl oz, 18-Count",https://www.costco.com/vita-coco-coconut-water-111-fl-oz-18-count.product.100411697.html,,,0,0,https://www.costco.com/beverages.html,9/27/2026 0:00
63a63865-dd77-529b-a7a0-a6f87ed14e53,1738,,,"Alani Nu Energy Drink, Variety Pack, 12 fl oz, 18-count",https://www.costco.com/alani-nu-energy-drink-variety-pack-12-fl-oz-18-count.product.4000269836.html,,,0,0,https://www.costco.com/beverages.html,9/27/2026 0:00
883b17ab-198c-5930-aad0-512092d4059f,1738,,,"BODYARMOR Lyte Sports Drink, Variety Pack, 20 fl oz, 18-count",https://www.costco.com/bodyarmor-lyte-sports-drink-variety-pack-20-fl-oz-18-count.product.4000242113.html,,,0,0,https://www.costco.com/beverages.html,9/27/2026 0:00
07a97149-08e1-5c31-bd12-1ba3a30c3162,1738,,,"San Pellegrino Ciao! Sparkling Water, Variety Pack, 11.15 fl oz, 24-count",https://www.costco.com/san-pellegrino-ciao-sparkling-water-variety-pack-1115-fl-oz-24-count.product.4000348391.html,,,0,0,https://www.costco.com/beverages.html,9/27/2026 0:00
fc4a50a1-5c44-5d0e-8123-1ced52bd6b7c,1738,,,"Bloom Sparkling Energy Drink, Flavor Obsessions Variety Pack, 12 fl oz, 18-count",https://www.costco.com/bloom-sparkling-energy-drink-flavor-obsessions-variety-pack-12-fl-oz-18-count.product.4201005694.html,,,0,0,https://www.costco.com/beverages.html,9/27/2026 0:00
93074e9f-3ed3-5b8d-9bd3-4d0da761c541,1738,,,"Maison Perrier French Kiss Sparkling Juice Beverage, Variety Pack, 11.15 fl oz, 20-count",https://www.costco.com/maison-perrier-french-kiss-sparkling-juice-beverage-variety-pack-1115-fl-oz-20-count.product.4000446425.html,,,0,0,https://www.costco.com/beverages.html,9/27/2026 0:00
a89df523-f663-5f0b-9cfd-0597b32d61dc,1738,,,"Propel Fitness Water Variety Pack, 16.9 fl oz, 24-count",https://www.costco.com/propel-fitness-water-variety-pack-169-fl-oz-24-count.product.100644634.html,,,0,0,https://www.costco.com/beverages.html,9/27/2026 0:00
7e16e19d-998c-516c-ab8a-ad1f2405c18b,1738,,,"Kirkland Signature, Organic Coconut Water, 33.8 fl oz, 9-count",https://www.costco.com/kirkland-signature-organic-coconut-water-338-fl-oz-9-count.product.100841513.html,,,0,0,https://www.costco.com/beverages.html,9/27/2026 0:00
4218022f-2637-5d4b-9992-4a3c5920f731,1738,,,"Liquid Death Soda-Flavored Sparkling Water, Variety Pack, 24-count",https://www.costco.com/liquid-death-soda-flavored-sparkling-water-variety-pack-24-count.product.4201002019.html,,,0,0,https://www.costco.com/beverages.html,9/27/2026 0:00
9fcb8644-7c1f-5b36-adbf-e0d38227bed3,1738,,,"Sparkling Ice Zero Sugar Sparkling Water Purple Variety Pack, 17 fl oz, 24-count",https://www.costco.com/sparkling-ice-zero-sugar-sparkling-water-purple-variety-pack-17-fl-oz-24-count.product.4000412420.html,,,0,0,https://www.costco.com/beverages.html,9/27/2026 0:00
a4880de4-edc1-546f-bd7e-57a464e82da2,1738,,,"La Croix Sparkling Water, Beach Plum, Guava Sao Paulo and Black Razz Berry Variety Pack, 12 fl oz, 24-count",https://www.costco.com/la-croix-sparkling-water-beach-plum-guava-sao-paulo-and-black-razz-berry-variety-pack-12-fl-oz-24-count.product.100765799.html,,,0,0,https://www.costco.com/beverages.html,9/27/2026 0:00
8af4080d-3742-56e2-8d92-10e6860b9c79,1738,,,"Welch's 100% Juice Drink, Variety Pack, 10 fl oz, 24-count",https://www.costco.com/welchs-100-juice-drink-variety-pack-10-fl-oz-24-count.product.100779437.html,,,0,0,https://www.costco.com/beverages.html,9/27/2026 0:00
9cc4a2ca-6935-5cfa-9950-3a93bdd1ab19,1738,,,"Gatorade Lower Sugar, Variety Pack, 12 fl oz, 24-count",https://www.costco.com/gatorade-lower-sugar-variety-pack-12-fl-oz-24-count.product.4000439916.html,,,0,0,https://www.costco.com/beverages.html,9/27/2026 0:00
b118e2c6-8d73-594f-9c3c-c67639fab652,1738,,,"Carnation, Evaporated Milk, 12 fl oz, 12-Count",https://www.costco.com/carnation-evaporated-milk-12-fl-oz-12-count.product.100381588.html,,,0,0,https://www.costco.com/beverages.html,9/27/2026 0:00
79aa003b-b4b6-5ad3-be78-349ea9a968cf,1738,,,"Kirkland Signature Sport Drink, Variety Pack, 12 fl oz, 24-count",https://www.costco.com/kirkland-signature-almond-milk-1-qt-12-count.product.100456512.html,,,0,0,https://www.costco.com/beverages.html,9/27/2026 0:00
a33cf799-7a3f-5e52-8de8-7c4aaf0492e7,1738,,,"Coca-Cola Classic, 12 fl oz, 35-count",https://www.costco.com/coca-cola-classic-12-fl-oz-35-count.product.100451360.html,,,0,0,https://www.costco.com/beverages.html,9/27/2026 0:00
e39da367-2bd5-5e2a-a477-6b8284aca09c,1738,,,"Glacéau Smartwater, 1 L, 15-count",https://www.costco.com/glacau-smartwater-1-l-15-count.product.100398626.html,,,0,0,https://www.costco.com/beverages.html,9/27/2026 0:00
a1d29bf5-2016-5ca4-9daa-185d23cd3c6f,1738,,,"Health-Ade Organic Fruity Fusion Kombucha Variety Pack, 16 fl oz, 6-count",https://www.costco.com/health-ade-organic-fruity-fusion-kombucha-variety-pack-16-fl-oz-6-count.product.4201023800.html,,,0,0,https://www.costco.com/beverages.html,9/27/2026 0:00
682842ec-c36e-59bc-b405-2ae83c35c729,1738,,,"FIJI Natural Artesian Water, 16.9 fl oz, 24-count",https://www.costco.com/fiji-natural-artesian-water-169-fl-oz-24-count.product.4000033301.html,,,0,0,https://www.costco.com/beverages.html,9/27/2026 0:00
f2c3eacb-b106-5335-80c4-c67868231df4,1738,,,"San Pellegrino Sparkling Natural Mineral Water, 25.3 fl oz, 15-count",https://www.costco.com/san-pellegrino-sparkling-natural-mineral-water-253-fl-oz-15-count.product.4000179611.html,,,0,0,https://www.costco.com/beverages.html,9/27/2026 0:00
b2e580ee-ce4f-5683-8653-30797892df77,1738,,,"Kirkland Signaure Organic Raw Kombucha, 16 fl oz, 8-count",https://www.costco.com/kirkland-signaure-organic-raw-kombucha-16-fl-oz-8-count.product.100588180.html,,,0,0,https://www.costco.com/beverages.html,9/27/2026 0:00
9ee81628-cf74-595b-a328-11ae6f329b0b,1738,,,"POM Wonderful 100% Pomegranate Juice, 64 fl oz",https://www.costco.com/pom-wonderful-100-pomegranate-juice-64-fl-oz.product.4000233754.html,,,0,0,https://www.costco.com/beverages.html,9/27/2026 0:00
49a699ad-f0f0-5441-aa51-68e53ed930d5,1738,,,"Kirkland Signature Ultra Filtered 2% Lactose Free Milk, Half Gallon, 3-count",https://www.costco.com/kirkland-signature-ultra-filtered-2-lactose-free-milk-half-gallon-3-count.product.4201001042.html,,,0,0,https://www.costco.com/beverages.html,9/27/2026 0:00
ddde3081-657f-54a9-b1c1-4fa8891b6f05,1738,,,"Sambazon Organic Dragon Fruit Blend, 64 fl oz",https://www.costco.com/sambazon-organic-dragon-fruit-blend-64-fl-oz.product.100737535.html,,,0,0,https://www.costco.com/beverages.html,9/27/2026 0:00
df0965f3-b8a6-54fc-9ee3-68c4e3355592,1738,,,"Hershey's Variety Pack, 30-count",https://www.costco.com/hersheys-variety-pack-30-count.product.100381538.html,,,0,0,https://www.costco.com/candy.html,9/27/2026 0:00
b8fe1d0b-5932-58fe-b650-b25ff8f6ddfb,1738,,,"M&M's, Snickers and More Chocolate Candy Bars, Variety Pack, 30-count",https://www.costco.com/mms-snickers-and-more-chocolate-candy-bars-variety-pack-30-count.product.100381504.html,,,0,0,https://www.costco.com/candy.html,9/27/2026 0:00
932f35d1-42cc-5473-93a3-89d779860e00,1738,,,"Hershey's Nuggets Assortment, Variety Pack, 145-count",https://www.costco.com/hersheys-nuggets-assortment-variety-pack-145-count.product.100381533.html,,,0,0,https://www.costco.com/candy.html,9/27/2026 0:00
9c642011-2174-56fa-a402-a1af3ce46e3c,1738,,,"M&M's Chocolate Candy, Peanut, 62 oz Jar",https://www.costco.com/mms-chocolate-candy-peanut-62-oz-jar.product.100394694.html,,,0,0,https://www.costco.com/candy.html,9/27/2026 0:00
d415a40a-5eaf-581a-8098-2e6ee131b8df,1738,,,"Kirkland Signature Milk Chocolate Covered Almonds, 48 oz",https://www.costco.com/kirkland-signature-milk-chocolate-covered-almonds-48-oz.product.4000416452.html,,,0,0,https://www.costco.com/candy.html,9/27/2026 0:00
51c646d8-43bd-5232-b622-435462b239ce,1738,,,"Cello Variety Pack, Cracker Cut, Premium Sliced Cheeses, 2 lbs",https://www.costco.com/cello-variety-pack-cracker-cut-premium-sliced-cheeses-2-lbs.product.100710281.html,,,0,0,https://www.costco.com/dairy-eggs-cheese.html,9/27/2026 0:00
ee692af3-45c6-56eb-987b-eb1e658daad5,1738,,,"Chobani Greek Yogurt Variety Pack, 5.3 oz, 20-count",https://www.costco.com/chobani-greek-yogurt-variety-pack-53-oz-20-count.product.100368194.html,,,0,0,https://www.costco.com/dairy-eggs-cheese.html,9/27/2026 0:00
7ccf72e7-2882-5732-aca3-aa120b8d4719,1738,,,"Kirkland Signature Grass-Fed Butter, 8 oz, 4-count",https://www.costco.com/kirkland-signature-grass-fed-butter-8-oz-4-count.product.100713067.html,,,0,0,https://www.costco.com/dairy-eggs-cheese.html,9/27/2026 0:00
f2f76da9-d9d9-586d-a0bf-15bc6bd6a1e4,1738,,,"Kirkland Signature Shredded Mozzarella Cheese, 2.5 lbs, 2-count",https://www.costco.com/kirkland-signature-shredded-mozzarella-cheese-25-lbs-2-count.product.100436420.html,,,0,0,https://www.costco.com/dairy-eggs-cheese.html,9/27/2026 0:00
5fef1ab2-c6a6-514e-96e1-43e1dc7157b4,1738,,,"Kirkland Signature Fresh Mozzarella, 18 oz, 2-count",https://www.costco.com/kirkland-signature-fresh-mozzarella-18-oz-2-count.product.100637149.html,,,0,0,https://www.costco.com/dairy-eggs-cheese.html,9/27/2026 0:00
54d8328c-d3bf-503e-b387-382cf0498f38,1738,,,"Kerrygold Pure Unsalted Irish Butter, 8 oz, 4-count",https://www.costco.com/kerrygold-pure-unsalted-irish-butter-8-oz-4-count.product.100439445.html,,,0,0,https://www.costco.com/dairy-eggs-cheese.html,9/27/2026 0:00
fe66ab7f-862b-5abb-b496-3ac1accbdb9a,1738,,,"BelGioioso Fresh Mozzarella Snacking Cheese, 1 oz, 24-count",https://www.costco.com/belgioioso-fresh-mozzarella-snacking-cheese-1-oz-24-count.product.100453313.html,,,0,0,https://www.costco.com/dairy-eggs-cheese.html,9/27/2026 0:00
1cbc78a9-bede-5882-80cd-09a51c6f71d0,1738,,,"Finlandia Premium Cheese Slices, 2 lbs",https://www.costco.com/finlandia-premium-cheese-slices-2-lbs.product.100442159.html,,,0,0,https://www.costco.com/dairy-eggs-cheese.html,9/27/2026 0:00
3a1bcfd2-55ed-59d9-8fcc-bc0f1aa03926,1738,,,"Emmi Le Gruyere AOP Cheese, 1 lb",https://www.costco.com/emmi-le-gruyere-aop-cheese-1-lb.product.100443302.html,,,0,0,https://www.costco.com/dairy-eggs-cheese.html,9/27/2026 0:00
1fa849d7-9094-5f37-a730-9c88467c0b2a,1738,,,"Noosa Yoghurt Variety Pack, 4 oz, 12-count",https://www.costco.com/noosa-yoghurt-variety-pack-4-oz-12-count.product.4000283857.html,,,0,0,https://www.costco.com/dairy-eggs-cheese.html,9/27/2026 0:00
b167a831-06da-5cd7-8b33-a0dcf1f674a2,1738,,,"Kirkland Signature Aged Parmigiano Reggiano Cheese, Shredded, 1 lb",https://www.costco.com/kirkland-signature-aged-parmigiano-reggiano-cheese-shredded-1-lb.product.100377729.html,,,0,0,https://www.costco.com/dairy-eggs-cheese.html,9/27/2026 0:00
2401e065-d3a6-58f8-b5ac-36363914fe02,1738,,,"Philadelphia Original Cream Cheese Spread, 48 oz",https://www.costco.com/philadelphia-original-cream-cheese-spread-48-oz.product.100443215.html,,,0,0,https://www.costco.com/dairy-eggs-cheese.html,9/27/2026 0:00
474579c4-b229-586e-bf70-184e8ab25398,1738,,,"President Crumbled Feta Cheese, 1.5 lbs",https://www.costco.com/president-crumbled-feta-cheese-15-lbs.product.100416444.html,,,0,0,https://www.costco.com/dairy-eggs-cheese.html,9/27/2026 0:00
6a36d01c-88ea-5290-8fac-70b0cb2e52fb,1738,,,"Kirkland Signature Flex-Tech 13-Gallon Kitchen Trash Bag, 200-count",https://www.costco.com/kirkland-signature-flex-tech-13-gallon-kitchen-trash-bag-200-count.product.100342484.html,,,0,0,https://www.costco.com/household-cleaning.html,9/27/2026 0:00
f2923e02-7f1f-51fb-8145-481243165eb3,1738,,,"Cascade Platinum Plus Dishwasher Detergent ActionPacs, Fresh, 82-count",https://www.costco.com/cascade-platinum-plus-dishwasher-detergent-actionpacs-fresh-82-count.product.4000350951.html,,,0,0,https://www.costco.com/household-cleaning.html,9/27/2026 0:00
1d273dc8-0f1c-568c-8739-684155282778,1738,,,"Lysol Advanced Toilet Bowl Cleaner, 32 fl oz, 4-count",https://www.costco.com/lysol-advanced-toilet-bowl-cleaner-32-fl-oz-4-count.product.100540181.html,,,0,0,https://www.costco.com/household-cleaning.html,9/27/2026 0:00
a78e9115-de4b-59cf-abc1-3b600fdd9130,1738,,,"Cascade Platinum Liquid Dishwasher Detergent, Fresh, 125 fl oz",https://www.costco.com/cascade-platinum-liquid-dishwasher-detergent-fresh-125-fl-oz.product.4000435427.html,,,0,0,https://www.costco.com/household-cleaning.html,9/27/2026 0:00
a2abf51c-2cad-5490-b804-14e887ee7c3b,1738,,,"Bounce Select a Size Fabric Softener Dryer Sheets, Outdoor Fresh, 400-count",https://www.costco.com/bounce-select-a-size-fabric-softener-dryer-sheets-outdoor-fresh-400-count.product.4000320960.html,,,0,0,https://www.costco.com/household-cleaning.html,9/27/2026 0:00
5b3263b7-f4e5-577d-9799-7409959e3d27,1738,,,"Cascade Complete Shine Boost Dishwasher Detergent ActionPacs, Fresh, 92-count",https://www.costco.com/cascade-complete-shine-boost-dishwasher-detergent-actionpacs-fresh-92-count.product.4000423630.html,,,0,0,https://www.costco.com/household-cleaning.html,9/27/2026 0:00
c1d734e5-54cd-5dd0-aeef-4f3feb3fe8f5,1738,,,"Dawn Platinum Plus Powerwash Dish Soap Spray, Fresh Clean, 1 Starter Kit + 2 Refills",https://www.costco.com/dawn-platinum-plus-powerwash-dish-soap-spray-fresh-clean-1-starter-kit--2-refills.product.4000260032.html,,,0,0,https://www.costco.com/household-cleaning.html,9/27/2026 0:00
ce106119-87c0-5195-8acc-2a52603b04da,1738,,,"Kirkland Signature Ultra Clean Free & Clear HE Liquid Laundry Detergent, 146 loads, 194 fl oz",https://www.costco.com/kirkland-signature-ultra-clean-free--clear-he-liquid-laundry-detergent-146-loads-194-fl-oz.product.100525739.html,,,0,0,https://www.costco.com/household-cleaning.html,9/27/2026 0:00
699768e8-19d0-55d4-b4d4-bf3fa9d3b7f1,1738,,,"Kirkland Signature Ultra Clean HE Liquid Laundry Detergent, 146 loads, 194 fl oz",https://www.costco.com/kirkland-signature-ultra-clean-he-liquid-laundry-detergent-146-loads-194-fl-oz.product.100525846.html,,,0,0,https://www.costco.com/household-cleaning.html,9/27/2026 0:00
e9e5218b-f103-57c8-8c78-f64cfc370a31,1738,,,"Downy Soft Liquid Fabric Softener, April Fresh, 257 Loads, 150 fl oz",https://www.costco.com/downy-soft-liquid-fabric-softener-april-fresh-257-loads-150-fl-oz.product.4000278026.html,,,0,0,https://www.costco.com/household-cleaning.html,9/27/2026 0:00
caea557d-db50-5d26-b69d-9ead9e5969aa,1738,,,"Tide Ultra Concentrated Liquid Laundry Detergent, Original, 152 Loads, 170 fl oz",https://www.costco.com/tide-ultra-concentrated-liquid-laundry-detergent-original-152-loads-170-fl-oz.product.4000100321.html,,,0,0,https://www.costco.com/household-cleaning.html,9/27/2026 0:00
8d7d7281-ae4e-5df9-aeba-879e8d4536a5,1738,,,"Clorox Clean-Up All Purpose Cleaner with Bleach, Original, 32 fl oz Spray & 180 fl oz Refill",https://www.costco.com/clorox-clean-up-all-purpose-cleaner-with-bleach-original-32-fl-oz-spray--180-fl-oz-refill.product.100146130.html,,,0,0,https://www.costco.com/household-cleaning.html,9/27/2026 0:00
bade9419-ff1e-5769-a029-513ee750cfcc,1738,,,"Clorox ToiletWand Disposable Toilet Cleaning System, Rainforest Rush, 1 Wand & 36 Refills",https://www.costco.com/clorox-toiletwand-disposable-toilet-cleaning-system-rainforest-rush-1-wand--36-refills.product.100308728.html,,,0,0,https://www.costco.com/household-cleaning.html,9/27/2026 0:00
2dc4561d-e675-5927-bad1-34be53a009ee,1738,,,"Downy Unstopables In-Wash Scent Booster Beads, Fresh, 39.9 oz",https://www.costco.com/downy-unstopables-in-wash-scent-booster-beads-fresh-399-oz.product.4000308669.html,,,0,0,https://www.costco.com/household-cleaning.html,9/27/2026 0:00
cbfcaba7-cfbd-54dd-ab34-ba1dbf010f45,1738,,,"Scotch-Brite Zero Scratch Sponge, 24-count",https://www.costco.com/scotch-brite-zero-scratch-sponge-24-count.product.4000141369.html,,,0,0,https://www.costco.com/household-cleaning.html,9/27/2026 0:00
01dd7c40-6f68-581b-b79e-3ab31a423649,1738,,,"Kirkland Signature Fabric Softener Sheets, 250-count, 2-pack",https://www.costco.com/kirkland-signature-fabric-softener-sheets-250-count-2-pack.product.4000183052.html,,,0,0,https://www.costco.com/household-cleaning.html,9/27/2026 0:00
b0ffb87d-4fda-5603-b6f4-a210dfb7b5a9,1738,,,"Kirkland Signature Flex-Tech 33-Gallon Trash Bag, 90-count",https://www.costco.com/kirkland-signature-flex-tech-33-gallon-trash-bag-90-count.product.4000233330.html,,,0,0,https://www.costco.com/household-cleaning.html,9/27/2026 0:00
a999781b-5ab0-52c5-9cd4-3fe0da367255,1738,,,"Kirkland Signature 18-Gallon Compactor & Kitchen Trash Bag, 70-count",https://www.costco.com/kirkland-signature-18-gallon-compactor--kitchen-trash-bag-70-count.product.4000234602.html,,,0,0,https://www.costco.com/household-cleaning.html,9/27/2026 0:00
40d29c6c-c375-5113-a387-d878f70582cd,1738,,,"Kirkland Signature 10-Gallon Wastebasket Liner, Clear, 500-count",https://www.costco.com/kirkland-signature-10-gallon-wastebasket-liner-clear-500-count.product.100224137.html,,,0,0,https://www.costco.com/household-cleaning.html,9/27/2026 0:00
83c57682-0840-5a44-8aaf-4489d4f45dcf,1738,,,"Lysol Disinfectant Spray, Crisp Linen, 19 oz, 3-count",https://www.costco.com/lysol-disinfectant-spray-crisp-linen-19-oz-3-count.product.100721568.html,,,0,0,https://www.costco.com/household-cleaning.html,9/27/2026 0:00
44256d38-dd73-5fb8-959d-6d854bbda7e6,1738,,,"Swiffer Sweeper Heavy Duty Dry Sweeping Cloth Refills, 50-count",https://www.costco.com/swiffer-sweeper-heavy-duty-dry-sweeping-cloth-refills-50-count.product.100689013.html,,,0,0,https://www.costco.com/household-cleaning.html,9/27/2026 0:00
0fc48ea0-ca5b-5212-ac40-f727dfc88160,1738,,,"All Free & Clear Plus+ Liquid Laundry Detergent, 160 Loads, 200 fl oz",https://www.costco.com/all-free--clear-plus-liquid-laundry-detergent-160-loads-200-fl-oz.product.4000401066.html,,,0,0,https://www.costco.com/household-cleaning.html,9/27/2026 0:00
fbf8f1e0-9951-5397-8592-05b2ae7662b1,1738,,,"Tide Plus Advanced Power with Oxi Liquid Laundry Detergent, Original, 78 Loads, 138 fl oz",https://www.costco.com/tide-plus-advanced-power-with-oxi-liquid-laundry-detergent-original-78-loads-138-fl-oz.product.4000254102.html,,,0,0,https://www.costco.com/household-cleaning.html,9/27/2026 0:00
c94c4e5d-4bbc-50a4-8384-79ee16625a11,1738,,,"Lysol Laundry Sanitizer, Crisp Linen, 150 fl oz",https://www.costco.com/lysol-laundry-sanitizer-crisp-linen-150-fl-oz.product.4000206470.html,,,0,0,https://www.costco.com/household-cleaning.html,9/27/2026 0:00
4da2d78d-1b24-5b2b-86e4-24f2a0de4e93,1738,,,"Palmolive Ultra Strength Liquid Dish Soap, 102 fl oz",https://www.costco.com/palmolive-ultra-strength-liquid-dish-soap-102-fl-oz.product.100368211.html,,,0,0,https://www.costco.com/household-cleaning.html,9/27/2026 0:00
8b81f6e9-f0d9-5cdd-92bb-4f784442dc9c,1738,,,"Swiffer Sweep + Mop Deluxe Sweeping Kit, 1 Sweeper + 30 Refills",https://www.costco.com/swiffer-sweep--mop-deluxe-sweeping-kit-1-sweeper--30-refills.product.4000370724.html,,,0,0,https://www.costco.com/household-cleaning.html,9/27/2026 0:00
ca8f96ff-f6db-56aa-8ed8-3cea82d7243b,1738,,,"Kirkland Signature 50-Gallon Outdoor Trash Bag, 70-count",https://www.costco.com/kirkland-signature-50-gallon-outdoor-trash-bag-70-count.product.4000233382.html,,,0,0,https://www.costco.com/household-cleaning.html,9/27/2026 0:00
6889ba7d-a6e7-55c4-831b-960bcc9e5eac,1738,,,"Tide Plus Ultra Oxi Powder Laundry Detergent, Original, 143 Loads, 225 oz",https://www.costco.com/tide-plus-ultra-oxi-powder-laundry-detergent-original-143-loads-225-oz.product.4000350964.html,,,0,0,https://www.costco.com/household-cleaning.html,9/27/2026 0:00
90f75a8e-6dca-599e-a40a-56f9cacecd92,1738,,,"Scott Shop Towels, Original Multi-Purpose, Blue, 10-count",https://www.costco.com/scott-shop-towels-original-multi-purpose-blue-10-count.product.100816543.html,,,0,0,https://www.costco.com/household-cleaning.html,9/27/2026 0:00
9447f8bd-33c2-5abb-af03-0d974db0771e,1738,,,"Mr. Clean Magic Eraser, Whole Home Extra Durable, 18-count",https://www.costco.com/mr-clean-magic-eraser-whole-home-extra-durable-18-count.product.4000441835.html,,,0,0,https://www.costco.com/household-cleaning.html,9/27/2026 0:00
3226ca42-b746-5fdf-902d-45bceeca990d,1738,,,"Kirkland Signature Ultra Soft Fabric Softener, 257 Loads, 150 fl oz",https://www.costco.com/kirkland-signature-ultra-soft-fabric-softener-257-loads-150-fl-oz.product.4000416239.html,,,0,0,https://www.costco.com/household-cleaning.html,9/27/2026 0:00
4a41d93e-5526-573e-8327-bb60fc6c2d39,1738,,,"All Free & Clear Plus+ Laundry Detergent Mighty Pacs, 118-count",https://www.costco.com/all-free--clear-plus-laundry-detergent-mighty-pacs-118-count.product.4201005849.html,,,0,0,https://www.costco.com/household-cleaning.html,9/27/2026 0:00
ae5fa899-fde7-519e-9bca-2445afae11c5,1738,,,"Mrs. Meyers Multi-Surface Variety Pack, 24 fl oz, 3-count",https://www.costco.com/mrs-meyers-multi-surface-variety-pack-24-fl-oz-3-count.product.4000160436.html,,,0,0,https://www.costco.com/household-cleaning.html,9/27/2026 0:00
763dd37c-0363-5003-afcb-11e78cef42e4,1738,,,"Scotch-Brite Lint Roller, 95-count, 5-pack",https://www.costco.com/scotch-brite-lint-roller-95-count-5-pack.product.100401358.html,,,0,0,https://www.costco.com/household-cleaning.html,9/27/2026 0:00
144c81c4-7ac6-5856-b7a9-30a0ad5be1c2,1738,,,"Finish Powerball Ultimate Quantum Dish Detergent Tabs, 90-count",https://www.costco.com/finish-powerball-ultimate-quantum-dish-detergent-tabs-90-count.product.4000444448.html,,,0,0,https://www.costco.com/household-cleaning.html,9/27/2026 0:00
6717c7e5-af58-5a6e-b4b9-c24664fb131b,1738,,,"Kirkland Signature Powder Laundry Detergent, 200 Loads, 348.8 oz",https://www.costco.com/kirkland-signature-powder-laundry-detergent-200-loads-3488-oz.product.4000410069.html,,,0,0,https://www.costco.com/household-cleaning.html,9/27/2026 0:00
e6b6f363-e4f2-5458-aa2a-1027abd298e6,1738,,,"Swiffer Sweeper Heavy Duty Wet Cloths, Lavender, 54-count",https://www.costco.com/swiffer-sweeper-heavy-duty-wet-cloths-lavender-54-count.product.4000092340.html,,,0,0,https://www.costco.com/household-cleaning.html,9/27/2026 0:00
a00e5955-4708-5df4-9ebc-393fe004ea62,1738,,,"Poo-Pourri Toilet Spray Variety Pack, 3.4 fl oz, 3-count",https://www.costco.com/poo-pourri-toilet-spray-variety-pack-34-fl-oz-3-count.product.100687494.html,,,0,0,https://www.costco.com/household-cleaning.html,9/27/2026 0:00
da2c21b8-3125-52f3-8f85-d35f27b5c0da,1738,,,"Tide Pods Unstopables Laundry Detergent Pods, Fresh, 80-count",https://www.costco.com/tide-pods-unstopables-laundry-detergent-pods-fresh-80-count.product.4201023635.html,,,0,0,https://www.costco.com/household-cleaning.html,9/27/2026 0:00
7429476b-1066-56a1-a38b-1f3c48fa2f41,1738,,,"Starbucks Coffee and Espresso Capsules for Nespresso Vertuo Machines 60-count Variety Pack, 100% Arabica Coffee",https://www.costco.com/starbucks-coffee-and-espresso-capsules-for-nespresso-vertuo-machines-60-count-variety-pack-100-arabica-coffee.product.4000377480.html,,,0,0,https://www.costco.com/coffee-sweeteners.html,9/27/2026 0:00
9650d87d-b968-5475-925d-b5a4621cacc5,1738,,,"Kirkland Signature Decaffeinated Coffee, Dark Roast, 3 lbs",https://www.costco.com/kirkland-signature-decaffeinated-coffee-dark-roast-3-lbs.product.100334883.html,,,0,0,https://www.costco.com/coffee-sweeteners.html,9/27/2026 0:00
47bfae07-a30a-533e-aa0a-e4806be35212,1738,,,"Starbucks Mocha Frappuccino Chilled Coffee, 9.5 fl oz, 15-count",https://www.costco.com/starbucks-mocha-frappuccino-chilled-coffee-95-fl-oz-15-count.product.100368227.html,,,0,0,https://www.costco.com/coffee-sweeteners.html,9/27/2026 0:00
026b749c-9847-5cc1-b662-e58193a578b0,1738,,,"Starbucks Caramel Macchiato Creamer, 58 fl oz",https://www.costco.com/starbucks-caramel-macchiato-creamer-58-fl-oz.product.100750271.html,,,0,0,https://www.costco.com/coffee-sweeteners.html,9/27/2026 0:00
b4355aaf-ffa9-53d9-ad2d-735b41f27c6e,1738,,,Lavazza Dolcevita Classico 80-count K-Cup Pods,https://www.costco.com/lavazza-dolcevita-classico-80-count-k-cup-pods.product.4000371775.html,,,0,0,https://www.costco.com/coffee-sweeteners.html,9/27/2026 0:00
e0d49d8b-cd52-5332-ab2f-aaaa555cc236,1738,,,"Stevia in the Raw Organic Stevia Blend, 22.57 oz.",https://www.costco.com/stevia-in-the-raw-organic-stevia-blend-2257-oz.product.100438498.html,,,0,0,https://www.costco.com/coffee-sweeteners.html,9/27/2026 0:00
a7b73ff0-e042-51ae-b71b-a4df8e7e4e97,1738,,,"WestEnd Cuisine Grilled Chicken Skewers, Mediterranean Style, 2 oz, 14-count",https://www.costco.com/westend-cuisine-grilled-chicken-skewers-mediterranean-style-2-oz-14-count.product.100644683.html,,,0,0,https://www.costco.com/deli.html,9/27/2026 0:00
669206fd-47f2-5d0d-a80f-0036c18a8f26,1738,,,"Plats Du Chef French Onion Soup, 10 oz, 6-count",https://www.costco.com/plats-du-chef-french-onion-soup-10-oz-6-count.product.100611924.html,,,0,0,https://www.costco.com/deli.html,9/27/2026 0:00
4c951911-464e-5bab-9271-488ccd8ccec6,1738,,,"Hillshire Farm Slow Roasted Turkey Breast, 16.5 oz, 2-count",https://www.costco.com/hillshire-farm-slow-roasted-turkey-breast-165-oz-2-count.product.100368196.html,,,0,0,https://www.costco.com/deli.html,9/27/2026 0:00
8fea4ef8-20ab-5a64-b95f-9a3d2d7f8121,1738,,,"Kirkland Signature Beef Hot Dogs, 12 Links, 1.5 lbs, 3-count",https://www.costco.com/kirkland-signature-beef-hot-dogs-12-links-15-lbs-3-count.product.100410830.html,,,0,0,https://www.costco.com/deli.html,9/27/2026 0:00
f5619b3a-99a4-5dd8-ac85-ff29b1361875,1738,,,"Bolder Foods Loaded Baked Potato Soup, 24 oz, 2-count",https://www.costco.com/bolder-foods-loaded-baked-potato-soup-24-oz-2-count.product.4201026436.html,,,0,0,https://www.costco.com/deli.html,9/27/2026 0:00
2a924b1b-24d4-5fbd-80cc-f38814a807f3,1738,,,"Kirkland Signature Uncured Black Forest Ham, 28 oz",https://www.costco.com/kirkland-signature-uncured-black-forest-ham-28-oz.product.4000340166.html,,,0,0,https://www.costco.com/deli.html,9/27/2026 0:00
fce03038-ea57-5a80-80ec-0ebd06692d29,1738,,,"Morey's Seasoned Wild Alaskan Salmon, 6-Count",https://www.costco.com/moreys-seasoned-wild-alaskan-salmon-6-count.product.100442469.html,,,0,0,https://www.costco.com/deli.html,9/27/2026 0:00
6842e2ef-9a3e-5c03-973d-fea9d3f83a03,1738,,,"Kirkland Signature Egg White with Cheese Trio and Peppers Egg Bites, 10-count",https://www.costco.com/kirkland-signature-egg-white-with-cheese-trio-and-peppers-egg-bites-10-count.product.4000281541.html,,,0,0,https://www.costco.com/deli.html,9/27/2026 0:00
8f26e6ae-f72e-5f03-a6f8-ab162656f9c7,1738,,,"Mama Mancini's Jumbo Beef Meatballs, 48 oz",https://www.costco.com/mama-mancinis-jumbo-beef-meatballs-48-oz.product.100587787.html,,,0,0,https://www.costco.com/deli.html,9/27/2026 0:00
93d89c06-4c1d-52c5-b5ac-796967ee831f,1738,,,"Don Miguel Chipotle Chicken Mini Tacos, 35 oz, 2-count",https://www.costco.com/don-miguel-chipotle-chicken-mini-tacos-35-oz-2-count.product.100442378.html,,,0,0,https://www.costco.com/deli.html,9/27/2026 0:00
dd98d342-32c6-573c-bbf4-fa28f678ab81,1738,,,"Fresh Additions Fully Cooked Chicken Breast Bites, 3.2 oz, 10-count",https://www.costco.com/fresh-additions-fully-cooked-chicken-breast-bites-32-oz-10-count.product.100642433.html,,,0,0,https://www.costco.com/deli.html,9/27/2026 0:00
1b57566c-1a80-5b4f-aa8c-0f172c278499,1738,,,"Giovanni Rana Beef and Short Rib Lasagna, 42 oz",https://www.costco.com/giovanni-rana-beef-and-short-rib-lasagna-42-oz.product.4000027857.html,,,0,0,https://www.costco.com/deli.html,9/27/2026 0:00
99424f48-cbb8-5f08-bbdb-0902f7224860,1738,,,"Kirkland Signature Organic Spinach & Cheese Ravioli, 22 oz, 2-count",https://www.costco.com/kirkland-signature-organic-spinach--cheese-ravioli-22-oz-2-count.product.100791659.html,,,0,0,https://www.costco.com/deli.html,9/27/2026 0:00
8adcffff-d607-5770-a5e3-9288d0eec542,1738,,,"Dietz & Watson Organic Roasted Turkey Breast, 9 oz, 3-count",https://www.costco.com/dietz--watson-organic-roasted-turkey-breast-9-oz-3-count.product.100638119.html,,,0,0,https://www.costco.com/deli.html,9/27/2026 0:00
ea7a44cb-cbbf-5912-864a-806f304e42cf,1738,,,"Amylu Organic Chicken Burger with Caramelized Onion and Aged White Cheddar, 8-count",https://www.costco.com/amylu-organic-chicken-burger-with-caramelized-onion-and-aged-white-cheddar-8-count.product.100640756.html,,,0,0,https://www.costco.com/deli.html,9/27/2026 0:00
8f36138f-5670-5017-85a5-76f07f1abd32,1738,,,"Boulder Organic Chicken Wild Rice Soup, 24 oz, 2-count",https://www.costco.com/boulder-organic-chicken-wild-rice-soup-24-oz-2-count.product.4000103494.html,,,0,0,https://www.costco.com/deli.html,9/27/2026 0:00
128a4b10-8795-56ab-887c-32cb48d0ef63,1738,,,"Kirkland Signature Smoked Pulled Pork, Rubbed with Seasonings, 2 lbs",https://www.costco.com/kirkland-signature-smoked-pulled-pork-rubbed-with-seasonings-2-lbs.product.4000149472.html,,,0,0,https://www.costco.com/deli.html,9/27/2026 0:00
4f6f53a4-7254-5d6c-92df-1ccb710e6b2e,1738,,,"Hebrew National 100% Kosher Beef Franks, 12 oz, 4-count, 28 Beef Franks Total",https://www.costco.com/hebrew-national-100-kosher-beef-franks-12-oz-4-count-28-beef-franks-total.product.100444534.html,,,0,0,https://www.costco.com/deli.html,9/27/2026 0:00
7850780b-c766-5727-a5b7-11308ca7f561,1738,,,"Jongga Sliced Napa Cabbage Kimchi, 52.9 oz",https://www.costco.com/jongga-sliced-napa-cabbage-kimchi-529-oz.product.4000233733.html,,,0,0,https://www.costco.com/deli.html,9/27/2026 0:00
9302df21-e9f5-5e8e-84d4-e02195f9c254,1738,,,"Kevin's Natural Foods Hawaiian Style Chicken, 32 oz",https://www.costco.com/kevins-natural-foods-hawaiian-style-chicken-32-oz.product.4000360298.html,,,0,0,https://www.costco.com/deli.html,9/27/2026 0:00
6e62ec5b-4ced-59bc-a132-e7bbf8dd4e89,1738,,,"Amylu Teriyaki Pineapple Chicken Meatballs, 46 oz",https://www.costco.com/amylu-teriyaki-pineapple-chicken-meatballs-46-oz.product.100785824.html,,,0,0,https://www.costco.com/deli.html,9/27/2026 0:00
6f8efb94-31b2-506b-8244-870157dc087b,1738,,,"Kirkland Signature Mild Italian Sausage, 3.5 lbs",https://www.costco.com/kirkland-signature-mild-italian-sausage-35-lbs.product.4000213579.html,,,0,0,https://www.costco.com/deli.html,9/27/2026 0:00
7fd8dd68-dd54-5599-b1ba-1d085557a1f5,1738,,,"Kirkland Signature Wild Smoked Sockeye Salmon, 8 oz, 2-count",https://www.costco.com/kirkland-signature-wild-smoked-sockeye-salmon-8-oz-2-count.product.4000159426.html,,,0,0,https://www.costco.com/deli.html,9/27/2026 0:00
9a357de8-2be7-5f10-a649-c6819c82c511,1738,,,"Teton Waters Ranch Polish Sausage, 2.25 lbs",https://www.costco.com/teton-waters-ranch-polish-sausage-225-lbs.product.100436543.html,,,0,0,https://www.costco.com/deli.html,9/27/2026 0:00
01f3fe47-0f31-5bd8-abd4-dd080e0b3c1d,1738,,,"Kirkland Signature Uncured Bacon and Gouda Egg Bites, 10-count",https://www.costco.com/kirkland-signature-uncured-bacon-and-gouda-egg-bites-10-count.product.4000281502.html,,,0,0,https://www.costco.com/deli.html,9/27/2026 0:00
16063cc2-523b-5020-8483-76617565119e,1738,,,"Kirkland Signature Imported Basil Pesto, 22 oz",https://www.costco.com/kirkland-signature-imported-basil-pesto-22-oz.product.100423075.html,,,0,0,https://www.costco.com/deli.html,9/27/2026 0:00
b00d0662-419c-53dd-a5cb-5ae8cbe21c39,1738,,,"Greenridge Naturals Beef Snack Sticks, 3 oz, 12-count",https://www.costco.com/greenridge-naturals-beef-snack-sticks-3-oz-12-count.product.100637654.html,,,0,0,https://www.costco.com/deli.html,9/27/2026 0:00
0f2a06db-3f6f-588a-af71-ea3f5c448a0e,1738,,,"Sabatasso's Gluten-free Four-cheese Pizza, 17.5 oz, 3-count",https://www.costco.com/sabatassos-gluten-free-four-cheese-pizza-175-oz-3-count.product.100435660.html,,,0,0,https://www.costco.com/deli.html,9/27/2026 0:00
31a57712-3569-54e0-b6e1-b72939a40dcf,1738,,,"Petite Cuisine Mozzarella Sticks in a Crispy Seasoned Breading, 5 lb",https://www.costco.com/petite-cuisine-mozzarella-sticks-in-a-crispy-seasoned-breading-5-lb.product.100390593.html,,,0,0,https://www.costco.com/deli.html,9/27/2026 0:00
cad426bd-e29a-5c55-bae4-8a06961e11b8,1738,,,"Stonefire Authentic Flatbreads Naan Dippers, 19.4 oz",https://www.costco.com/stonefire-authentic-flatbreads-naan-dippers-194-oz.product.100645312.html,,,0,0,https://www.costco.com/deli.html,9/27/2026 0:00
67d2aab3-8fbe-5be4-9c6b-7049a3ba6d56,1738,,,"Wildbrine Raw Organic Sauerkraut, 50 oz",https://www.costco.com/wildbrine-raw-organic-sauerkraut-50-oz.product.100435916.html,,,0,0,https://www.costco.com/deli.html,9/27/2026 0:00
a09a8d62-ea3b-5bbb-a9e8-1e9a16c229fe,1738,,,"Good Foods Organic Avocado Mash, Sea Salt and Black Pepper, 2 oz, 16-count",https://www.costco.com/good-foods-organic-avocado-mash-sea-salt-and-black-pepper-2-oz-16-count.product.100456680.html,,,0,0,https://www.costco.com/deli.html,9/27/2026 0:00
024eef8d-0a7d-5125-bf26-0eda287c9fc6,1738,,,"Kirkland Signature Organic Roasted Pine Nut Hummus, 34 oz",https://www.costco.com/kirkland-signature-organic-roasted-pine-nut-hummus-34-oz.product.4000036664.html,,,0,0,https://www.costco.com/deli.html,9/27/2026 0:00
729ce944-f316-5955-9d44-945ec27ceb59,1738,,,"Kirkland Signature Original Bratwurst, 14-count, 3.5 lbs",https://www.costco.com/kirkland-signature-original-bratwurst-14-count-35-lbs.product.100694665.html,,,0,0,https://www.costco.com/deli.html,9/27/2026 0:00
0d475000-cdc3-5c81-b0db-55f8b86cd64f,1738,,,"Sabatasso's Pizza Singles, Variety Pack, 12-count",https://www.costco.com/sabatassos-pizza-singles-variety-pack-12-count.product.100447061.html,,,0,0,https://www.costco.com/frozen-meals.html,9/27/2026 0:00
cac10f54-eca3-573d-8b83-9d44fcef3e74,1738,,,"Ajinomoto Yakitori Chicken Fried Rice, 9 oz, 6-count",https://www.costco.com/ajinomoto-yakitori-chicken-fried-rice-9-oz-6-count.product.100449346.html,,,0,0,https://www.costco.com/frozen-meals.html,9/27/2026 0:00
f27aba1b-fe03-53dc-bbc4-60e1e5ce5e8c,1738,,,"Smucker's Uncrustables, Peanut Butter & Grape Jelly Sandwich, 18-count",https://www.costco.com/smuckers-uncrustables-peanut-butter--grape-jelly-sandwich-18-count.product.100440959.html,,,0,0,https://www.costco.com/frozen-meals.html,9/27/2026 0:00
11d1af11-ed0c-56d3-aab4-820d3dd46908,1738,,,"Kirkland Signature Artisan Crust Pepperoni Pizza, 21.52 oz, 4-count",https://www.costco.com/kirkland-signature-artisan-crust-pepperoni-pizza-2152-oz-4-count.product.4000392838.html,,,0,0,https://www.costco.com/frozen-meals.html,9/27/2026 0:00
761a877c-6e77-566a-bdf3-d891a4e93f30,1738,,,"CJ Bibigo Steamed Dumplings, Chicken & Vegetable, 36-count",https://www.costco.com/cj-bibigo-steamed-dumplings-chicken--vegetable-36-count.product.100371275.html,,,0,0,https://www.costco.com/frozen-meals.html,9/27/2026 0:00
fd4a0682-74a0-540d-b221-08c9cbe9f727,1738,,,"Jimmy Dean Delights English Muffins, 5.1 oz, 12-count",https://www.costco.com/jimmy-dean-delights-english-muffins-51-oz-12-count.product.100574405.html,,,0,0,https://www.costco.com/frozen-meals.html,9/27/2026 0:00
8cee4a1f-7f97-5f2c-a146-7d26afe3cd5e,1738,,,"Crazy Cuizine Mandarin Orange Chicken, 66 oz",https://www.costco.com/crazy-cuizine-mandarin-orange-chicken-66-oz.product.100437350.html,,,0,0,https://www.costco.com/frozen-meals.html,9/27/2026 0:00
49de62cf-dbfc-54b5-ab77-4b3d11d3aaf2,1738,,,"Authentic Motor City Pizza Co Detroit-Style Deep Dish Pizza, Double Pepperoni, 2-count",https://www.costco.com/authentic-motor-city-pizza-co-detroit-style-deep-dish-pizza-double-pepperoni-2-count.product.100655569.html,,,0,0,https://www.costco.com/frozen-meals.html,9/27/2026 0:00
79e1843a-3fa5-532b-83b7-109518f74735,1738,,,"Veggies Made Great Spinach Egg White Frittatas, 20-count",https://www.costco.com/veggies-made-great-spinach-egg-white-frittatas-20-count.product.100638693.html,,,0,0,https://www.costco.com/frozen-meals.html,9/27/2026 0:00
c1820425-a64d-501a-b7a0-33869e19ca9d,1738,,,"Trident Seafoods Alaskan Salmon Burgers, 4 oz, 12-count",https://www.costco.com/trident-seafoods-alaskan-salmon-burgers-4-oz-12-count.product.100416105.html,,,0,0,https://www.costco.com/frozen-meals.html,9/27/2026 0:00
4e971ba8-4e14-5d77-8b48-9c33bc92825a,1738,,,"Kirkland Signature Cauliflower Crust Pizza, Supreme, 2-count",https://www.costco.com/kirkland-signature-cauliflower-crust-pizza-supreme-2-count.product.100787239.html,,,0,0,https://www.costco.com/frozen-meals.html,9/27/2026 0:00
6b78b60e-ac8b-5a61-bb00-da0faea27fd1,1738,,,"Milton's Cauliflower Crust Pizza, Roasted Vegetable, 17.8 oz, 2-count",https://www.costco.com/miltons-cauliflower-crust-pizza-roasted-vegetable-178-oz-2-count.product.100439175.html,,,0,0,https://www.costco.com/frozen-meals.html,9/27/2026 0:00
cd2dc188-b3e6-5c2f-94d0-2cbfcf931945,1738,,,"Kirkland Signature Paper Towels, 2-Ply, 160 Sheets, 12 Individually Wrapped Rolls",https://www.costco.com/kirkland-signature-paper-towels-2-ply-160-sheets-12-individually-wrapped-rolls.product.100234271.html,,,0,0,https://www.costco.com/kirkland-signature-groceries.html,9/27/2026 0:00
3b440ae0-475d-5784-abaf-7f594facc8bf,1738,,,"Kirkland Signature Ultra Soft Bath Tissue, 2-Ply, 231 Sheets, 36 Rolls",https://www.costco.com/kirkland-signature-ultra-soft-bath-tissue-2-ply-231-sheets-36-rolls.product.4000206004.html,,,0,0,https://www.costco.com/kirkland-signature-groceries.html,9/27/2026 0:00
35e6cc3a-b773-5944-ba04-5b91efb7b4fd,1738,,,"Kirkland Signature Facial Tissue, 3-Ply, 84-count, 12-pack",https://www.costco.com/kirkland-signature-facial-tissue-3-ply-84-count-12-pack.product.100718359.html,,,0,0,https://www.costco.com/kirkland-signature-groceries.html,9/27/2026 0:00
dc547f8f-0534-5625-a664-b80990bf1825,1738,,,"Kirkland Signature, Organic Chicken Stock, 32 fl oz, 6-Count",https://www.costco.com/kirkland-signature-organic-chicken-stock-32-fl-oz-6-count.product.100334015.html,,,0,0,https://www.costco.com/kirkland-signature-groceries.html,9/27/2026 0:00
220f45f3-c926-5108-a6f8-86c440fd804a,1738,,,"Kirkland Signature Soft & Chewy Granola Bars, 0.85 oz, 64-count",https://www.costco.com/kirkland-signature-soft--chewy-granola-bars-085-oz-64-count.product.100455677.html,,,0,0,https://www.costco.com/kirkland-signature-groceries.html,9/27/2026 0:00
3519d74a-17ff-5839-8e7f-5a868772c85a,1738,,,"Kirkland Signature Peanut Butter Filled Pretzel Nuggets, 55 oz",https://www.costco.com/kirkland-signature-peanut-butter-filled-pretzel-nuggets-55-oz.product.100393423.html,,,0,0,https://www.costco.com/kirkland-signature-groceries.html,9/27/2026 0:00
e567fee1-277f-578b-a436-119c1bb54fd6,1738,,,"Kirkland Signature Organic Peanut Butter, 28 oz, 2-count",https://www.costco.com/kirkland-signature-organic-peanut-butter-28-oz-2-count.product.100334334.html,,,0,0,https://www.costco.com/kirkland-signature-groceries.html,9/27/2026 0:00
ae452f22-b0a6-57be-9cd9-926cd2a9aa68,1738,,,"Kirkland Signature, Organic Applesauce, 3.17 oz, 24-Count",https://www.costco.com/kirkland-signature-organic-applesauce-317-oz-24-count.product.100334203.html,,,0,0,https://www.costco.com/kirkland-signature-groceries.html,9/27/2026 0:00
4fbf0d3d-7d6d-5826-957a-447d7e84d6ba,1738,,,"Kirkland Signature Semi-Sweet Chocolate Chips, 4.5 lbs",https://www.costco.com/kirkland-signature-semi-sweet-chocolate-chips-45-lbs.product.100515005.html,,,0,0,https://www.costco.com/kirkland-signature-groceries.html,9/27/2026 0:00
15bcbad0-bcdf-549d-8c9d-0231cec13acc,1738,,,"Kirkland Signature Trail Mix Snack Packs, 2 oz, 28-count",https://www.costco.com/kirkland-signature-trail-mix-snack-packs-2-oz-28-count.product.100770569.html,,,0,0,https://www.costco.com/kirkland-signature-groceries.html,9/27/2026 0:00
f82f6093-fe93-50c8-bf8a-6c091618b3e9,1738,,,"Kirkland Signature, Organic Diced Tomatoes, 14.5 oz, 8-Count",https://www.costco.com/kirkland-signature-organic-diced-tomatoes-145-oz-8-count.product.100334857.html,,,0,0,https://www.costco.com/kirkland-signature-groceries.html,9/27/2026 0:00
f221d2ad-70c2-55ad-af53-803b155ecef9,1738,,,"Kirkland Signature Colombian Coffee, Dark Roast, 3 lbs",https://www.costco.com/kirkland-signature-colombian-coffee-dark-roast-3-lbs.product.100361434.html,,,0,0,https://www.costco.com/kirkland-signature-groceries.html,9/27/2026 0:00
a49e0bf0-5d77-5327-a89a-a1da8eff030f,1738,,,"Kirkland Signature Premium Extra Thick Steak Strips, 12 oz",https://www.costco.com/kirkland-signature-premium-extra-thick-steak-strips-12-oz.product.100333696.html,,,0,0,https://www.costco.com/kirkland-signature-groceries.html,9/27/2026 0:00
dbedbffd-3d00-595b-8c62-4f36c4b6ef4b,1738,,,"Kirkland Signature Chewy Protein Bar, Peanut Butter & Semisweet Chocolate Chip, 1.41 oz, 42-Count",https://www.costco.com/kirkland-signature-chewy-protein-bar-peanut-butter--semisweet-chocolate-chip-141-oz-42-count.product.100664982.html,,,0,0,https://www.costco.com/kirkland-signature-groceries.html,9/27/2026 0:00
60c35ab1-4cf3-56e4-bbd1-b230e360dbc4,1738,,,"Kirkland Signature Trail Mix, 4 lbs",https://www.costco.com/kirkland-signature-trail-mix-4-lbs.product.100752766.html,,,0,0,https://www.costco.com/kirkland-signature-groceries.html,9/27/2026 0:00
dff7ae6c-1bdd-55d3-8154-1f45f42c2af1,1738,,,"Kirkland Signature, Organic Sugar, 10 lbs",https://www.costco.com/kirkland-signature-organic-sugar-10-lbs.product.100334874.html,,,0,0,https://www.costco.com/kirkland-signature-groceries.html,9/27/2026 0:00
76cb5e0b-4376-53d7-bafd-04af2a2f5eec,1738,,,"Kirkland Signature, Wild Alaskan Pink Salmon, 6 oz, 6-Count",https://www.costco.com/kirkland-signature-wild-alaskan-pink-salmon-6-oz-6-count.product.100334750.html,,,0,0,https://www.costco.com/kirkland-signature-groceries.html,9/27/2026 0:00
affbca41-6b19-5e6a-bd98-0ff80c29bdc9,1738,,,"Kirkland Signature Pecan Halves, 2 lbs",https://www.costco.com/kirkland-signature-pecan-halves-2-lbs.product.100115257.html,,,0,0,https://www.costco.com/kirkland-signature-groceries.html,9/27/2026 0:00
162eaa62-5ea5-5496-9237-5e17390628d7,1738,,,"Kirkland Signature, Bacon Crumbles, 20 oz",https://www.costco.com/kirkland-signature-bacon-crumbles-20-oz.product.100334421.html,,,0,0,https://www.costco.com/kirkland-signature-groceries.html,9/27/2026 0:00
446f1d85-fef1-5026-9f29-113a08bd14e2,1738,,,"Kirkland Signature In-Shell Pistachios, Salted, 3 lbs",https://www.costco.com/kirkland-signature-in-shell-pistachios-salted-3-lbs.product.100336602.html,,,0,0,https://www.costco.com/kirkland-signature-groceries.html,9/27/2026 0:00
323f2214-544e-5401-ab27-294cb7f5f5bf,1738,,,"Kirkland Signature Medium Roast Coffee, 40 oz.",https://www.costco.com/kirkland-signature-medium-roast-coffee-40-oz.product.100449422.html,,,0,0,https://www.costco.com/kirkland-signature-groceries.html,9/27/2026 0:00
2efd4fb5-1c7b-514d-8391-b32801fcfe89,1738,,,"Kirkland Signature Supreme Whole Almonds, 3 lbs",https://www.costco.com/kirkland-signature-supreme-whole-almonds-3-lbs.product.100115268.html,,,0,0,https://www.costco.com/kirkland-signature-groceries.html,9/27/2026 0:00
db1091e2-bf8a-5849-9cef-600d6e15daf5,1738,,,"Kirkland Signature, Minced California Garlic, 48 oz",https://www.costco.com/kirkland-signature-minced-california-garlic-48-oz.product.100334304.html,,,0,0,https://www.costco.com/kirkland-signature-groceries.html,9/27/2026 0:00
22b2f179-a232-59fb-9fb1-26a15f529f26,1738,,,"Kirkland Signature Cutlery, Clear, 360-count",https://www.costco.com/kirkland-signature-cutlery-clear-360-count.product.100116723.html,,,0,0,https://www.costco.com/kirkland-signature-groceries.html,9/27/2026 0:00
777450b9-7f82-5f37-bd8a-47219ae04a5e,1738,,,"Kirkland Signature Fancy Whole Cashews, 2.5 lbs",https://www.costco.com/kirkland-signature-fancy-whole-cashews-25-lbs.product.100668922.html,,,0,0,https://www.costco.com/kirkland-signature-groceries.html,9/27/2026 0:00
a32c36ec-b167-5749-b0e4-898aa9f44577,1738,,,"Kirkland Signature Protein Bar, Variety Pack, 2.12 oz, 20-count",https://www.costco.com/kirkland-signature-protein-bar-variety-pack-212-oz-20-count.product.100296198.html,,,0,0,https://www.costco.com/kirkland-signature-groceries.html,9/27/2026 0:00
3d6989c3-8fdd-517d-bf4a-d9d956224d68,1738,,,"Kirkland Signature Organic Roasted Seaweed, 0.6 oz, 10-count",https://www.costco.com/kirkland-signature-organic-roasted-seaweed-06-oz-10-count.product.100439090.html,,,0,0,https://www.costco.com/kirkland-signature-groceries.html,9/27/2026 0:00
96bb2b9e-dd3b-5106-b4da-1931c0b2a984,1738,,,"Kirkland Signature Super Extra-Large Peanuts, 2.5 lbs",https://www.costco.com/kirkland-signature-super-extra-large-peanuts-25-lbs.product.100115269.html,,,0,0,https://www.costco.com/kirkland-signature-groceries.html,9/27/2026 0:00
812330d0-243f-5691-a62f-17a1d538a2d1,1738,,,"Kirkland Signature Colombian Supremo Coffee, Whole Bean, 3 lbs",https://www.costco.com/kirkland-signature-colombian-supremo-coffee-whole-bean-3-lbs.product.100334843.html,,,0,0,https://www.costco.com/kirkland-signature-groceries.html,9/27/2026 0:00
a941e576-c1ff-53a0-8fe6-bca46fbc33fe,1738,,,"Kirkland Signature, Organic Tomato Paste, 6 oz, 12-Count",https://www.costco.com/kirkland-signature-organic-tomato-paste-6-oz-12-count.product.100334932.html,,,0,0,https://www.costco.com/kirkland-signature-groceries.html,9/27/2026 0:00
8c57bd46-5deb-575e-bc1e-4b7c93df4fa5,1738,,,"Kirkland Signature, Pure Sea Salt, 30 oz",https://www.costco.com/kirkland-signature-pure-sea-salt-30-oz.product.100334839.html,,,0,0,https://www.costco.com/kirkland-signature-groceries.html,9/27/2026 0:00
d900e1d9-f703-5875-9ae4-2edb544c057d,1738,,,"Kirkland Signature Coffee Organic Breakfast Blend K-Cup Pod, 120-count",https://www.costco.com/kirkland-signature-coffee-organic-breakfast-blend-k-cup-pod-120-count.product.4000146862.html,,,0,0,https://www.costco.com/kirkland-signature-groceries.html,9/27/2026 0:00
8d45dd53-033e-56f3-a454-fdad8a43266b,1738,,,"Kirkland Signature Popcorn, Sea Salt, 0.65 oz, 36-count",https://www.costco.com/kirkland-signature-popcorn-sea-salt-065-oz-36-count.product.4000441170.html,,,0,0,https://www.costco.com/kirkland-signature-groceries.html,9/27/2026 0:00
f65e530e-2072-5cde-b2a1-6bcba817181c,1738,,,"Kirkland Signature Organic Raw Honey, 24 oz, 3-count",https://www.costco.com/kirkland-signature-organic-raw-honey-24-oz-3-count.product.100334136.html,,,0,0,https://www.costco.com/kirkland-signature-groceries.html,9/27/2026 0:00
2c1e2f4a-00ee-558d-8610-98542f7b04e0,1738,,,"Kirkland Signature, Organic Quinoa, 4.5 lbs",https://www.costco.com/kirkland-signature-organic-quinoa-45-lbs.product.100336580.html,,,0,0,https://www.costco.com/kirkland-signature-groceries.html,9/27/2026 0:00
9f499c92-05a9-579c-91d8-ef43c081a788,1738,,,"Kirkland Signature Snacking Nuts, Variety Pack, 1.6 oz, 30-count",https://www.costco.com/kirkland-signature-snacking-nuts-variety-pack-16-oz-30-count.product.100334734.html,,,0,0,https://www.costco.com/kirkland-signature-groceries.html,9/27/2026 0:00
c50cbe38-5aa7-5042-a326-21d3dbebe251,1738,,,"Kirkland Signature Olive Oil, 3 L",https://www.costco.com/kirkland-signature-olive-oil-3-l.product.4000262621.html,,,0,0,https://www.costco.com/kirkland-signature-groceries.html,9/27/2026 0:00
16cdd743-6d5f-5a4f-b960-36d3cae3b41e,1738,,,"Kirkland Signature Chinet 18 oz Plastic Cup, Red, 240-count",https://www.costco.com/kirkland-signature-chinet-18-oz-plastic-cup-red-240-count.product.100421211.html,,,0,0,https://www.costco.com/kirkland-signature-groceries.html,9/27/2026 0:00
4a1341f3-7e2e-536e-9ecc-c9942b7b2dfd,1738,,,"Kirkland Signature Coffee Organic Summit Roast K-Cup Pod, 120-count",https://www.costco.com/kirkland-signature-coffee-organic-summit-roast-k-cup-pod-120-count.product.4000147352.html,,,0,0,https://www.costco.com/kirkland-signature-groceries.html,9/27/2026 0:00
8748536b-d158-55d1-acac-d87811895cd1,1738,,,"Kirkland Signature Creamy Almond Butter, 27 oz",https://www.costco.com/kirkland-signature-creamy-almond-butter-27-oz.product.100333875.html,,,0,0,https://www.costco.com/kirkland-signature-groceries.html,9/27/2026 0:00
aed7971b-a56b-571c-94b4-557e0776f1b5,1738,,,"Kirkland Signature, Ocean Spray Cranberry Premium 100% Juice, 96 fl oz, 2-Count",https://www.costco.com/kirkland-signature-ocean-spray-cranberry-premium-100-juice-96-fl-oz-2-count.product.100446587.html,,,0,0,https://www.costco.com/kirkland-signature-groceries.html,9/27/2026 0:00
7490b371-e475-53c0-ba54-037b3f3cd24e,1738,,,"Kirkland Signature, Extra Virgin Italian Olive Oil, 2 L",https://www.costco.com/kirkland-signature-extra-virgin-italian-olive-oil-2-l.product.100334844.html,,,0,0,https://www.costco.com/kirkland-signature-groceries.html,9/27/2026 0:00
f34776b2-9b3e-50d8-9757-e2b9ba9736b6,1738,,,"Kirkland Signature, Whole Black Peppercorn, 14.1 oz",https://www.costco.com/kirkland-signature-whole-black-peppercorn-141-oz.product.100334881.html,,,0,0,https://www.costco.com/kirkland-signature-groceries.html,9/27/2026 0:00
0a495560-ce45-5795-93a6-1e10f34a716b,1738,,,"Kirkland Signature, Canola Oil, 3 qt, 2-count",https://www.costco.com/kirkland-signature-canola-oil-3-qt-2-count.product.100334737.html,,,0,0,https://www.costco.com/kirkland-signature-groceries.html,9/27/2026 0:00
9acef4be-7593-5faf-a092-05e87cf7225e,1738,,,"Kirkland Signature, Sunsweet Whole Dried Plums, 3.5 lbs",https://www.costco.com/kirkland-signature-sunsweet-whole-dried-plums-35-lbs.product.100334316.html,,,0,0,https://www.costco.com/kirkland-signature-groceries.html,9/27/2026 0:00
36fc8c7c-d2a2-5ec0-ba0b-e3129db22d3c,1738,,,"Kirkland Signature Colombian Cold Brew Coffee, 11 fl oz, 12-count",https://www.costco.com/kirkland-signature-colombian-cold-brew-coffee-11-fl-oz-12-count.product.100520076.html,,,0,0,https://www.costco.com/kirkland-signature-groceries.html,9/27/2026 0:00
305fc561-58b1-51b5-a85a-9979803ca9ca,1738,,,"Kirkland Signature Fine Ground Black Pepper, 12.3 oz",https://www.costco.com/kirkland-signature-fine-ground-black-pepper-123-oz.product.100334958.html,,,0,0,https://www.costco.com/kirkland-signature-groceries.html,9/27/2026 0:00
637d9dfc-1912-5330-9c72-249d573840f6,1738,,,"Kirkland Signature Organic Blue Agave, 36 oz, 2-count",https://www.costco.com/kirkland-signature-organic-blue-agave-36-oz-2-count.product.100381407.html,,,0,0,https://www.costco.com/kirkland-signature-groceries.html,9/27/2026 0:00
65b83dae-d951-5f58-a0bc-1a8a7a43a99c,1738,,,"Kirkland Signature Dry Roasted Macadamia Nuts, 1.5 lbs",https://www.costco.com/kirkland-signature-dry-roasted-macadamia-nuts-15-lbs.product.100438733.html,,,0,0,https://www.costco.com/kirkland-signature-groceries.html,9/27/2026 0:00
26114295-3612-539e-b128-536bcc4523f2,1738,,,"Kirkland Signature Organic No-Salt Seasoning, 14.5 oz",https://www.costco.com/kirkland-signature-organic-no-salt-seasoning-145-oz.product.100334965.html,,,0,0,https://www.costco.com/kirkland-signature-groceries.html,9/27/2026 0:00
8f25c557-b15f-5a7e-962a-7c872fa467bd,1738,,,"Kirkland Signature Thin Sliced Chicken Breasts, Boneless Skinless, 10 lbs",https://www.costco.com/kirkland-signature-thin-sliced-chicken-breasts-boneless-skinless-10-lbs.product.100635685.html,,,0,0,https://www.costco.com/kirkland-signature-groceries.html,9/27/2026 0:00
4cd8b302-1e4e-543f-b1a1-1b44dbad57b7,1738,,,"Kirkland Signature, Crushed Red Pepper, 10 oz",https://www.costco.com/kirkland-signature-crushed-red-pepper-10-oz.product.100334964.html,,,0,0,https://www.costco.com/kirkland-signature-groceries.html,9/27/2026 0:00
b2b84a39-790e-5c21-a176-fa3193ed1378,1738,,,"Kirkland Signature Plastic Food Wrap, 12 in x 750 ft, 2-count",https://www.costco.com/kirkland-signature-plastic-food-wrap-12-in-x-750-ft-2-count.product.100605746.html,,,0,0,https://www.costco.com/kirkland-signature-groceries.html,9/27/2026 0:00
4452f7c2-6a15-5e24-94e3-ab118bdae73d,1738,,,"Kirkland Signature Elegant Plastic Plates, Variety Pack, White, 50-count",https://www.costco.com/kirkland-signature-elegant-plastic-plates-variety-pack-white-50-count.product.100519419.html,,,0,0,https://www.costco.com/kirkland-signature-groceries.html,9/27/2026 0:00
725ac90c-53b1-5c10-93e6-66082dbcb9a9,1738,,,Kirkland Signature Chicken and Rice Cat Food 25 lbs.,https://www.costco.com/kirkland-signature-chicken-and-rice-cat-food-25-lbs.product.100334973.html,,,0,0,https://www.costco.com/kirkland-signature-groceries.html,9/27/2026 0:00
0658795c-6d06-5dd7-afb6-cb70004be271,1738,,,"Kirkland Signature Organic Pine Nuts, 1.5 lbs",https://www.costco.com/kirkland-signature-organic-pine-nuts-15-lbs.product.100334735.html,,,0,0,https://www.costco.com/kirkland-signature-groceries.html,9/27/2026 0:00
c6c77b91-64a7-56f5-b1d3-ca1d9aca539c,1738,,,"Kirkland Signature Wild Alaskan Sockeye Salmon, 5 oz - 7 oz Portion, 3 lbs",https://www.costco.com/kirkland-signature-wild-alaskan-sockeye-salmon-5-oz---7-oz-portion-3-lbs.product.100441201.html,,,0,0,https://www.costco.com/kirkland-signature-groceries.html,9/27/2026 0:00
bca9cf38-32c3-5770-97b2-010ad750512b,1738,,,"Kirkland Signature Meatballs, 6 lbs",https://www.costco.com/kirkland-signature-meatballs-6-lbs.product.100410832.html,,,0,0,https://www.costco.com/kirkland-signature-groceries.html,9/27/2026 0:00
df29a624-2a8e-5677-a783-689b50a98c13,1738,,,"Kirkland Signature Wild Argentine Raw Shrimp, 2 lb",https://www.costco.com/kirkland-signature-wild-argentine-raw-shrimp-2-lb.product.4000298044.html,,,0,0,https://www.costco.com/kirkland-signature-groceries.html,9/27/2026 0:00
4188b2a3-6240-551a-9f79-3eedb1ed2387,1738,,,"Kirkland Signature Lightly Breaded Chicken Breast Fillets, 3 lbs",https://www.costco.com/kirkland-signature-lightly-breaded-chicken-breast-fillets-3-lbs.product.4000300941.html,,,0,0,https://www.costco.com/kirkland-signature-groceries.html,9/27/2026 0:00
853e9109-9916-5606-8a5a-4ccf7a1aded0,1738,,,"Kirkland Signature Organic Blueberries, 3 lbs",https://www.costco.com/kirkland-signature-organic-blueberries-3-lbs.product.100450484.html,,,0,0,https://www.costco.com/kirkland-signature-groceries.html,9/27/2026 0:00
4f8622b7-4cd1-5795-a8d8-d0fa7ad21d9d,1738,,,"Kirkland Signature Extra Crispy French Fries, 5 lbs",https://www.costco.com/kirkland-signature-extra-crispy-french-fries-5-lbs.product.4000318627.html,,,0,0,https://www.costco.com/kirkland-signature-groceries.html,9/27/2026 0:00
4bf4aa3e-6dcf-59f4-8ffb-48cf19de9a97,1738,,,"Kirkland Signature Chicken Tenderloins, Boneless Skinless, 6 lbs",https://www.costco.com/kirkland-signature-chicken-tenderloins-boneless-skinless-6-lbs.product.100639328.html,,,0,0,https://www.costco.com/kirkland-signature-groceries.html,9/27/2026 0:00
62f25842-fc4f-55aa-ac13-d1b2bfb7de21,1738,,,"Kirkland Signature Garlic Butter Shrimp, 2 lbs",https://www.costco.com/kirkland-signature-garlic-butter-shrimp-2-lbs.product.4000054192.html,,,0,0,https://www.costco.com/kirkland-signature-groceries.html,9/27/2026 0:00
e4a9f391-6fd7-5274-9ff1-8bdd75795c3b,1738,,,"Kirkland Signature Stir-Fry Vegetable Blend, 5.5 lbs",https://www.costco.com/kirkland-signature-stir-fry-vegetable-blend-55-lbs.product.100433848.html,,,0,0,https://www.costco.com/kirkland-signature-groceries.html,9/27/2026 0:00
55aa0096-c5f3-589a-9a60-45740a8af7c8,1738,,,Kirkland Signature Nature's Domain Puppy Formula Chicken & Pea Dog Food 20 lb.,https://www.costco.com/kirkland-signature-natures-domain-puppy-formula-chicken--pea-dog-food-20-lb.product.100354281.html,,,0,0,https://www.costco.com/kirkland-signature-groceries.html,9/27/2026 0:00
a7437818-7a63-563f-86f0-26dd6ef57c9e,1738,,,"Kirkland Signature Super B-Complex with Electrolytes, 500 Tablets",https://www.costco.com/kirkland-signature-super-b-complex-with-electrolytes-500-tablets.product.100112668.html,,,0,0,https://www.costco.com/kirkland-signature-groceries.html,9/27/2026 0:00
329b7ef7-92c8-5c73-b314-f6573918220d,1738,,,"Kirkland Signature Crispy Wings with Classic Buffalo Sauce, 64 oz",https://www.costco.com/kirkland-signature-crispy-wings-with-classic-buffalo-sauce-64-oz.product.4000411755.html,,,0,0,https://www.costco.com/kirkland-signature-groceries.html,9/27/2026 0:00
a7000371-d92c-5bab-ad4d-7dd52e47df93,1738,,,Kirkland Signature Breaded Panko Shrimp 2.5 lbs,https://www.costco.com/kirkland-signature-breaded-panko-shrimp-25-lbs.product.100462140.html,,,0,0,https://www.costco.com/kirkland-signature-groceries.html,9/27/2026 0:00
5564a07d-93fc-5810-b58f-338aaf385384,1738,,,"Kirkland Signature Farm-Raised Raw Shrimp, Tail-On, 21-25-count per Pound, 2 lbs",https://www.costco.com/kirkland-signature-farm-raised-raw-shrimp-tail-on-21-25-count-per-pound-2-lbs.product.100408294.html,,,0,0,https://www.costco.com/kirkland-signature-groceries.html,9/27/2026 0:00
42ce26b5-faee-59f7-9d19-42786b0d8cbd,1738,,,"Kirkland Signature Three Berry Blend, 4 lbs",https://www.costco.com/kirkland-signature-three-berry-blend-4-lbs.product.100410665.html,,,0,0,https://www.costco.com/kirkland-signature-groceries.html,9/27/2026 0:00
1423cfa2-3f55-52b3-91d8-a9d9f8af806c,1738,,,"Kirkland Signature Tempura Shrimp, 2.35 lbs, 30-count",https://www.costco.com/kirkland-signature-tempura-shrimp-235-lbs-30-count.product.100638020.html,,,0,0,https://www.costco.com/kirkland-signature-groceries.html,9/27/2026 0:00
20d0a95f-eb09-52cb-b1f9-047e6e8f2d75,1738,,,"Kirkland Signature Boneless Lamb Leg Roast, 5.53 lb Avg Wt",https://www.costco.com/kirkland-signature-boneless-lamb-leg-roast-553-lb-avg-wt.product.100442000.html,,,0,0,https://www.costco.com/meat.html,9/27/2026 0:00
30f788f4-fe12-5498-a593-a6b4f6dbec69,1738,,,"Kirkland Signature, Albacore Solid White Tuna in Water, 7 oz, 8-Count",https://www.costco.com/kirkland-signature-albacore-solid-white-tuna-in-water-7-oz-8-count.product.100851738.html,,,0,0,https://www.costco.com/pantry.html,9/27/2026 0:00
cbbf779a-d94c-5334-b281-471e97e898d3,1738,,,"Kirkland Signature Organic Unbleached All Purpose Flour, 10 lbs, 2-count",https://www.costco.com/kirkland-signature-organic-unbleached-all-purpose-flour-10-lbs-2-count.product.4000063331.html,,,0,0,https://www.costco.com/pantry.html,9/27/2026 0:00
9f1e0c5d-9492-5e47-8d06-274c0e04d9a3,1738,,,"Campbell's, Simply Chicken Noodle Soup, 18.6 oz, 8-Count",https://www.costco.com/campbells-simply-chicken-noodle-soup-186-oz-8-count.product.100783256.html,,,0,0,https://www.costco.com/pantry.html,9/27/2026 0:00
5b30d438-9068-5f9b-a7eb-7f3b4cfc99de,1738,,,"Kirkland Signature, Thai Hom Mali Jasmine Rice, 25 lbs",https://www.costco.com/kirkland-signature-thai-hom-mali-jasmine-rice-25-lbs.product.100334875.html,,,0,0,https://www.costco.com/pantry.html,9/27/2026 0:00
fcad743e-ffca-51b1-aca0-ad5ea831e64a,1738,,,"Bibigo, Cooked Sticky White Rice Bowls, Medium Grain, 7.4 oz, 12-Count",https://www.costco.com/bibigo-cooked-sticky-white-rice-bowls-medium-grain-74-oz-12-count.product.4000040390.html,,,0,0,https://www.costco.com/pantry.html,9/27/2026 0:00
b86f6bcc-5ba9-56c6-93fd-6b92f8d7d57f,1738,,,"Garofalo, Organic Pasta, Variety Pack, 17.6 oz, 6-Count",https://www.costco.com/garofalo-organic-pasta-variety-pack-176-oz-6-count.product.100381417.html,,,0,0,https://www.costco.com/pantry.html,9/27/2026 0:00
656285e5-3889-5ed1-ba70-ac05f70ad8a3,1738,,,"Royal, Basmati Rice, 20 lbs",https://www.costco.com/royal-basmati-rice-20-lbs.product.100315872.html,,,0,0,https://www.costco.com/pantry.html,9/27/2026 0:00
8e4fc3d1-6507-50a3-abf4-6062cf5a3baa,1738,,,"Nongshim, Tonkotsu Ramen Bowl, 3.56 oz, 6-Count",https://www.costco.com/nongshim-tonkotsu-ramen-bowl-356-oz-6-count.product.100644452.html,,,0,0,https://www.costco.com/pantry.html,9/27/2026 0:00
3929b973-a690-52ae-a012-2effad75ca95,1738,,,"Del Monte, Canned Corn-Whole Kernel, 15.25 oz, 12-Count",https://www.costco.com/del-monte-canned-corn-whole-kernel-1525-oz-12-count.product.100443694.html,,,0,0,https://www.costco.com/pantry.html,9/27/2026 0:00
4f4bf74f-a76b-5f7b-bcc5-7e59be962d69,1738,,,"Chicken of the Sea, Chunk Light Premium Tuna in Water, 7 oz, 12-Count",https://www.costco.com/chicken-of-the-sea-chunk-light-premium-tuna-in-water-7-oz-12-count.product.100384209.html,,,0,0,https://www.costco.com/pantry.html,9/27/2026 0:00
0c824595-003c-5612-b278-7804ba17b5b4,1738,,,"Kraft, Macaroni & Cheese Dinner Cup, 2.05 oz, 12-Count",https://www.costco.com/kraft-macaroni--cheese-dinner-cup-205-oz-12-count.product.100381542.html,,,0,0,https://www.costco.com/pantry.html,9/27/2026 0:00
69da681a-5c20-5828-8e07-30c257ceeadb,1738,,,"Nissin Cup Noodles, Chicken, 2.5 oz, 24-count",https://www.costco.com/nissin-cup-noodles-chicken-25-oz-24-count.product.100113428.html,,,0,0,https://www.costco.com/pantry.html,9/27/2026 0:00
f2368fd7-7095-58eb-a0eb-9fe03e8c6120,1738,,,"Snapdragon Foods Vietnamese Pho Bowls, 3.1 oz, 9-count",https://www.costco.com/snapdragon-foods-vietnamese-pho-bowls-31-oz-9-count.product.4000401691.html,,,0,0,https://www.costco.com/pantry.html,9/27/2026 0:00
678a4ff7-1e5b-5bda-92f9-9e9882bb6925,1738,,,"Arm & Hammer, Pure Baking Soda, 13.5 lbs",https://www.costco.com/arm--hammer-pure-baking-soda-135-lbs.product.100381528.html,,,0,0,https://www.costco.com/pantry.html,9/27/2026 0:00
15395bf6-ed58-5012-81f0-af8863e26903,1738,,,"Seeds of Change Organic Quinoa & Brown Rice with Garlic & Lentils, 6-count",https://www.costco.com/seeds-of-change-organic-quinoa--brown-rice-with-garlic--lentils-6-count.product.4000439540.html,,,0,0,https://www.costco.com/pantry.html,9/27/2026 0:00
2a21c498-6810-5bdc-9df3-f929f6a1cb39,1738,,,"Nestlé Toll House, Semi-Sweet Chocolate Chip Morsels, 72 oz",https://www.costco.com/nestl-toll-house-semi-sweet-chocolate-chip-morsels-72-oz.product.100403311.html,,,0,0,https://www.costco.com/pantry.html,9/27/2026 0:00
cbaeb341-29a9-5778-9da9-04c365918fc2,1738,,,"Thai Kitchen Organic Coconut Milk, Unsweetened, 13.66 fl oz, 6-count",https://www.costco.com/thai-kitchen-organic-coconut-milk-unsweetened-1366-fl-oz-6-count.product.100452749.html,,,0,0,https://www.costco.com/pantry.html,9/27/2026 0:00
d5610157-bc4c-59e7-9a56-d78c5279337a,1738,,,"Chosen Foods Avocado Oil Spray, 13.5 oz, 2-count",https://www.costco.com/chosen-foods-avocado-oil-spray-135-oz-2-count.product.100643792.html,,,0,0,https://www.costco.com/pantry.html,9/27/2026 0:00
8954170c-4ee7-535d-b520-42538fee5724,1738,,,"Tasty Bite Organic Madras Lentils, 10 oz, 8-count",https://www.costco.com/tasty-bite-organic-madras-lentils-10-oz-8-count.product.4000444157.html,,,0,0,https://www.costco.com/pantry.html,9/27/2026 0:00
8bba9d29-0158-5f50-ba64-575c7c6110cb,1738,,,"Garofalo, Organic Spaghetti Noodles, 17.6 oz, 8-Count",https://www.costco.com/garofalo-organic-spaghetti-noodles-176-oz-8-count.product.100381460.html,,,0,0,https://www.costco.com/pantry.html,9/27/2026 0:00
68043490-e57b-5bc9-a3d5-1b9a0902bc0f,1738,,,"Ghirardelli, Triple Chocolate Premium Brownie Mix, 6-Count",https://www.costco.com/ghirardelli-triple-chocolate-premium-brownie-mix-6-count.product.100381454.html,,,0,0,https://www.costco.com/pantry.html,9/27/2026 0:00
da1382a2-6012-51c4-9519-7d22235caa60,1738,,,"Hidden Valley Original Ranch Homestyle Dressing, 40 fl oz, 2-count",https://www.costco.com/hidden-valley-original-ranch-homestyle-dressing-40-fl-oz-2-count.product.100371278.html,,,0,0,https://www.costco.com/pantry.html,9/27/2026 0:00
71d94519-4604-5a21-9b98-4507162aa71f,1738,,,"Rao's Homemade Marinara Sauce, 31.7 oz, 2-count",https://www.costco.com/raos-homemade-marinara-sauce-317-oz-2-count.product.4000426490.html,,,0,0,https://www.costco.com/pantry.html,9/27/2026 0:00
6c199856-2509-53e0-a4c6-714f9877d701,1738,,,"Hellmann's Real Mayonnaise, Squeeze Bottle, 25 fl oz, 2-count",https://www.costco.com/hellmanns-real-mayonnaise-squeeze-bottle-25-fl-oz-2-count.product.100634569.html,,,0,0,https://www.costco.com/pantry.html,9/27/2026 0:00
1b1d8065-3758-529e-ab41-860bbbd80d24,1738,,,"Sweet Baby Ray's, Barbecue Sauce, 40 oz, 2-Count",https://www.costco.com/sweet-baby-rays-barbecue-sauce-40-oz-2-count.product.100381551.html,,,0,0,https://www.costco.com/pantry.html,9/27/2026 0:00
f3c64e0c-9b77-5a20-99e7-4186f94cfbe1,1738,,,"Homai California Calrose Rice, 25 lbs",https://www.costco.com/homai-california-calrose-rice-25-lbs.product.100440811.html,,,0,0,https://www.costco.com/pantry.html,9/27/2026 0:00
179d514b-26d3-5619-91d4-412c5f21e5e2,1738,,,"Libby's, Vienna Sausage, 4.6 oz, 18-count",https://www.costco.com/libbys-vienna-sausage-46-oz-18-count.product.100381485.html,,,0,0,https://www.costco.com/pantry.html,9/27/2026 0:00
26c82509-f0b0-5372-9dca-d3392e9740a4,1738,,,"Bachan's Japanese Barbecue Sauce, 34 oz",https://www.costco.com/bachans-japanese-barbecue-sauce-34-oz.product.100778116.html,,,0,0,https://www.costco.com/pantry.html,9/27/2026 0:00
c8b96aaa-a3aa-515c-a24e-0fd197333713,1738,,,"Nutella Hazelnut Spread with Cocoa, 33.5 oz, 2-count",https://www.costco.com/nutella-hazelnut-spread-with-cocoa-335-oz-2-count.product.100371265.html,,,0,0,https://www.costco.com/pantry.html,9/27/2026 0:00
0461f58f-c8d6-5cc0-aa6f-18ad7b80946a,1738,,,"Cholula, Hot Sauce Original, 12 fl oz, 2-Count",https://www.costco.com/cholula-hot-sauce-original-12-fl-oz-2-count.product.100441814.html,,,0,0,https://www.costco.com/pantry.html,9/27/2026 0:00
e57f8a28-22e7-5573-9a52-ce26bd9c818c,1738,,,"Genova, Yellowfin Tuna, 7 oz, 6-Count",https://www.costco.com/genova-yellowfin-tuna-7-oz-6-count.product.100449522.html,,,0,0,https://www.costco.com/pantry.html,9/27/2026 0:00
f146dedb-38fe-53d6-a4c0-5a104aecfbff,1738,,,"Lawry's Coarse Ground Garlic Salt with Parsley, 33 oz",https://www.costco.com/lawrys-coarse-ground-garlic-salt-with-parsley-33-oz.product.100381577.html,,,0,0,https://www.costco.com/pantry.html,9/27/2026 0:00
93581e5e-31bd-5c78-a6fc-18cd65b0121b,1738,,,"Hidden Valley Ranch Homestyle Seasoning, Dip and Salad Dressing Mix, 20 oz",https://www.costco.com/hidden-valley-ranch-homestyle-seasoning-dip-and-salad-dressing-mix-20-oz.product.100654735.html,,,0,0,https://www.costco.com/pantry.html,9/27/2026 0:00
6a6eea85-5596-5adc-be02-57b03eeb6116,1738,,,"SPAM Canned Meat, 25% Less Sodium, 12 oz, 8-Count",https://www.costco.com/spam-canned-meat-25-less-sodium-12-oz-8-count.product.100377144.html,,,0,0,https://www.costco.com/pantry.html,9/27/2026 0:00
ffae02b7-a9cd-5b06-aaff-010ddf0e0124,1738,,,"Hellmann's, Real Mayonnaise, 64 oz",https://www.costco.com/hellmanns-real-mayonnaise-64-oz.product.100371260.html,,,0,0,https://www.costco.com/pantry.html,9/27/2026 0:00
c623186c-6709-586e-b111-3c3dca348d92,1738,,,"Kirkland Signature, Vegetable Oil, 3 qt, 2-Count",https://www.costco.com/kirkland-signature-vegetable-oil-3-qt-2-count.product.100334736.html,,,0,0,https://www.costco.com/pantry.html,9/27/2026 0:00
8f870192-f7af-5eb2-b097-c35ecd841e44,1738,,,"Kinder's Organic Signature Grill Variety Pack, 54.4 oz",https://www.costco.com/kinders-organic-signature-grill-variety-pack-544-oz.product.4000446388.html,,,0,0,https://www.costco.com/pantry.html,9/27/2026 0:00
c9e68677-4e67-5422-8197-c4b8160b6fac,1738,,,"Red Star, Active Dry Yeast, 32 oz",https://www.costco.com/red-star-active-dry-yeast-32-oz.product.100441883.html,,,0,0,https://www.costco.com/pantry.html,9/27/2026 0:00
ec9bf579-b761-5c2f-8a20-281d313b303e,1738,,,"Samyang Buldak Ramen Carbonara, Spicy Chicken, 3.7 oz, 6-count",https://www.costco.com/samyang-buldak-ramen-carbonara-spicy-chicken-37-oz-6-count.product.4000184387.html,,,0,0,https://www.costco.com/pantry.html,9/27/2026 0:00
d6d4712d-a05a-5d80-b9dc-5797082f23fc,1738,,,"Dixie Ultra 8-1/2"" Paper Plate, 240-count",https://www.costco.com/dixie-ultra-8-12-paper-plate-240-count.product.4000053321.html,,,0,0,https://www.costco.com/paper-products-food-storage.html,9/27/2026 0:00
cad25293-7b7c-587e-a1af-2956cb00b10c,1738,,,"Dixie Ultra 10-1/16"" Paper Plate, 186-count",https://www.costco.com/dixie-ultra-10-116-paper-plate-186-count.product.100352100.html,,,0,0,https://www.costco.com/paper-products-food-storage.html,9/27/2026 0:00
534167f4-c59d-5bd7-aefe-0cdaa70a9fcd,1738,,,"Bounty Advanced Paper Towels, 2-Ply, 103 Sheets, 12-count",https://www.costco.com/bounty-advanced-paper-towels-2-ply-103-sheets-12-count.product.4000346087.html,,,0,0,https://www.costco.com/paper-products-food-storage.html,9/27/2026 0:00
05900b52-e8ac-5ef8-8b95-4320be9541ad,1738,,,"Kirkland Signature Napkins, 1-Ply, 280-count, 4-pack",https://www.costco.com/kirkland-signature-napkins-1-ply-280-count-4-pack.product.100836238.html,,,0,0,https://www.costco.com/paper-products-food-storage.html,9/27/2026 0:00
64c36ca1-712b-50e0-8e00-86245919fa98,1738,,,"Scott Bath Tissue, 1-Ply, 1100 Sheets, 36 Rolls",https://www.costco.com/scott-bath-tissue-1-ply-1100-sheets-36-rolls.product.100234270.html,,,0,0,https://www.costco.com/paper-products-food-storage.html,9/27/2026 0:00
3af04815-0f6c-5bd7-bdef-ce0ae3b5854f,1738,,,"Kirkland Signature Freezer Quart Plus Bags, 264-count",https://www.costco.com/kirkland-signature-freezer-quart-plus-bags-264-count.product.4000312330.html,,,0,0,https://www.costco.com/paper-products-food-storage.html,9/27/2026 0:00
6b12f3f9-6471-50f9-b589-100f9214795a,1738,,,"Kirkland Signature Gallon Plus Freezer Bags, 192-count",https://www.costco.com/kirkland-signature-gallon-plus-freezer-bags-192-count.product.4000312404.html,,,0,0,https://www.costco.com/paper-products-food-storage.html,9/27/2026 0:00
8f7f3508-4f9f-5ec9-a0c5-7021128d5167,1738,,,"Dixie Ultra 20 oz Paper Bowl, 135-count",https://www.costco.com/dixie-ultra-20-oz-paper-bowl-135-count.product.100381539.html,,,0,0,https://www.costco.com/paper-products-food-storage.html,9/27/2026 0:00
f83f54df-6f78-5225-9fb6-82f67c03ceaa,1738,,,"Solo Heavyweight Plastic Spoon, White, 500-count",https://www.costco.com/solo-heavyweight-plastic-spoon-white-500-count.product.100113595.html,,,0,0,https://www.costco.com/paper-products-food-storage.html,9/27/2026 0:00
07687ec3-1aa3-5d5c-97d2-499efb853219,1738,,,"Cottonelle Fresh Care Flushable Wipes, 560 Wipes",https://www.costco.com/cottonelle-fresh-care-flushable-wipes-560-wipes.product.100397056.html,,,0,0,https://www.costco.com/paper-products-food-storage.html,9/27/2026 0:00
c6d7776f-1fa0-51b6-bf96-58de3c39360b,1738,,,"Organic English Cucumbers, Greenhouse Grown, 3-count",https://www.costco.com/organic-english-cucumbers-greenhouse-grown-3-count.product.100445692.html,,,0,0,https://www.costco.com/produce.html,9/27/2026 0:00
1e3cf52d-bb7b-55e8-946b-4fe3055120eb,1738,,,"Cantaloupe, 2-count",https://www.costco.com/cantaloupe-2-count.product.100433821.html,,,0,0,https://www.costco.com/produce.html,9/27/2026 0:00
4280b64d-9960-5a6c-9477-382a5ffef976,1738,,,"Organic Crimini Mushrooms, 24 oz",https://www.costco.com/organic-crimini-mushrooms-24-oz.product.100439256.html,,,0,0,https://www.costco.com/produce.html,9/27/2026 0:00
c3998f1f-8655-5fa2-af17-9500a51a6cc6,1738,,,"Limes, 3 lbs",https://www.costco.com/limes-3-lbs.product.100443126.html,,,0,0,https://www.costco.com/produce.html,9/27/2026 0:00
4e97f6c8-7d66-5fa5-ab52-9bd443f7f290,1738,,,"Grape Tomatoes, 2 lbs",https://www.costco.com/grape-tomatoes-2-lbs.product.100608970.html,,,0,0,https://www.costco.com/produce.html,9/27/2026 0:00
b53ff3f9-f100-5488-ad68-cebeb4af6a2a,1738,,,"Organic Gala Apples, 3 lbs",https://www.costco.com/organic-gala-apples-3-lbs.product.100437001.html,,,0,0,https://www.costco.com/produce.html,9/27/2026 0:00
9a9c6bd3-8964-56b3-b223-d70404d41a00,1738,,,"Vidalia Sweet Onions, 5 lbs",https://www.costco.com/vidalia-sweet-onions-5-lbs.product.100975546.html,,,0,0,https://www.costco.com/produce.html,9/27/2026 0:00
5639b6dc-215d-57ef-9718-e3a9c4dcbc9e,1738,,,"Organic Peeled Carrots, 2 lbs, 2-count",https://www.costco.com/organic-peeled-carrots-2-lbs-2-count.product.100598720.html,,,0,0,https://www.costco.com/produce.html,9/27/2026 0:00
5ca82cf6-ae3f-5d7c-8874-1a2df17f1540,1738,,,"Gourmet Tomato Medley, Greenhouse Grown, 2 lbs",https://www.costco.com/gourmet-tomato-medley-greenhouse-grown-2-lbs.product.100441109.html,,,0,0,https://www.costco.com/produce.html,9/27/2026 0:00
efc9edd8-1071-5941-9825-25aefcd3ff4c,1738,,,"Gourmet Creamer Potato, 5 lbs",https://www.costco.com/gourmet-creamer-potato-5-lbs.product.100442528.html,,,0,0,https://www.costco.com/produce.html,9/27/2026 0:00
e0baafd6-0a8f-5b58-8803-cde1af80e27d,1738,,,"Organic Squash, 3.5 lbs",https://www.costco.com/organic-squash-35-lbs.product.100450792.html,,,0,0,https://www.costco.com/produce.html,9/27/2026 0:00
94879a86-0af3-58b5-8d02-6a48d0e429c9,1738,,,"Plums, 3 lbs",https://www.costco.com/plums-3-lbs.product.100816773.html,,,0,0,https://www.costco.com/produce.html,9/27/2026 0:00
eaa0d8e2-428d-52c3-aed1-db82a3b03dda,1738,,,"Organic Mangos, 6 lbs",https://www.costco.com/organic-mangos-6-lbs.product.100451213.html,,,0,0,https://www.costco.com/produce.html,9/27/2026 0:00
85d2edfb-eea6-5821-a1c3-ace22ee2d114,1738,,,"Organic Carrots, 6 lbs",https://www.costco.com/organic-carrots-6-lbs.product.100601909.html,,,0,0,https://www.costco.com/produce.html,9/27/2026 0:00
460cce3b-e436-5b82-9745-38fcc2e4b76f,1738,,,"Colossal Garlic, 2 lbs",https://www.costco.com/colossal-garlic-2-lbs.product.100441746.html,,,0,0,https://www.costco.com/produce.html,9/27/2026 0:00
ea7066ee-1ad3-5511-b20d-867fe8fa965d,1738,,,"Grapefruit, 5 lbs",https://www.costco.com/grapefruit-5-lbs.product.100787289.html,,,0,0,https://www.costco.com/produce.html,9/27/2026 0:00
403cf0d1-022d-5932-8413-9aa7a2656076,1738,,,"Frito Lay Classic Mix, 1 oz, Variety Pack, 54-count",https://www.costco.com/frito-lay-classic-mix-1-oz-variety-pack-54-count.product.100836033.html,,,0,0,https://www.costco.com/snacks.html,9/27/2026 0:00
8f70bd37-f02b-5448-9535-47ef2b7cee1d,1738,,,"SunChips Whole Grain, Variety, 1.5 oz, 30-count",https://www.costco.com/sunchips-whole-grain-variety-15-oz-30-count.product.100688266.html,,,0,0,https://www.costco.com/snacks.html,9/27/2026 0:00
1fa11f82-d493-53f7-8c50-58f92f48aa1f,1738,,,"Skinny Pop Popcorn, 0.65 oz, 28-count",https://www.costco.com/skinny-pop-popcorn-065-oz-28-count.product.100381415.html,,,0,0,https://www.costco.com/snacks.html,9/27/2026 0:00
944fd311-e069-52be-b6bb-b512c1b2248d,1738,,,"Pure Organic Layered Fruit Bars, Variety Pack,  0.63 oz, 28-count",https://www.costco.com/pure-organic-layered-fruit-bars-variety-pack--063-oz-28-count.product.100679927.html,,,0,0,https://www.costco.com/snacks.html,9/27/2026 0:00
2876e10b-aabf-5f4f-80b8-8b6879f022d2,1738,,,"Pirate's Booty Aged White Cheddar Snack, 0.5 oz, 40-count",https://www.costco.com/pirates-booty-aged-white-cheddar-snack-05-oz-40-count.product.100493043.html,,,0,0,https://www.costco.com/snacks.html,9/27/2026 0:00
f4c433bb-a647-5a19-82ea-9aa8edcfd0b3,1738,,,"Nabisco Cookies & Crackers, Variety Pack, 1 oz, 40-count",https://www.costco.com/nabisco-cookies--crackers-variety-pack-1-oz-40-count.product.4000252966.html,,,0,0,https://www.costco.com/snacks.html,9/27/2026 0:00
75b1637b-f67e-5144-9de2-7199ee22fe91,1738,,,"That's it Mini Fruit Bars, 24-count",https://www.costco.com/thats-it-mini-fruit-bars-24-count.product.100642169.html,,,0,0,https://www.costco.com/snacks.html,9/27/2026 0:00
79208f5f-5515-5c98-b1be-915859b8c797,1738,,,"Kirkland Signature Grass-fed Beef Sticks, 1.15 oz, 12-count",https://www.costco.com/kirkland-signature-grass-fed-beef-sticks-115-oz-12-count.product.4000367875.html,,,0,0,https://www.costco.com/snacks.html,9/27/2026 0:00
818152a7-3d47-59a3-af80-737dc80ede02,1738,,,"Frito-Lay NFL Gameday Mix, 54-count",https://www.costco.com/frito-lay-nfl-gameday-mix-54-count.product.4000385777.html,,,0,0,https://www.costco.com/snacks.html,9/27/2026 0:00
4f9bd453-20ca-5098-8714-49308ffd843b,1738,,,"PopCorners Popped Corn Snacks Variety Pack, 1 oz, 30-Count",https://www.costco.com/popcorners-popped-corn-snacks-variety-pack-1-oz-30-count.product.100840912.html,,,0,0,https://www.costco.com/snacks.html,9/27/2026 0:00
713eb6f2-64ea-505f-a0c7-fbdab18a1871,1738,,,"Nature's Garden Organic Trail Mix Snack Packs, Variety Pack, 1.2 oz, 24-count",https://www.costco.com/natures-garden-organic-trail-mix-snack-packs-variety-pack-12-oz-24-count.product.100347332.html,,,0,0,https://www.costco.com/snacks.html,9/27/2026 0:00
84fa84d5-fefa-5cba-bba4-0bd2fb4fe7bc,1738,,,"Welch's Fruit Snacks, .8 oz, 90-count",https://www.costco.com/welchs-fruit-snacks-8-oz-90-count.product.100532544.html,,,0,0,https://www.costco.com/snacks.html,9/27/2026 0:00
7ecb74b7-bc6d-535e-a875-5f54ef91ba10,1738,,,"Heavenly Hunks Organic Oatmeal Dark Chocolate Cookies, 22 oz",https://www.costco.com/heavenly-hunks-organic-oatmeal-dark-chocolate-cookies-22-oz.product.100439543.html,,,0,0,https://www.costco.com/snacks.html,9/27/2026 0:00
e900f1bb-0d17-53b0-babb-9d49f600b1c9,1738,,,"Country Archer Grass-Fed Beef Stick Minis Original, 0.5 oz, 28-Count",https://www.costco.com/country-archer-grass-fed-beef-stick-minis-original-05-oz-28-count.product.100538227.html,,,0,0,https://www.costco.com/snacks.html,9/27/2026 0:00
8e438beb-b315-5d7c-be27-59eb70cd3fd2,1738,,,"Pringles Grab & Go Potato Crisps, Variety, 36-count",https://www.costco.com/pringles-grab--go-potato-crisps-variety-36-count.product.100696413.html,,,0,0,https://www.costco.com/snacks.html,9/27/2026 0:00
8028f49e-d926-5325-bb00-60871dc0df6a,1738,,,"Clif Kid ZBar Organic Granola Bar, Variety Pack, 1.27 oz, 36-count",https://www.costco.com/clif-kid-zbar-organic-granola-bar-variety-pack-127-oz-36-count.product.100403275.html,,,0,0,https://www.costco.com/snacks.html,9/27/2026 0:00
a514b122-4271-5efd-a5dc-fe3f70c6b226,1738,,,"OREO Sandwich Cookies, Variety Pack, 60-count",https://www.costco.com/oreo-sandwich-cookies-variety-pack-60-count.product.100699040.html,,,0,0,https://www.costco.com/snacks.html,9/27/2026 0:00
2ceede4f-40b0-57bd-8d3a-7a9a424794fa,1738,,,"Milano Cookies, Double Dark Chocolate, 0.98 oz, 30-count",https://www.costco.com/milano-cookies-double-dark-chocolate-098-oz-30-count.product.4000094517.html,,,0,0,https://www.costco.com/snacks.html,9/27/2026 0:00
cbeaba2c-1fee-50c5-8914-9c2ddfacf676,1738,,,"Cheez-It Crackers, Cheddar, 1.5 oz, 45-count",https://www.costco.com/cheez-it-crackers-cheddar-15-oz-45-count.product.100381489.html,,,0,0,https://www.costco.com/snacks.html,9/27/2026 0:00
bc09a5a3-60ac-598c-b5c2-971668ee6eb3,1738,,,"Kirkland Signature Sweet Heat Snack Mix, 24 oz",https://www.costco.com/kirkland-signature-sweet-heat-snack-mix-24-oz.product.4000233544.html,,,0,0,https://www.costco.com/snacks.html,9/27/2026 0:00
97e1e2a8-f345-5c7f-9a88-98c2fe02b15a,1738,,,"Kirkland Signature Snacking Nuts Variety Pack, 1.6 oz, 21-count",https://www.costco.com/kirkland-signature-snacking-nuts-variety-pack-16-oz-21-count.product.4201003967.html,,,0,0,https://www.costco.com/snacks.html,9/27/2026 0:00
13d54481-ff40-5c51-8806-46bc7a841bb4,1738,,,"Golden Island Pork Snack Bites, Korean Barbecue, 1.5 oz, 12-count",https://www.costco.com/golden-island-pork-snack-bites-korean-barbecue-15-oz-12-count.product.100805013.html,,,0,0,https://www.costco.com/snacks.html,9/27/2026 0:00
a5177462-b34d-5f86-afdb-ac5e18617ca8,1738,,,"The SnakYard Organic Sweet Potato Sticks, 2.82 oz, 6-count",https://www.costco.com/the-snakyard-organic-sweet-potato-sticks-282-oz-6-count.product.4000142365.html,,,0,0,https://www.costco.com/snacks.html,9/27/2026 0:00
a05f85be-9ecf-5fd7-84d3-d5d49deddec3,1738,,,"Kirkland Signature Extra Fancy Mixed Nuts, Unsalted, 2.5 lbs",https://www.costco.com/kirkland-signature-extra-fancy-mixed-nuts-unsalted-25-lbs.product.4000042930.html,,,0,0,https://www.costco.com/snacks.html,9/27/2026 0:00
72a993f3-ed05-5fdd-92b4-1c8118438714,1738,,,"Kirkland Signature Rice Crackers, 32 oz",https://www.costco.com/kirkland-signature-rice-crackers-32-oz.product.4201005708.html,,,0,0,https://www.costco.com/snacks.html,9/27/2026 0:00
6c7c5653-4cbd-5eee-8602-3dd28aef91b2,1738,,,"Crunchmaster 6-Seed Multi-Grain Crackers, 28 oz",https://www.costco.com/crunchmaster-6-seed-multi-grain-crackers-28-oz.product.4000332792.html,,,0,0,https://www.costco.com/snacks.html,9/27/2026 0:00
7f4273b8-d22d-5a27-80cf-f90a55130703,1738,,,"Lotus Biscoff Cookies, 8.8 oz., 4 Count",https://www.costco.com/lotus-biscoff-cookies-88-oz-4-count.product.100383407.html,,,0,0,https://www.costco.com/snacks.html,9/27/2026 0:00
59e5f81d-6017-5e99-8e31-2c171ec1ac0c,1738,,,"Nature Valley Crispy Creamy Wafer Bars, Variety Pack, 1.3 oz, 28-count",https://www.costco.com/nature-valley-crispy-creamy-wafer-bars-variety-pack-13-oz-28-count.product.4000420284.html,,,0,0,https://www.costco.com/snacks.html,9/27/2026 0:00
eda337c7-810c-521a-bc35-0731ef69243c,1738,,,"Nutella & GO! Hazelnut and Cocoa Spread With Breadsticks, 1.8 oz, 16 Pack",https://www.costco.com/nutella--go-hazelnut-and-cocoa-spread-with-breadsticks-18-oz-16-pack.product.100401345.html,,,0,0,https://www.costco.com/snacks.html,9/27/2026 0:00
cc49fae6-f05f-538b-b62f-95f8d5c78724,1738,,,"Simple Mills Almond Flour Sea Salt Crackers, 10 oz, 2-count",https://www.costco.com/simple-mills-almond-flour-sea-salt-crackers-10-oz-2-count.product.100792770.html,,,0,0,https://www.costco.com/snacks.html,9/27/2026 0:00
1136a269-f96f-5df3-b4d7-6254f00f3044,1738,,,Hoody's Honey Roasted Nut Mix,https://www.costco.com/hoodys-honey-roasted-nut-mix.product.4000418227.html,,,0,0,https://www.costco.com/snacks.html,9/27/2026 0:00
70e68ea8-05df-5d4f-bb2c-dcfb54767854,1738,,,"Cheez-It Crackers, Cheddar, 3 lbs",https://www.costco.com/cheez-it-crackers-cheddar-3-lbs.product.100113305.html,,,0,0,https://www.costco.com/snacks.html,9/27/2026 0:00
42cef2b1-5951-57d3-ae0c-efe66c2893db,1738,,,"Goldfish Baked Snack Crackers, Cheddar, 66 oz",https://www.costco.com/goldfish-baked-snack-crackers-cheddar-66-oz.product.100756482.html,,,0,0,https://www.costco.com/snacks.html,9/27/2026 0:00
800d41ae-ea18-5080-99bf-2e0271634218,1738,,,"Nutella Biscuits, 9.7 oz, 4-count",https://www.costco.com/nutella-biscuits-97-oz-4-count.product.4000250022.html,,,0,0,https://www.costco.com/snacks.html,9/27/2026 0:00
39b5d6c5-6c21-59b8-9ded-663f614fe661,1738,,,"RITZ Crackers, Original, 61.65 oz, 18-count",https://www.costco.com/ritz-crackers-original-6165-oz-18-count.product.100369040.html,,,0,0,https://www.costco.com/snacks.html,9/27/2026 0:00
0072cf2f-65a7-5357-953e-7c8964fac70c,1738,,,"WildRoot's Coastal Berry Trail Mix, 26 oz",https://www.costco.com/wildroots-coastal-berry-trail-mix-26-oz.product.100381517.html,,,0,0,https://www.costco.com/snacks.html,9/27/2026 0:00
5ddb140c-d263-5aad-9874-e7e4f4cfa859,1738,,,We're sorry. We were not able to find a match.,https://www.costco.com/barnums-animal-crackers-1-oz-30-count.product.4000415351.html,,,0,0,https://www.costco.com/snacks.html,9/27/2026 0:00
07f6a463-6ebd-524c-b0b0-99b0908dc274,1738,,,"Loacker Minis Wafer Cookie Variety, 28.22 oz",https://www.costco.com/loacker-minis-wafer-cookie-variety-2822-oz.product.100674223.html,,,0,0,https://www.costco.com/snacks.html,9/27/2026 0:00
570c3320-f023-5a33-aefa-3a46694c6def,1738,,,"BUILT Puff Protein Bar, Variety Pack, 1.41 oz, 14-count",https://www.costco.com/built-puff-protein-bar-variety-pack-141-oz-14-count.product.4000294926.html,,,0,0,https://www.costco.com/snacks.html,9/27/2026 0:00
b6ffda0a-cc51-544e-a444-6e1b954cd739,1738,,,"Nature Valley Biscuits with Almond Butter, 1.35 oz, 30-count",https://www.costco.com/nature-valley-biscuits-with-almond-butter-135-oz-30-count.product.100403304.html,,,0,0,https://www.costco.com/snacks.html,9/27/2026 0:00
0c09b717-d097-5481-8ec1-3ebb85da4279,1738,,,"Mezcla Puff-Crispy Bar, Pistachio Chocolate, 1.4 oz, 14-count",https://www.costco.com/mezcla-puff-crispy-bar-pistachio-chocolate-14-oz-14-count.product.4000400472.html,,,0,0,https://www.costco.com/snacks.html,9/27/2026 0:00
f9c58eef-00a5-57de-b959-47b595e3f7b0,1738,,,"Chomps Chomplings Original Turkey Mini Sticks, 0.5 oz, 24-count",https://www.costco.com/chomps-chomplings-original-turkey-mini-sticks-05-oz-24-count.product.4201009280.html,,,0,0,https://www.costco.com/snacks.html,9/27/2026 0:00
3ec5b91c-47eb-5d61-9ca3-277ff3e68990,1738,,,"Schwartz Brothers Bakery, Organic Everything Bagel Chips, 15 oz",https://www.costco.com/schwartz-brothers-bakery-organic-everything-bagel-chips-15-oz.product.100643788.html,,,0,0,https://www.costco.com/snacks.html,9/27/2026 0:00
43068779-5875-55fe-8717-fa09fc593eb8,1738,,,"Simply Fuel Protein Balls, 14.4 oz",https://www.costco.com/simply-fuel-protein-balls-144-oz.product.4000022053.html,,,0,0,https://www.costco.com/snacks.html,9/27/2026 0:00
52fba44f-a868-5bc9-b626-be6492bb9d41,1738,,,"RXBAR Protein Bars, Variety Pack, 14-count",https://www.costco.com/rxbar-protein-bars-variety-pack-14-count.product.4000204335.html,,,0,0,https://www.costco.com/snacks.html,9/27/2026 0:00
a14c5fe0-3ce3-53ec-a006-d75d49d46aca,1738,,,"BelVita Breakfast Biscuit, Cinnamon Brown Sugar, 1.76 oz, 30-count",https://www.costco.com/belvita-breakfast-biscuit-cinnamon-brown-sugar-176-oz-30-count.product.100421656.html,,,0,0,https://www.costco.com/snacks.html,9/27/2026 0:00
ee1938b9-2047-5cd9-a3f1-5a4bcdca9a33,1738,,,"Miss Vickie's Kettle Cooked Potato Chips, 1.38 oz, Variety Pack, 30-count",https://www.costco.com/miss-vickies-kettle-cooked-potato-chips-138-oz-variety-pack-30-count.product.4000201023.html,,,0,0,https://www.costco.com/snacks.html,9/27/2026 0:00
35222e40-bd87-5ad5-9035-b866bb9f2983,1738,,,"Ocean Spray Craisins, Whole Dried Cranberries, 64 oz",https://www.costco.com/ocean-spray-craisins-whole-dried-cranberries-64-oz.product.100400518.html,,,0,0,https://www.costco.com/snacks.html,9/27/2026 0:00
bdb59726-038d-5ff1-851e-8970be863cc8,1738,,,"Nature Valley Crunchy Granola Bar, Oats 'n Honey, 1.49 oz, 49-count",https://www.costco.com/nature-valley-crunchy-granola-bar-oats-n-honey-149-oz-49-count.product.100243281.html,,,0,0,https://www.costco.com/snacks.html,9/27/2026 0:00
f70baa04-a156-5cfb-8e0a-cb65e85648da,1738,,,"Solely Organic Fruit Jerky Variety Pack, 0.8 oz, 16-count",https://www.costco.com/solely-organic-fruit-jerky-variety-pack-08-oz-16-count.product.4000418551.html,,,0,0,https://www.costco.com/snacks.html,9/27/2026 0:00
d68f8ceb-f5cf-5961-ae3d-3ea47c1590a0,1738,,,"Wonderful Pistachios, Salt & Pepper, 3 lbs",https://www.costco.com/wonderful-pistachios-salt--pepper-3-lbs.product.100397092.html,,,0,0,https://www.costco.com/snacks.html,9/27/2026 0:00
2865e739-e84e-5094-94d7-6da37f327d9e,1738,,,Oops! Something went wrong,https://www.costco.com/jacksons-kettle-cooked-sweet-potato-chips-sea-salt-16-oz.product.4000099743.html,,,0,0,https://www.costco.com/snacks.html,9/27/2026 0:00
857739fd-a3a0-511b-b1b1-b629cccaf369,1738,,,"Nonni’s Biscotti, Almond Dark Chocolate, 1.34 oz, 25-count",https://www.costco.com/nonnis-biscotti-almond-dark-chocolate-134-oz-25-count.product.4000026392.html,,,0,0,https://www.costco.com/snacks.html,9/27/2026 0:00
c8e74001-6586-52b1-adea-13a141c0a08f,1738,,,"Pure Protein Bars, Variety Pack, 1.76 oz, 25-count",https://www.costco.com/pure-protein-bars-variety-pack-176-oz-25-count.product.4000350969.html,,,0,0,https://www.costco.com/snacks.html,9/27/2026 0:00
83e38a41-3ca5-57ea-8a30-e299ef318da9,1738,,,"La Dolce Vita Classic Italian Biscotti, 40 oz",https://www.costco.com/la-dolce-vita-classic-italian-biscotti-40-oz.product.100441043.html,,,0,0,https://www.costco.com/snacks.html,9/27/2026 0:00
069594c6-285a-5104-9eac-034d5ff31286,1738,,,"Mott's, Organic Apple Sauce, 3.9 oz, 36-Count",https://www.costco.com/motts-organic-apple-sauce-39-oz-36-count.product.100453227.html,,,0,0,https://www.costco.com/snacks.html,9/27/2026 0:00
01ab8eb2-bf1f-5b7b-ae19-2747d178c04e,1738,,,"Quest Protein Bar Variety Pack, 2.12 oz, 16-count",https://www.costco.com/quest-protein-bar-variety-pack-212-oz-16-count.product.4000434872.html,,,0,0,https://www.costco.com/snacks.html,9/27/2026 0:00
3e35ec4b-33e4-58e8-8450-7cf00d710ee2,1738,,,"Kirkland Signature Organic Whole Cashews, Unsalted, Unroasted, 2.5 lbs",https://www.costco.com/kirkland-signature-organic-whole-cashews-unsalted-unroasted-25-lbs.product.4000064056.html,,,0,0,https://www.costco.com/snacks.html,9/27/2026 0:00
4dfb8cb0-ddd0-52c0-88e8-535cab040c13,1738,,,"Crown Bakeries Mini Muffin Bites, Birthday Cake, 1.65 oz, 20-count",https://www.costco.com/crown-bakeries-mini-muffin-bites-birthday-cake-165-oz-20-count.product.4201029325.html,,,0,0,https://www.costco.com/snacks.html,9/27/2026 0:00
c54d49b4-15d0-500d-9daf-468d03447933,1738,,,"Madi Gran Panettone, 2.2 lbs",https://www.costco.com/madi-gran-panettone-22-lbs.product.100436609.html,,,0,0,https://www.costco.com/snacks.html,9/27/2026 0:00
674c4c1d-059f-5521-ab73-bb4fdf7f3296,1738,,,"Kellogg's Cracker Collection, Variety Pack, 13-stacks",https://www.costco.com/kelloggs-cracker-collection-variety-pack-13-stacks.product.4000111426.html,,,0,0,https://www.costco.com/snacks.html,9/27/2026 0:00
f846854d-436f-59ad-867b-d1d7c4ea3856,1738,,,"Joy Luck Palace Double Egg Yolk and Lotus Seed Paste Moon Cakes, 24.7 oz, 4-Count",https://www.costco.com/joy-luck-palace-double-egg-yolk-and-lotus-seed-paste-moon-cakes-247-oz-4-count.product.100456939.html,,,0,0,https://www.costco.com/snacks.html,9/27/2026 0:00
ca96fea4-a349-559e-be39-2444391a6611,1738,,,"Carr's Table Water Crackers, Variety Pack, 25.5 oz",https://www.costco.com/carrs-table-water-crackers-variety-pack-255-oz.product.100387865.html,,,0,0,https://www.costco.com/snacks.html,9/27/2026 0:00
b57234fd-3d46-5ed8-b089-0c13953d488e,1738,,,"Chomps Smokey BBQ Seasoned Beef Sticks, 1.15 oz, 12-count",https://www.costco.com/chomps-smokey-bbq-seasoned-beef-sticks-115-oz-12-count.product.4000424142.html,,,0,0,https://www.costco.com/snacks.html,9/27/2026 0:00
408e13be-e730-5c1e-9a1b-d9e45255ddd1,1738,,,"Kirkland Signature Roasted Almonds, Sea Salt, 2.5 lbs",https://www.costco.com/kirkland-signature-roasted-almonds-sea-salt-25-lbs.product.4000237460.html,,,0,0,https://www.costco.com/snacks.html,9/27/2026 0:00
2a8d67dd-0bc7-5a4b-ae26-784963fd847e,1738,,,"Tropical Fields Organic Coconut Rolls, 11 oz",https://www.costco.com/tropical-fields-organic-coconut-rolls-11-oz.product.100581556.html,,,0,0,https://www.costco.com/snacks.html,9/27/2026 0:00
820b6682-57bd-5f41-8b1a-937d5e2f77f4,1738,,,"Gen Bake Churro Donut Bites, 30 oz",https://www.costco.com/gen-bake-churro-donut-bites-30-oz.product.4000191539.html,,,0,0,https://www.costco.com/snacks.html,9/27/2026 0:00
9934d716-1d7d-5006-8ce8-f098cfd33ded,1738,,,"Gourmet Nut Power Up Trail Mix, Mega Omega, 26 oz",https://www.costco.com/gourmet-nut-power-up-trail-mix-mega-omega-26-oz.product.100423249.html,,,0,0,https://www.costco.com/snacks.html,9/27/2026 0:00
d1513507-4f4c-555a-8c1d-0c849207881a,1738,,,"Snack Factory Organic Original Pretzel Crisps, 28 oz",https://www.costco.com/snack-factory-organic-original-pretzel-crisps-28-oz.product.100393415.html,,,0,0,https://www.costco.com/snacks.html,9/27/2026 0:00
bfe3e3f0-e9a6-5d0c-9254-656152bee5ff,1738,,,"Cheetos Cheese Flavored Snacks, Crunchy, 28.8 oz",https://www.costco.com/cheetos-cheese-flavored-snacks-crunchy-288-oz.product.100442140.html,,,0,0,https://www.costco.com/snacks.html,9/27/2026 0:00
dc2724c5-c6f0-5dfe-8bd1-8fe2f7348a98,1738,,,"Doritos Tortilla Chips, Nacho Cheese, 30 oz",https://www.costco.com/doritos-tortilla-chips-nacho-cheese-30-oz.product.100405372.html,,,0,0,https://www.costco.com/snacks.html,9/27/2026 0:00
6378e540-ad63-5ac6-9619-f1092d7474bd,1738,,,"Fritos Scoops! Corn Chips, 32 oz",https://www.costco.com/fritos-scoops-corn-chips-32-oz.product.100435721.html,,,0,0,https://www.costco.com/snacks.html,9/27/2026 0:00
e115772c-bf11-59c2-918f-9c8190f8f36f,1738,,,Osaki OS-3D Aspire Massage Chair,https://www.costco.com/.product.1816515.html,,,0,0,https://www.costco.com/health-beauty.html,9/27/2026 0:00
8caf8a22-f935-52b0-b626-9323a7b88f62,1738,,,"Neutrogena Rainbath Shower Gel, 40 fl oz",https://www.costco.com/.product.1654375.html,,,0,0,https://www.costco.com/health-beauty.html,9/27/2026 0:00
506cfad5-9e38-5323-b391-b23e542a2299,1738,,,"Design Optics by Foster Grant #666 Classic Plastic Rectangle Reading Glasses, 3-pack",https://www.costco.com/.product.1908287.html,,,0,0,https://www.costco.com/health-beauty.html,9/27/2026 0:00
5d19da60-279f-5698-b672-12fe5fd46905,1738,,,"Design Optics by Foster Grant #666 Classic Plastic Rectangle Reading Glasses, 3-pack",https://www.costco.com/.product.1908286.html,,,0,0,https://www.costco.com/health-beauty.html,9/27/2026 0:00
cb3dd58a-5ce9-5505-bd9f-32a235c629ad,1738,,,"Design Optics by Foster Grant #666 Classic Plastic Rectangle Reading Glasses, 3-pack",https://www.costco.com/.product.1908290.html,,,0,0,https://www.costco.com/health-beauty.html,9/27/2026 0:00
d0c4f2ed-8ddf-52db-9c78-735f794828b2,1738,,,"1 - 1 of 1 results for ""1908288""",https://www.costco.com/.product.1908288.html,,,0,0,https://www.costco.com/health-beauty.html,9/27/2026 0:00
3104acf2-d299-573b-b589-c3d7c219a5c9,1738,,,"Nature's Way Joint Movement Glucosamine Extra Strength, 33.8 Fluid Ounces",https://www.costco.com/.product.402146.html,,,0,0,https://www.costco.com/health-beauty.html,9/27/2026 0:00
37b3b947-39f8-5e41-8d23-15891cff4e52,1738,,,Chirp Contour Decompression and Massage Roller Table with Additional Roller Set,https://www.costco.com/.product.1987084.html,,,0,0,https://www.costco.com/health-beauty.html,9/27/2026 0:00
eecb513e-db15-58de-ba63-6c1b9db0225e,1738,,,"Natrol JuiceFestiv Daily Fruit & Veggie, 240 Capsules",https://www.costco.com/.product.536970.html,,,0,0,https://www.costco.com/health-beauty.html,9/27/2026 0:00
039e6518-155e-53d3-8fea-93590484961a,1738,,,"Design Optics by Foster Grant #668 Metal Square Reading Glasses, 3-pack",https://www.costco.com/.product.1908254.html,,,0,0,https://www.costco.com/health-beauty.html,9/27/2026 0:00
229003ca-a392-55c3-ac6f-619dbb94dcef,1738,,,We're sorry. We were not able to find a match.,https://www.costco.com/.product.1908252.html,,,0,0,https://www.costco.com/health-beauty.html,9/27/2026 0:00
7ec747fd-ad1b-5491-ba1b-846c66a8c593,1738,,,"1 - 1 of 1 results for ""1908253""",https://www.costco.com/.product.1908253.html,,,0,0,https://www.costco.com/health-beauty.html,9/27/2026 0:00
3b148a16-406f-5edc-9bed-ffa2ee50d93c,1738,,,"Qunol Mega CoQ10 Ubiquinol 100 mg., 120 Softgels",https://www.costco.com/.product.573854.html,,,0,0,https://www.costco.com/health-beauty.html,9/27/2026 0:00
cadb658f-8f0b-537e-9a82-469238887a3f,1738,,,"Advil PM, Pain Reliever / Nighttime Sleep Aid, 200 Caplets",https://www.costco.com/.product.947272.html,,,0,0,https://www.costco.com/health-beauty.html,9/27/2026 0:00
5b8b78dd-ecaf-5f7e-8468-97aff8310339,1738,,,We're sorry. We were not able to find a match.,https://www.costco.com/.product.352457.html,,,0,0,https://www.costco.com/health-beauty.html,9/27/2026 0:00
9c5a9d2b-7d27-5ac0-b4d7-6f58ff886638,1738,,,"Breathe Right Extra Strength Nasal Strips, 72 Strips",https://www.costco.com/.product.1220988.html,,,0,0,https://www.costco.com/health-beauty.html,9/27/2026 0:00
1f2539d6-657a-54e7-a1d3-bc910bb27ad7,1738,,,"Design Optics by Foster Grant #811 Fashion Cateye Reading Glasses, 3-pack",https://www.costco.com/.product.1908267.html,,,0,0,https://www.costco.com/health-beauty.html,9/27/2026 0:00
c94d9d82-159f-5c6e-9574-453aca35e224,1738,,,"Design Optics by Foster Grant #811 Fashion Cateye Reading Glasses, 3-pack",https://www.costco.com/.product.1908258.html,,,0,0,https://www.costco.com/health-beauty.html,9/27/2026 0:00
597392ff-d38f-5682-a2d1-e563fe8ac0cf,1738,,,"Design Optics by Foster Grant #811 Fashion Cateye Reading Glasses, 3-pack",https://www.costco.com/.product.1908259.html,,,0,0,https://www.costco.com/health-beauty.html,9/27/2026 0:00
c33ce591-5a11-5333-8a9a-6127ba1459aa,1738,,,"1 - 1 of 1 results for ""1908260""",https://www.costco.com/.product.1908260.html,,,0,0,https://www.costco.com/health-beauty.html,9/27/2026 0:00
7a955a0a-f422-5180-a908-e662d5376997,1738,,,"Design Optics by Foster Grant #815 Classic Plastic Square Reading Glasses, 3-pack",https://www.costco.com/.product.1908271.html,,,0,0,https://www.costco.com/health-beauty.html,9/27/2026 0:00
b4497b4c-b4b7-5206-9fef-b3f0d7250c24,1738,,,"Design Optics by Foster Grant #815 Classic Plastic Square Reading Glasses, 3-pack",https://www.costco.com/.product.1908272.html,,,0,0,https://www.costco.com/health-beauty.html,9/27/2026 0:00
eb1d1359-be3f-5b5e-b5bf-92daee558bd8,1738,,,"Design Optics by Foster Grant #815 Classic Plastic Square Reading Glasses, 3-pack",https://www.costco.com/.product.1908273.html,,,0,0,https://www.costco.com/health-beauty.html,9/27/2026 0:00
cbe5daeb-7eb5-5101-819f-bf71dc10eb52,1738,,,"1 - 1 of 1 results for ""1908274""",https://www.costco.com/.product.1908274.html,,,0,0,https://www.costco.com/health-beauty.html,9/27/2026 0:00
5861bcc1-55fc-5b46-a694-9e77f4ed9596,1738,,,"Design Optics by Foster Grant #809 Classic Plastic Round Reading Glasses, 3-pack",https://www.costco.com/.product.1908278.html,,,0,0,https://www.costco.com/health-beauty.html,9/27/2026 0:00
6faf564d-3db4-5783-ab29-ebfc231aeb8e,1738,,,"Design Optics by Foster Grant #809 Classic Plastic Round Reading Glasses, 3-pack",https://www.costco.com/.product.1908280.html,,,0,0,https://www.costco.com/health-beauty.html,9/27/2026 0:00
5484c64d-987c-507c-91e8-ec8aca89dc74,1738,,,"Design Optics by Foster Grant #809 Classic Plastic Round Reading Glasses, 3-pack",https://www.costco.com/.product.1908281.html,,,0,0,https://www.costco.com/health-beauty.html,9/27/2026 0:00
1ff76277-d00f-52c5-b295-d2864b7f15d5,1738,,,"Design Optics by Foster Grant #669 Upsweep Cateye Reading Glasses, 3- pack",https://www.costco.com/.product.2027848.html,,,0,0,https://www.costco.com/health-beauty.html,9/27/2026 0:00
332be1c0-a9fb-51a1-abbe-b33ef7f324b1,1738,,,"Design Optics by Foster Grant #669 Upsweep Cateye Reading Glasses, 3- pack",https://www.costco.com/.product.2027849.html,,,0,0,https://www.costco.com/health-beauty.html,9/27/2026 0:00
7cc10682-c452-59df-a7a4-8f24064d9156,1738,,,"Kirkland Signature Quit 2 mg or 4mg, Original Gum, 380 Pieces",https://www.costco.com/.product.650382.html,,,0,0,https://www.costco.com/health-beauty.html,9/27/2026 0:00
4a1a6430-e2ca-5739-8900-825056500d88,1738,,,"Kirkland Signature Quit, 2mg or 4mg, Mint Lozenges, 270 Pieces",https://www.costco.com/.product.906492.html,,,0,0,https://www.costco.com/health-beauty.html,9/27/2026 0:00
2a769e14-5cac-5d34-990e-f85e8babf432,1738,,,"Kirkland Signature Quit 2 mg or 4 mg, Ice Mint Gum, 300 Pieces",https://www.costco.com/.product.1140957.html,,,0,0,https://www.costco.com/health-beauty.html,9/27/2026 0:00
9ecd3d60-821b-5d61-b5dd-b5c8d8647a40,1738,,,"1 - 1 of 1 results for ""1922000""",https://www.costco.com/.product.1922000.html,,,0,0,https://www.costco.com/hardware.html,9/27/2026 0:00
6d1ebe79-debb-5b07-9cff-4daa98d269da,1738,,,Kohler Layne Quick Release Toilet Seat,https://www.costco.com/.product.1731394.html,,,0,0,https://www.costco.com/hardware.html,9/27/2026 0:00
0626279d-eb64-5f11-aa12-e0c67bd509db,1738,,,"Gorilla Rack Industrial Shelving, 77” x 24” x 72""",https://www.costco.com/gorilla-rack-industrial-shelving-77-x-24-x-72.product.4000295255.html,,,0,0,https://www.costco.com/garage.html,9/27/2026 0:00
6d5016ff-825d-5441-9dbf-2bb8a1e22f40,1738,,,Greenmade 5-Tier Utility Rack,https://www.costco.com/greenmade-5-tier-utility-rack.product.100976583.html,,,0,0,https://www.costco.com/garage.html,9/27/2026 0:00
78662a17-edb4-5ec9-81a9-112fe472aad5,1738,,,"Gorilla Rack Z-Beam 5-shelf Steel Storage Rack, 48“ x 24“ x 72""",https://www.costco.com/gorilla-rack-z-beam-5-shelf-steel-storage-rack-48-x-24-x-72.product.4000292011.html,,,0,0,https://www.costco.com/garage.html,9/27/2026 0:00
f8c9b61a-387d-59fc-b58f-440e683ed158,1738,,,"SafeRacks Storage Bin Rack, 5 Tote Capacity, NSF Certified",https://www.costco.com/saferacks-storage-bin-rack-5-tote-capacity-nsf-certified.product.100677580.html,,,0,0,https://www.costco.com/garage.html,9/27/2026 0:00
85e5dbed-14d6-5d7b-818f-03b3200205cb,1738,,,"Firman Tri Fuel Portable Generator 7850/6300W Electric Start, Gas, CO Alert",https://www.costco.com/firman-tri-fuel-portable-generator-78506300w-electric-start-gas-co-alert.product.4000412583.html,,,0,0,https://www.costco.com/generators.html,9/27/2026 0:00
7b3606c4-a49c-50c5-a249-726573209d80,1738,,,Jackery Explorer 1500 v2 Solar Generator with Solar Panel 100Air,https://www.costco.com/jackery-explorer-1500-v2-solar-generator-with-solar-panel-100air.product.4000411792.html,,,0,0,https://www.costco.com/generators.html,9/27/2026 0:00
2a5b44cf-0ee4-58bb-ab00-4769d144eac2,1738,,,Jackery FridgeGuard Smart Fridge Backup Power Station,https://www.costco.com/jackery-fridgeguard-smart-fridge-backup-power-station.product.4201017782.html,,,0,0,https://www.costco.com/generators.html,9/27/2026 0:00
0286d9bc-d96f-586d-ba8f-5f453b98211d,1738,,,Artika Sunnyvale 28” Fandelier with Remote,https://www.costco.com/artika-sunnyvale-28-fandelier-with-remote.product.4000392789.html,,,0,0,https://www.costco.com/lighting.html,9/27/2026 0:00
d1c87d96-0f9d-5d09-8838-5cafff45b8dc,1738,,,"Infinity X1 Under Cabinet Lights, 3-pack",https://www.costco.com/infinity-x1-under-cabinet-lights-3-pack.product.4000369135.html,,,0,0,https://www.costco.com/lighting.html,9/27/2026 0:00
13bbbc00-22ec-531e-8e3e-e2789f62dc03,1738,,,Feit 48' LED String Light,https://www.costco.com/feit-48-led-string-light.product.4000385994.html,,,0,0,https://www.costco.com/lighting.html,9/27/2026 0:00
79079951-2f77-5714-ad3c-ab7a83f4f9d6,1738,,,"SnapPower GuideLight 2 LED Outlet Cover, 3-pack",https://www.costco.com/snappower-guidelight-2-led-outlet-cover-3-pack.product.4000344094.html,,,0,0,https://www.costco.com/lighting.html,9/27/2026 0:00
8792c202-12b0-5cab-8923-09dfb5a12a06,1738,,,Feit Electric 15” Round Ceiling Fixture with Night Light,https://www.costco.com/feit-electric-15-round-ceiling-fixture-with-night-light.product.4000412083.html,,,0,0,https://www.costco.com/lighting.html,9/27/2026 0:00
a4a4616e-19c4-5b5f-9dae-57616615652c,1738,,,"Globe Electric 14"" Matte Black Outdoor Wall Light with GFCI Outlet",https://www.costco.com/globe-electric-14-matte-black-outdoor-wall-light-with-gfci-outlet.product.4000340301.html,,,0,0,https://www.costco.com/lighting.html,9/27/2026 0:00
4330b134-5ef8-5208-8679-50d88d7e8f58,1738,,,KODA Hardwire Motion Activated LED Security Floodlight,https://www.costco.com/koda-hardwire-motion-activated-led-security-floodlight.product.4000450030.html,,,0,0,https://www.costco.com/lighting.html,9/27/2026 0:00
7a586ee4-727e-5bf8-94a0-e093dd7d71aa,1738,,,Artika Royce 32” x 24” LED Wall Mirror with Defogger,https://www.costco.com/artika-royce-32-x-24-led-wall-mirror-with-defogger.product.4000420691.html,,,0,0,https://www.costco.com/lighting.html,9/27/2026 0:00
b3a9f640-fa28-5af8-8189-12e7c0929256,1738,,,"Feit Electric Triple Outlet Outdoor Smart Plugs, 3-pack",https://www.costco.com/feit-electric-triple-outlet-outdoor-smart-plugs-3-pack.product.4000449798.html,,,0,0,https://www.costco.com/lighting.html,9/27/2026 0:00
96cd1b99-a0b5-5460-97be-bbd83f7d0fb0,1738,,,COSCO 5-in-1 Convertible Hand Truck with 3 Position Extendable Handle,https://www.costco.com/cosco-5-in-1-convertible-hand-truck-with-3-position-extendable-handle.product.4000438243.html,,,0,0,https://www.costco.com/storage-organization.html,9/27/2026 0:00
8d1e99ed-2a51-570c-95ad-50ded11b5722,1738,,,Ingersoll Rand Edge 155-piece Master Mechanic's Tool Set,https://www.costco.com/ingersoll-rand-edge-155-piece-master-mechanics-tool-set.product.4000374144.html,,,0,0,https://www.costco.com/tools.html,9/27/2026 0:00
315af4fb-d0f0-5625-923b-5596e046fd23,1738,,,"Little Giant Ladders Megalite M18 Telescoping Multi-position Ladder with Ladder Rack, 18-ft Reach",https://www.costco.com/little-giant-ladders-megalite-m18-telescoping-multi-position-ladder-with-ladder-rack-18-ft-reach.product.4000419023.html,,,0,0,https://www.costco.com/tools.html,9/27/2026 0:00
09b4b0e5-eadc-50fd-831e-9c0f73f68459,1738,,,HOTO Flexi Cordless Spin Scrubber,https://www.costco.com/hoto-flexi-cordless-spin-scrubber.product.4000390930.html,,,0,0,https://www.costco.com/tools.html,9/27/2026 0:00
85910428-8d88-57ea-93da-eb11a542e0c5,1738,,,"Fanttik W10 APEX 4"" Mini Chainsaw",https://www.costco.com/fanttik-w10-apex-4-mini-chainsaw.product.4000392180.html,,,0,0,https://www.costco.com/tools.html,9/27/2026 0:00
ec01785b-06c2-538b-9ba4-b4f239af5ed0,1738,,,HOTO Wand Cordless Spin Scrubber,https://www.costco.com/hoto-wand-cordless-spin-scrubber.product.4000360679.html,,,0,0,https://www.costco.com/tools.html,9/27/2026 0:00
13cca0a5-3b75-5831-9d61-e5f5c8102ee5,1738,,,HOTO Cordless Auto-Dispensing Glue Gun,https://www.costco.com/hoto-cordless-auto-dispensing-glue-gun.product.4000385781.html,,,0,0,https://www.costco.com/tools.html,9/27/2026 0:00
3d2cfbaf-40f4-5b31-a2d3-ee2c1962f539,1738,,,"Duracell 1600 Lumen Hybrid Power LED Flashlight, 3-pack",https://www.costco.com/duracell-1600-lumen-hybrid-power-led-flashlight-3-pack.product.4000449524.html,,,0,0,https://www.costco.com/tools.html,9/27/2026 0:00
4376e372-8adf-53e1-b20f-dd03b8f18d17,1738,,,"Casper Cooling Select 12"" Memory Foam Mattress",https://www.costco.com/.product.1748801.html,,,0,0,https://www.costco.com/mattresses.html,9/27/2026 0:00
4335c1e3-56ef-57be-98ad-ec3908766f05,1738,,,"Beautyrest 12"" BR800 Medium Mattress",https://www.costco.com/.product.1608576.html,,,0,0,https://www.costco.com/mattresses.html,9/27/2026 0:00
1dec01b0-6ce8-5950-b247-1f2d732df293,1738,,,"Sealy Posturepedic Pro Highland Manor 13"" Medium Mattress",https://www.costco.com/.product.1900479.html,,,0,0,https://www.costco.com/mattresses.html,9/27/2026 0:00
3ceb9cbf-d617-546c-aa64-12238b6a8e2d,1738,,,"Novaform 14"" Legacy Premier Support Hybrid Euro Top Mattress",https://www.costco.com/.product.1847134.html,,,0,0,https://www.costco.com/mattresses.html,9/27/2026 0:00
d70598a4-4513-51cc-8df0-051914cd5c17,1738,,,"Novaform DreamAway 8"" Gel Memory Foam Mattress",https://www.costco.com/.product.1698564.html,,,0,0,https://www.costco.com/mattresses.html,9/27/2026 0:00
932cfc70-adfe-5702-975e-a54bd7d30720,1738,,,"PurpleRenew 11"" Gel Grid Mattress",https://www.costco.com/.product.1743417.html,,,0,0,https://www.costco.com/mattresses.html,9/27/2026 0:00
8528156e-6a97-50fd-9354-43fe6939e64d,1738,,,We're sorry. We were not able to find a match.,https://www.costco.com/.product.1740668.html,,,0,0,https://www.costco.com/sports-fitness.html,9/27/2026 0:00
3828980d-692d-5bc7-8b51-1d2c781b52a2,1738,,,We're sorry. We were not able to find a match.,https://www.costco.com/.product.1872239.html,,,0,0,https://www.costco.com/sports-fitness.html,9/27/2026 0:00
77bc17bb-2962-5763-bc06-4b301f394d9e,1738,,,We're sorry. We were not able to find a match.,https://www.costco.com/.product.1872247.html,,,0,0,https://www.costco.com/sports-fitness.html,9/27/2026 0:00
04ae1b1b-9a79-5988-afc5-6fa7fc49e6bc,1738,,,We're sorry. We were not able to find a match.,https://www.costco.com/medmassager-body-massager.product.100406208.html,,,0,0,https://www.costco.com/sports-fitness.html,9/27/2026 0:00
