id,warehouse_id,sku,item_number,product_name,product_url,aisle,bay,is_wrong,is_discontinued,category_url,updated_at
bab064b6-2782-58be-831b-15659a5c6037,1738,3123239,3123239,"Starbucks French Roast Coffee, Dark, Keurig K-Cup Pods, 72 count",https://www.costco.com/.product.3123239.html,,,0,0,https://www.costco.com/grocery-household.html,9/27/2026 0:00
db169ac4-bacc-52df-9499-6beb2ced3537,1738,569051,569051,"Wonderful Roasted & Salted Pistachios, 24 oz",https://www.costco.com/.product.569051.html,,,0,0,https://www.costco.com/grocery-household.html,9/27/2026 0:00
181e68b6-4469-5408-a7dd-0ab6e9a1d14d,1738,1999652,1999652,"BARNUM'S Animal Crackers, 1 oz, 30-count",https://www.costco.com/.product.1999652.html,,,0,0,https://www.costco.com/grocery-household.html,9/27/2026 0:00
58de9d96-eda5-556c-a276-278cf69bd777,1738,18668,18668,"El Monterey Mexican Grill Taquitos, Chicken & Cheese, 30-count",https://www.costco.com/.product.18668.html,,,0,0,https://www.costco.com/grocery-household.html,9/27/2026 0:00
1d21d323-b545-571f-b91c-12854ebf0606,1738,689121,689121,"Phillips Crab Cake Minis, 36-count",https://www.costco.com/.product.689121.html,,,0,0,https://www.costco.com/grocery-household.html,9/27/2026 0:00
a7d00391-7fd7-5034-858a-ab09fcd420cc,1738,388467,388467,"Boursin Garlic & Fine Herbs + Shallot & Chive, Gourmet Cheese, 5.3 oz, 3-count",https://www.costco.com/.product.388467.html,,,0,0,https://www.costco.com/grocery-household.html,9/27/2026 0:00
f631d7db-e6c7-5247-a531-07a323176ac7,1738,1312303,1312303,"Jimmy Dean Croissant Sausage Egg & Cheese, 4.5 oz, 12-count",https://www.costco.com/.product.1312303.html,,,0,0,https://www.costco.com/grocery-household.html,9/27/2026 0:00
ccc990ef-076d-5d1d-91ae-b5ca3eeea2a4,1738,1804984,1804984,"Carbone Spicy Vodka Sauce, 32 oz, 2-count",https://www.costco.com/.product.1804984.html,,,0,0,https://www.costco.com/grocery-household.html,9/27/2026 0:00
2ff988fe-932f-51d7-803e-5dacde7e7b17,1738,1021876,1021876,"Pierre Raw Stuffed Chicken Breasts, Cordon Bleu, 6-count",https://www.costco.com/.product.1021876.html,,,0,0,https://www.costco.com/grocery-household.html,9/27/2026 0:00
f0fdaa1f-6356-58fc-9fea-8fbc0b935a48,1738,1550486,1550486,"Bibigo Steamed Soup Dumplings, Beef Pho Flavor, 36-count",https://www.costco.com/.product.1550486.html,,,0,0,https://www.costco.com/grocery-household.html,9/27/2026 0:00
6fb7c315-2ab8-5806-908c-9ac6179c3dfb,1738,3451400,3451400,"Marathon Jumbo Roll Bath Tissue, 2-Ply, 900 ft Rolls, 6 Rolls",https://www.costco.com/.product.3451400.html,,,0,0,https://www.costco.com/grocery-household.html,9/27/2026 0:00
d56dfba0-6599-5c97-ad71-88bfac1d0988,1738,1141000,1141000,"Kirkland Signature Original Bratwurst, 14-count, 3.5 lbs",https://www.costco.com/.product.1141000.html,,,0,0,https://www.costco.com/grocery-household.html,9/27/2026 0:00
247326af-82d9-54e7-872e-b1bb13152957,1738,1744674,1744674,"Filtrete Air Filter 1”, MPR 2500 MERV 14, High Performance Premium Allergen, Ultrafine Particles, Bacteria and Virus Filter, 4-pack, 20 x 20 x 1",https://www.costco.com/.product.1744674.html,,,0,0,https://www.costco.com/appliances.html,9/27/2026 0:00
14b14c81-b256-5ef1-8988-24e46b79a1e4,1738,1744675,1744675,"Filtrete Air Filter 1”, MPR 2500 MERV 14, High Performance Premium Allergen, Ultrafine Particles, Bacteria and Virus Filter, 4-pack, 20 x 25 x 1",https://www.costco.com/.product.1744675.html,,,0,0,https://www.costco.com/appliances.html,9/27/2026 0:00
29739953-0aeb-5d00-aa99-2d64d712253c,1738,1744673,1744673,"Filtrete Air Filter 1”, MPR 2500 MERV 14, High Performance Premium Allergen, Ultrafine Particles, Bacteria and Virus Filter, 4-pack, 16 x 25 x 1",https://www.costco.com/.product.1744673.html,,,0,0,https://www.costco.com/appliances.html,9/27/2026 0:00
1455e3ba-6e6f-57a3-a5ad-5dbb6589b4c5,1738,1744676,1744676,"Filtrete Air Filter 1”, MPR 2500 MERV 14, High Performance Premium Allergen, Ultrafine Particles, Bacteria and Virus Filter, 4-pack, 20 x 30 x 1",https://www.costco.com/.product.1744676.html,,,0,0,https://www.costco.com/appliances.html,9/27/2026 0:00
6ed3a922-1f76-5449-807f-cb7b5b665205,1738,1744671,1744671,"Filtrete Air Filter 1”, MPR 2500 MERV 14, High Performance Premium Allergen, Ultrafine Particles, Bacteria and Virus Filter, 4-pack, 16 x 20 x 1",https://www.costco.com/.product.1744671.html,,,0,0,https://www.costco.com/appliances.html,9/27/2026 0:00
e9e21189-b6cd-5fc9-b55d-fa794f8a8886,1738,1950298,1950298,Atomi Smart 12K BTU Tempestas Inverter Ductless Mini-Split Air Conditioner and Heat Pump,https://www.costco.com/.product.1950298.html,,,0,0,https://www.costco.com/appliances.html,9/27/2026 0:00
d5fcaeac-337f-5206-b8eb-aba449e4e7e8,1738,4444017,4444017,Gourmia 2 Quart Automatic Soft Serve Ice Cream and Frozen Drink Maker,https://www.costco.com/.product.4444017.html,,,0,0,https://www.costco.com/appliances.html,9/27/2026 0:00
63579b7b-e0ad-52ef-b7f1-a10eaa96beb0,1738,1281364,1281364,Whirlpool 20 cu. ft. Wide French Door Refrigerator with Fingerprint Resistant Stainless Steel,https://www.costco.com/.product.1281364.html,,,0,0,https://www.costco.com/appliances.html,9/27/2026 0:00
65a2a52a-c283-5b4b-bbd9-dac4d4593871,1738,100457663,100457663,Whirlpool 20 cu. ft. French Door Refrigerator with FreshFlow,https://www.costco.com/whirlpool-20-cu-ft-french-door-refrigerator-with-freshflow.product.100457663.html,,,0,0,https://www.costco.com/small-space-appliances.html,9/27/2026 0:00
ec823409-46f0-5fbf-b9f2-c8329752ab4c,1738,4000444184,4000444184,Frigidaire Gallery Garage Ready 7 cu. ft. Convertible Chest Freezer with Black Granite Finish,https://www.costco.com/frigidaire-gallery-garage-ready-7-cu-ft-convertible-chest-freezer-with-black-granite-finish.product.4000444184.html,,,0,0,https://www.costco.com/freezers-ice-makers.html,9/27/2026 0:00
f644a8c9-eb8d-52c5-aab9-2483d3a75d0e,1738,4000353948,4000353948,Hisense 10.2 cu. ft. Garage Ready Frost Free Convertible Upright Freezer with Seal Break Handle,https://www.costco.com/hisense-102-cu-ft-garage-ready-frost-free-convertible-upright-freezer-with-seal-break-handle.product.4000353948.html,,,0,0,https://www.costco.com/freezers-ice-makers.html,9/27/2026 0:00
a6fc5f0f-156c-53de-bafe-977722730059,1738,4000448737,4000448737,"Brio 740i Nugget Ice Maker, 44lbs",https://www.costco.com/brio-740i-nugget-ice-maker-44lbs.product.4000448737.html,,,0,0,https://www.costco.com/freezers-ice-makers.html,9/27/2026 0:00
0bccec3e-9061-50f0-9071-e731b3d29112,1738,4201016861,4201016861,Panasonic 1.3 cu ft. Countertop Black Stainless Microwave Oven with Inverter Technology,https://www.costco.com/panasonic-13-cu-ft-countertop-black-stainless-microwave-oven-with-inverter-technology.product.4201016861.html,,,0,0,https://www.costco.com/microwaves.html,9/27/2026 0:00
924ec1e4-827c-58a3-8eac-40f6d2b4f86e,1738,4000050834,4000050834,Midea 18.7 cu. ft. Bottom Mount Freezer Refrigerator,https://www.costco.com/midea-187-cu-ft-bottom-mount-freezer-refrigerator.product.4000050834.html,,,0,0,https://www.costco.com/refrigerators.html,9/27/2026 0:00
0df823f6-f2a4-5b10-ba6f-95955f2063bf,1738,4000355739,4000355739,Midea 20.5 cu. ft. Garage Ready Top-Mount Refrigerator,https://www.costco.com/midea-20.5-cu.-ft.-garage-ready-top-mount-refrigerator.product.4000355739.html,,,0,0,https://www.costco.com/refrigerators.html,9/27/2026 0:00
35413247-c9d7-5552-a404-a196a6c3e9f8,1738,100948386,100948386,Samsung 29 cu. ft. Bespoke 4-Door French Door Smart Refrigerator with Beverage Center,https://www.costco.com/samsung-29-cu-ft-bespoke-4-door-french-door-smart-refrigerator-with-beverage-center.product.100948386.html?preselect=top%2Fbottom%20panel%20color%3Awhiteglass,,,0,0,https://www.costco.com/french-door-refrigerators.html,9/27/2026 0:00
750bcd2c-fb41-5f54-8ae5-bf85fa2b01f3,1738,100971241,100971241,Samsung 23 cu. ft. Bespoke Counter Depth 4-Door French Door Refrigerator with Beverage Center,https://www.costco.com/samsung-23-cu-ft-bespoke-counter-depth-4-door-french-door-refrigerator-with-beverage-center.product.100971241.html?preselect=top%2Fbottom%20panel%20color%3Astainlesssteel,,,0,0,https://www.costco.com/french-door-refrigerators.html,9/27/2026 0:00
265ebc64-0536-5b51-90b1-853b422a2bb5,1738,100421002,100421002,GE 27 cu. ft. Standard Depth 3-Door French Door Refrigerator with Internal Water Dispenser and Ice Maker,https://www.costco.com/ge-27-cu-ft-standard-depth-3-door-french-door-refrigerator-with-internal-water-dispenser-and-ice-maker.product.100421002.html?preselect=color%3Astainlesssteel,,,0,0,https://www.costco.com/french-door-refrigerators.html,9/27/2026 0:00
f942bcbe-5ba9-597c-ae05-9901f1f0ff37,1738,4000212584,4000212584,LG 30 cu. ft. Smart Standard-Depth MAX 4-Door French Door Refrigerator with Full-Convert Drawer,https://www.costco.com/lg-30-cu-ft-smart-standard-depth-max-4-door-french-door-refrigerator-with-full-convert-drawer.product.4000212584.html,,,0,0,https://www.costco.com/french-door-refrigerators.html,9/27/2026 0:00
62f3a1ea-53c6-53f0-830c-5e0e6ca99e40,1738,4000354684,4000354684,LG 26.5 cu. ft. Smart Counter-Depth MAX French Door Refrigerator,https://www.costco.com/lg-265-cu-ft-smart-counter-depth-max-french-door-refrigerator.product.4000354684.html?preselect=color%3Ablackstainlesssteel,,,0,0,https://www.costco.com/french-door-refrigerators.html,9/27/2026 0:00
4dc92d5b-f1aa-5122-b28d-c27b508cc8cb,1738,100514479,100514479,"GE Profile 27.9 cu. ft. Standard Depth 4-Door French Door Refrigerator with AutoFill Water, Door-in-Door, WiFi",https://www.costco.com/ge-profile-279-cu-ft-standard-depth-4-door-french-door-refrigerator-with-autofill-water-door-in-door-wifi.product.100514479.html,,,0,0,https://www.costco.com/french-door-refrigerators.html,9/27/2026 0:00
656bb5ab-dab2-52a1-95b8-a1a708a86537,1738,4000281308,4000281308,LG 25 cu. ft. Smart Counter-Depth MAX 4-Door French Door Refrigerator with Full-Convert Drawer,https://www.costco.com/lg-25-cu-ft-smart-counter-depth-max-4-door-french-door-refrigerator-with-full-convert-drawer.product.4000281308.html,,,0,0,https://www.costco.com/french-door-refrigerators.html,9/27/2026 0:00
66d7ab7c-cd77-58eb-a05b-0042ebfcfb9e,1738,4000212654,4000212654,LG 29 cu. ft. Smart Standard-Depth MAX 4-Door French Door Refrigerator with Full-Convert Drawer,https://www.costco.com/lg-29-cu-ft-smart-standard-depth-max-4-door-french-door-refrigerator-with-full-convert-drawer.product.4000212654.html,,,0,0,https://www.costco.com/french-door-refrigerators.html,9/27/2026 0:00
c50099f0-de26-5999-9c12-a21a6cab33c2,1738,4000039993,4000039993,Samsung 30 cu. ft. Bespoke 3-Door French Door Refrigerator with Beverage Center,https://www.costco.com/samsung-30-cu-ft-bespoke-3-door-french-door-refrigerator-with-beverage-center.product.4000039993.html?preselect=top%2Fbottom%20panel%20color%3Awhiteglass,,,0,0,https://www.costco.com/french-door-refrigerators.html,9/27/2026 0:00
ecebf7df-82a3-5f6c-92e2-6ddaa32e62d5,1738,4000103974,4000103974,LG 26 cu. ft. Smart Counter-Depth MAX French Door Refrigerator,https://www.costco.com/lg-26-cu-ft-smart-counter-depth-max-french-door-refrigerator.product.4000103974.html,,,0,0,https://www.costco.com/french-door-refrigerators.html,9/27/2026 0:00
e4ef614d-7d8c-5841-80ce-3beda096ab08,1738,4000250203,4000250203,Samsung 29 cu. ft. Bespoke 4-Door Flex Refrigerator with Beverage Center,https://www.costco.com/samsung-29-cu-ft-bespoke-4-door-flex-refrigerator-with-beverage-center.product.4000250203.html?preselect=color%3Awhiteglass,,,0,0,https://www.costco.com/french-door-refrigerators.html,9/27/2026 0:00
51ae033b-93f0-5229-b0f3-b3a6dbd970fe,1738,4000154400,4000154400,"Samsung 25 cu. ft. 33"" 3-Door French Door Refrigerator with Beverage Center",https://www.costco.com/samsung-25-cu-ft-33-3-door-french-door-refrigerator-with-beverage-center.product.4000154400.html,,,0,0,https://www.costco.com/french-door-refrigerators.html,9/27/2026 0:00
6033e24a-8dc6-5355-88bd-f1e0c95c8699,1738,4000279490,4000279490,GE ENERGY STAR 21.9 cu. ft. Fingerprint Resistant Counter-Depth French-Door Refrigerator,https://www.costco.com/ge-energy-star-219-cu-ft-fingerprint-resistant-counter-depth-french-door-refrigerator.product.4000279490.html,,,0,0,https://www.costco.com/french-door-refrigerators.html,9/27/2026 0:00
630c33c6-e6bf-5135-a520-84c63fe78b0e,1738,100741374,100741374,Samsung 17.5 cu. ft. Smart Counter Depth 3-Door French Door Refrigerator,https://www.costco.com/samsung-175-cu-ft-smart-counter-depth-3-door-french-door-refrigerator.product.100741374.html,,,0,0,https://www.costco.com/french-door-refrigerators.html,9/27/2026 0:00
68ec2248-6d0a-5d7e-9f39-1b94ef575e2e,1738,4000354629,4000354629,LG 31.7 cu. ft. Smart Standard-Depth MAX French Door Refrigerator,https://www.costco.com/lg-317-cu-ft-smart-standard-depth-max-french-door-refrigerator.product.4000354629.html,,,0,0,https://www.costco.com/french-door-refrigerators.html,9/27/2026 0:00
3930d7da-b637-54e9-9750-046d14df4880,1738,4201018295,4201018295,"Ninja Deluxe Blender & Kitchen System with 88-oz. Pitcher, 9-Cup Processor & Auto-iQ",https://www.costco.com/ninja-deluxe-blender--kitchen-system-with-88-oz-pitcher-9-cup-processor--auto-iq.product.4201018295.html,,,0,0,https://www.costco.com/small-kitchen-appliances.html,9/27/2026 0:00
e7cd615e-f77e-5f72-a5bc-0ce2e6016fba,1738,4201023329,4201023329,"Nespresso Vertuo UP Coffee and Espresso Maker by DeLonghi, Graphite with Aeroccino Milk Frother",https://www.costco.com/nespresso-vertuo-up-coffee-and-espresso-maker-by-delonghi-graphite-with-aeroccino-milk-frother.product.4201023329.html,,,0,0,https://www.costco.com/small-kitchen-appliances.html,9/27/2026 0:00
dd95be43-ca2a-504b-8600-5f9431137120,1738,4000429112,4000429112,Ninja DualBrew Grounds & Pods Hot & Iced Coffee Maker with Rapid Cold Brew,https://www.costco.com/ninja-dualbrew-grounds--pods-hot--iced-coffee-maker-with-rapid-cold-brew.product.4000429112.html,,,0,0,https://www.costco.com/small-kitchen-appliances.html,9/27/2026 0:00
b94ec03e-99da-590a-8b5d-ff6c4802374a,1738,4201002779,4201002779,bella 10-in-1 8.5qt MultiCooker,https://www.costco.com/bella-10-in-1-85qt-multicooker.product.4201002779.html,,,0,0,https://www.costco.com/small-kitchen-appliances.html,9/27/2026 0:00
db9190f2-7540-5b04-aaae-b302b687f978,1738,4000334276,4000334276,Brio 740 Series Self-Cleaning Bottom Load Water Cooler,https://www.costco.com/brio-740-series-self-cleaning-bottom-load-water-cooler.product.4000334276.html,,,0,0,https://www.costco.com/small-kitchen-appliances.html,9/27/2026 0:00
060dd491-c100-59fe-b678-26cbe3ad77b4,1738,4000359830,4000359830,Ninja Flip 10-in-1 Toaster Oven & Air Fryer with Added Broil Rack,https://www.costco.com/ninja-flip-10-in-1-toaster-oven--air-fryer-with-added-broil-rack.product.4000359830.html,,,0,0,https://www.costco.com/small-kitchen-appliances.html,9/27/2026 0:00
a67638e9-f5fc-5dff-9d15-4bbbf57610cf,1738,4201002833,4201002833,"bella 12""x24"" XL Fold and Store Griddle",https://www.costco.com/bella-12x24-xl-fold-and-store-griddle.product.4201002833.html,,,0,0,https://www.costco.com/small-kitchen-appliances.html,9/27/2026 0:00
1b93013c-334b-5f53-a36e-150d542a66c8,1738,4201013845,4201013845,Cuisinart Precision Prep 3-in-1 Immersion Blending System,https://www.costco.com/cuisinart-precision-prep-3-in-1-immersion-blending-system.product.4201013845.html,,,0,0,https://www.costco.com/small-kitchen-appliances.html,9/27/2026 0:00
4c9d4629-e628-5354-82b9-1a338b5c4989,1738,4000213642,4000213642,Ninja CREAMi Deluxe 11-in-1 Ice Cream and Frozen Treat Maker,https://www.costco.com/ninja-creami-deluxe-11-in-1-ice-cream-and-frozen-treat-maker.product.4000213642.html,,,0,0,https://www.costco.com/small-kitchen-appliances.html,9/27/2026 0:00
fb35898a-aa52-536a-8014-f4ce2dd7c728,1738,4000391766,4000391766,Tiger 5.5-Cup Micom Rice Cooker and Warmer,https://www.costco.com/tiger-55-cup-micom-rice-cooker-and-warmer.product.4000391766.html,,,0,0,https://www.costco.com/small-kitchen-appliances.html,9/27/2026 0:00
c6bb79f3-5230-5be1-8572-63be00beb5f9,1738,4000289289,4000289289,Nespresso Vertuo Next Deluxe with Aeroccino 3 and 32 Capsules,https://www.costco.com/nespresso-vertuo-next-deluxe-with-aeroccino-3-and-32-capsules.product.4000289289.html,,,0,0,https://www.costco.com/small-kitchen-appliances.html,9/27/2026 0:00
53882762-299f-5189-a0f8-1a62f116d8c1,1738,4000368757,4000368757,"Ninja SLUSHi Professional Frozen Drink Maker, 96-oz. Capacity, 5 Preset Programs",https://www.costco.com/ninja-slushi-professional-frozen-drink-maker-96-oz-capacity-5-preset-programs.product.4000368757.html,,,0,0,https://www.costco.com/small-kitchen-appliances.html,9/27/2026 0:00
146097d9-423a-5b28-9f94-92ef24624c17,1738,4201024080,4201024080,Gourmia XL 13-In-1 French Door Countertop Oven with Air Fry and Temperature Probe,https://www.costco.com/gourmia-xl-13-in-1-french-door-countertop-oven-with-air-fry-and-temperature-probe.product.4201024080.html,,,0,0,https://www.costco.com/small-kitchen-appliances.html,9/27/2026 0:00
6e5f3811-87d0-5de2-988c-d5ff7c10003b,1738,4201032153,4201032153,Ninja CRISPi DualZone 2-Basket Glass Air Fryer,https://www.costco.com/ninja-crispi-dualzone-2-basket-glass-air-fryer.product.4201032153.html,,,0,0,https://www.costco.com/small-kitchen-appliances.html,9/27/2026 0:00
346e505e-b3e6-5c77-887c-2418e4d26d6a,1738,4201002280,4201002280,Cuisinart SimpliTouch XL Color Touchscreen 2-Slice Toaster,https://www.costco.com/cuisinart-simplitouch-xl-color-touchscreen-2-slice-toaster.product.4201002280.html,,,0,0,https://www.costco.com/small-kitchen-appliances.html,9/27/2026 0:00
7c3f44a6-8bf1-5317-9941-5d098b284fd9,1738,4000372303,4000372303,Cuisinart Brew Central Plus 14-Cup Programmable Coffee Maker,https://www.costco.com/cuisinart-brew-central-plus-14-cup-programmable-coffee-maker.product.4000372303.html,,,0,0,https://www.costco.com/small-kitchen-appliances.html,9/27/2026 0:00
e33374d4-8f37-58b7-95d9-3e6b295d9595,1738,4201002559,4201002559,Gourmia 2 Quart Automatic Soft Serve Ice Cream and Frozen Drink Maker,https://www.costco.com/gourmia-2-quart-automatic-soft-serve-ice-cream-and-frozen-drink-maker.product.4201002559.html,,,0,0,https://www.costco.com/small-kitchen-appliances.html,9/27/2026 0:00
6eab499d-c076-56c7-a647-76e30c364ea8,1738,4201008654,4201008654,"Dash 14” Family Size Electric Skillet, Ceramic",https://www.costco.com/dash-14-family-size-electric-skillet-ceramic.product.4201008654.html,,,0,0,https://www.costco.com/small-kitchen-appliances.html,9/27/2026 0:00
fa5a8d27-966b-5d69-aed0-9c72643e2b10,1738,4201028860,4201028860,Keurig K-Mini Mate Plus Single-Serve Coffee Maker with Water Filter and K-Cup Pods,https://www.costco.com/keurig-k-mini-mate-plus-single-serve-coffee-maker-with-water-filter-and-k-cup-pods.product.4201028860.html,,,0,0,https://www.costco.com/small-kitchen-appliances.html,9/27/2026 0:00
5377fd2c-86da-59b8-b6a9-6e89766ba639,1738,4201009385,4201009385,FoodSaver Preserve Vacuum Sealer Appliance with Bags and Marinate Container,https://www.costco.com/foodsaver-preserve-vacuum-sealer-appliance-with-bags-and-marinate-container.product.4201009385.html,,,0,0,https://www.costco.com/small-kitchen-appliances.html,9/27/2026 0:00
99fd8f44-9401-57c3-b03e-34bcbd8d948c,1738,4000398962,4000398962,Cuisinart Extra-Large 26L 10-in-1 Digital Air Fryer Oven,https://www.costco.com/cuisinart-extra-large-26l-10-in-1-digital-air-fryer-oven.product.4000398962.html,,,0,0,https://www.costco.com/small-kitchen-appliances.html,9/27/2026 0:00
2d57369f-eef8-53d9-baa0-8d15e00fd741,1738,4201023221,4201023221,Chefman Custom-Temp 1.8L Electric Kettle,https://www.costco.com/chefman-custom-temp-18l-electric-kettle.product.4201023221.html,,,0,0,https://www.costco.com/small-kitchen-appliances.html,9/27/2026 0:00
aa4ecdc9-1af0-542f-9ad5-b5123e9c93b1,1738,4000362087,4000362087,"Brita Champlain Water Filter Pitcher, 10 Cup with 2 Filters",https://www.costco.com/brita-champlain-water-filter-pitcher-10-cup-with-2-filters.product.4000362087.html,,,0,0,https://www.costco.com/small-kitchen-appliances.html,9/27/2026 0:00
8a4c44f5-ab53-5741-9144-09b03ea854b1,1738,4000428870,4000428870,Nordic Ware Deluxe Kettle Smoker with 5 Woodchip Varieties,https://www.costco.com/nordic-ware-deluxe-kettle-smoker-with-5-woodchip-varieties.product.4000428870.html,,,0,0,https://www.costco.com/small-kitchen-appliances.html,9/27/2026 0:00
6541117b-c5ed-5503-8ca3-8ab9eba29507,1738,4201006223,4201006223,Dash 5qt SmartStore Ceramic Stirring Popcorn Maker,https://www.costco.com/dash-5qt-smartstore-ceramic-stirring-popcorn-maker.product.4201006223.html,,,0,0,https://www.costco.com/small-kitchen-appliances.html,9/27/2026 0:00
9a0cd9b5-ac5e-5f8e-a59f-13993535b86c,1738,4000375722,4000375722,Shark Detect Performance Lift-Away Advanced Upright Vacuum with DuoClean Detect,https://www.costco.com/shark-detect-performance-lift-away-advanced-upright-vacuum-with-duoclean-detect.product.4000375722.html,,,0,0,https://www.costco.com/vacuums-floor-care.html,9/27/2026 0:00
fd847b35-825a-5916-a86f-d178ae6cbb15,1738,4201011505,4201011505,Dyson V10 Konical Cordless Stick Vacuum with Car Cleaning Kit,https://www.costco.com/dyson-v10-konical-cordless-stick-vacuum-with-car-cleaning-kit.product.4201011505.html,,,0,0,https://www.costco.com/vacuums-floor-care.html,9/27/2026 0:00
bef31f42-a64f-5501-b5da-3fae5c6eef33,1738,4201031429,4201031429,Shark Navigator Lift-Away Upright Vacuum with Reveal Technology,https://www.costco.com/shark-navigator-lift-away-upright-vacuum-with-reveal-technology.product.4201031429.html,,,0,0,https://www.costco.com/vacuums-floor-care.html,9/27/2026 0:00
5d6be4ea-ba31-52ad-bad7-a75234700fc7,1738,4000354460,4000354460,BISSELL PowerClean FurGuard Deluxe 280W Cordless Vacuum with Extra Battery,https://www.costco.com/bissell-powerclean-furguard-deluxe-280w-cordless-vacuum-with-extra-battery.product.4000354460.html,,,0,0,https://www.costco.com/vacuums-floor-care.html,9/27/2026 0:00
c355aeb9-2a37-58d4-9d2d-0db6d0591bcf,1738,4000359361,4000359361,Shark Stratos Cordless Vacuum with Clean Sense IQ DuoClean PowerFins HairPro,https://www.costco.com/shark-stratos-cordless-vacuum-with-clean-sense-iq-duoclean-powerfins-hairpro.product.4000359361.html,,,0,0,https://www.costco.com/vacuums-floor-care.html,9/27/2026 0:00
5db25a64-ff9f-55c1-9ffc-a9b9d1cdaee7,1738,4201035961,4201035961,Dyson Ball Animal Optic Corded Upright Vacuum,https://www.costco.com/dyson-ball-animal-optic-corded-upright-vacuum.product.4201035961.html,,,0,0,https://www.costco.com/vacuums-floor-care.html,9/27/2026 0:00
b2a8e9ba-e839-5b07-ba08-a1625be83cec,1738,4201031808,4201031808,Dyson Gen5detect Extra Cordless Stick Vacuum,https://www.costco.com/dyson-gen5detect-extra-cordless-stick-vacuum.product.4201031808.html,,,0,0,https://www.costco.com/vacuums-floor-care.html,9/27/2026 0:00
e7bd0107-fd56-5134-8101-a067b572bbaf,1738,4201016630,4201016630,Shark PowerDetect Speed Clean and Empty Cordless Stick Vacuum with Auto-Empty System,https://www.costco.com/shark-powerdetect-speed-clean-and-empty-cordless-stick-vacuum-with-auto-empty-system.product.4201016630.html,,,0,0,https://www.costco.com/vacuums-floor-care.html,9/27/2026 0:00
a52c5dcd-46bf-5ae9-9d46-6a3d3199e7a3,1738,4000431693,4000431693,Roborock QX Revo PLUS Robot Vacuum and Mop with Multifunctional Dock 3.0,https://www.costco.com/roborock-qx-revo-plus-robot-vacuum-and-mop-with-multifunctional-dock-30.product.4000431693.html,,,0,0,https://www.costco.com/vacuums-floor-care.html,9/27/2026 0:00
1197f52a-49d5-52a6-83e7-474bc72c5702,1738,4000417530,4000417530,BISSELL Little Green MultiClean Wet and Dry Portable Carpet and Upholstery Cleaner,https://www.costco.com/bissell-little-green-multiclean-wet-and-dry-portable-carpet-and-upholstery-cleaner.product.4000417530.html,,,0,0,https://www.costco.com/vacuums-floor-care.html,9/27/2026 0:00
19fbb3a8-249a-5462-9648-820b707a263f,1738,4000323423,4000323423,Shark PowerDetect 2-in-1 Robot Vacuum & Mop with NeverTouch Pro Self-Cleaning Base,https://www.costco.com/shark-powerdetect-2-in-1-robot-vacuum--mop-with-nevertouch-pro-self-cleaning-base.product.4000323423.html,,,0,0,https://www.costco.com/vacuums-floor-care.html,9/27/2026 0:00
4f16fe42-54e4-516a-8222-3d530b240684,1738,4000422212,4000422212,Tineco GO HammerHead MessDetect Ultra Cordless Mop and Vacuum,https://www.costco.com/tineco-go-hammerhead-messdetect-ultra-cordless-mop-and-vacuum.product.4000422212.html,,,0,0,https://www.costco.com/vacuums-floor-care.html,9/27/2026 0:00
5b20e642-66ac-5979-8a1b-cbb406bb5969,1738,4000399687,4000399687,DeWalt 8-Gallon 4 HP Stealthsonic Quiet Stainless Steel Wet Dry Vacuum,https://www.costco.com/dewalt-8-gallon-4-hp-stealthsonic-quiet-stainless-steel-wet-dry-vacuum.product.4000399687.html,,,0,0,https://www.costco.com/vacuums-floor-care.html,9/27/2026 0:00
d28b66b6-c08e-5a7c-9ef3-89c14e2569e5,1738,4201044416,4201044416,Dyson R2 Nurovi Wash Dry Robot Vacuum,https://www.costco.com/dyson-r2-nurovi-wash-dry-robot-vacuum.product.4201044416.html,,,0,0,https://www.costco.com/vacuums-floor-care.html,9/27/2026 0:00
c35e8704-3675-5425-b560-2fd468737d1c,1738,100697445,100697445,Maytag 7.0 cu. ft. Electric Dryer with Moisture Sensing in White,https://www.costco.com/maytag-70-cu-ft-electric-dryer-with-moisture-sensing-in-white.product.100697445.html,,,0,0,https://www.costco.com/dryers.html,9/27/2026 0:00
d64207fc-c645-5c43-a186-1d5107164d1b,1738,100698045,100698045,Maytag 7.0 cu. ft. Gas Dryer with Moisture Sensing,https://www.costco.com/maytag-70-cu-ft-gas-dryer-with-moisture-sensing.product.100698045.html,,,0,0,https://www.costco.com/dryers.html,9/27/2026 0:00
823eacf1-d9ca-54e9-8781-dab04dce5674,1738,100697442,100697442,Maytag Top Load 4.8 cu. ft. Washer with Deep Fill Option,https://www.costco.com/maytag-top-load-48-cu-ft-washer-with-deep-fill-option.product.100697442.html,,,0,0,https://www.costco.com/washers.html,9/27/2026 0:00
cfdc7dd4-c2ee-5f8f-b7e9-6eac655e16cd,1738,2040153,2040153,"Covergirl Lash Blast Volume Mascara, 3-pack",https://www.costco.com/.product.2040153.html,,,0,0,https://www.costco.com/beauty.html,9/27/2026 0:00
17152d28-250a-585e-b7f3-763a4cab36dd,1738,4000395848,4000395848,"Braun IPL At Home Laser Hair Removal, Permanent Hair Reduction, Venus Razor",https://www.costco.com/braun-ipl-at-home-laser-hair-removal-permanent-hair-reduction-venus-razor.product.4000395848.html,,,0,0,https://www.costco.com/beauty-tools-accessories.html,9/27/2026 0:00
fc637b1c-c3e3-5a7b-8967-1f6d39912d12,1738,4201021071,4201021071,Shark FlexStyle IonCurl Air Styling System with Curl IQ,https://www.costco.com/shark-flexstyle-ioncurl-air-styling-system-with-curl-iq.product.4201021071.html,,,0,0,https://www.costco.com/beauty-tools-accessories.html,9/27/2026 0:00
381c9757-3ec0-5974-ae47-c2d088f0c350,1738,4201018118,4201018118,Allspace 2 in 1 LED Vanity Mirror and Lamp,https://www.costco.com/allspace-2-in-1-led-vanity-mirror-and-lamp.product.4201018118.html,,,0,0,https://www.costco.com/beauty-tools-accessories.html,9/27/2026 0:00
dafa33e3-f909-54a0-be02-46ac83349d4e,1738,4201032949,4201032949,Shark CryoGlow Under-Eye Cooling Plus LED Anti-Aging and Skin Clearing Face Mask,https://www.costco.com/shark-cryoglow-under-eye-cooling-plus-led-anti-aging-and-skin-clearing-face-mask.product.4201032949.html,,,0,0,https://www.costco.com/beauty-tools-accessories.html,9/27/2026 0:00
adae1e4c-8aeb-535d-9b48-34ed648ae69f,1738,4000391717,4000391717,Shark FlexFusion Styling and Drying System,https://www.costco.com/shark-flexfusion-styling-and-drying-system.product.4000391717.html,,,0,0,https://www.costco.com/beauty-tools-accessories.html,9/27/2026 0:00
b2aaf84f-e5fd-5fc3-aa82-644ddd586134,1738,4000430802,4000430802,InfinitiPRO by Conair High-Speed Digital Dryer,https://www.costco.com/infinitipro-by-conair-high-speed-digital-dryer.product.4000430802.html,,,0,0,https://www.costco.com/beauty-tools-accessories.html,9/27/2026 0:00
06ba4076-b6ae-52c2-adc9-5196290b5e2d,1738,4201011524,4201011524,"Pantene Essential Botanicals Green Tea & Lily Hydrating Volume Shampoo, 38.2 fl oz",https://www.costco.com/pantene-essential-botanicals-green-tea--lily-hydrating-volume-shampoo-382-fl-oz.product.4201011524.html,,,0,0,https://www.costco.com/hair-care.html,9/27/2026 0:00
f6fc6db8-04d0-5b64-a0ed-3062a633abe6,1738,4201011465,4201011465,"Pantene Essential Botanicals Green Tea & Lily Hydrating Volume Conditioner, 38.2 fl oz",https://www.costco.com/pantene-essential-botanicals-green-tea--lily-hydrating-volume-conditioner-382-fl-oz.product.4201011465.html,,,0,0,https://www.costco.com/hair-care.html,9/27/2026 0:00
3417b446-818e-5de2-8df6-23263adcc700,1738,4201032948,4201032948,Dyson Airwrap i.d. Multi-Styler and Dryer with Chitosan Post-Style Serum,https://www.costco.com/dyson-airwrap-id-multi-styler-and-dryer-with-chitosan-post-style-serum.product.4201032948.html,,,0,0,https://www.costco.com/hair-care.html,9/27/2026 0:00
4d56a770-9315-5638-a549-ec86b102f8f3,1738,4000183076,4000183076,"Pantene Multi-Tasker 10 Shampoo, 38.2 fl oz",https://www.costco.com/pantene-multi-tasker-10-shampoo-382-fl-oz.product.4000183076.html,,,0,0,https://www.costco.com/hair-care.html,9/27/2026 0:00
44de8df4-87a6-55a5-9543-61de6f3fab92,1738,4000363407,4000363407,"Dove Intensive Repair Damage Therapy Shampoo & Conditioner Set, 33.8 fl oz",https://www.costco.com/dove-intensive-repair-damage-therapy-shampoo--conditioner-set-338-fl-oz.product.4000363407.html,,,0,0,https://www.costco.com/hair-care.html,9/27/2026 0:00
0714dba6-ec36-5c65-b394-ce746bea770c,1738,4000432874,4000432874,"Nexxus Advanced Hydration Therappe Humectress Shampoo & Conditioner, 32 fl oz each",https://www.costco.com/nexxus-advanced-hydration-therappe-humectress-shampoo--conditioner-32-fl-oz-each.product.4000432874.html,,,0,0,https://www.costco.com/hair-care.html,9/27/2026 0:00
817f1553-71fb-5a12-84d2-70530a892c6b,1738,100038030,100038030,"Kirkland Signature Hair Regrowth Treatment Minoxidil Foam for Men, 2.11 oz, 6-count",https://www.costco.com/kirkland-signature-hair-regrowth-treatment-minoxidil-foam-for-men-211-oz-6-count.product.100038030.html,,,0,0,https://www.costco.com/hair-care.html,9/27/2026 0:00
65851a1c-5bea-5192-bc59-d903db15036e,1738,4000340685,4000340685,"Dr. Groot Scalp Revitalizing Shampoo, 23.6 fl oz, 2-pack",https://www.costco.com/dr-groot-scalp-revitalizing-shampoo-236-fl-oz-2-pack.product.4000340685.html,,,0,0,https://www.costco.com/hair-care.html,9/27/2026 0:00
8d04ffc8-39bc-51e0-908e-b9b5fadf5849,1738,4000183119,4000183119,"Pantene Multi-Tasker 10 Conditioner, 38.2 fl oz",https://www.costco.com/pantene-multi-tasker-10-conditioner-382-fl-oz.product.4000183119.html,,,0,0,https://www.costco.com/hair-care.html,9/27/2026 0:00
5fe5c0cd-50b4-5740-a5fd-945138ee2e5f,1738,4000249145,4000249145,"Head & Shoulders 2-in-1 Dandruff Shampoo and Conditioner Advanced Scalp Care with Aloe Vera, Coconut Water & Vitamins, 40 fl oz",https://www.costco.com/head--shoulders-2-in-1-dandruff-shampoo-and-conditioner-advanced-scalp-care-with-aloe-vera-coconut-water--vitamins-40-fl-oz.product.4000249145.html,,,0,0,https://www.costco.com/hair-care.html,9/27/2026 0:00
72fb121b-8d9b-5715-901c-93ec60b98514,1738,4000348787,4000348787,"Super Nature Shampoo/Conditioner, 30 fl oz each",https://www.costco.com/super-nature-shampooconditioner-30-fl-oz-each.product.4000348787.html,,,0,0,https://www.costco.com/hair-care.html,9/27/2026 0:00
4911a3f7-af4a-5e85-9d9c-bf4c4944fc2a,1738,4000386976,4000386976,"Honeyque Deep Repair Shampoo & Conditioner, 15.2 fl oz, 2-pack",https://www.costco.com/honeyque-deep-repair-shampoo--conditioner-152-fl-oz-2-pack.product.4000386976.html,,,0,0,https://www.costco.com/hair-care.html,9/27/2026 0:00
7efabcfb-9fe1-5758-8010-9e63f812b490,1738,4201032860,4201032860,Dyson Supersonic Nural Hair Dryer with Chitosan Post-Style Serum,https://www.costco.com/dyson-supersonic-nural-hair-dryer-with-chitosan-post-style-serum.product.4201032860.html,,,0,0,https://www.costco.com/hair-care.html,9/27/2026 0:00
1bcd3e83-c31f-58bb-a22d-393d68d6e408,1738,4000427499,4000427499,"Dr. Groot Scalp Revitalizing Conditioner, 9.46 fl oz, 2-pack",https://www.costco.com/dr-groot-scalp-revitalizing-conditioner-946-fl-oz-2-pack.product.4000427499.html,,,0,0,https://www.costco.com/hair-care.html,9/27/2026 0:00
05b4ee81-eeb4-5aaa-9631-f1576d57e0c4,1738,4000430793,4000430793,&honey Deep Moist Shampoo & Conditioner Set,https://www.costco.com/honey-deep-moist-shampoo--conditioner-set.product.4000430793.html,,,0,0,https://www.costco.com/hair-care.html,9/27/2026 0:00
d6be7e51-2379-5bcd-973f-a0a517a6c46d,1738,4201032896,4201032896,Dyson Airstrait Wet-to-Dry Straightener with Omega Hydrating Hair Oil,https://www.costco.com/dyson-airstrait-wet-to-dry-straightener-with-omega-hydrating-hair-oil.product.4201032896.html,,,0,0,https://www.costco.com/hair-care.html,9/27/2026 0:00
a6d94f6a-dadc-56f2-9f5d-2f8464b737e0,1738,4000427496,4000427496,"L'Oreal Paris Voluminous Panorama Mascara, Blackest Black, 0.33 fl oz, 2 -pack",https://www.costco.com/loreal-paris-voluminous-panorama-mascara-blackest-black-033-fl-oz-2--pack.product.4000427496.html,,,0,0,https://www.costco.com/cosmetics.html,9/27/2026 0:00
cf743456-cfac-5205-81ce-c6e01efd5bfe,1738,4000442727,4000442727,"Covergirl Lash Blast Volume Mascara, 3-pack",https://www.costco.com/covergirl-lash-blast-volume-mascara-3-pack.product.4000442727.html,,,0,0,https://www.costco.com/cosmetics.html,9/27/2026 0:00
f377a3a7-bcae-57e4-96f4-564ce97c5b4f,1738,4000223339,4000223339,"Beauty of Joseon Glow Serum Propolis + Niacinamide, 3.38 fl oz",https://www.costco.com/beauty-of-joseon-glow-serum-propolis--niacinamide-338-fl-oz.product.4000223339.html,,,0,0,https://www.costco.com/skin-care.html,9/27/2026 0:00
d85bf537-4ca7-5512-ade1-92f8d615392f,1738,4201015703,4201015703,"Skin1004 Pore Perfecting Centella Ampoule, 4.06 fl oz, 2-pack",https://www.costco.com/skin1004-pore-perfecting-centella-ampoule-406-fl-oz-2-pack.product.4201015703.html,,,0,0,https://www.costco.com/skin-care.html,9/27/2026 0:00
bb5f5f3d-1d3a-52d0-aace-bfe50132d34f,1738,4000033127,4000033127,"Lubriderm Daily Moisture Lotion, Fragrance Free 24 fl oz, 2-count + 6 fl oz Travel Size",https://www.costco.com/lubriderm-daily-moisture-lotion-fragrance-free-24-fl-oz-2-count--6-fl-oz-travel-size.product.4000033127.html,,,0,0,https://www.costco.com/skin-care.html,9/27/2026 0:00
1a7227e9-d804-58eb-bba4-1e4285354f6c,1738,4000179673,4000179673,"StriVectin TL Advanced Tightening Neck Cream Plus, 1 oz, 2-pack",https://www.costco.com/strivectin-tl-advanced-tightening-neck-cream-plus-1-oz-2-pack.product.4000179673.html,,,0,0,https://www.costco.com/skin-care.html,9/27/2026 0:00
639d2d85-b36a-5987-a5a8-30292e98d17e,1738,4201027257,4201027257,"Olay Daily Radiance Lotion Vitamin C + Niacinamide, 1.7 fl oz, 2-pack",https://www.costco.com/olay-daily-radiance-lotion-vitamin-c--niacinamide-17-fl-oz-2-pack.product.4201027257.html,,,0,0,https://www.costco.com/skin-care.html,9/27/2026 0:00
6be4de19-dd47-5059-a6ac-7ab6f8b0695c,1738,100778338,100778338,"CeraVe Moisturizing Cream Interchangeable Multi-Pack, 16 oz Jar with Pump + 16 oz Jar",https://www.costco.com/cerave-moisturizing-cream-interchangeable-multi-pack-16-oz-jar-with-pump--16-oz-jar.product.100778338.html,,,0,0,https://www.costco.com/skin-care.html,9/27/2026 0:00
d55e669d-b0f5-5862-884b-f6bad91f6dc3,1738,100771913,100771913,StriVectin Anti-Wrinkle Intensive Eye Concentrate Plus,https://www.costco.com/strivectin-anti-wrinkle-intensive-eye-concentrate-plus.product.100771913.html,,,0,0,https://www.costco.com/skin-care.html,9/27/2026 0:00
aa6e6e0f-6db8-5dda-86d6-8e956b8cb4e8,1738,4000202668,4000202668,"Neutrogena Hydro Boost Water Cream, 1.7 fl oz, 2-pack",https://www.costco.com/neutrogena-hydro-boost-water-cream-17-fl-oz-2-pack.product.4000202668.html,,,0,0,https://www.costco.com/skin-care.html,9/27/2026 0:00
6355aa03-a9a6-50b9-b7c8-e8cc4aa4a2d9,1738,4000217415,4000217415,"Aveeno Daily Moisture Lotion, 24 fl oz, 2-pack",https://www.costco.com/aveeno-daily-moisture-lotion-24-fl-oz-2-pack.product.4000217415.html,,,0,0,https://www.costco.com/skin-care.html,9/27/2026 0:00
ce77e258-c393-50d1-8d45-71d51d08166d,1738,4201043426,4201043426,"ROC Line Smoothing Eye Cream, 0.6 fl oz, 3-pack",https://www.costco.com/roc-line-smoothing-eye-cream-06-fl-oz-3-pack.product.4201043426.html,,,0,0,https://www.costco.com/skin-care.html,9/27/2026 0:00
cff42f4c-c581-512f-9665-f378f29cf261,1738,4000417685,4000417685,"Olay Every Night Retinol, 1.7 oz, 2-pack",https://www.costco.com/olay-every-night-retinol-17-oz-2-pack.product.4000417685.html,,,0,0,https://www.costco.com/skin-care.html,9/27/2026 0:00
b83a4040-856e-55a8-b6e9-b7130a082cd6,1738,4000403916,4000403916,"ROC Advanced Hydration + Water Cream, 1.7 oz, 2-pack",https://www.costco.com/roc-advanced-hydration--water-cream-17-oz-2-pack.product.4000403916.html,,,0,0,https://www.costco.com/skin-care.html,9/27/2026 0:00
de6d25e8-b34b-5531-9da8-06c7d35a9319,1738,4000417736,4000417736,"Olay Regenerist 10, 1.7 oz, 2-pack",https://www.costco.com/olay-regenerist-10-17-oz-2-pack.product.4000417736.html,,,0,0,https://www.costco.com/skin-care.html,9/27/2026 0:00
17a7158e-32f9-5b36-a29a-df568459ee2a,1738,4000062580,4000062580,"Cetaphil Moisturizing Lotion, Dry to Normal Sensitive Skin, 20 fl oz, 2-count",https://www.costco.com/cetaphil-moisturizing-lotion-dry-to-normal-sensitive-skin-20-fl-oz-2-count.product.4000062580.html,,,0,0,https://www.costco.com/skin-care.html,9/27/2026 0:00
39166391-8054-557a-bbbe-8ea98e544da7,1738,4201018202,4201018202,"Native Moisturizing Lotion Coconut & Vanilla, 23 fl oz, 2-pack",https://www.costco.com/native-moisturizing-lotion-coconut--vanilla-23-fl-oz-2-pack.product.4201018202.html,,,0,0,https://www.costco.com/skin-care.html,9/27/2026 0:00
0f3e3182-bccc-5308-95b8-61c87046ba02,1738,4000365567,4000365567,Hero Mighty Patch 84 Total Patches,https://www.costco.com/hero-mighty-patch-84-total-patches.product.4000365567.html,,,0,0,https://www.costco.com/skin-care.html,9/27/2026 0:00
a8d27be6-a330-5ec0-9f1d-bce9cc529cda,1738,4201001463,4201001463,"PURCELL Pixcell Biom Glow Barrier Serum, 3.38 fl oz",https://www.costco.com/purcell-pixcell-biom-glow-barrier-serum-338-fl-oz.product.4201001463.html,,,0,0,https://www.costco.com/skin-care.html,9/27/2026 0:00
15b5c076-c911-5d14-a14a-b6141bd3f283,1738,4000370809,4000370809,"Grace & Stella Under Eye Masks, Under Eye Patches Combo Pack, 24-count",https://www.costco.com/grace--stella-under-eye-masks-under-eye-patches-combo-pack-24-count.product.4000370809.html,,,0,0,https://www.costco.com/skin-care.html,9/27/2026 0:00
599ba548-9a8f-5e68-80ac-da23e30ba48f,1738,7771712,7771712,"Kirkland Signature Men's Midweight Crew Tee, 6-pack, White, Large",https://www.costco.com/.product.7771712.html,,,0,0,https://www.costco.com/clothing.html,9/27/2026 0:00
512a2f2f-f37d-5643-bf46-5cf52ff6c78e,1738,7771713,7771713,"Kirkland Signature Men's Midweight Crew Tee, 6-pack, White, X-Large",https://www.costco.com/.product.7771713.html,,,0,0,https://www.costco.com/clothing.html,9/27/2026 0:00
472eb112-f3e3-556d-a2fb-bc5300278d3d,1738,4000151937,4000151937,Skechers Men's Arch Comfort Sneaker,https://www.costco.com/.product.4000151937.html,,,0,0,https://www.costco.com/clothing.html,9/27/2026 0:00
bb8ec026-8ec1-5898-9b1f-b2c22854c361,1738,1733574,1733574,"Skechers Men's Arch Comfort Sneaker, Black, 8",https://www.costco.com/.product.1733574.html,,,0,0,https://www.costco.com/clothing.html,9/27/2026 0:00
e6d552bb-20a9-5dbb-93e3-cbf8043b02cd,1738,1733575,1733575,"Skechers Men's Arch Comfort Sneaker, Black, 9",https://www.costco.com/.product.1733575.html,,,0,0,https://www.costco.com/clothing.html,9/27/2026 0:00
dda7b04f-e817-5410-aa72-3314e55d48c7,1738,1733576,1733576,"Skechers Men's Arch Comfort Sneaker, Black, 9.5",https://www.costco.com/.product.1733576.html,,,0,0,https://www.costco.com/clothing.html,9/27/2026 0:00
3acb1a8a-820e-5793-a75a-84b4808a1532,1738,1733579,1733579,"Skechers Men's Arch Comfort Sneaker, Black, 10",https://www.costco.com/.product.1733579.html,,,0,0,https://www.costco.com/clothing.html,9/27/2026 0:00
31d6e39a-da61-5b4c-94b6-c0fc4c075a12,1738,1733581,1733581,"Skechers Men's Arch Comfort Sneaker, Black, 10.5",https://www.costco.com/.product.1733581.html,,,0,0,https://www.costco.com/clothing.html,9/27/2026 0:00
e9b84803-3bfd-5898-8cff-a60d8b904330,1738,4000277945,4000277945,"Swissgear 17"" Travel  Laptop Backpack",https://www.costco.com/.product.4000277945.html,,,0,0,https://www.costco.com/clothing.html,9/27/2026 0:00
85109c06-89f0-58fc-850a-9b6dd53242fe,1738,1830758,1830758,"Swissgear 17"" Travel  Laptop Backpack",https://www.costco.com/.product.1830758.html,,,0,0,https://www.costco.com/clothing.html,9/27/2026 0:00
83e7d860-e16f-5046-bd39-c638039c5344,1738,4000311439,4000311439,"Shed Rain Windpro 46"" Vented Automatic Compact Umbrella, 2-pack",https://www.costco.com/.product.4000311439.html,,,0,0,https://www.costco.com/clothing.html,9/27/2026 0:00
253ec95f-ade0-587c-8447-5ab9cc3668b0,1738,1865951,1865951,"Shed Rain Windpro 46"" Vented Automatic Compact Umbrella, 2-pack, Gray",https://www.costco.com/.product.1865951.html,,,0,0,https://www.costco.com/clothing.html,9/27/2026 0:00
032a1763-f4c2-5599-93b7-4e137b3b41ca,1738,1865953,1865953,"Shed Rain Windpro 46"" Vented Automatic Compact Umbrella, 2-pack, Black",https://www.costco.com/.product.1865953.html,,,0,0,https://www.costco.com/clothing.html,9/27/2026 0:00
0a9ab2f2-760e-503c-9026-2544ed9bd587,1738,1865954,1865954,"Shed Rain Windpro 46"" Vented Automatic Compact Umbrella, 2-pack, Multi",https://www.costco.com/.product.1865954.html,,,0,0,https://www.costco.com/clothing.html,9/27/2026 0:00
2b9d9969-a011-5717-9dde-57f0b8a83500,1738,4000206116,4000206116,UGG Ladies' Cozetta Curly Slipper,https://www.costco.com/.product.4000206116.html,,,0,0,https://www.costco.com/clothing.html,9/27/2026 0:00
9d29c129-5938-5454-bc27-9a143e21fd48,1738,1764369,1764369,"UGG Ladies' Cozetta Curly Slipper, Tan, 6",https://www.costco.com/.product.1764369.html,,,0,0,https://www.costco.com/clothing.html,9/27/2026 0:00
dd43cc68-4d46-5b90-bdba-280a3f4d0f97,1738,1764370,1764370,"UGG Ladies' Cozetta Curly Slipper, Tan, 7",https://www.costco.com/.product.1764370.html,,,0,0,https://www.costco.com/clothing.html,9/27/2026 0:00
3675eca0-7e25-5fa1-ac7a-4afd274b87d8,1738,1764371,1764371,"UGG Ladies' Cozetta Curly Slipper, Tan, 8",https://www.costco.com/.product.1764371.html,,,0,0,https://www.costco.com/clothing.html,9/27/2026 0:00
a8314bda-ecb4-5ba7-b8f5-9ae5f02db781,1738,1764372,1764372,"UGG Ladies' Cozetta Curly Slipper, Tan, 9",https://www.costco.com/.product.1764372.html,,,0,0,https://www.costco.com/clothing.html,9/27/2026 0:00
7e854545-a6ca-5d22-aa11-1ee51cf4944c,1738,1764373,1764373,"UGG Ladies' Cozetta Curly Slipper, Tan, 10",https://www.costco.com/.product.1764373.html,,,0,0,https://www.costco.com/clothing.html,9/27/2026 0:00
e7eaddaf-fe59-5a31-8f1a-5ef579eb7fb2,1738,4000359153,4000359153,Delsey Paris 2-piece Hardside Luggage Set,https://www.costco.com/.product.4000359153.html,,,0,0,https://www.costco.com/clothing.html,9/27/2026 0:00
e0fcddfd-283c-57b0-9fd1-d7935d64cd11,1738,1872076,1872076,"Delsey Paris 2-piece Hardside Luggage Set, Green",https://www.costco.com/.product.1872076.html,,,0,0,https://www.costco.com/clothing.html,9/27/2026 0:00
606a58ac-afa6-51a8-a879-c36a05ff9c3b,1738,1872077,1872077,"Delsey Paris 2-piece Hardside Luggage Set, Dark Gray",https://www.costco.com/.product.1872077.html,,,0,0,https://www.costco.com/clothing.html,9/27/2026 0:00
2bfdd268-20a9-5182-b245-b04b393c278b,1738,1872078,1872078,"Delsey Paris 2-piece Hardside Luggage Set, Navy",https://www.costco.com/.product.1872078.html,,,0,0,https://www.costco.com/clothing.html,9/27/2026 0:00
27ca8dad-0748-5283-aa14-5aec9fecf43c,1738,1872079,1872079,"Delsey Paris 2-piece Hardside Luggage Set, Black",https://www.costco.com/.product.1872079.html,,,0,0,https://www.costco.com/clothing.html,9/27/2026 0:00
65691704-77e8-5766-86c4-dfdf0a0dae03,1738,4000241132,4000241132,Steve Madden Ladies' Tiered Midi Dress,https://www.costco.com/.product.4000241132.html,,,0,0,https://www.costco.com/clothing.html,9/27/2026 0:00
51c989b7-f1ec-5299-8fcb-b0d50ad017d8,1738,1803096,1803096,"Steve Madden Ladies' Tiered Midi Dress, Blue, X-Small",https://www.costco.com/.product.1803096.html,,,0,0,https://www.costco.com/clothing.html,9/27/2026 0:00
12faaa6e-9863-5aa8-99d5-d2d509da2fd2,1738,1803097,1803097,"Steve Madden Ladies' Tiered Midi Dress, Blue, Small",https://www.costco.com/.product.1803097.html,,,0,0,https://www.costco.com/clothing.html,9/27/2026 0:00
b8681961-3426-57a0-b275-839c317383e2,1738,1803098,1803098,"Steve Madden Ladies' Tiered Midi Dress, Blue, Medium",https://www.costco.com/.product.1803098.html,,,0,0,https://www.costco.com/clothing.html,9/27/2026 0:00
7fa189d1-f12a-5b60-9ca4-db25d11a8233,1738,1803099,1803099,"Steve Madden Ladies' Tiered Midi Dress, Blue, Large",https://www.costco.com/.product.1803099.html,,,0,0,https://www.costco.com/clothing.html,9/27/2026 0:00
a1dc5e36-7bc4-5ee4-ab90-165862fe554a,1738,1803100,1803100,"Steve Madden Ladies' Tiered Midi Dress, Blue, X-Large",https://www.costco.com/.product.1803100.html,,,0,0,https://www.costco.com/clothing.html,9/27/2026 0:00
7ef09630-8440-50c0-8cfa-aa8188e85d12,1738,4000370938,4000370938,adidas Midway Backpack,https://www.costco.com/.product.4000370938.html,,,0,0,https://www.costco.com/clothing.html,9/27/2026 0:00
cb6f7b44-b34b-5f7c-b0b2-0e0b629795be,1738,1914500,1914500,"adidas Midway Backpack, Gray",https://www.costco.com/.product.1914500.html,,,0,0,https://www.costco.com/clothing.html,9/27/2026 0:00
89dfb294-1754-5b1e-8857-a666c91baea2,1738,1914501,1914501,"adidas Midway Backpack, Purple",https://www.costco.com/.product.1914501.html,,,0,0,https://www.costco.com/clothing.html,9/27/2026 0:00
f1531ec2-7705-536a-944c-d61937707b9f,1738,1914502,1914502,"adidas Midway Backpack, Black",https://www.costco.com/.product.1914502.html,,,0,0,https://www.costco.com/clothing.html,9/27/2026 0:00
4a68dc6a-874a-5a25-9e98-398c85708da9,1738,1914503,1914503,"adidas Midway Backpack, Blue",https://www.costco.com/.product.1914503.html,,,0,0,https://www.costco.com/clothing.html,9/27/2026 0:00
01597015-2223-5b96-adec-7c1a412ee311,1738,4000307195,4000307195,NOMATIC Essential Travel Pack 20L-30L,https://www.costco.com/.product.4000307195.html,,,0,0,https://www.costco.com/clothing.html,9/27/2026 0:00
1a36fcdf-dfbb-54d2-a4e9-6c55980fe4f1,1738,1865956,1865956,NOMATIC Essential Travel Pack 20L-30L,https://www.costco.com/.product.1865956.html,,,0,0,https://www.costco.com/clothing.html,9/27/2026 0:00
75b3ff04-70b8-541f-aea7-cc0e6a007fa3,1738,4000345808,4000345808,Maui Jim Pool Side GS838-02 Polarized Sunglasses,https://www.costco.com/.product.4000345808.html,,,0,0,https://www.costco.com/clothing.html,9/27/2026 0:00
7ae30b3d-d2c8-5e2f-a6cf-a1add3f4c36c,1738,1896247,1896247,Maui Jim Pool Side GS838-02 Polarized Sunglasses,https://www.costco.com/.product.1896247.html,,,0,0,https://www.costco.com/clothing.html,9/27/2026 0:00
0174ec6b-d368-5973-9b2a-ab0f3e3be95d,1738,4000354463,4000354463,"Callaway 62” Automatic Open Vented Golf Umbrella, 2-pack",https://www.costco.com/.product.4000354463.html,,,0,0,https://www.costco.com/clothing.html,9/27/2026 0:00
dfbf950c-f74d-55d8-aaec-81cadbbf88f8,1738,1901517,1901517,"Callaway 62” Automatic Open Vented Golf Umbrella, 2-pack",https://www.costco.com/.product.1901517.html,,,0,0,https://www.costco.com/clothing.html,9/27/2026 0:00
70e24ba2-5b7f-5837-8bee-b5abdec32eca,1738,4000299783,4000299783,"Banana Republic Men's Boxer Brief, 3-pack",https://www.costco.com/.product.4000299783.html,,,0,0,https://www.costco.com/clothing.html,9/27/2026 0:00
26374b29-fba9-5a40-833d-3f4936f083ba,1738,1867014,1867014,"Banana Republic Men's Boxer Brief, 3-pack, Small",https://www.costco.com/.product.1867014.html,,,0,0,https://www.costco.com/clothing.html,9/27/2026 0:00
6bf51807-6db4-5940-b440-b819227a1f3a,1738,1867015,1867015,"Banana Republic Men's Boxer Brief, 3-pack, Medium",https://www.costco.com/.product.1867015.html,,,0,0,https://www.costco.com/clothing.html,9/27/2026 0:00
0a9ebd23-74a8-5603-ba05-8c9dfece85f3,1738,1867016,1867016,"Banana Republic Men's Boxer Brief, 3-pack, Large",https://www.costco.com/.product.1867016.html,,,0,0,https://www.costco.com/clothing.html,9/27/2026 0:00
e015deaa-36c1-59f2-801c-4991e436a3a8,1738,1867017,1867017,"Banana Republic Men's Boxer Brief, 3-pack, X-Large",https://www.costco.com/.product.1867017.html,,,0,0,https://www.costco.com/clothing.html,9/27/2026 0:00
9eab9ec7-d48f-5238-ad93-9c2653f0d33e,1738,4000373067,4000373067,Cascade Mountain Tech Expedition 60L Gear Tote,https://www.costco.com/.product.4000373067.html,,,0,0,https://www.costco.com/clothing.html,9/27/2026 0:00
63bb1f89-5b16-5648-85ae-c23433476592,1738,1944569,1944569,"Cascade Mountain Tech Expedition 60L Gear Tote, Gray",https://www.costco.com/.product.1944569.html,,,0,0,https://www.costco.com/clothing.html,9/27/2026 0:00
a7a92e1c-f277-5b24-a1e3-a284d502d5d4,1738,1944570,1944570,"Cascade Mountain Tech Expedition 60L Gear Tote, Blue",https://www.costco.com/.product.1944570.html,,,0,0,https://www.costco.com/clothing.html,9/27/2026 0:00
43ce3658-1b39-5cb7-a5a9-e865b70c8f93,1738,4000370891,4000370891,Cascade Mountain Tech Expedition Duffel,https://www.costco.com/.product.4000370891.html,,,0,0,https://www.costco.com/clothing.html,9/27/2026 0:00
d68caddf-0222-5a1f-b2b8-778416db68a8,1738,1944487,1944487,"Cascade Mountain Tech Expedition Duffel, Gray",https://www.costco.com/.product.1944487.html,,,0,0,https://www.costco.com/clothing.html,9/27/2026 0:00
e05086e3-df58-5c4e-8ba3-9670b0eb3e5f,1738,1944525,1944525,"Cascade Mountain Tech Expedition Duffel, Blue",https://www.costco.com/.product.1944525.html,,,0,0,https://www.costco.com/clothing.html,9/27/2026 0:00
02860ff1-6288-56c1-87d1-a776cd09a73d,1738,4000282829,4000282829,Alpine Elite by Timber Ridge 55L Hiking Pack,https://www.costco.com/.product.4000282829.html,,,0,0,https://www.costco.com/clothing.html,9/27/2026 0:00
77e6fe0c-ea38-52a4-aba2-8a84d28af7bd,1738,1817172,1817172,Alpine Elite by Timber Ridge 55L Hiking Pack,https://www.costco.com/.product.1817172.html,,,0,0,https://www.costco.com/clothing.html,9/27/2026 0:00
1ecda36c-ebdb-5240-a30f-cf04229e9eab,1738,4000234767,4000234767,Tumi International Expandable 4 Wheeled Carry-on,https://www.costco.com/.product.4000234767.html,,,0,0,https://www.costco.com/clothing.html,9/27/2026 0:00
e54589e7-c241-5016-8346-d1977c263b38,1738,4000234767_SKU,4000234767_SKU,Tumi International Expandable 4 Wheeled Carry-on,https://www.costco.com/.product.4000234767_SKU.html,,,0,0,https://www.costco.com/clothing.html,9/27/2026 0:00
eac5f6da-8c18-5381-88f7-e89127aefc4b,1738,1794042,1794042,Tumi International Expandable 4 Wheeled Carry-on,https://www.costco.com/.product.1794042.html,,,0,0,https://www.costco.com/clothing.html,9/27/2026 0:00
136034d0-b84b-586b-a60d-5d6bf5395c45,1738,4000387217,4000387217,Delsey Paris Horizon Hardside Expandable Spinner Carry-on,https://www.costco.com/.product.4000387217.html,,,0,0,https://www.costco.com/clothing.html,9/27/2026 0:00
6e2f0f26-7f2a-5861-a404-c31a84c97718,1738,1872085,1872085,Delsey Paris Horizon Carry-on,https://www.costco.com/.product.1872085.html,,,0,0,https://www.costco.com/clothing.html,9/27/2026 0:00
b6a2c5fb-cdf6-5414-b10d-9b6dd6ecb847,1738,1872090,1872090,Delsey Paris Horizon Hardside Expandable Spinner Carry-on,https://www.costco.com/.product.1872090.html,,,0,0,https://www.costco.com/clothing.html,9/27/2026 0:00
7ab5cb92-fc0d-5be1-9efc-eb6b3def533f,1738,4000389141,4000389141,Maui Jim Hukilau Polarized Sunglasses,https://www.costco.com/.product.4000389141.html,,,0,0,https://www.costco.com/clothing.html,9/27/2026 0:00
e3206de8-035b-5804-ba4b-7675d65edb1d,1738,1970263,1970263,Maui Jim Hukilau Polarized Sunglasses,https://www.costco.com/.product.1970263.html,,,0,0,https://www.costco.com/clothing.html,9/27/2026 0:00
99bcfc4f-b4df-5505-b7ac-c41eb7c717ee,1738,4000241010,4000241010,7 For All Mankind Women's Tailorless Dojo Trouser Jean,https://www.costco.com/.product.4000241010.html,,,0,0,https://www.costco.com/clothing.html,9/27/2026 0:00
b0a329ee-c97a-513b-9da7-28e9e279607a,1738,1802885,1802885,"7 For All Mankind Women's Tailorless Dojo Trouser Jean, 27",https://www.costco.com/.product.1802885.html,,,0,0,https://www.costco.com/clothing.html,9/27/2026 0:00
ef8083b8-2fce-563c-be3a-0d1e600d1a8a,1738,1802886,1802886,"7 For All Mankind Women's Tailorless Dojo Trouser Jean, 28",https://www.costco.com/.product.1802886.html,,,0,0,https://www.costco.com/clothing.html,9/27/2026 0:00
c156a0e5-b4b2-5315-866f-13f116014ec3,1738,1802887,1802887,"7 For All Mankind Women's Tailorless Dojo Trouser Jean, 29",https://www.costco.com/.product.1802887.html,,,0,0,https://www.costco.com/clothing.html,9/27/2026 0:00
953c3a37-70b8-5d3d-9423-c612a16f2dbd,1738,1802888,1802888,"7 For All Mankind Women's Tailorless Dojo Trouser Jean, 30",https://www.costco.com/.product.1802888.html,,,0,0,https://www.costco.com/clothing.html,9/27/2026 0:00
55175b06-7d35-5de9-be56-4ffa9cc91fbd,1738,1802889,1802889,"7 For All Mankind Women's Tailorless Dojo Trouser Jean, 31",https://www.costco.com/.product.1802889.html,,,0,0,https://www.costco.com/clothing.html,9/27/2026 0:00
58aac700-9f47-5fb7-bf50-f887b235c8ad,1738,4000394691,4000394691,"Kirkland Signature Men's Midweight Crew Tee, 6-pack",https://www.costco.com/.product.4000394691.html,,,0,0,https://www.costco.com/clothing.html,9/27/2026 0:00
5c20d136-490f-59d7-b6ce-6ad43d76d82b,1738,7771710,7771710,"Kirkland Signature Men's Midweight Crew Tee, 6-pack, White, Small",https://www.costco.com/.product.7771710.html,,,0,0,https://www.costco.com/clothing.html,9/27/2026 0:00
be83f14a-5e8b-59d5-84a3-be9d37505f28,1738,7771714,7771714,"Kirkland Signature Men's Midweight Crew Tee, 6-pack, White, XX-Large",https://www.costco.com/.product.7771714.html,,,0,0,https://www.costco.com/clothing.html,9/27/2026 0:00
83e10ad3-991d-565e-89d6-bd8f4932c2e9,1738,4000376646,4000376646,Maui Jim Hanohano GS644-14A Polarized Sunglasses,https://www.costco.com/.product.4000376646.html,,,0,0,https://www.costco.com/clothing.html,9/27/2026 0:00
a5a306ce-5f5c-50dd-9e8b-a52e32075eef,1738,1956650,1956650,Maui Jim Hanohano GS644-14A Polarized Sunglasses,https://www.costco.com/.product.1956650.html,,,0,0,https://www.costco.com/clothing.html,9/27/2026 0:00
71501eb1-b316-5964-babf-e655bbad3499,1738,4000405647,4000405647,Pure Fiber Soluna - Double-ply Gossamer and Terry Bathrobe,https://www.costco.com/.product.4000405647.html,,,0,0,https://www.costco.com/clothing.html,9/27/2026 0:00
0d41f7fc-f1ec-5fca-8a37-fb1734a4e15d,1738,2045090,2045090,"Pure Fiber Soluna - Double Ply Gossamer and Terry Bathrobe, Small/Medium, Ivory",https://www.costco.com/.product.2045090.html,,,0,0,https://www.costco.com/clothing.html,9/27/2026 0:00
bb5c4aa1-77dd-53da-b997-64c9dee5cf5f,1738,2045091,2045091,"Pure Fiber Soluna - Double Ply Gossamer and Terry Bathrobe, Large/X-Large, Ivory",https://www.costco.com/.product.2045091.html,,,0,0,https://www.costco.com/clothing.html,9/27/2026 0:00
7ae50aee-d893-5e9c-9496-237ac1d666dd,1738,2045092,2045092,"Pure Fiber Soluna - Double Ply Gossamer and Terry Bathrobe, Small/Medium, Blue",https://www.costco.com/.product.2045092.html,,,0,0,https://www.costco.com/clothing.html,9/27/2026 0:00
5ade3385-5a2b-5447-9f13-f4cf09bd377f,1738,2045093,2045093,"Pure Fiber Soluna - Double Ply Gossamer and Terry Bathrobe, Large/X-Large, Blue",https://www.costco.com/.product.2045093.html,,,0,0,https://www.costco.com/clothing.html,9/27/2026 0:00
8e5c8fbe-aec6-5a79-b4a9-9b228ca21aac,1738,2045094,2045094,"Pure Fiber Soluna - Double Ply Gossamer and Terry Bathrobe, Small/Medium, Teal",https://www.costco.com/.product.2045094.html,,,0,0,https://www.costco.com/clothing.html,9/27/2026 0:00
0e6661ad-e6cd-5b1a-82c3-45824236eaa2,1738,4000405568,4000405568,Pure Fiber Velour Dream Bathrobe,https://www.costco.com/.product.4000405568.html,,,0,0,https://www.costco.com/clothing.html,9/27/2026 0:00
de03c7ad-3976-54be-a48d-61be843a8663,1738,1990915,1990915,"Pure Fiber Velour Dream Bathrobe, Small, White",https://www.costco.com/.product.1990915.html,,,0,0,https://www.costco.com/clothing.html,9/27/2026 0:00
ceadea88-a042-5d1c-b032-ab5de8017141,1738,1990916,1990916,"Pure Fiber Velour Dream Bathrobe, Small, Blue",https://www.costco.com/.product.1990916.html,,,0,0,https://www.costco.com/clothing.html,9/27/2026 0:00
403fcc68-1b5a-5293-9e3c-4b969d071b12,1738,1990917,1990917,"Pure Fiber Velour Dream Bathrobe, Small, Gray",https://www.costco.com/.product.1990917.html,,,0,0,https://www.costco.com/clothing.html,9/27/2026 0:00
20c0e0c8-503d-5e0b-bceb-cfefd2d773fd,1738,1990918,1990918,"Pure Fiber Velour Dream Bathrobe, Medium, White",https://www.costco.com/.product.1990918.html,,,0,0,https://www.costco.com/clothing.html,9/27/2026 0:00
0bee9a5d-9ac2-5590-9faa-dbd23cbe420b,1738,1990919,1990919,"Pure Fiber Velour Dream Bathrobe, Medium, Blue",https://www.costco.com/.product.1990919.html,,,0,0,https://www.costco.com/clothing.html,9/27/2026 0:00
6aa993e5-357e-5957-b842-236700fc72a2,1738,4000405641,4000405641,Pure Fiber Serenity Organic Cotton Kimono Robe,https://www.costco.com/.product.4000405641.html,,,0,0,https://www.costco.com/clothing.html,9/27/2026 0:00
d45a1599-c0df-5646-9c16-bfba339c5ba8,1738,1990907,1990907,"Pure Fiber Serenity Organic Cotton Kimono Robe, Small/Medium, White",https://www.costco.com/.product.1990907.html,,,0,0,https://www.costco.com/clothing.html,9/27/2026 0:00
53556d2f-3962-5416-a2a5-0386b83b1722,1738,1990908,1990908,"Pure Fiber Serenity Organic Cotton Kimono Robe, Small/Medium, Black",https://www.costco.com/.product.1990908.html,,,0,0,https://www.costco.com/clothing.html,9/27/2026 0:00
52645a7c-8e63-5b5e-939a-515b5fc29bc1,1738,1990909,1990909,"Pure Fiber Serenity Organic Cotton Kimono Robe, Small/Medium, Brown",https://www.costco.com/.product.1990909.html,,,0,0,https://www.costco.com/clothing.html,9/27/2026 0:00
313fe405-fb91-50ce-8f8d-8c2a2c64f903,1738,1990910,1990910,"Pure Fiber Serenity Organic Cotton Kimono Robe, Small/Medium, Green",https://www.costco.com/.product.1990910.html,,,0,0,https://www.costco.com/clothing.html,9/27/2026 0:00
3df3d744-2c05-5a4b-a0b7-f46d5d956e06,1738,1990911,1990911,"Pure Fiber Serenity Organic Cotton Kimono Robe, Large/X-Large, White",https://www.costco.com/.product.1990911.html,,,0,0,https://www.costco.com/clothing.html,9/27/2026 0:00
cc11f630-480a-5b2c-9645-8fe7304fe3a6,1738,4000384766,4000384766,The North Face Duffel 71L,https://www.costco.com/.product.4000384766.html,,,0,0,https://www.costco.com/clothing.html,9/27/2026 0:00
9932fa45-58c5-5929-aab8-422103930ff2,1738,1965339,1965339,The North Face Duffel 71L,https://www.costco.com/.product.1965339.html,,,0,0,https://www.costco.com/clothing.html,9/27/2026 0:00
c3dcf8a1-8b88-5cce-bf16-7dcca0142a45,1738,4000418055,4000418055,"Kirkland Signature Men's Tencel Boxer Brief, 4-pack",https://www.costco.com/kirkland-signature-mens-tencel-boxer-brief-4-pack.product.4000418055.html,,,0,0,https://www.costco.com/mens-clothing.html,9/27/2026 0:00
ddf0ef10-8197-5907-9b0d-b1225eb2630c,1738,2042865,2042865,"MacBook Air Laptop (13-inch) - Apple M5 Chip, Built for Apple Intelligence, 10-core CPU, 8-core GPU, 16GB Memory, 512GB SSD Storage, Sky Blue",https://www.costco.com/.product.2042865.html,,,0,0,https://www.costco.com/computers.html,9/27/2026 0:00
44e5430b-f4ee-59b8-a0ef-82b62e1dc828,1738,2042867,2042867,"MacBook Air Laptop (13-inch) - Apple M5 Chip, Built for Apple Intelligence, 10-core CPU, 10-core GPU, 16GB Memory, 1TB SSD Storage, Midnight",https://www.costco.com/.product.2042867.html,,,0,0,https://www.costco.com/computers.html,9/27/2026 0:00
0a7eb739-748a-52d2-9f71-a3c9d2c227e7,1738,2046717,2046717,"MacBook Neo Laptop (13-inch) - Apple A18 Pro chip, Built for Apple Intelligence, 6-core CPU, 5-core GPU, 8GB Memory, 256GB SSD Storage, Indigo",https://www.costco.com/.product.2046717.html,,,0,0,https://www.costco.com/computers.html,9/27/2026 0:00
140534a7-4b3d-56c5-91da-c7fba452e4bc,1738,1782904,1782904,"DPS Encode 3D Insight Gaming Chair, Black",https://www.costco.com/.product.1782904.html,,,0,0,https://www.costco.com/computers.html,9/27/2026 0:00
8c73d7af-bfe9-5883-95de-d3864c6df238,1738,1831183,1831183,"Sony PlayStation Portal Remote Player Bundle, White",https://www.costco.com/.product.1831183.html,,,0,0,https://www.costco.com/computers.html,9/27/2026 0:00
8200c5b1-d746-5eef-9f05-78b6fba76dad,1738,4201033147,4201033147,Logitech MX Performance Keyboard and Mouse Combo,https://www.costco.com/logitech-mx-performance-keyboard-and-mouse-combo.product.4201033147.html,,,0,0,https://www.costco.com/computer-accessories.html,9/27/2026 0:00
a649ae2b-cb50-5292-bff7-05df2aabd48a,1738,4000449806,4000449806,"UltraPro Elite 8-outlet Surge Protector, 2-pack",https://www.costco.com/ultrapro-elite-8-outlet-surge-protector-2-pack.product.4000449806.html,,,0,0,https://www.costco.com/computer-accessories.html,9/27/2026 0:00
d7716033-3360-5338-88a1-07f0150ef6e8,1738,4000363784,4000363784,Dell Tower Desktop - Intel Core Ultra 5 225 - 16GB RAM - 512GB SSD - Windows 11 Home,https://www.costco.com/dell-tower-desktop---intel-core-ultra-5-225---16gb-ram---512gb-ssd---windows-11-home.product.4000363784.html,,,0,0,https://www.costco.com/desktops-servers.html,9/27/2026 0:00
af014605-4954-534b-adfd-9703ca5e26c1,1738,4000445406,4000445406,CyberPowerPC Gamer Xtreme Gaming Desktop - Intel Core Ultra 5 225F - GeForce RTX 5060 - 32GB RAM - 1TB SSD - Windows 11,https://www.costco.com/cyberpowerpc-gamer-xtreme-gaming-desktop---intel-core-ultra-5-225f---geforce-rtx-5060---32gb-ram---1tb-ssd---windows-11.product.4000445406.html,,,0,0,https://www.costco.com/desktops-servers.html,9/27/2026 0:00
8d196e21-7358-5b7a-820a-f1f94c815dc4,1738,4000375972,4000375972,MSI Codex R2 Gaming Desktop - Intel Core Ultra 7 265 - NVIDIA RTX 5060 Ti 8GB - Windows 11 Home - 32GB RAM - 2TB SSD,https://www.costco.com/msi-codex-r2-gaming-desktop---intel-core-ultra-7-265---nvidia-rtx-5060-ti-8gb---windows-11-home---32gb-ram---2tb-ssd.product.4000375972.html,,,0,0,https://www.costco.com/desktops-servers.html,9/27/2026 0:00
e9fc5c95-a8ce-57fe-92aa-4c9d3522af8c,1738,4000449752,4000449752,"iBUYPOWER Element Gaming PC Desktop - AMD Ryzen 7 9800X3D - NVIDIA GeForce RTX 5070 12GB - 32GB RAM, 2TB SSD",https://www.costco.com/ibuypower-element-gaming-pc-desktop---amd-ryzen-7-9800x3d---nvidia-geforce-rtx-5070-12gb---32gb-ram-2tb-ssd.product.4000449752.html,,,0,0,https://www.costco.com/desktops-servers.html,9/27/2026 0:00
32abf643-9e13-5a70-bf16-530405bab3c7,1738,4000355760,4000355760,MSI Aegis Gaming Desktop - AMD Ryzen 9 9900X - GeForce RTX 5080 - Windows 11 Home - 32GB RAM - 2TB SSD,https://www.costco.com/msi-aegis-gaming-desktop---amd-ryzen-9-9900x---geforce-rtx-5080---windows-11-home---32gb-ram---2tb-ssd.product.4000355760.html,,,0,0,https://www.costco.com/desktops-servers.html,9/27/2026 0:00
8dc51660-b506-53dc-a1b5-09b9969d5fcd,1738,4201000972,4201000972,"HP OmniStudio 27"" Touchscreen All-in-One Desktop - Intel Core Ultra 5 325 - Copilot+ PC - FHD (1920 x 1080) - 16GB RAM - 1TB SSD - Windows 11 Home",https://www.costco.com/hp-omnistudio-27-touchscreen-all-in-one-desktop---intel-core-ultra-5-325---copilot-pc---fhd-1920-x-1080---16gb-ram---1tb-ssd---windows-11-home.product.4201000972.html,,,0,0,https://www.costco.com/desktops-servers.html,9/27/2026 0:00
92585cfc-6a02-5c88-9285-a966417c2e97,1738,4000225180,4000225180,"iMac All-in-One Desktop Computer (24-inch) - Apple M4 chip, Built for Apple Intelligence, 8-core CPU, 8-core GPU, 16GB Memory, 256GB SSD Storage",https://www.costco.com/imac-all-in-one-desktop-computer-24-inch---apple-m4-chip-built-for-apple-intelligence-8-core-cpu-8-core-gpu-16gb-memory-256gb-ssd-storage.product.4000225180.html,,,0,0,https://www.costco.com/desktops-servers.html,9/27/2026 0:00
7fad782c-f839-5511-9029-5c631fafec6e,1738,4000444297,4000444297,"Mac mini Desktop Computer - Apple M6 chip, Built for Apple Intelligence, 12-core CPU, 12-core GPU, 16GB Memory, 256GB SSD Storage",https://www.costco.com/mac-mini-desktop-computer---apple-m6-chip-built-for-apple-intelligence-12-core-cpu-12-core-gpu-16gb-memory-256gb-ssd-storage.product.4000444297.html,,,0,0,https://www.costco.com/desktops-servers.html,9/27/2026 0:00
7221b085-7020-5851-a70e-a8f0f45996d5,1738,4000279578,4000279578,"SanDisk Extreme Go Portable SSD, 2TB",https://www.costco.com/sandisk-extreme-go-portable-ssd-2tb.product.4000279578.html,,,0,0,https://www.costco.com/hard-drives-memory.html,9/27/2026 0:00
3ed1f44a-6707-5de8-8be1-8a1662d599ae,1738,4201023303,4201023303,"HP OmniBook 3 14"" Next Gen AI Laptop - Qualcomm Snapdragon X - Copilot+ PC - 2K OLED (1920 x 1200) - 16GB Memory - 512GB SSD - Windows 11 Home",https://www.costco.com/hp-omnibook-3-14-next-gen-ai-laptop---qualcomm-snapdragon-x---copilot-pc---2k-oled-1920-x-1200---16gb-memory---512gb-ssd---windows-11-home.product.4201023303.html,,,0,0,https://www.costco.com/laptops.html,9/27/2026 0:00
1139db96-5e89-5872-ab0c-6938d3d79be2,1738,4000447603,4000447603,"MacBook Neo Laptop (13-inch) - Apple A18 Pro Chip, Built for Apple Intelligence, 6-core CPU, 5-core GPU, 8GB Memory, 256GB SSD Storage",https://www.costco.com/macbook-neo-laptop-13-inch---apple-a18-pro-chip-built-for-apple-intelligence-6-core-cpu-5-core-gpu-8gb-memory-256gb-ssd-storage.product.4000447603.html,,,0,0,https://www.costco.com/laptops.html,9/27/2026 0:00
7beb75d2-1c5b-5fb8-81c3-0515d0e490e6,1738,4000355164,4000355164,"HP OmniBook 7 Flip 16"" 2-in-1 AI Laptop - Intel Evo Platform Powered by Intel Core Ultra 7 258V - Copilot+ PC - 3K OLED Touchscreen - 32GB Memory - 1TB SSD - Windows 11 Home",https://www.costco.com/hp-omnibook-7-flip-16-2-in-1-ai-laptop---intel-evo-platform-powered-by-intel-core-ultra-7-258v---copilot-pc---3k-oled-touchscreen---32gb-memory---1tb-ssd---windows-11-home.product.4000355164.html,,,0,0,https://www.costco.com/laptops.html,9/27/2026 0:00
019cdda0-daf6-5c77-aea3-34259c900a1a,1738,4000446220,4000446220,"Acer Aspire 16"" AI Copilot+ PC Touchscreen Laptop - Intel Core Ultra 5 processor 226V - WUXGA (1920 x 1200) Touchscreen - 16GB RAM - 1TB SSD - Windows 11 Home - Steel Gray",https://www.costco.com/acer-aspire-16-ai-copilot-pc-touchscreen-laptop---intel-core-ultra-5-processor-226v---wuxga-1920-x-1200-touchscreen---16gb-ram---1tb-ssd---windows-11-home---steel-gray.product.4000446220.html,,,0,0,https://www.costco.com/laptops.html,9/27/2026 0:00
7f2ceb73-683b-57f8-8778-eb3dd6cab71c,1738,4000444336,4000444336,"MacBook Air Laptop (13-inch) with Apple M5 Chip, Built for Apple Intelligence",https://www.costco.com/macbook-air-laptop-13-inch-with-apple-m5-chip-built-for-apple-intelligence.product.4000444336.html,,,0,0,https://www.costco.com/laptops.html,9/27/2026 0:00
53a6b081-3f95-57ac-9400-75a5107025dd,1738,4201037353,4201037353,"Acer Aspire Go 15.6"" Touchscreen Laptop – AMD Ryzen 5 40 Processor – FHD (1920 x 1080) – 16GB RAM - 1TB SSD - Windows 11 Home - Steam Blue",https://www.costco.com/acer-aspire-go-156-touchscreen-laptop--amd-ryzen-5-40-processor--fhd-1920-x-1080--16gb-ram---1tb-ssd---windows-11-home---steam-blue.product.4201037353.html,,,0,0,https://www.costco.com/laptops.html,9/27/2026 0:00
fb45b057-abfe-531c-82e1-b54c8bf34671,1738,4201032687,4201032687,"Dell Plus 16"" Touchscreen Laptop - Intel Core Ultra 7 256V Processor - FHD (1920 x 1080) - 16GB RAM - 512GB SSD - Windows 11 Home - Ice Blue",https://www.costco.com/dell-plus-16-touchscreen-laptop---intel-core-ultra-7-256v-processor---fhd-1920-x-1080---16gb-ram---512gb-ssd---windows-11-home---ice-blue.product.4201032687.html,,,0,0,https://www.costco.com/laptops.html,9/27/2026 0:00
8298d1f4-1334-5658-a6f9-0a8d11c4681c,1738,4201011710,4201011710,"Lenovo IdeaPad Slim 5i 16"" Touchscreen Copilot+ PC Laptop - WUXGA (1920 x 1200) - Intel Core Ultra 5 Processor - 16GB RAM - 512GB SSD - Windows 11 Home - Cosmic Blue",https://www.costco.com/lenovo-ideapad-slim-5i-16-touchscreen-copilot-pc-laptop----wuxga-1920-x-1200---intel-core-ultra-5-processor---16gb-ram---512gb-ssd---windows-11-home---cosmic-blue.product.4201011710.html,,,0,0,https://www.costco.com/laptops.html,9/27/2026 0:00
8f9bd7fd-2ea5-5617-a7da-3e612c3a71f5,1738,4201002837,4201002837,"Lenovo IdeaPad 5 2-in-1 14"" Touchscreen Laptop - Ryzen AI 7 445 Processor - WUXGA (1920 x 1200) - 16GB RAM - 1TB SSD - Windows 11 Home - Digital Pen Included",https://www.costco.com/lenovo-ideapad-5-2-in-1-14-touchscreen-laptop----ryzen-ai-7-445-processor---wuxga-1920-x-1200---16gb-ram---1tb-ssd----windows-11-home---digital-pen-included.product.4201002837.html,,,0,0,https://www.costco.com/laptops.html,9/27/2026 0:00
3dd3117e-40f9-5852-8cb7-11632a57d91c,1738,4000444232,4000444232,"MacBook Air Laptop (15-inch) with Apple M5 Chip, Built for Apple Intelligence",https://www.costco.com/macbook-air-laptop-15-inch-with-apple-m5-chip-built-for-apple-intelligence.product.4000444232.html,,,0,0,https://www.costco.com/laptops.html,9/27/2026 0:00
5e778234-00fa-5610-a94f-a0dd694122a9,1738,4000445388,4000445388,"MSI Prestige 16 AI+ Copilot+ Laptop - 16"" OLED 2880 x 1800 Touchscreen - Intel Core Ultra X7 358H - 32GB RAM - 1TB SSD - Windows 11",https://www.costco.com/msi-prestige-16-ai-copilot-laptop---16-oled-2880-x-1800-touchscreen---intel-core-ultra-x7-358h---32gb-ram---1tb-ssd---windows-11.product.4000445388.html,,,0,0,https://www.costco.com/laptops.html,9/27/2026 0:00
713a76e1-a952-543f-9fce-cbdf3b365b5d,1738,4000446283,4000446283,"Lenovo IdeaPad Slim 5i 16"" Touchscreen Laptop - Intel Core Ultra 7 355 - WUXGA 1920 x 1200 - 16GB RAM - 1TB SSD - Windows 11 Home",https://www.costco.com/lenovo-ideapad-slim-5i-16-touchscreen-laptop---intel-core-ultra-7-355---wuxga-1920-x-1200---16gb-ram----1tb-ssd---windows-11-home.product.4000446283.html,,,0,0,https://www.costco.com/laptops.html,9/27/2026 0:00
a4db384c-53c6-5def-8919-3bb4501898c4,1738,4000448442,4000448442,"Lenovo IdeaPad 5i 2-in-1 15.3"" Touchscreen Copilot+PC - Core Ultra 7 355 - WUXGA (1920 x 1200) - 16GB RAM - 1TB SSD - Windows 11 Home - Digital Pen Included",https://www.costco.com/lenovo-ideapad-5i-2-in-1-153-touchscreen-copilotpc---core-ultra-7-355---wuxga-1920-x-1200---16gb-ram---1tb-ssd---windows-11-home---digital-pen-included.product.4000448442.html,,,0,0,https://www.costco.com/laptops.html,9/27/2026 0:00
f0698f65-8992-5a77-a971-28987301ff45,1738,4201015412,4201015412,"Alienware 15.3"" Gaming Laptop - AMD Ryzen 7 260 Processor - NVIDIA GeForce RTX 5060 - 16GB RAM - WUXGA (1920 x 1200) 165Hz Display - 1TB SSD - Windows 11 Home",https://www.costco.com/alienware-153-gaming-laptop---amd-ryzen-7-260-processor---nvidia-geforce-rtx-5060---16gb-ram---wuxga-1920-x-1200-165hz-display---1tb-ssd---windows-11-home.product.4201015412.html,,,0,0,https://www.costco.com/laptops.html,9/27/2026 0:00
b822fd21-79e2-5165-8a13-4b0924ca4dd0,1738,4000370739,4000370739,"MacBook Pro Laptop (14-inch) - Apple M5 chip, Built for Apple Intelligence, 10-core CPU, 10-core GPU, 16GB Memory, 1TB SSD Storage",https://www.costco.com/macbook-pro-laptop-14-inch---apple-m5-chip-built-for-apple-intelligence-10-core-cpu-10-core-gpu-16gb-memory-1tb-ssd-storage.product.4000370739.html,,,0,0,https://www.costco.com/laptops.html,9/27/2026 0:00
0f0af71e-4c0e-5f0b-80ed-60fa7dad5c96,1738,4000061905,4000061905,"Lenovo Legion 5 15.3"" Gaming Laptop - Ryzen AI 9 465 - GeForce RTX 5070 - WQXGA (2560 x 1600) - 32GB RAM - 1TB SSD - Windows 11 Home",https://www.costco.com/lenovo-legion-5-153-gaming-laptop----ryzen-ai-9-465---geforce-rtx-5070---wqxga-2560-x-1600---32gb-ram---1tb-ssd----windows-11-home.product.4000061905.html,,,0,0,https://www.costco.com/laptops.html,9/27/2026 0:00
3f1e62b0-d5b2-5908-8c51-74a364d6c1c0,1738,4201013672,4201013672,"Galaxy Book4 Edge 14"" Copilot+ PC Touchscreen Laptop - Snapdragon X Elite (12 Core) - Dynamic AMOLED 2X WQXGA+ (2880 x 1800) - 16GB RAM - 512GB SSD - Windows 11 Home",https://www.costco.com/galaxy-book4-edge-14-copilot-pc-touchscreen-laptop---snapdragon-x-elite-12-core---dynamic-amoled-2x-wqxga-2880-x-1800---16gb-ram---512gb-ssd---windows-11-home.product.4201013672.html,,,0,0,https://www.costco.com/laptops.html,9/27/2026 0:00
9179d7fc-6aea-5cb0-bf2c-35b634c8d056,1738,4201002121,4201002121,"HP OmniBook X 14"" Touchscreen Laptop - Intel Core Ultra 7 355 - Copilot+ PC - 3K (2880 x 1800) OLED - 16GB RAM - 1TB SSD - Windows 11 Home",https://www.costco.com/hp-omnibook-x-14-touchscreen-laptop---intel-core-ultra-7-355---copilot-pc---3k-2880-x-1800-oled---16gb-ram---1tb-ssd---windows-11-home.product.4201002121.html,,,0,0,https://www.costco.com/laptops.html,9/27/2026 0:00
9d91610a-7630-59b8-ac3a-d2478dae5fa5,1738,4201002266,4201002266,"HP OmniBook 5 16"" Touchscreen Laptop - Qualcomm Snapdragon X Plus (8 core) - Copilot+ PC - 2K OLED (1920 x 1200) - 16GB RAM - 1TB SSD - Windows 11 Home",https://www.costco.com/hp-omnibook-5-16-touchscreen-laptop---qualcomm-snapdragon-x-plus-8-core---copilot-pc---2k-oled-1920-x-1200---16gb-ram---1tb-ssd---windows-11-home.product.4201002266.html,,,0,0,https://www.costco.com/laptops.html,9/27/2026 0:00
c2f2d409-792f-5f78-8124-d74fb048476c,1738,4201007940,4201007940,"HP HyperX OMEN 15.3"" Gaming Laptop - Intel Core Ultra 9 275HX - GeForce RTX 5070 - 2.5K (2560 x 1600) 180Hz - 32GB RAM - 1TB SSD - Windows 11 Home",https://www.costco.com/hp-hyperx-omen-153-gaming-laptop---intel-core-ultra-9-275hx---geforce-rtx-5070---25k-2560-x-1600-180hz---32gb-ram---1tb-ssd---windows-11-home.product.4201007940.html,,,0,0,https://www.costco.com/laptops.html,9/27/2026 0:00
f6d07d22-fb66-5ed8-8a66-b13d23f45b10,1738,4201002147,4201002147,"HP OmniBook 3 17.3"" Touchscreen Laptop - Intel Core Ultra 5 322 - Copilot+ PC - FHD (1920 x 1080) - 16GB RAM - 512GB SSD - Windows 11 Home",https://www.costco.com/hp-omnibook-3-173-touchscreen-laptop---intel-core-ultra-5-322---copilot-pc---fhd-1920-x-1080---16gb-ram---512gb-ssd---windows-11-home.product.4201002147.html,,,0,0,https://www.costco.com/laptops.html,9/27/2026 0:00
40050860-6d7c-5f58-a1e8-4d12e529abc5,1738,4000444288,4000444288,"MacBook Pro Laptop (16-inch) - Apple M5 Pro Chip, Built for Apple Intelligence, 18-core CPU, 20-core GPU, 24GB Memory, 1TB SSD Storage",https://www.costco.com/macbook-pro-laptop-16-inch---apple-m5-pro-chip-built-for-apple-intelligence-18-core-cpu-20-core-gpu-24gb-memory-1tb-ssd-storage.product.4000444288.html,,,0,0,https://www.costco.com/laptops.html,9/27/2026 0:00
cabe582b-de19-5199-8bb4-e44bf457c754,1738,4000444264,4000444264,"MacBook Pro Laptop (14-inch) - Apple M5 Pro Chip, Built for Apple Intelligence, 15-core CPU, 16-core GPU, 24GB Memory, 1TB SSD Storage",https://www.costco.com/macbook-pro-laptop-14-inch---apple-m5-pro-chip-built-for-apple-intelligence-15-core-cpu-16-core-gpu-24gb-memory-1tb-ssd-storage.product.4000444264.html,,,0,0,https://www.costco.com/laptops.html,9/27/2026 0:00
3cf102b4-dac4-58cf-846a-52e9407cdf2c,1738,4201003708,4201003708,"HP OmniBook 5 16"" Touchscreen Laptop - Intel Core Ultra 9 386H - Copilot+ PC - 2K OLED (1920 x 1200) - 32GB RAM - 1TB SSD - Windows 11 Home",https://www.costco.com/hp-omnibook-5-16-touchscreen-laptop---intel-core-ultra-9-386h---copilot-pc---2k-oled-1920-x-1200---32gb-ram---1tb-ssd---windows-11-home.product.4201003708.html,,,0,0,https://www.costco.com/laptops.html,9/27/2026 0:00
a355fc5c-b16d-53c4-b759-c6418929da0a,1738,4201002558,4201002558,"ASUS ROG Strix G18 18"" Gaming Laptop - Intel Core Ultra 9 290HX PLUS - NVIDIA® GeForce RTX 5060, 2.5K 300Hz/3ms ROG Nebula Display - 32GB RAM, 1TB SSD - Windows 11 Home",https://www.costco.com/asus-rog-strix-g18-18-gaming-laptop---intel-core-ultra-9-290hx-plus---nvidia-geforce-rtx-5060-25k-300hz3ms-rog-nebula-display---32gb-ram-1tb-ssd---windows-11-home.product.4201002558.html,,,0,0,https://www.costco.com/laptops.html,9/27/2026 0:00
f5f7c9eb-4c8a-5688-8a88-797a7783937f,1738,4201000935,4201000935,"Lenovo IdeaPad Pro 5i 16"" TouchScreen Laptop - Intel Core Ultra 9 386H Processor - NVIDIA GeForce RTX 5050 - 32GB RAM - 1TB SSD - Windows 11 Home",https://www.costco.com/lenovo-ideapad-pro-5i-16-touchscreen-laptop---intel-core-ultra-9-386h-processor---nvidia-geforce-rtx-5050---32gb-ram----1tb-ssd---windows-11-home.product.4201000935.html,,,0,0,https://www.costco.com/laptops.html,9/27/2026 0:00
1e22d04c-eae5-5e55-ab5e-0c5a34ab3fea,1738,4000394200,4000394200,"LG 34"" WQHD 120Hz Curved Ultrawide Monitor",https://www.costco.com/lg-34-wqhd-120hz-curved-ultrawide-monitor.product.4000394200.html,,,0,0,https://www.costco.com/monitors.html,9/27/2026 0:00
013dd2d8-531b-5714-b02e-9a7605c272ff,1738,4201021105,4201021105,"MSI 27"" Gaming QHD QD-OLED 240Hz 0.03ms NVIDIA G-Sync & AMD FreeSync Monitor",https://www.costco.com/msi-27-gaming-qhd-qd-oled-240hz-003ms-nvidia-g-sync--amd-freesync-monitor.product.4201021105.html,,,0,0,https://www.costco.com/monitors.html,9/27/2026 0:00
6d4fe8d8-d367-5110-8b7d-9c3aa623256e,1738,4000434487,4000434487,"LG 27"" Full HD 100Hz Monitor with HDR 10 and USB Type-C 15W P",https://www.costco.com/lg-27-full-hd-100hz-monitor-with-hdr-10-and-usb-type-c-15w-p.product.4000434487.html,,,0,0,https://www.costco.com/monitors.html,9/27/2026 0:00
c8530159-b870-56c0-a391-7b6b2c58a5ea,1738,4000319402,4000319402,"Acer 15.6"" Portable Monitor",https://www.costco.com/acer-156-portable-monitor.product.4000319402.html,,,0,0,https://www.costco.com/monitors.html,9/27/2026 0:00
c1728c72-36e0-5ada-9682-359599337c5b,1738,4201018429,4201018429,"Acer Nitro 31.5"" Class 180Hz WQHD Curved Gaming Monitor",https://www.costco.com/acer-nitro-315-class-180hz-wqhd-curved-gaming-monitor.product.4201018429.html,,,0,0,https://www.costco.com/monitors.html,9/27/2026 0:00
4931ea92-5117-5439-ac7a-edef1dd8bd84,1738,4201035515,4201035515,"34"" ViewFinity S5 Ultrawide QHD 120Hz Curved Monitor",https://www.costco.com/34-viewfinity-s5-ultrawide-qhd-120hz-curved-monitor.product.4201035515.html,,,0,0,https://www.costco.com/monitors.html,9/27/2026 0:00
ba6625ef-0300-5beb-abed-3f905fe99f36,1738,4000383692,4000383692,DPS Encode 3D Insight Gaming Chair,https://www.costco.com/dps-encode-3d-insight-gaming-chair.product.4000383692.html,,,0,0,https://www.costco.com/pc-gaming.html,9/27/2026 0:00
3a68c864-7125-5aee-82a1-416f7d972b8a,1738,4000371942,4000371942,Sony PlayStation Portal Remote Player Bundle,https://www.costco.com/sony-playstation-portal-remote-player-bundle.product.4000371942.html,,,0,0,https://www.costco.com/pc-gaming.html,9/27/2026 0:00
8ec577a1-c166-5953-a381-c8fa6734cb2f,1738,4201002581,4201002581,DPS Recon Gaming Office Chair,https://www.costco.com/dps-recon-gaming-office-chair.product.4201002581.html,,,0,0,https://www.costco.com/pc-gaming.html,9/27/2026 0:00
912aebaf-06f2-5d56-8ce2-55d700779726,1738,4201003302,4201003302,"TP-Link Deco 7 Pro BE13000 Tri-Band Wi-Fi 7 Whole Home Mesh Router System, 3-Pack",https://www.costco.com/tp-link-deco-7-pro-be13000-tri-band-wi-fi-7-whole-home-mesh-router-system-3-pack.product.4201003302.html,,,0,0,https://www.costco.com/routers-networking.html,9/27/2026 0:00
dafbe6ea-e06e-5d85-9375-620515070283,1738,4000285678,4000285678,"iPad, 128GB Wi-Fi (A16 chip)",https://www.costco.com/ipad-128gb-wi-fi-a16-chip.product.4000285678.html,,,0,0,https://www.costco.com/tablet-computers-accessories.html,9/27/2026 0:00
23d4efe5-1969-5a19-8c1c-bd7a206a253c,1738,4000427075,4000427075,"Samsung Galaxy Tab A11+ 11.0"" Wi-Fi Tablet 128GB - Includes Book Cover",https://www.costco.com/samsung-galaxy-tab-a11-110-wi-fi-tablet-128gb---includes-book-cover.product.4000427075.html,,,0,0,https://www.costco.com/tablet-computers-accessories.html,9/27/2026 0:00
99657501-8d52-57e7-991e-3b953d6d267e,1738,4000370781,4000370781,Samsung Galaxy Tab S10 FE 10.9” Wi-Fi Tablet 128GB – Includes S Pen and Book Cover Keyboard,https://www.costco.com/samsung-galaxy-tab-s10-fe-109-wi-fi-tablet-128gb--includes-s-pen-and-book-cover-keyboard.product.4000370781.html,,,0,0,https://www.costco.com/tablet-computers-accessories.html,9/27/2026 0:00
db8014b0-a89e-5832-ac42-02105a978b25,1738,4000285631,4000285631,"iPad, 256GB Wi-Fi (A16 chip)",https://www.costco.com/ipad-256gb-wi-fi-a16-chip.product.4000285631.html,,,0,0,https://www.costco.com/tablet-computers-accessories.html,9/27/2026 0:00
8619b556-a094-51d4-ad40-28efbf2789b4,1738,4000444349,4000444349,"iPad Air 11-inch, 128GB Wi-Fi (M4 chip) Built For Apple Intelligence",https://www.costco.com/ipad-air-11-inch-128gb-wi-fi-m4-chip-built-for-apple-intelligence.product.4000444349.html,,,0,0,https://www.costco.com/tablet-computers-accessories.html,9/27/2026 0:00
6e23bd4d-5072-55f7-9834-81a01cfa5c1d,1738,4000366725,4000366725,"iPad Pro 13-inch, 256GB Wi-Fi (M5 chip) Built For Apple Intelligence",https://www.costco.com/ipad-pro-13-inch-256gb-wi-fi-m5-chip-built-for-apple-intelligence.product.4000366725.html,,,0,0,https://www.costco.com/tablet-computers-accessories.html,9/27/2026 0:00
84468569-e96d-58ad-9c71-c0b3d7a6fc7e,1738,4000285636,4000285636,"iPad Pro 11-inch, 256GB Wi-Fi (M5 chip) Built For Apple Intelligence",https://www.costco.com/ipad-pro-11-inch-256gb-wi-fi-m5-chip-built-for-apple-intelligence.product.4000285636.html,,,0,0,https://www.costco.com/tablet-computers-accessories.html,9/27/2026 0:00
dbf150b5-f9a6-5149-8167-276fcbb97f19,1738,4000276944,4000276944,Magic Keyboard — White iPad Air 11-inch,https://www.costco.com/magic-keyboard--white-ipad-air-11-inch.product.4000276944.html,,,0,0,https://www.costco.com/tablet-computers-accessories.html,9/27/2026 0:00
c18f9125-7151-5343-8c48-adf8a587a922,1738,4000276952,4000276952,Magic Keyboard for iPad Pro 13‑inch - US English,https://www.costco.com/magic-keyboard-for-ipad-pro-13inch---us-english.product.4000276952.html,,,0,0,https://www.costco.com/tablet-computers-accessories.html,9/27/2026 0:00
0aaffa75-52c0-54e4-833b-d3cd76fbe7ab,1738,4000276943,4000276943,Magic Keyboard — White iPad Air 13-inch,https://www.costco.com/magic-keyboard--white-ipad-air-13-inch.product.4000276943.html,,,0,0,https://www.costco.com/tablet-computers-accessories.html,9/27/2026 0:00
1e572ad0-d6a9-5800-be1f-7ea060fc01b9,1738,4000276972,4000276972,Magic Keyboard for iPad Pro 11‑inch - US English,https://www.costco.com/magic-keyboard-for-ipad-pro-11inch---us-english.product.4000276972.html,,,0,0,https://www.costco.com/tablet-computers-accessories.html,9/27/2026 0:00
ac9c5fbe-c255-5e0e-97fe-65cc44dafb0e,1738,1861704,1861704,Thomasville Fallon Modular Sectional 6-piece Gray with Ottoman,https://www.costco.com/.product.1861704.html,,,0,0,https://www.costco.com/costco-direct.html,9/27/2026 0:00
46198093-bce9-57e3-8019-86a0ed020145,1738,1947401,1947401,Lifetime 170-Gallon Resin Outdoor Storage Deck Box,https://www.costco.com/.product.1947401.html,,,0,0,https://www.costco.com/costco-direct.html,9/27/2026 0:00
b99052f6-63a0-5f61-a4d0-f16d612ccbb1,1738,1862180,1862180,Coddle Luke Sleeper Sectional with Reversible Chaise and Storage,https://www.costco.com/.product.1862180.html,,,0,0,https://www.costco.com/costco-direct.html,9/27/2026 0:00
f8c41643-e875-5c75-921f-af34e51afe4c,1738,1902493,1902493,Yardistry 8' x 7' Greenhouse,https://www.costco.com/.product.1902493.html,,,0,0,https://www.costco.com/costco-direct.html,9/27/2026 0:00
2b4ce666-6bd2-5eb3-b08e-e65021fabb75,1738,1695459,1695459,"Henredon Murphy Swivel Boucle Chair, Cream",https://www.costco.com/.product.1695459.html,,,0,0,https://www.costco.com/costco-direct.html,9/27/2026 0:00
30e43e4e-e803-56b9-b7dc-e6593a1cc6e7,1738,2092119,2092119,"THOR Kitchen 48"" 6.8 cu. ft. Professional Double Oven Gas Range, Matte Black",https://www.costco.com/.product.2092119.html,,,0,0,https://www.costco.com/costco-direct.html,9/27/2026 0:00
d66a5fa4-6d23-5a31-b108-c0356d1341a0,1738,2092120,2092120,"THOR Kitchen 48"" 6.8 cu. ft. Professional Double Oven Gas Range, Stainless Steel",https://www.costco.com/.product.2092120.html,,,0,0,https://www.costco.com/costco-direct.html,9/27/2026 0:00
8012ec55-8dd1-554e-9aa1-81c933d1d61f,1738,2092122,2092122,"THOR Kitchen 17.5 cu. ft. 30""  French Door Refrigerator, Stainless Steel",https://www.costco.com/.product.2092122.html,,,0,0,https://www.costco.com/costco-direct.html,9/27/2026 0:00
214bbbd0-1c83-5120-bf3f-d85bf41f7e6c,1738,1783227,1783227,Holley Oversized Fabric Accent Chair with Storage Ottoman,https://www.costco.com/.product.1783227.html,,,0,0,https://www.costco.com/costco-direct.html,9/27/2026 0:00
329af4ae-6ea2-5116-9429-46d9cf00a753,1738,1900568,1900568,"Sealy Posturepedic Pro Lincoln Heights 14"" Firm, Medium, or Plush Mattress, Firm Full",https://www.costco.com/.product.1900568.html,,,0,0,https://www.costco.com/costco-direct.html,9/27/2026 0:00
9043da04-e8d9-5a7e-a271-eeab0fb0f9e2,1738,1900569,1900569,"Sealy Posturepedic Pro Lincoln Heights 14"" Firm, Medium, or Plush Mattress, Firm Queen",https://www.costco.com/.product.1900569.html,,,0,0,https://www.costco.com/costco-direct.html,9/27/2026 0:00
59fc7bd8-7043-5735-9e06-3cfb63c2d009,1738,1900570,1900570,"Sealy Posturepedic Pro Lincoln Heights 14"" Firm, Medium, or Plush Mattress, Firm King",https://www.costco.com/.product.1900570.html,,,0,0,https://www.costco.com/costco-direct.html,9/27/2026 0:00
f4a34f10-add3-5b32-8051-efafccd5d900,1738,2045147,2045147,"Sealy Posturepedic Pro Lincoln Heights 14"" Firm, Medium, or Plush Mattress, Medium Queen",https://www.costco.com/.product.2045147.html,,,0,0,https://www.costco.com/costco-direct.html,9/27/2026 0:00
57d20b02-759f-54b0-8087-bd26804406f5,1738,2045148,2045148,"Sealy Posturepedic Pro Lincoln Heights 14"" Firm, Medium, or Plush Mattress, Medium, King",https://www.costco.com/.product.2045148.html,,,0,0,https://www.costco.com/costco-direct.html,9/27/2026 0:00
6cd116d1-4912-5f44-9150-522d60eed1ea,1738,2092124,2092124,"THOR Kitchen 20.3 cu. ft. 36"" French Door Refrigerator, Stainless Steel",https://www.costco.com/.product.2092124.html,,,0,0,https://www.costco.com/costco-direct.html,9/27/2026 0:00
a759604a-0799-5b62-976e-79ed6829bc33,1738,1812332,1812332,"Henredon Murphy Swivel Boucle Chair, Gray",https://www.costco.com/.product.1812332.html,,,0,0,https://www.costco.com/costco-direct.html,9/27/2026 0:00
1b1d98f4-22e2-5574-9697-3834b541e1db,1738,1861850,1861850,"Henredon Murphy Fabric 6-piece Modular Sectional with Ottoman, Beige",https://www.costco.com/.product.1861850.html,,,0,0,https://www.costco.com/costco-direct.html,9/27/2026 0:00
471e7169-1165-584b-a340-f0a7ea0b5a45,1738,1723204,1723204,"Novaform 14” ComfortGrande Advanced Gel Memory Foam Mattress, King",https://www.costco.com/.product.1723204.html,,,0,0,https://www.costco.com/costco-direct.html,9/27/2026 0:00
d42c7cd1-b28e-5a0d-b0a3-cc75f79c22ba,1738,1723202,1723202,"Novaform 14” ComfortGrande Advanced Gel Memory Foam Mattress, Full",https://www.costco.com/.product.1723202.html,,,0,0,https://www.costco.com/costco-direct.html,9/27/2026 0:00
a084b560-109d-5d70-b68d-378aaf8dec1e,1738,1895900,1895900,"Novaform 14” ComfortGrande Advanced Gel Memory Foam Mattress, Twin XL",https://www.costco.com/.product.1895900.html,,,0,0,https://www.costco.com/costco-direct.html,9/27/2026 0:00
3eee9ce2-c9f5-526b-a91b-3a77b685f957,1738,1862067,1862067,"Henredon Murphy Fabric 6-piece Modular Sectional with Ottoman, Beige, Green",https://www.costco.com/.product.1862067.html,,,0,0,https://www.costco.com/costco-direct.html,9/27/2026 0:00
f40c75fd-79e9-5aac-a20e-e7a78d082c7e,1738,1783245,1783245,Thomasville Caler Convertible Sleeper Sectional with Storage,https://www.costco.com/.product.1783245.html,,,0,0,https://www.costco.com/costco-direct.html,9/27/2026 0:00
3ca68073-aff6-52a4-95c4-33b2c9331d9d,1738,1987843,1987843,"Sydney 6-piece Fabric Modular Sectional, Taupe",https://www.costco.com/.product.1987843.html,,,0,0,https://www.costco.com/costco-direct.html,9/27/2026 0:00
c8ffa20d-fc04-5981-bfd5-e17daa22a029,1738,1845205,1845205,"Kirkland Signature by Stearns & Foster 14"" Tight Top Lakeridge Mattress, Queen",https://www.costco.com/.product.1845205.html,,,0,0,https://www.costco.com/costco-direct.html,9/27/2026 0:00
7567d067-8cec-5658-bc8b-45e1f5391b76,1738,1845206,1845206,"Kirkland Signature by Stearns & Foster 14"" Tight Top Lakeridge Mattress, King",https://www.costco.com/.product.1845206.html,,,0,0,https://www.costco.com/costco-direct.html,9/27/2026 0:00
31527221-3013-53be-aae0-d3926a5c5785,1738,1845207,1845207,"Kirkland Signature by Stearns & Foster 14"" Tight Top Lakeridge Mattress, California King",https://www.costco.com/.product.1845207.html,,,0,0,https://www.costco.com/costco-direct.html,9/27/2026 0:00
a9cdcabb-c94d-5533-8ebc-6c977c9ea9bc,1738,1293824,1293824,Yardistry 12' x 16' Gazebo with Aluminum Roof,https://www.costco.com/.product.1293824.html,,,0,0,https://www.costco.com/costco-direct.html,9/27/2026 0:00
91775fb6-d257-5385-844e-b7083c07b2a1,1738,1812619,1812619,Emma Fabric Power Reclining Sectional with Power Footrest,https://www.costco.com/.product.1812619.html,,,0,0,https://www.costco.com/costco-direct.html,9/27/2026 0:00
1ef82c40-e968-5ea7-ad95-78d66524f989,1738,2042840,2042840,"Apple Watch Series 12 (GPS) 42mm Case with Sport Band (Size S/M), Hypertension Notifications, Sleep Score, Advanced Workout Metrics, Dark Bronze.",https://www.costco.com/.product.2042840.html,,,0,0,https://www.costco.com/apple-smart-watch.html,9/27/2026 0:00
84603582-527b-5d63-b820-4c927e9bc4f8,1738,2042843,2042843,"Apple Watch Series 12 (GPS) 46mm Case with Sport Band (Size M/L), Hypertension Notifications, Sleep Score, Advanced Workout Metrics - Space Gray",https://www.costco.com/.product.2042843.html,,,0,0,https://www.costco.com/apple-smart-watch.html,9/27/2026 0:00
44f12766-48a2-5b75-b253-0dfcb44acec0,1738,1778371,1778371,"Apple Watch SE 3 (GPS) 40mm Case with Sport Band (Size S/M), Starlight",https://www.costco.com/.product.1778371.html,,,0,0,https://www.costco.com/apple-smart-watch.html,9/27/2026 0:00
bf25f589-132c-57f9-9544-aa9b925f4423,1738,1926987,1926987,"SHOKZ OpenRun SE- Open-Ear Bluetooth Wireless Bone Conduction Sport Headphones, Standard - Indigo",https://www.costco.com/.product.1926987.html,,,0,0,https://www.costco.com/audio-video.html,9/27/2026 0:00
39a14e66-9da2-5391-8fc5-785503ccf14a,1738,2058979,2058979,"Bose QuietComfort SC Headphones (2nd Gen), Blue Dusk",https://www.costco.com/.product.2058979.html,,,0,0,https://www.costco.com/audio-video.html,9/27/2026 0:00
d1b19867-bc43-5c86-8c14-8200e0dfcf4c,1738,2076170,2076170,"Marshall Stockwell III Portable Bluetooth Speaker, Cream",https://www.costco.com/.product.2076170.html,,,0,0,https://www.costco.com/audio-video.html,9/27/2026 0:00
b7070bfd-3e7b-5b07-b2fe-bb119cf85501,1738,2058998,2058998,"Bose QuietComfort Ultra Headphones (Gen1), Sandstone",https://www.costco.com/.product.2058998.html,,,0,0,https://www.costco.com/audio-video.html,9/27/2026 0:00
a299dcf5-d179-5b01-9341-f7e097f89397,1738,1967401,1967401,Soundcore Space One Noise Cancelling Headphones - Cream,https://www.costco.com/.product.1967401.html,,,0,0,https://www.costco.com/audio-video.html,9/27/2026 0:00
10c36b34-746f-5140-983f-aa4773281d5a,1738,2077441,2077441,Ultimate Ears Megaboom 4 SE Portable Bluetooth Speaker - Blue,https://www.costco.com/.product.2077441.html,,,0,0,https://www.costco.com/audio-video.html,9/27/2026 0:00
59dd8c42-c4e9-5283-9513-11550851a4f5,1738,9536005,9536005,Insta360 X5 - 8K 360° Action Camera Bundle,https://www.costco.com/.product.9536005.html,,,0,0,https://www.costco.com/cameras-camcorders.html,9/27/2026 0:00
d963ea48-f583-5edf-afd4-0801849e4268,1738,4000406542,4000406542,Belkin 3-in-1 Charging Stand Qi2 25W,https://www.costco.com/belkin-3-in-1-charging-stand-qi2-25w.product.4000406542.html,,,0,0,https://www.costco.com/cell-phone-chargers-batteries.html,9/27/2026 0:00
bd8dfc9e-b977-584e-8b4e-19ac924aff55,1738,4000388367,4000388367,Anker 70W/30W Wall Charger Bundle,https://www.costco.com/anker-70w30w-wall-charger-bundle.product.4000388367.html,,,0,0,https://www.costco.com/cell-phone-chargers-batteries.html,9/27/2026 0:00
17a33975-9539-55f5-bad4-40d6b5a74a28,1738,4000364539,4000364539,Canon IVY 2 Mini Photo Printer Bundle - White,https://www.costco.com/canon-ivy-2-mini-photo-printer-bundle---white.product.4000364539.html,,,0,0,https://www.costco.com/cell-phone-chargers-batteries.html,9/27/2026 0:00
77f6c71e-b31b-5acd-be83-159585074d00,1738,4000373193,4000373193,Canon IVY 2 Mini Photo Printer Bundle - Pink,https://www.costco.com/canon-ivy-2-mini-photo-printer-bundle---pink.product.4000373193.html,,,0,0,https://www.costco.com/cell-phone-chargers-batteries.html,9/27/2026 0:00
4689e238-d966-5143-b291-e6a76217a820,1738,9575676,9575676,"TCL 75"" Class - QM6K Pro Series - 4K UHD QD-Mini LED Smart TV  - Allstate 3-Year Protection Plan Bundle Included for 5 Years of Total Coverage*",https://www.costco.com/.product.9575676.html,,,0,0,https://www.costco.com/televisions.html,9/27/2026 0:00
78d60729-4986-5152-ba03-e95dd39ea195,1738,9585676,9585676,"TCL 85"" Class - QM6K Pro Series - 4K UHD QD-Mini LED Smart TV  - Allstate 3-Year Protection Plan Bundle Included for 5 Years of Total Coverage*",https://www.costco.com/.product.9585676.html,,,0,0,https://www.costco.com/televisions.html,9/27/2026 0:00
85523805-5442-5940-8e52-8fd2b4a2538d,1738,9665025,9665025,"LG 65"" Class - OLED AI B6E Series - 4K Smart TV - Allstate 3-Year Protection Plan Bundle Included For 5 Years of Total Coverage*",https://www.costco.com/.product.9665025.html,,,0,0,https://www.costco.com/televisions.html,9/27/2026 0:00
947e330c-7a14-53d2-bf54-7a131df7c063,1738,9677025,9677025,"LG 77"" Class - OLED AI B6E Series - 4K Smart TV - Allstate 3-Year Protection Plan Bundle Included For 5 Years of Total Coverage*",https://www.costco.com/.product.9677025.html,,,0,0,https://www.costco.com/televisions.html,9/27/2026 0:00
7ea629e5-b891-59b1-a7e3-3d1f9469509a,1738,2052213,2052213,"Oura Ring 5 Silver Smart Ring, Size 8, Exclusive Bundle, Ring + Additional Charger + Additional Year of Manufacturer’s Warranty",https://www.costco.com/.product.2052213.html,,,0,0,https://www.costco.com/wearable-technology.html,9/27/2026 0:00
0fee64e7-4045-5d46-b0bf-5b415da86547,1738,2052214,2052214,"Oura Ring 5 Silver Smart Ring, Size 9, Exclusive Bundle, Ring + Additional Charger + Additional Year of Manufacturer’s Warranty",https://www.costco.com/.product.2052214.html,,,0,0,https://www.costco.com/wearable-technology.html,9/27/2026 0:00
f4ce01e7-8a24-56ac-8259-43f8c767e41e,1738,1861998,1861998,"Rose Universal Broadmoore Bed Frame with Storage, White, King",https://www.costco.com/.product.1861998.html,,,0,0,https://www.costco.com/furniture.html,9/27/2026 0:00
f321e616-6afc-5c73-b7d2-8746b85b14c7,1738,1646075,1646075,Rose 6 Drawer Dresser,https://www.costco.com/.product.1646075.html,,,0,0,https://www.costco.com/furniture.html,9/27/2026 0:00
1d23ca59-b6da-5499-8992-c249999097df,1738,1782879,1782879,Bryce Dining Table and 6 Chairs,https://www.costco.com/.product.1782879.html,,,0,0,https://www.costco.com/furniture.html,9/27/2026 0:00
abcd9ea2-b391-5adb-aa22-e452be349a13,1738,1782902,1782902,"Colin 72"" Accent Console",https://www.costco.com/.product.1782902.html,,,0,0,https://www.costco.com/furniture.html,9/27/2026 0:00
85e19b24-d758-52cb-961c-fbe8abee353c,1738,1861872,1861872,Graham Dining Table and 8 Chairs,https://www.costco.com/.product.1861872.html,,,0,0,https://www.costco.com/furniture.html,9/27/2026 0:00
b63d513a-0ed9-5617-bd74-2376169c0645,1738,1782766,1782766,"Keeley 72"" Accent Cabinet",https://www.costco.com/.product.1782766.html,,,0,0,https://www.costco.com/furniture.html,9/27/2026 0:00
8a62b1de-9ed6-573b-b11b-a694f8ce3a34,1738,1987550,1987550,Wren Zero Gravity Power Leather Recliner with Power Headrest,https://www.costco.com/.product.1987550.html,,,0,0,https://www.costco.com/furniture.html,9/27/2026 0:00
5a621c88-eb1b-56cc-887d-c0cf1ee7e692,1738,1752902,1752902,"Hughes Storage Bed, Queen",https://www.costco.com/.product.1752902.html,,,0,0,https://www.costco.com/furniture.html,9/27/2026 0:00
f549b2c8-ce68-5836-9f52-397552cde10c,1738,1646063,1646063,Sanders Leather Power Recliner with Power Headrest,https://www.costco.com/.product.1646063.html,,,0,0,https://www.costco.com/furniture.html,9/27/2026 0:00
9390f6d2-ec77-540a-ae7b-405bcd2678d7,1738,1862009,1862009,Highland Gas-lift Adjustable Stool,https://www.costco.com/.product.1862009.html,,,0,0,https://www.costco.com/furniture.html,9/27/2026 0:00
604cade7-0cd9-527f-a7e3-37fe74af1aa0,1738,4000396491,4000396491,"Rose Universal Broadmoore Bed Frame with Storage, White",https://www.costco.com/rose-universal-broadmoore-bed-frame-with-storage-white.product.4000396491.html,,,0,0,https://www.costco.com/bedroom-furniture.html,9/27/2026 0:00
15b372fc-56aa-5f34-af92-9eb6b5acddc1,1738,4000225967,4000225967,Rose 6 Drawer Dresser,https://www.costco.com/rose-6-drawer-dresser.product.4000225967.html,,,0,0,https://www.costco.com/bedroom-furniture.html,9/27/2026 0:00
23d57d09-fdbb-5628-aaba-6404af2d69ac,1738,4000340294,4000340294,Hughes Storage Bed,https://www.costco.com/hughes-storage-bed.product.4000340294.html,,,0,0,https://www.costco.com/bedroom-furniture.html,9/27/2026 0:00
63db0a18-8fd7-5806-9204-bf8ecd342c65,1738,4000433550,4000433550,"Anistyn Wood Bed Frame with Upholstered Headboard, Gray Finish",https://www.costco.com/anistyn-wood-bed-frame-with-upholstered-headboard-gray-finish.product.4000433550.html,,,0,0,https://www.costco.com/bedroom-furniture.html,9/27/2026 0:00
ded824d4-fc29-594e-ac2c-695907a1ab25,1738,4000395717,4000395717,Bryce Dining Table and 6 Chairs,https://www.costco.com/bryce-dining-table-and-6-chairs.product.4000395717.html,,,0,0,https://www.costco.com/dining-kitchen.html,9/27/2026 0:00
e5d9d1cd-82d0-51cd-937b-ff10d472def8,1738,4000365702,4000365702,Graham Dining Table and 8 Chairs,https://www.costco.com/graham-dining-table-and-8-chairs.product.4000365702.html,,,0,0,https://www.costco.com/dining-kitchen.html,9/27/2026 0:00
1431d5ae-0076-5df2-b005-53fe1b7ee45b,1738,4000399994,4000399994,Highland Gas-lift Adjustable Stool,https://www.costco.com/highland-gas-lift-adjustable-stool.product.4000399994.html,,,0,0,https://www.costco.com/dining-kitchen.html,9/27/2026 0:00
db37948c-d5cd-5e51-9457-085bc46f0078,1738,4000242671,4000242671,Thomasville Tisdale Modular Sectional 6-piece Dark Gray with Storage Ottoman,https://www.costco.com/thomasville-tisdale-modular-sectional-6-piece-dark-gray-with-storage-ottoman.product.4000242671.html,,,0,0,https://www.costco.com/living-room.html,9/27/2026 0:00
e1720fe4-afb7-56c7-9258-282468840563,1738,4000410992,4000410992,Henredon Caley Reversible Sofa Chaise with Ottoman,https://www.costco.com/henredon-caley-reversible-sofa-chaise-with-ottoman.product.4000410992.html,,,0,0,https://www.costco.com/living-room.html,9/27/2026 0:00
bad061ac-9864-56c2-942e-d1444ab1b6b8,1738,4000399251,4000399251,"Montebello 68"" Accent Console",https://www.costco.com/montebello-68-accent-console.product.4000399251.html,,,0,0,https://www.costco.com/living-room.html,9/27/2026 0:00
06c8b77b-ef25-5b02-823d-edea773b96ac,1738,4000258410,4000258410,"Colin 72"" Accent Console",https://www.costco.com/colin-72-accent-console.product.4000258410.html,,,0,0,https://www.costco.com/living-room.html,9/27/2026 0:00
279fdf70-ffbc-55f6-9352-17df2fd909e7,1738,4000249535,4000249535,"Keeley 72"" Accent Cabinet",https://www.costco.com/keeley-72-accent-cabinet.product.4000249535.html,,,0,0,https://www.costco.com/living-room.html,9/27/2026 0:00
1bcfa19f-9726-58bd-acb7-28e9b52b0295,1738,4000361515,4000361515,Del Rey Oaks 74” Accent Console,https://www.costco.com/del-rey-oaks-74-accent-console.product.4000361515.html,,,0,0,https://www.costco.com/living-room.html,9/27/2026 0:00
f77f8be1-f3ee-55aa-b10b-e59b1a73d0ae,1738,4000419156,4000419156,"Sereen Fabric Swivel Accent Chair, Taupe",https://www.costco.com/sereen-fabric-swivel-accent-chair-taupe.product.4000419156.html,,,0,0,https://www.costco.com/living-room.html,9/27/2026 0:00
31ba8980-9430-5f9e-95f5-601b0028f0fa,1738,4000436304,4000436304,Wren Zero Gravity Power Leather Recliner with Power Headrest,https://www.costco.com/wren-zero-gravity-power-leather-recliner-with-power-headrest.product.4000436304.html,,,0,0,https://www.costco.com/living-room.html,9/27/2026 0:00
7fb81f5f-14ee-5c37-9355-37c5a4098810,1738,4000397135,4000397135,Sanders Leather Power Recliner with Power Headrest,https://www.costco.com/sanders-leather-power-recliner-with-power-headrest.product.4000397135.html,,,0,0,https://www.costco.com/living-room.html,9/27/2026 0:00
6883d591-0cbe-5d96-9086-990f24a9ebd0,1738,4000230606,4000230606,La-Z-Boy Manager Office Chair,https://www.costco.com/la-z-boy-manager-office-chair.product.4000230606.html,,,0,0,https://www.costco.com/office-furniture.html,9/27/2026 0:00
4721653f-9f3d-51f7-a478-feb8b8555844,1738,4000398506,4000398506,Tresanti Aurora 47” Adjustable Height Desk with LED Lighting,https://www.costco.com/tresanti-aurora-47-adjustable-height-desk-with-led-lighting.product.4000398506.html,,,0,0,https://www.costco.com/office-furniture.html,9/27/2026 0:00
dc331109-d342-5d43-81c9-3fd4be35ba73,1738,4000366330,4000366330,TrueWellness All Mesh Office Chair,https://www.costco.com/truewellness-all-mesh-office-chair.product.4000366330.html,,,0,0,https://www.costco.com/office-furniture.html,9/27/2026 0:00
3ece9d01-47d6-5c28-b6b8-20f7bd0594e2,1738,100382542,100382542,"3M Scotch Precision Ultra Edge 8"" Scissor, 3-count",https://www.costco.com/3m-scotch-precision-ultra-edge-8-scissor-3-count.product.100382542.html,,,0,0,https://www.costco.com/all-costco-grocery.html,9/27/2026 0:00
489a1426-06ed-56cb-9c04-3d2974959f9a,1738,100643825,100643825,"Advantage Premium Bright Ink Jet and Laser Paper, 8.5""x11"" Letter, White, 24lb, 97 Bright, 1 Ream of 800 Sheets",https://www.costco.com/advantage-premium-bright-ink-jet-and-laser-paper-85x11-letter-white-24lb-97-bright-1-ream-of-800-sheets.product.100643825.html,,,0,0,https://www.costco.com/all-costco-grocery.html,9/27/2026 0:00
b10ed0b6-05ae-5c25-9acc-78c3b7734636,1738,4000266579,4000266579,"Dove Advanced Care Invisible+ Deodorant, 2.6 oz, 4-pack",https://www.costco.com/dove-advanced-care-invisible-deodorant-26-oz-4-pack.product.4000266579.html,,,0,0,https://www.costco.com/all-costco-grocery.html,9/27/2026 0:00
b5693428-56b5-59b3-ac77-3e99d6a0b4df,1738,4000193139,4000193139,"Zevo Flying Insect Trap Starter Kit, 2 Devices + 6 Refills",https://www.costco.com/zevo-flying-insect-trap-starter-kit-2-devices--6-refills.product.4000193139.html,,,0,0,https://www.costco.com/all-costco-grocery.html,9/27/2026 0:00
07260291-8218-5d1e-966d-b07cb28f78da,1738,4000044496,4000044496,"Kirkland Signature Premoistened Flushable Wipes, Fragrance Free, 640-count",https://www.costco.com/kirkland-signature-premoistened-flushable-wipes-fragrance-free-640-count.product.4000044496.html,,,0,0,https://www.costco.com/all-costco-grocery.html,9/27/2026 0:00
68019c14-a7d6-50eb-93f7-3bdc12c6f815,1738,100385266,100385266,"Softsoap Advanced Clean Liquid Hand Soap Refill 80 oz, 2-pack",https://www.costco.com/softsoap-advanced-clean-liquid-hand-soap-refill-80-oz-2-pack.product.100385266.html,,,0,0,https://www.costco.com/all-costco-grocery.html,9/27/2026 0:00
abaabda7-01de-5480-b2d4-0e64dffdb253,1738,11748454,11748454,Scotch Heavy Duty Shipping Tape 8-pack,https://www.costco.com/scotch-heavy-duty-shipping-tape-8-pack.product.11748454.html,,,0,0,https://www.costco.com/all-costco-grocery.html,9/27/2026 0:00
9036eed2-8001-56a9-8e52-15e7c2dbc6e4,1738,4000375512,4000375512,"Kirkland Signature Daily Dry Facial Towels, 200-count",https://www.costco.com/kirkland-signature-daily-dry-facial-towels-200-count.product.4000375512.html,,,0,0,https://www.costco.com/all-costco-grocery.html,9/27/2026 0:00
f1848891-b152-5158-a9e8-e5ae78a24468,1738,4000441192,4000441192,Kirkland Signature Micellar Facial Cleansing Wipes 180-count,https://www.costco.com/kirkland-signature-micellar-facial-cleansing-wipes-180-count.product.4000441192.html,,,0,0,https://www.costco.com/all-costco-grocery.html,9/27/2026 0:00
0e8f67d1-7d73-57e8-b3fb-ebd0e705de7d,1738,4000063845,4000063845,"Gillette Venus ComfortGlide Essential Botanicals, 1 Razor + 12 Cartridges Gel",https://www.costco.com/gillette-venus-comfortglide-essential-botanicals-1-razor--12-cartridges-gel.product.4000063845.html,,,0,0,https://www.costco.com/all-costco-grocery.html,9/27/2026 0:00
4e1909b4-6789-5986-a489-afb54ae335db,1738,100447863,100447863,"Swisspers Premium Hypoallergenic Cotton Rounds, 900-count",https://www.costco.com/swisspers-premium-hypoallergenic-cotton-rounds-900-count.product.100447863.html,,,0,0,https://www.costco.com/all-costco-grocery.html,9/27/2026 0:00
efb2b98f-820c-574a-aba5-546c5b675701,1738,100745514,100745514,"Kirkland Signature Moisture Shampoo, 33.8 fl oz, 1-count",https://www.costco.com/kirkland-signature-moisture-shampoo-338-fl-oz-1-count.product.100745514.html,,,0,0,https://www.costco.com/all-costco-grocery.html,9/27/2026 0:00
de10d858-3eaa-52d0-960a-ea1694bda1d2,1738,4201008957,4201008957,"Crest 3D White Brilliant Mint Whitening Toothpaste, 5.2 oz, 5-pack",https://www.costco.com/crest-3d-white-brilliant-mint-whitening-toothpaste-52-oz-5-pack.product.4201008957.html,,,0,0,https://www.costco.com/all-costco-grocery.html,9/27/2026 0:00
7fc1a42f-c155-5269-bc3b-b076ead14f4f,1738,100809908,100809908,"Gillette Proglide Plus Razor Cartridge Refills, 16-count",https://www.costco.com/gillette-proglide-plus-razor-cartridge-refills-16-count.product.100809908.html,,,0,0,https://www.costco.com/all-costco-grocery.html,9/27/2026 0:00
2ccf209a-04e9-5028-a80b-61f9f62ab8a5,1738,100085370,100085370,"Duracell 9V Alkaline Batteries, 8-count",https://www.costco.com/duracell-9v-alkaline-batteries-8-count.product.100085370.html,,,0,0,https://www.costco.com/all-costco-grocery.html,9/27/2026 0:00
c0fd289f-0def-5055-b572-a0a867b009fd,1738,4000062546,4000062546,"Cetaphil Gentle Skin Cleanser, Dry to Normal Sensitive Skin, 20 fl oz, 2-count",https://www.costco.com/cetaphil-gentle-skin-cleanser-dry-to-normal-sensitive-skin-20-fl-oz-2-count.product.4000062546.html,,,0,0,https://www.costco.com/all-costco-grocery.html,9/27/2026 0:00
f6812101-d376-5dad-b10f-7f9d7c68af72,1738,100737979,100737979,"Gillette Ultimate Protection 6-in-1 Antiperspirant, 3.8 oz, 5-pack",https://www.costco.com/gillette-ultimate-protection-6-in-1-antiperspirant-38-oz-5-pack.product.100737979.html,,,0,0,https://www.costco.com/all-costco-grocery.html,9/27/2026 0:00
0ea517f6-f13e-528e-9114-577f4933450c,1738,4000257190,4000257190,"Neutrogena Makeup Remover Wipes, 125-count",https://www.costco.com/neutrogena-makeup-remover-wipes-125-count.product.4000257190.html,,,0,0,https://www.costco.com/all-costco-grocery.html,9/27/2026 0:00
dfd34b73-002f-582d-b5b6-b9a6e1646896,1738,4000058742,4000058742,"Cetaphil Moisturizing Cream Ultimate with Prebiotic Aloe, Very Dry to Dry Sensitive Skin, 20 oz + 16 oz, 2-pack",https://www.costco.com/cetaphil-moisturizing-cream-ultimate-with-prebiotic-aloe-very-dry-to-dry-sensitive-skin-20-oz--16-oz-2-pack.product.4000058742.html,,,0,0,https://www.costco.com/all-costco-grocery.html,9/27/2026 0:00
3cd9ca61-16cb-5697-9825-37ac2bbbd45b,1738,100104327,100104327,"Listerine UltraClean Coolmint Mouthwash, 1.5 Liter, 2-count",https://www.costco.com/listerine-ultraclean-coolmint-mouthwash-15-liter-2-count.product.100104327.html,,,0,0,https://www.costco.com/all-costco-grocery.html,9/27/2026 0:00
ba54238f-a072-5738-9a07-209ce344a713,1738,100733023,100733023,"Gillette Venus Sensitive Plus Disposable Razor, 15-count",https://www.costco.com/gillette-venus-sensitive-plus-disposable-razor-15-count.product.100733023.html,,,0,0,https://www.costco.com/all-costco-grocery.html,9/27/2026 0:00
88787378-edeb-5eab-ad29-1acb995f7567,1738,100711261,100711261,"Crest + Scope Cavity Protection Toothpaste, 8.2 oz, 5-pack",https://www.costco.com/crest--scope-cavity-protection-toothpaste-82-oz-5-pack.product.100711261.html,,,0,0,https://www.costco.com/all-costco-grocery.html,9/27/2026 0:00
99317d37-e887-5fa4-b8d5-1d192079afbd,1738,100643940,100643940,"Kirkland Signature Bar Soap with Shea Butter, 15 Bars",https://www.costco.com/kirkland-signature-bar-soap-with-shea-butter-15-bars.product.100643940.html,,,0,0,https://www.costco.com/all-costco-grocery.html,9/27/2026 0:00
6d16334e-7061-5c3a-a083-28247a22ba67,1738,100339368,100339368,"Duracell C Alkaline Batteries, 14-count",https://www.costco.com/duracell-c-alkaline-batteries-14-count.product.100339368.html,,,0,0,https://www.costco.com/all-costco-grocery.html,9/27/2026 0:00
eb877a32-7e53-5b41-8571-54793647a809,1738,4000151041,4000151041,"Crest Pro-Health Advanced Mouthwash, 33.8 fl oz, 3-pack",https://www.costco.com/crest-pro-health-advanced-mouthwash-338-fl-oz-3-pack.product.4000151041.html,,,0,0,https://www.costco.com/all-costco-grocery.html,9/27/2026 0:00
4a29929e-ee7c-532f-83bb-8a32af2a65c3,1738,100746247,100746247,"Kirkland Signature Moisture Conditioner, 33.8 fl oz, 1-count",https://www.costco.com/kirkland-signature-moisture-conditioner-338-fl-oz-1-count.product.100746247.html,,,0,0,https://www.costco.com/all-costco-grocery.html,9/27/2026 0:00
747e5690-4a4a-5e75-a600-350392e6aa6b,1738,4000352107,4000352107,"Dove Deep Moisture Body Wash, 23 fl oz, 3-pack",https://www.costco.com/dove-deep-moisture-body-wash-23-fl-oz-3-pack.product.4000352107.html,,,0,0,https://www.costco.com/all-costco-grocery.html,9/27/2026 0:00
b6b38d39-416e-5792-923a-e5bc52bcfc58,1738,100460088,100460088,"Unitex 100% Cotton Towel, White, 14 in x 17 in, 52-count",https://www.costco.com/unitex-100-cotton-towel-white-14-in-x-17-in-52-count.product.100460088.html,,,0,0,https://www.costco.com/all-costco-grocery.html,9/27/2026 0:00
e69364a4-36ba-5da1-ab97-c45ad1865234,1738,100322549,100322549,"Duracell D Alkaline Batteries, 14-count",https://www.costco.com/duracell-d-alkaline-batteries-14-count.product.100322549.html,,,0,0,https://www.costco.com/all-costco-grocery.html,9/27/2026 0:00
e9dc3599-fd0f-54de-a42c-a7ac579c6f38,1738,100650348,100650348,"Dove Moisturizing Beauty Bar Soap Original, 3.75 oz, 16 Bars",https://www.costco.com/dove-moisturizing-beauty-bar-soap-original-375-oz-16-bars.product.100650348.html,,,0,0,https://www.costco.com/all-costco-grocery.html,9/27/2026 0:00
f06d0c92-3846-540d-ad2e-c7a4f5d5fd90,1738,100473402,100473402,"Colgate Total Active Prevention Plus Advanced Whitening Toothpaste, 6.4 oz, 5-pack",https://www.costco.com/colgate-total-active-prevention-plus-advanced-whitening-toothpaste-64-oz-5-pack.product.100473402.html,,,0,0,https://www.costco.com/all-costco-grocery.html,9/27/2026 0:00
09efaab0-6c23-5830-bf2a-731de34a0ad1,1738,100812038,100812038,"Band-Aid Adhesive Bandages, Assorted, 198-count",https://www.costco.com/band-aid-adhesive-bandages-assorted-198-count.product.100812038.html,,,0,0,https://www.costco.com/all-costco-grocery.html,9/27/2026 0:00
3bd3f1ec-d0ca-5eb2-a84b-6205f1ae1461,1738,100811165,100811165,"RICO Baby Wipes, 720-count",https://www.costco.com/rico-baby-wipes-720-count.product.100811165.html,,,0,0,https://www.costco.com/all-costco-grocery.html,9/27/2026 0:00
7d983557-e7f4-54cf-a17e-50bbce05c9ee,1738,4000339188,4000339188,"Frito Lay Simply Variety Pack, 30-count",https://www.costco.com/frito-lay-simply-variety-pack-30-count.product.4000339188.html,,,0,0,https://www.costco.com/all-costco-grocery.html,9/27/2026 0:00
da268b31-7afd-5f37-b145-54015638e739,1738,100650384,100650384,"Dove Moisturizing Beauty Bar Soap Sensitive Skin, 3.75 oz, 16 Bars",https://www.costco.com/dove-moisturizing-beauty-bar-soap-sensitive-skin-375-oz-16-bars.product.100650384.html,,,0,0,https://www.costco.com/all-costco-grocery.html,9/27/2026 0:00
30ee63a8-328b-5f26-be96-519a9c629a5b,1738,4000392769,4000392769,"Dove Sensitive Body Wash, 23 fl oz, 3-pack",https://www.costco.com/dove-sensitive-body-wash-23-fl-oz-3-pack.product.4000392769.html,,,0,0,https://www.costco.com/all-costco-grocery.html,9/27/2026 0:00
4a14d100-c5e2-5ef0-b545-0579ec3c104f,1738,4000322532,4000322532,"Oral-B Glide Advanced Deep Clean Floss, 6-pack",https://www.costco.com/oral-b-glide-advanced-deep-clean-floss-6-pack.product.4000322532.html,,,0,0,https://www.costco.com/all-costco-grocery.html,9/27/2026 0:00
c86df242-b55a-55f1-b559-a7318746a0e7,1738,100675007,100675007,"Nestle Nido Kinder 1+ Toddler Powdered Milk, 77.6 oz",https://www.costco.com/nestle-nido-kinder-1-toddler-powdered-milk-776-oz.product.100675007.html,,,0,0,https://www.costco.com/all-costco-grocery.html,9/27/2026 0:00
506febd3-4827-5313-bdac-e1ff1754e5d7,1738,4000298430,4000298430,"Tampax Pearl Advanced Duopack, 87-count",https://www.costco.com/tampax-pearl-advanced-duopack-87-count.product.4000298430.html,,,0,0,https://www.costco.com/all-costco-grocery.html,9/27/2026 0:00
89c0b007-14c0-5a84-8e35-79fb0fe04a9b,1738,100853676,100853676,"Degree Men UltraClear+ Antiperspirant Deodorant, Black & White, 2.7 oz, 5-pack",https://www.costco.com/degree-men-ultraclear-antiperspirant-deodorant-black--white-27-oz-5-pack.product.100853676.html,,,0,0,https://www.costco.com/all-costco-grocery.html,9/27/2026 0:00
560100ac-67db-5d90-af41-9ca4d277c566,1738,100463241,100463241,"trunature Cranberry 650 mg, 140 Vegetarian Capsules",https://www.costco.com/trunature-cranberry-650-mg-140-vegetarian-capsules.product.100463241.html,,,0,0,https://www.costco.com/all-costco-grocery.html,9/27/2026 0:00
96329fce-1d07-5e4a-b6d1-5ed92537a56e,1738,100520262,100520262,"Always Ultra Thin Advanced Overnight Pads, 76-count",https://www.costco.com/always-ultra-thin-advanced-overnight-pads-76-count.product.100520262.html,,,0,0,https://www.costco.com/all-costco-grocery.html,9/27/2026 0:00
8ba08cc0-ede1-5244-8ddb-b69b84ddbdcd,1738,4201001268,4201001268,"Always Infinity FlexFoam Pads, 72-count",https://www.costco.com/always-infinity-flexfoam-pads-72-count.product.4201001268.html,,,0,0,https://www.costco.com/all-costco-grocery.html,9/27/2026 0:00
6cc8fec7-34f3-52ab-a74a-8a9fa6ace2a3,1738,10031413,10031413,"TUMS Antacid Ultra Strength, 265 Chewable Tablets",https://www.costco.com/tums-antacid-ultra-strength-265-chewable-tablets.product.10031413.html,,,0,0,https://www.costco.com/all-costco-grocery.html,9/27/2026 0:00
b25653a7-9ec5-5c9d-8b5a-f659456a2b12,1738,4000444178,4000444178,"Kirkland Signature Sparkling Energy Drink, Variety Pack, 12 fl oz, 24-count",https://www.costco.com/kirkland-signature-sparkling-energy-drink-variety-pack-12-fl-oz-24-count.product.4000444178.html,,,0,0,https://www.costco.com/beverages.html,9/27/2026 0:00
e0793c67-9316-5d81-bd42-b3122f9e1cde,1738,100735424,100735424,"Coca-Cola Mini, 7.5 fl oz, 30-count",https://www.costco.com/coca-cola-mini-75-fl-oz-30-count.product.100735424.html,,,0,0,https://www.costco.com/beverages.html,9/27/2026 0:00
01aba19f-468c-5b2c-a73b-1396262d2e39,1738,4000448713,4000448713,"Celsius Vibe Energy Drink, Variety Pack, 12 fl oz, 18-count",https://www.costco.com/celsius-vibe-energy-drink-variety-pack-12-fl-oz-18-count.product.4000448713.html,,,0,0,https://www.costco.com/beverages.html,9/27/2026 0:00
3f053692-f83a-5a0d-9738-0d6ae020bf5a,1738,100787633,100787633,"Coca-Cola Mini, Variety Pack, 7.5 fl oz, 30-count",https://www.costco.com/coca-cola-mini-variety-pack-75-fl-oz-30-count.product.100787633.html,,,0,0,https://www.costco.com/beverages.html,9/27/2026 0:00
2fe4c3ab-e298-50c9-8587-7f19157e13ed,1738,100411697,100411697,"Vita Coco, Coconut Water, 11.1 fl oz, 18-Count",https://www.costco.com/vita-coco-coconut-water-111-fl-oz-18-count.product.100411697.html,,,0,0,https://www.costco.com/beverages.html,9/27/2026 0:00
63a63865-dd77-529b-a7a0-a6f87ed14e53,1738,4000269836,4000269836,"Alani Nu Energy Drink, Variety Pack, 12 fl oz, 18-count",https://www.costco.com/alani-nu-energy-drink-variety-pack-12-fl-oz-18-count.product.4000269836.html,,,0,0,https://www.costco.com/beverages.html,9/27/2026 0:00
883b17ab-198c-5930-aad0-512092d4059f,1738,4000242113,4000242113,"BODYARMOR Lyte Sports Drink, Variety Pack, 20 fl oz, 18-count",https://www.costco.com/bodyarmor-lyte-sports-drink-variety-pack-20-fl-oz-18-count.product.4000242113.html,,,0,0,https://www.costco.com/beverages.html,9/27/2026 0:00
07a97149-08e1-5c31-bd12-1ba3a30c3162,1738,4000348391,4000348391,"San Pellegrino Ciao! Sparkling Water, Variety Pack, 11.15 fl oz, 24-count",https://www.costco.com/san-pellegrino-ciao-sparkling-water-variety-pack-1115-fl-oz-24-count.product.4000348391.html,,,0,0,https://www.costco.com/beverages.html,9/27/2026 0:00
fc4a50a1-5c44-5d0e-8123-1ced52bd6b7c,1738,4201005694,4201005694,"Bloom Sparkling Energy Drink, Flavor Obsessions Variety Pack, 12 fl oz, 18-count",https://www.costco.com/bloom-sparkling-energy-drink-flavor-obsessions-variety-pack-12-fl-oz-18-count.product.4201005694.html,,,0,0,https://www.costco.com/beverages.html,9/27/2026 0:00
93074e9f-3ed3-5b8d-9bd3-4d0da761c541,1738,4000446425,4000446425,"Maison Perrier French Kiss Sparkling Juice Beverage, Variety Pack, 11.15 fl oz, 20-count",https://www.costco.com/maison-perrier-french-kiss-sparkling-juice-beverage-variety-pack-1115-fl-oz-20-count.product.4000446425.html,,,0,0,https://www.costco.com/beverages.html,9/27/2026 0:00
a03fe239-c3e4-5234-83d5-0e94929ef5e6,1738,4000448697,4000448697,"Poppi Soda, Juicy Hits Variety Pack, 12 fl oz, 18-count",https://www.costco.com/poppi-soda-juicy-hits-variety-pack-12-fl-oz-18-count.product.4000448697.html,,,0,0,https://www.costco.com/beverages.html,9/27/2026 0:00
6d45b71a-9b37-5e57-bd80-5ffe18c8dbb4,1738,100643804,100643804,"Kirkland Signature, Organic Coconut Water, 11.1 fl oz, 12-count",https://www.costco.com/kirkland-signature-organic-coconut-water-111-fl-oz-12-count.product.100643804.html,,,0,0,https://www.costco.com/beverages.html,9/27/2026 0:00
303dd0d2-bcfd-521c-8458-120b5981dd22,1738,4000235669,4000235669,"IZZE, Sparkling Juice Beverage, Variety Pack, 8.4 fl oz, 24-Count",https://www.costco.com/izze-sparkling-juice-beverage-variety-pack-84-fl-oz-24-count.product.4000235669.html,,,0,0,https://www.costco.com/beverages.html,9/27/2026 0:00
6a04cc4b-9100-5d56-a211-466e699c5412,1738,100486065,100486065,"Honest Kids, Organic Juice Drink, Variety Pack, 6 fl oz, 40-Count",https://www.costco.com/honest-kids-organic-juice-drink-variety-pack-6-fl-oz-40-count.product.100486065.html,,,0,0,https://www.costco.com/beverages.html,9/27/2026 0:00
8b4ed0c1-6715-59ed-9d6d-47f8d7ef5079,1738,4000387897,4000387897,"Celsius Sparkling Energy Drink, Core Variety Pack, 12 fl oz, 18-count",https://www.costco.com/celsius-sparkling-energy-drink-core-variety-pack-12-fl-oz-18-count.product.4000387897.html,,,0,0,https://www.costco.com/beverages.html,9/27/2026 0:00
7e1a23ee-064a-53f3-8094-3eecddf1af21,1738,4000234662,4000234662,"Maison Perrier Sparkling Water, 16.9 fl oz, 24-count",https://www.costco.com/maison-perrier-sparkling-water-169-fl-oz-24-count.product.4000234662.html,,,0,0,https://www.costco.com/beverages.html,9/27/2026 0:00
b5ea2ae3-3988-58a4-88da-4276f87a79ec,1738,4000225361,4000225361,"Joyburst Hydration Drink, Variety Pack, 16.9 fl oz, 18-count",https://www.costco.com/joyburst-hydration-drink-variety-pack-169-fl-oz-18-count.product.4000225361.html,,,0,0,https://www.costco.com/beverages.html,9/27/2026 0:00
b3897e26-4522-574c-b6ea-1c61ece75b35,1738,100795656,100795656,"S.Pellegrino Sparkling Natural Mineral Water, 16.9 fl oz, 24-count",https://www.costco.com/spellegrino-sparkling-natural-mineral-water-169-fl-oz-24-count.product.100795656.html,,,0,0,https://www.costco.com/beverages.html,9/27/2026 0:00
56baca76-129b-56bf-abb5-15b086291748,1738,4000365658,4000365658,"Alani Nu Energy Drink, Witch's Brew, 12 fl oz, 18-count",https://www.costco.com/alani-nu-energy-drink-witchs-brew-12-fl-oz-18-count.product.4000365658.html,,,0,0,https://www.costco.com/beverages.html,9/27/2026 0:00
a89df523-f663-5f0b-9cfd-0597b32d61dc,1738,100644634,100644634,"Propel Fitness Water Variety Pack, 16.9 fl oz, 24-count",https://www.costco.com/propel-fitness-water-variety-pack-169-fl-oz-24-count.product.100644634.html,,,0,0,https://www.costco.com/beverages.html,9/27/2026 0:00
faf44b26-6c5a-5f86-bc5f-0c85096bed0f,1738,100800661,100800661,"Gatorade Thirst Quencher, Turf Variety Pack, 12 fl oz, 28-count",https://www.costco.com/gatorade-thirst-quencher-turf-variety-pack-12-fl-oz-28-count.product.100800661.html,,,0,0,https://www.costco.com/beverages.html,9/27/2026 0:00
d7088945-9991-5733-9e23-6e9af4ba98aa,1738,100812475,100812475,"Ocean Spray, Cranberry Juice, Variety Pack, 10 fl oz, 24-Count",https://www.costco.com/ocean-spray-cranberry-juice-variety-pack-10-fl-oz-24-count.product.100812475.html,,,0,0,https://www.costco.com/beverages.html,9/27/2026 0:00
7e16e19d-998c-516c-ab8a-ad1f2405c18b,1738,100841513,100841513,"Kirkland Signature, Organic Coconut Water, 33.8 fl oz, 9-count",https://www.costco.com/kirkland-signature-organic-coconut-water-338-fl-oz-9-count.product.100841513.html,,,0,0,https://www.costco.com/beverages.html,9/27/2026 0:00
af040ba8-8036-5a03-ae06-8e92c5938c85,1738,4201001800,4201001800,"LMNT Sparkling Electrolyte Drink, Variety Pack, 12 fl oz, 15-count",https://www.costco.com/lmnt-sparkling-electrolyte-drink-variety-pack-12-fl-oz-15-count.product.4201001800.html,,,0,0,https://www.costco.com/beverages.html,9/27/2026 0:00
887f76ac-39a9-52e7-94f6-2afc152d57b0,1738,4000442683,4000442683,"Olipop Mini Soda, Variety Pack, 7.5 fl oz, 15-count",https://www.costco.com/olipop-mini-soda-variety-pack-75-fl-oz-15-count.product.4000442683.html,,,0,0,https://www.costco.com/beverages.html,9/27/2026 0:00
4218022f-2637-5d4b-9992-4a3c5920f731,1738,4201002019,4201002019,"Liquid Death Soda-Flavored Sparkling Water, Variety Pack, 24-count",https://www.costco.com/liquid-death-soda-flavored-sparkling-water-variety-pack-24-count.product.4201002019.html,,,0,0,https://www.costco.com/beverages.html,9/27/2026 0:00
af6a0da6-1692-5441-a1c2-2d5a7b746ef3,1738,4000372651,4000372651,"Kirkland Signature Flavored Sparkling Water, 17 fl oz, 24-count",https://www.costco.com/kirkland-signature-flavored-sparkling-water-17-fl-oz-24-count.product.4000372651.html,,,0,0,https://www.costco.com/beverages.html,9/27/2026 0:00
9381c035-7a53-59ee-834f-9ec43e7d8da6,1738,4201001644,4201001644,"Saint James Organic Brewed Tea, Variety Pack, 16 fl oz, 15-count",https://www.costco.com/saint-james-organic-brewed-tea-variety-pack-16-fl-oz-15-count.product.4201001644.html,,,0,0,https://www.costco.com/beverages.html,9/27/2026 0:00
be54f08c-aa9a-5bee-8479-6d31c414a270,1738,4000351024,4000351024,"Olipop Soda, Variety Pack, 12 fl oz, 15-count",https://www.costco.com/olipop-soda-variety-pack-12-fl-oz-15-count.product.4000351024.html,,,0,0,https://www.costco.com/beverages.html,9/27/2026 0:00
9fcb8644-7c1f-5b36-adbf-e0d38227bed3,1738,4000412420,4000412420,"Sparkling Ice Zero Sugar Sparkling Water Purple Variety Pack, 17 fl oz, 24-count",https://www.costco.com/sparkling-ice-zero-sugar-sparkling-water-purple-variety-pack-17-fl-oz-24-count.product.4000412420.html,,,0,0,https://www.costco.com/beverages.html,9/27/2026 0:00
b939e578-7f16-58a5-95e9-10b634bb7e03,1738,100709443,100709443,"Gatorade Thirst Quencher, Core Variety Pack, 12 fl oz, 28-count",https://www.costco.com/gatorade-thirst-quencher-core-variety-pack-12-fl-oz-28-count.product.100709443.html,,,0,0,https://www.costco.com/beverages.html,9/27/2026 0:00
487f9f0e-8785-50bf-8d45-427d7d78859f,1738,100384650,100384650,"Kirkland Signature, Organic Lemonade, 96 fl oz, 2-count",https://www.costco.com/kirkland-signature-organic-lemonade-96-fl-oz-2-count.product.100384650.html,,,0,0,https://www.costco.com/beverages.html,9/27/2026 0:00
d9e341a6-b67c-52d9-a9ff-e269bd477a46,1738,100371255,100371255,"Capri Sun, 100% Juice, Variety Pack, 6 fl oz, 40-count",https://www.costco.com/capri-sun-100-juice-variety-pack-6-fl-oz-40-count.product.100371255.html,,,0,0,https://www.costco.com/beverages.html,9/27/2026 0:00
a4880de4-edc1-546f-bd7e-57a464e82da2,1738,100765799,100765799,"La Croix Sparkling Water, Beach Plum, Guava Sao Paulo and Black Razz Berry Variety Pack, 12 fl oz, 24-count",https://www.costco.com/la-croix-sparkling-water-beach-plum-guava-sao-paulo-and-black-razz-berry-variety-pack-12-fl-oz-24-count.product.100765799.html,,,0,0,https://www.costco.com/beverages.html,9/27/2026 0:00
af75060b-3052-5d73-85b8-6b2b29330e55,1738,4000397460,4000397460,"Bai Antioxidant Beverage, Fruit Variety Pack, 18 fl oz, 15-count",https://www.costco.com/bai-antioxidant-beverage-fruit-variety-pack-18-fl-oz-15-count.product.4000397460.html,,,0,0,https://www.costco.com/beverages.html,9/27/2026 0:00
d472df1b-0acc-5417-83b1-93fd3a867864,1738,100381498,100381498,"Apple & Eve, 100% Juice, Variety Pack, 6.75 fl oz, 36-Count",https://www.costco.com/apple--eve-100-juice-variety-pack-675-fl-oz-36-count.product.100381498.html,,,0,0,https://www.costco.com/beverages.html,9/27/2026 0:00
8af4080d-3742-56e2-8d92-10e6860b9c79,1738,100779437,100779437,"Welch's 100% Juice Drink, Variety Pack, 10 fl oz, 24-count",https://www.costco.com/welchs-100-juice-drink-variety-pack-10-fl-oz-24-count.product.100779437.html,,,0,0,https://www.costco.com/beverages.html,9/27/2026 0:00
9cc4a2ca-6935-5cfa-9950-3a93bdd1ab19,1738,4000439916,4000439916,"Gatorade Lower Sugar, Variety Pack, 12 fl oz, 24-count",https://www.costco.com/gatorade-lower-sugar-variety-pack-12-fl-oz-24-count.product.4000439916.html,,,0,0,https://www.costco.com/beverages.html,9/27/2026 0:00
091a6e49-1945-58e0-9421-11c7f9f2a36a,1738,100451132,100451132,"Sprite Lemon-Lime Caffeine Free Soda Soft Drink Cans, 12 fl oz, 35-count",https://www.costco.com/sprite-lemon-lime-caffeine-free-soda-soft-drink-cans-12-fl-oz-35-count.product.100451132.html,,,0,0,https://www.costco.com/beverages.html,9/27/2026 0:00
db7800e5-3954-56fd-98ea-67c6aa688078,1738,100368220,100368220,"Red Bull Energy Drink, Sugar Free, 8.4 fl oz, 24-count",https://www.costco.com/red-bull-energy-drink-sugar-free-84-fl-oz-24-count.product.100368220.html,,,0,0,https://www.costco.com/beverages.html,9/27/2026 0:00
8d8a0ee0-a4f3-5429-b615-a48d73be7b9b,1738,4000444745,4000444745,"Ghost Energy Drink, Variety Pack, 16 fl oz, 18-count",https://www.costco.com/ghost-energy-drink-variety-pack-16-fl-oz-18-count.product.4000444745.html,,,0,0,https://www.costco.com/beverages.html,9/27/2026 0:00
b118e2c6-8d73-594f-9c3c-c67639fab652,1738,100381588,100381588,"Carnation, Evaporated Milk, 12 fl oz, 12-Count",https://www.costco.com/carnation-evaporated-milk-12-fl-oz-12-count.product.100381588.html,,,0,0,https://www.costco.com/beverages.html,9/27/2026 0:00
e15f151a-67b1-5f12-b438-c3b1ae598e81,1738,100314147,100314147,"Kirkland Signature, Organic Almond Beverage, Vanilla, 32 fl oz, 6-Count",https://www.costco.com/kirkland-signature-organic-almond-beverage-vanilla-32-fl-oz-6-count.product.100314147.html,,,0,0,https://www.costco.com/beverages.html,9/27/2026 0:00
8c7f8640-655b-5d5c-9277-2f9d67293462,1738,100392423,100392423,"Sunny D Citrus Punch, Tangy Original, 11.3 fl oz, 30-Count",https://www.costco.com/sunny-d-citrus-punch-tangy-original-113-fl-oz-30-count.product.100392423.html,,,0,0,https://www.costco.com/beverages.html,9/27/2026 0:00
a4ea13a2-0d5c-5a2f-a533-c12ab24281f3,1738,4000361369,4000361369,"Celsius Sparkling Energy Drink, Vibe Variety Pack, 12 fl oz, 18-count",https://www.costco.com/celsius-sparkling-energy-drink-vibe-variety-pack-12-fl-oz-18-count.product.4000361369.html,,,0,0,https://www.costco.com/beverages.html,9/27/2026 0:00
28afd0c8-1789-5612-acd0-96420f0709c0,1738,100638343,100638343,"Kirkland Signature, Organic Non-Dairy Oat Beverage, 32 oz, 6-count",https://www.costco.com/kirkland-signature-organic-non-dairy-oat-beverage-32-oz-6-count.product.100638343.html,,,0,0,https://www.costco.com/beverages.html,9/27/2026 0:00
8083a968-a435-5406-b115-e19e73eec34a,1738,4000443229,4000443229,"Kirkland Signature Sport Drink, Variety Pack, 12 fl oz, 24-count",https://www.costco.com/kirkland-signature-sport-drink-variety-pack-12-fl-oz-24-count.product.4000443229.html,,,0,0,https://www.costco.com/beverages.html,9/27/2026 0:00
79aa003b-b4b6-5ad3-be78-349ea9a968cf,1738,100456512,100456512,"Kirkland Signature, Almond Milk, 1 qt, 12-count",https://www.costco.com/kirkland-signature-almond-milk-1-qt-12-count.product.100456512.html,,,0,0,https://www.costco.com/beverages.html,9/27/2026 0:00
00c2aad9-3fce-5e82-87e2-217a953cca9d,1738,100440556,100440556,"Coca-Cola de Mexico Soda Soft Drink Glass Bottles, 335 mL, 24-count",https://www.costco.com/coca-cola-de-mexico-soda-soft-drink-glass-bottles-335-ml-24-count.product.100440556.html,,,0,0,https://www.costco.com/beverages.html,9/27/2026 0:00
d0a0ac06-a5f9-594e-8f90-071331fc9da8,1738,100449940,100449940,"SO Delicious, Organic Coconut Milk, 32 oz, 6-Count",https://www.costco.com/so-delicious-organic-coconut-milk-32-oz-6-count.product.100449940.html,,,0,0,https://www.costco.com/beverages.html,9/27/2026 0:00
e846da56-8542-5aab-96f1-93ba9eea1f04,1738,100368228,100368228,"Red Bull Energy Drink, 8.4 fl oz, 24-count",https://www.costco.com/red-bull-energy-drink-84-fl-oz-24-count.product.100368228.html,,,0,0,https://www.costco.com/beverages.html,9/27/2026 0:00
4f01ca8d-756c-5de8-862b-dcb0f833579a,1738,4201003687,4201003687,"Kirkland Signature A2 Chocolate Milk, 8 fl oz, 24-count",https://www.costco.com/kirkland-signature-a2-chocolate-milk-8-fl-oz-24-count.product.4201003687.html,,,0,0,https://www.costco.com/beverages.html,9/27/2026 0:00
bf10bb66-2b23-5fbb-aeaf-d05d750bcdbe,1738,4000240044,4000240044,"Kirkland Signature Organic Whole Milk, 8 fl oz, 18-count",https://www.costco.com/kirkland-signature-organic-whole-milk-8-fl-oz-18-count.product.4000240044.html,,,0,0,https://www.costco.com/beverages.html,9/27/2026 0:00
48a647a1-628f-5a72-87b6-7b0fb126b2e3,1738,100461841,100461841,"Swiss Miss, Hot Cocoa Mix, 1.38 oz, 50-Count",https://www.costco.com/swiss-miss-hot-cocoa-mix-138-oz-50-count.product.100461841.html,,,0,0,https://www.costco.com/beverages.html,9/27/2026 0:00
04560be2-c7ab-5cb3-abb3-9bf7fefc6bf9,1738,100688557,100688557,"Kirkland Signature Organic A2 Whole Milk, Half Gallon, 3-count",https://www.costco.com/kirkland-signature-organic-a2-whole-milk-half-gallon-3-count.product.100688557.html,,,0,0,https://www.costco.com/beverages.html,9/27/2026 0:00
5a2f2a9d-17ea-5fde-9d90-9a1351cc81e6,1738,4000446237,4000446237,"Monster Energy Drink, Ultra Variety Pack, 12 fl oz, 24-count",https://www.costco.com/monster-energy-drink-ultra-variety-pack-12-fl-oz-24-count.product.4000446237.html,,,0,0,https://www.costco.com/beverages.html,9/27/2026 0:00
a33cf799-7a3f-5e52-8de8-7c4aaf0492e7,1738,100451360,100451360,"Coca-Cola Classic, 12 fl oz, 35-count",https://www.costco.com/coca-cola-classic-12-fl-oz-35-count.product.100451360.html,,,0,0,https://www.costco.com/beverages.html,9/27/2026 0:00
37ad5a72-e4eb-5dfe-8037-dbc8c3ee901b,1738,100616479,100616479,"Welch’s, 100% Grape Juice Blend, Concord Grape, 96 fl oz, 2-Count",https://www.costco.com/welchs-100-grape-juice-blend-concord-grape-96-fl-oz-2-count.product.100616479.html,,,0,0,https://www.costco.com/beverages.html,9/27/2026 0:00
a7f955a3-92b6-5319-9938-e2f274ffa634,1738,100433654,100433654,"Mott's Organic 100% Apple Juice, 1 Gal, 2-count",https://www.costco.com/motts-organic-100-apple-juice-1-gal-2-count.product.100433654.html,,,0,0,https://www.costco.com/beverages.html,9/27/2026 0:00
156fdad1-ca95-5769-a728-74388b935bcd,1738,4000359657,4000359657,"Gatorade Zero Variety Pack, 20 fl oz, 24-count",https://www.costco.com/gatorade-zero-variety-pack-20-fl-oz-24-count.product.4000359657.html,,,0,0,https://www.costco.com/beverages.html,9/27/2026 0:00
964c855c-57c4-54cd-be9c-bc918cc1e4ce,1738,100442348,100442348,"Lipton, Iced Tea Mix, Lemon, 5 lbs",https://www.costco.com/lipton-iced-tea-mix-lemon-5-lbs.product.100442348.html,,,0,0,https://www.costco.com/beverages.html,9/27/2026 0:00
52424a1c-452d-53bb-828a-f225c14cbc14,1738,4000349261,4000349261,"AG1 Daily Foundational Nutrition, 40-count",https://www.costco.com/ag1-daily-foundational-nutrition-40-count.product.4000349261.html,,,0,0,https://www.costco.com/beverages.html,9/27/2026 0:00
e39da367-2bd5-5e2a-a477-6b8284aca09c,1738,100398626,100398626,"Glacéau Smartwater, 1 L, 15-count",https://www.costco.com/glacau-smartwater-1-l-15-count.product.100398626.html,,,0,0,https://www.costco.com/beverages.html,9/27/2026 0:00
a1d29bf5-2016-5ca4-9daa-185d23cd3c6f,1738,4201023800,4201023800,"Health-Ade Organic Fruity Fusion Kombucha Variety Pack, 16 fl oz, 6-count",https://www.costco.com/health-ade-organic-fruity-fusion-kombucha-variety-pack-16-fl-oz-6-count.product.4201023800.html,,,0,0,https://www.costco.com/beverages.html,9/27/2026 0:00
682842ec-c36e-59bc-b405-2ae83c35c729,1738,4000033301,4000033301,"FIJI Natural Artesian Water, 16.9 fl oz, 24-count",https://www.costco.com/fiji-natural-artesian-water-169-fl-oz-24-count.product.4000033301.html,,,0,0,https://www.costco.com/beverages.html,9/27/2026 0:00
f2c3eacb-b106-5335-80c4-c67868231df4,1738,4000179611,4000179611,"San Pellegrino Sparkling Natural Mineral Water, 25.3 fl oz, 15-count",https://www.costco.com/san-pellegrino-sparkling-natural-mineral-water-253-fl-oz-15-count.product.4000179611.html,,,0,0,https://www.costco.com/beverages.html,9/27/2026 0:00
b2e580ee-ce4f-5683-8653-30797892df77,1738,100588180,100588180,"Kirkland Signaure Organic Raw Kombucha, 16 fl oz, 8-count",https://www.costco.com/kirkland-signaure-organic-raw-kombucha-16-fl-oz-8-count.product.100588180.html,,,0,0,https://www.costco.com/beverages.html,9/27/2026 0:00
9ee81628-cf74-595b-a328-11ae6f329b0b,1738,4000233754,4000233754,"POM Wonderful 100% Pomegranate Juice, 64 fl oz",https://www.costco.com/pom-wonderful-100-pomegranate-juice-64-fl-oz.product.4000233754.html,,,0,0,https://www.costco.com/beverages.html,9/27/2026 0:00
49a699ad-f0f0-5441-aa51-68e53ed930d5,1738,4201001042,4201001042,"Kirkland Signature Ultra Filtered 2% Lactose Free Milk, Half Gallon, 3-count",https://www.costco.com/kirkland-signature-ultra-filtered-2-lactose-free-milk-half-gallon-3-count.product.4201001042.html,,,0,0,https://www.costco.com/beverages.html,9/27/2026 0:00
ddde3081-657f-54a9-b1c1-4fa8891b6f05,1738,100737535,100737535,"Sambazon Organic Dragon Fruit Blend, 64 fl oz",https://www.costco.com/sambazon-organic-dragon-fruit-blend-64-fl-oz.product.100737535.html,,,0,0,https://www.costco.com/beverages.html,9/27/2026 0:00
31ed40ef-1a1d-5ca7-8e4d-e11efd6e772e,1738,100437793,100437793,"Fever Tree Ginger Beer, 9.3 fl oz, 12-count",https://www.costco.com/fever-tree-ginger-beer-93-fl-oz-12-count.product.100437793.html,,,0,0,https://www.costco.com/beverages.html,9/27/2026 0:00
14d295be-7551-58b2-9706-ed39b32c8c3e,1738,100688986,100688986,"Kirkland Signature Funhouse Treats, Variety Pack, 92 oz",https://www.costco.com/kirkland-signature-funhouse-treats-variety-pack-92-oz.product.100688986.html,,,0,0,https://www.costco.com/candy.html,9/27/2026 0:00
df0965f3-b8a6-54fc-9ee3-68c4e3355592,1738,100381538,100381538,"Hershey's Variety Pack, 30-count",https://www.costco.com/hersheys-variety-pack-30-count.product.100381538.html,,,0,0,https://www.costco.com/candy.html,9/27/2026 0:00
b8fe1d0b-5932-58fe-b650-b25ff8f6ddfb,1738,100381504,100381504,"M&M's, Snickers and More Chocolate Candy Bars, Variety Pack, 30-count",https://www.costco.com/mms-snickers-and-more-chocolate-candy-bars-variety-pack-30-count.product.100381504.html,,,0,0,https://www.costco.com/candy.html,9/27/2026 0:00
54e23609-e9b2-5d76-8b2a-1ecbc1493dc6,1738,100390360,100390360,"Kellogg's Rice Krispies Treats, 0.78 oz, 60-count",https://www.costco.com/kelloggs-rice-krispies-treats-078-oz-60-count.product.100390360.html,,,0,0,https://www.costco.com/candy.html,9/27/2026 0:00
ec336925-c8c2-501d-9717-4999283e2d48,1738,4000444766,4000444766,"Haribo Gummi Candy Happy Mix Variety Pack, 120-count",https://www.costco.com/haribo-gummi-candy-happy-mix-variety-pack-120-count.product.4000444766.html,,,0,0,https://www.costco.com/candy.html,9/27/2026 0:00
932f35d1-42cc-5473-93a3-89d779860e00,1738,100381533,100381533,"Hershey's Nuggets Assortment, Variety Pack, 145-count",https://www.costco.com/hersheys-nuggets-assortment-variety-pack-145-count.product.100381533.html,,,0,0,https://www.costco.com/candy.html,9/27/2026 0:00
9c642011-2174-56fa-a402-a1af3ce46e3c,1738,100394694,100394694,"M&M's Chocolate Candy, Peanut, 62 oz Jar",https://www.costco.com/mms-chocolate-candy-peanut-62-oz-jar.product.100394694.html,,,0,0,https://www.costco.com/candy.html,9/27/2026 0:00
7d377a5e-6898-5d35-8c02-30bcb9e636b1,1738,4000064657,4000064657,"Skinny Dipped Cups, Dark Chocolate Peanut Butter, 30-count",https://www.costco.com/skinny-dipped-cups-dark-chocolate-peanut-butter-30-count.product.4000064657.html,,,0,0,https://www.costco.com/candy.html,9/27/2026 0:00
e275ad77-31ea-5f17-89cb-9b3791a09c38,1738,100333883,100333883,"Kirkland Signature Raisins, Milk Chocolate, 3.4 lb",https://www.costco.com/kirkland-signature-raisins-milk-chocolate-34-lb.product.100333883.html,,,0,0,https://www.costco.com/candy.html,9/27/2026 0:00
7ed7ec00-a12e-5a0d-bbff-fd4c8a8d5ba2,1738,100762844,100762844,"Fruit By The Foot, Variety, 0.75 oz, 48-count",https://www.costco.com/fruit-by-the-foot-variety-075-oz-48-count.product.100762844.html,,,0,0,https://www.costco.com/candy.html,9/27/2026 0:00
d415a40a-5eaf-581a-8098-2e6ee131b8df,1738,4000416452,4000416452,"Kirkland Signature Milk Chocolate Covered Almonds, 48 oz",https://www.costco.com/kirkland-signature-milk-chocolate-covered-almonds-48-oz.product.4000416452.html,,,0,0,https://www.costco.com/candy.html,9/27/2026 0:00
bf82f2ac-da02-580f-a41a-7c12293247eb,1738,4000349222,4000349222,"Jojo's Dark Chocolate Pistachio Almond Cranberry Bites, 14.4 oz",https://www.costco.com/jojos-dark-chocolate-pistachio-almond-cranberry-bites-144-oz.product.4000349222.html,,,0,0,https://www.costco.com/candy.html,9/27/2026 0:00
7ffa3b5d-8f03-564d-b753-c8344d1386c9,1738,100383408,100383408,"Ferrero Rocher, Milk Chocolate Hazelnut Candy, 21.2 oz, 48 Count",https://www.costco.com/ferrero-rocher-milk-chocolate-hazelnut-candy-212-oz-48-count.product.100383408.html,,,0,0,https://www.costco.com/candy.html,9/27/2026 0:00
62d0a61e-241f-562a-8c0a-17864bd35583,1738,100381532,100381532,"Hershey's Kisses, Milk Chocolate, 56 oz",https://www.costco.com/hersheys-kisses-milk-chocolate-56-oz.product.100381532.html,,,0,0,https://www.costco.com/candy.html,9/27/2026 0:00
452e58d3-f29c-52cf-a43c-362f97af9c80,1738,100810714,100810714,"Toblerone Swiss Milk Chocolate Bar, 3.52 oz, 6-Count",https://www.costco.com/toblerone-swiss-milk-chocolate-bar-352-oz-6-count.product.100810714.html,,,0,0,https://www.costco.com/candy.html,9/27/2026 0:00
6e0ae9ab-9e60-5fc6-ba78-0e9fa450c8fe,1738,4000184371,4000184371,"Extra Sugar Free Chewing Gum, Mint Variety Pack, 15 Sticks, 18-Count",https://www.costco.com/extra-sugar-free-chewing-gum-mint-variety-pack-15-sticks-18-count.product.4000184371.html,,,0,0,https://www.costco.com/candy.html,9/27/2026 0:00
59a6928e-93e8-5f09-aedc-2af5392e2206,1738,100643925,100643925,"Kinder Bueno Chocolate and Hazelnut Chocolate Bars, 2 Bars, 1.5 oz, 20 Pack",https://www.costco.com/kinder-bueno-chocolate-and-hazelnut-chocolate-bars-2-bars-15-oz-20-pack.product.100643925.html,,,0,0,https://www.costco.com/candy.html,9/27/2026 0:00
d80d7409-9c54-5d74-b46a-a0297448bdb8,1738,100851787,100851787,"Lindt Lindor Chocolate Truffles, Assorted Flavors, 21.2 oz",https://www.costco.com/lindt-lindor-chocolate-truffles-assorted-flavors-212-oz.product.100851787.html,,,0,0,https://www.costco.com/candy.html,9/27/2026 0:00
28e13ab7-adaf-5cc1-8f85-1ce76f315964,1738,4000426545,4000426545,"Skinny Dipped Dark Chocolate Coconut Almond Bites, 30-count",https://www.costco.com/skinny-dipped-dark-chocolate-coconut-almond-bites-30-count.product.4000426545.html,,,0,0,https://www.costco.com/candy.html,9/27/2026 0:00
eda81101-912b-5e5b-bbc0-f20cc12b60ce,1738,100368193,100368193,"Healthy Choice Organic Fudge Bars, 3 fl oz, 18-count",https://www.costco.com/healthy-choice-organic-fudge-bars-3-fl-oz-18-count.product.100368193.html,,,0,0,https://www.costco.com/candy.html,9/27/2026 0:00
2f7abd2d-5624-55fa-bb0c-5adebe73843c,1738,100437854,100437854,"Kerrygold Pure Irish Butter, Salted, 8 oz, 4-count",https://www.costco.com/kerrygold-pure-irish-butter-salted-8-oz-4-count.product.100437854.html,,,0,0,https://www.costco.com/dairy-eggs-cheese.html,9/27/2026 0:00
a2ca4671-8954-5b13-90be-d24dd8b3c359,1738,100433972,100433972,"Kirkland Signature Organic Greek Yogurt, 48 oz",https://www.costco.com/kirkland-signature-organic-greek-yogurt-48-oz.product.100433972.html,,,0,0,https://www.costco.com/dairy-eggs-cheese.html,9/27/2026 0:00
51c646d8-43bd-5232-b622-435462b239ce,1738,100710281,100710281,"Cello Variety Pack, Cracker Cut, Premium Sliced Cheeses, 2 lbs",https://www.costco.com/cello-variety-pack-cracker-cut-premium-sliced-cheeses-2-lbs.product.100710281.html,,,0,0,https://www.costco.com/dairy-eggs-cheese.html,9/27/2026 0:00
8ff23493-282c-5008-a222-80ec3f95e9f9,1738,100462183,100462183,"Oikos Triple Zero Greek Nonfat Yogurt, Variety Pack, 5.3 oz, 18-count",https://www.costco.com/oikos-triple-zero-greek-nonfat-yogurt-variety-pack-53-oz-18-count.product.100462183.html,,,0,0,https://www.costco.com/dairy-eggs-cheese.html,9/27/2026 0:00
ee692af3-45c6-56eb-987b-eb1e658daad5,1738,100368194,100368194,"Chobani Greek Yogurt Variety Pack, 5.3 oz, 20-count",https://www.costco.com/chobani-greek-yogurt-variety-pack-53-oz-20-count.product.100368194.html,,,0,0,https://www.costco.com/dairy-eggs-cheese.html,9/27/2026 0:00
7ccf72e7-2882-5732-aca3-aa120b8d4719,1738,100713067,100713067,"Kirkland Signature Grass-Fed Butter, 8 oz, 4-count",https://www.costco.com/kirkland-signature-grass-fed-butter-8-oz-4-count.product.100713067.html,,,0,0,https://www.costco.com/dairy-eggs-cheese.html,9/27/2026 0:00
f2f76da9-d9d9-586d-a0bf-15bc6bd6a1e4,1738,100436420,100436420,"Kirkland Signature Shredded Mozzarella Cheese, 2.5 lbs, 2-count",https://www.costco.com/kirkland-signature-shredded-mozzarella-cheese-25-lbs-2-count.product.100436420.html,,,0,0,https://www.costco.com/dairy-eggs-cheese.html,9/27/2026 0:00
85329cf3-a63e-54ef-9611-87b664ed4473,1738,100437629,100437629,"Kirkland Signature Shredded Mexican Style Blend Cheese, 2.5 lbs, 2-count",https://www.costco.com/kirkland-signature-shredded-mexican-style-blend-cheese-25-lbs-2-count.product.100437629.html,,,0,0,https://www.costco.com/dairy-eggs-cheese.html,9/27/2026 0:00
51c3b010-2ee5-56f5-bd7b-217cf9235324,1738,4000345017,4000345017,"Chobani Protein Lowfat Greek Yogurt, 6.7 oz, 16-count",https://www.costco.com/chobani-protein-lowfat-greek-yogurt-67-oz-16-count.product.4000345017.html,,,0,0,https://www.costco.com/dairy-eggs-cheese.html,9/27/2026 0:00
1ef4fd8c-eb82-5b45-965f-6abfbaf417c7,1738,100439614,100439614,"Busseto California Snackin' Bite Size Salami & Provolone Cheese, 8-count",https://www.costco.com/busseto-california-snackin-bite-size-salami--provolone-cheese-8-count.product.100439614.html,,,0,0,https://www.costco.com/dairy-eggs-cheese.html,9/27/2026 0:00
5fef1ab2-c6a6-514e-96e1-43e1dc7157b4,1738,100637149,100637149,"Kirkland Signature Fresh Mozzarella, 18 oz, 2-count",https://www.costco.com/kirkland-signature-fresh-mozzarella-18-oz-2-count.product.100637149.html,,,0,0,https://www.costco.com/dairy-eggs-cheese.html,9/27/2026 0:00
10c8a36f-0e62-58da-9f1d-977f8a268c17,1738,100715989,100715989,"Kirkland Signature Organic Greek Feta, 28.2 oz",https://www.costco.com/kirkland-signature-organic-greek-feta-282-oz.product.100715989.html,,,0,0,https://www.costco.com/dairy-eggs-cheese.html,9/27/2026 0:00
d69df557-22b1-5e27-8261-468441a63576,1738,4201012739,4201012739,"Chobani 20g Protein Lowfat Plain Greek Yogurt, 40 oz",https://www.costco.com/chobani-20g-protein-lowfat-plain-greek-yogurt-40-oz.product.4201012739.html,,,0,0,https://www.costco.com/dairy-eggs-cheese.html,9/27/2026 0:00
54d8328c-d3bf-503e-b387-382cf0498f38,1738,100439445,100439445,"Kerrygold Pure Unsalted Irish Butter, 8 oz, 4-count",https://www.costco.com/kerrygold-pure-unsalted-irish-butter-8-oz-4-count.product.100439445.html,,,0,0,https://www.costco.com/dairy-eggs-cheese.html,9/27/2026 0:00
fe66ab7f-862b-5abb-b496-3ac1accbdb9a,1738,100453313,100453313,"BelGioioso Fresh Mozzarella Snacking Cheese, 1 oz, 24-count",https://www.costco.com/belgioioso-fresh-mozzarella-snacking-cheese-1-oz-24-count.product.100453313.html,,,0,0,https://www.costco.com/dairy-eggs-cheese.html,9/27/2026 0:00
1cbc78a9-bede-5882-80cd-09a51c6f71d0,1738,100442159,100442159,"Finlandia Premium Cheese Slices, 2 lbs",https://www.costco.com/finlandia-premium-cheese-slices-2-lbs.product.100442159.html,,,0,0,https://www.costco.com/dairy-eggs-cheese.html,9/27/2026 0:00
c649e38d-b60f-5f9b-ae43-7f90be88bece,1738,100387887,100387887,"Boursin Garlic & Fine Herbs + Shallot & Chive, Gourmet Cheese, 5.3 oz, 3-count",https://www.costco.com/boursin-garlic--fine-herbs--shallot--chive-gourmet-cheese-53-oz-3-count.product.100387887.html,,,0,0,https://www.costco.com/dairy-eggs-cheese.html,9/27/2026 0:00
31da2b7b-8521-539d-b8bf-75a36bce79dc,1738,100423100,100423100,"Kraft Singles American Cheese, 96 Slices, 4 lbs",https://www.costco.com/kraft-singles-american-cheese-96-slices-4-lbs.product.100423100.html,,,0,0,https://www.costco.com/dairy-eggs-cheese.html,9/27/2026 0:00
137d1986-d122-5d8a-9e65-a558ac3054cb,1738,4000109678,4000109678,"Babybel Mini Snack Cheese, Original, 0.71 oz, 36-count",https://www.costco.com/babybel-mini-snack-cheese-original-071-oz-36-count.product.4000109678.html,,,0,0,https://www.costco.com/dairy-eggs-cheese.html,9/27/2026 0:00
3a1bcfd2-55ed-59d9-8fcc-bc0f1aa03926,1738,100443302,100443302,"Emmi Le Gruyere AOP Cheese, 1 lb",https://www.costco.com/emmi-le-gruyere-aop-cheese-1-lb.product.100443302.html,,,0,0,https://www.costco.com/dairy-eggs-cheese.html,9/27/2026 0:00
1fa849d7-9094-5f37-a730-9c88467c0b2a,1738,4000283857,4000283857,"Noosa Yoghurt Variety Pack, 4 oz, 12-count",https://www.costco.com/noosa-yoghurt-variety-pack-4-oz-12-count.product.4000283857.html,,,0,0,https://www.costco.com/dairy-eggs-cheese.html,9/27/2026 0:00
b167a831-06da-5cd7-8b33-a0dcf1f674a2,1738,100377729,100377729,"Kirkland Signature Aged Parmigiano Reggiano Cheese, Shredded, 1 lb",https://www.costco.com/kirkland-signature-aged-parmigiano-reggiano-cheese-shredded-1-lb.product.100377729.html,,,0,0,https://www.costco.com/dairy-eggs-cheese.html,9/27/2026 0:00
2401e065-d3a6-58f8-b5ac-36363914fe02,1738,100443215,100443215,"Philadelphia Original Cream Cheese Spread, 48 oz",https://www.costco.com/philadelphia-original-cream-cheese-spread-48-oz.product.100443215.html,,,0,0,https://www.costco.com/dairy-eggs-cheese.html,9/27/2026 0:00
474579c4-b229-586e-bf70-184e8ab25398,1738,100416444,100416444,"President Crumbled Feta Cheese, 1.5 lbs",https://www.costco.com/president-crumbled-feta-cheese-15-lbs.product.100416444.html,,,0,0,https://www.costco.com/dairy-eggs-cheese.html,9/27/2026 0:00
af618636-50e8-528d-af47-438013ae3908,1738,4000099834,4000099834,"Kirkland Signature Fresh Goat Cheese, 10.5 oz, 2-count",https://www.costco.com/kirkland-signature-fresh-goat-cheese-105-oz-2-count.product.4000099834.html,,,0,0,https://www.costco.com/dairy-eggs-cheese.html,9/27/2026 0:00
6a36d01c-88ea-5290-8fac-70b0cb2e52fb,1738,100342484,100342484,"Kirkland Signature Flex-Tech 13-Gallon Kitchen Trash Bag, 200-count",https://www.costco.com/kirkland-signature-flex-tech-13-gallon-kitchen-trash-bag-200-count.product.100342484.html,,,0,0,https://www.costco.com/household-cleaning.html,9/27/2026 0:00
ae738a80-ffe9-5cbf-8b24-0d2604a2ff68,1738,100534416,100534416,"Clorox Disinfecting Wipes, Variety Pack, 85-count, 5-pack",https://www.costco.com/clorox-disinfecting-wipes-variety-pack-85-count-5-pack.product.100534416.html,,,0,0,https://www.costco.com/household-cleaning.html,9/27/2026 0:00
f2923e02-7f1f-51fb-8145-481243165eb3,1738,4000350951,4000350951,"Cascade Platinum Plus Dishwasher Detergent ActionPacs, Fresh, 82-count",https://www.costco.com/cascade-platinum-plus-dishwasher-detergent-actionpacs-fresh-82-count.product.4000350951.html,,,0,0,https://www.costco.com/household-cleaning.html,9/27/2026 0:00
df4f4d37-620b-5aab-af9f-1bb15f89baff,1738,4000438985,4000438985,"Dawn Platimum Advanced Power Dishwashing Liquid, Fresh, 90 fl oz",https://www.costco.com/dawn-platimum-advanced-power-dishwashing-liquid-fresh-90-fl-oz.product.4000438985.html,,,0,0,https://www.costco.com/household-cleaning.html,9/27/2026 0:00
95272250-5c6c-573a-ac19-7981fcac2f00,1738,4000113981,4000113981,"Lysol Disinfecting Wipes, Variety Pack, 95-count, 4-pack",https://www.costco.com/lysol-disinfecting-wipes-variety-pack-95-count-4-pack.product.4000113981.html,,,0,0,https://www.costco.com/household-cleaning.html,9/27/2026 0:00
69f957c2-5912-5735-9b5a-e32915ef6e89,1738,100520272,100520272,"Kirkland Signature Flex-Tech 13-Gallon Scented Kitchen Trash Bags, 200-count",https://www.costco.com/kirkland-signature-flex-tech-13-gallon-scented-kitchen-trash-bags-200-count.product.100520272.html,,,0,0,https://www.costco.com/household-cleaning.html,9/27/2026 0:00
1d273dc8-0f1c-568c-8739-684155282778,1738,100540181,100540181,"Lysol Advanced Toilet Bowl Cleaner, 32 fl oz, 4-count",https://www.costco.com/lysol-advanced-toilet-bowl-cleaner-32-fl-oz-4-count.product.100540181.html,,,0,0,https://www.costco.com/household-cleaning.html,9/27/2026 0:00
a78e9115-de4b-59cf-abc1-3b600fdd9130,1738,4000435427,4000435427,"Cascade Platinum Liquid Dishwasher Detergent, Fresh, 125 fl oz",https://www.costco.com/cascade-platinum-liquid-dishwasher-detergent-fresh-125-fl-oz.product.4000435427.html,,,0,0,https://www.costco.com/household-cleaning.html,9/27/2026 0:00
a2abf51c-2cad-5490-b804-14e887ee7c3b,1738,4000320960,4000320960,"Bounce Select a Size Fabric Softener Dryer Sheets, Outdoor Fresh, 400-count",https://www.costco.com/bounce-select-a-size-fabric-softener-dryer-sheets-outdoor-fresh-400-count.product.4000320960.html,,,0,0,https://www.costco.com/household-cleaning.html,9/27/2026 0:00
5b3263b7-f4e5-577d-9799-7409959e3d27,1738,4000423630,4000423630,"Cascade Complete Shine Boost Dishwasher Detergent ActionPacs, Fresh, 92-count",https://www.costco.com/cascade-complete-shine-boost-dishwasher-detergent-actionpacs-fresh-92-count.product.4000423630.html,,,0,0,https://www.costco.com/household-cleaning.html,9/27/2026 0:00
c1d734e5-54cd-5dd0-aeef-4f3feb3fe8f5,1738,4000260032,4000260032,"Dawn Platinum Plus Powerwash Dish Soap Spray, Fresh Clean, 1 Starter Kit + 2 Refills",https://www.costco.com/dawn-platinum-plus-powerwash-dish-soap-spray-fresh-clean-1-starter-kit--2-refills.product.4000260032.html,,,0,0,https://www.costco.com/household-cleaning.html,9/27/2026 0:00
ce106119-87c0-5195-8acc-2a52603b04da,1738,100525739,100525739,"Kirkland Signature Ultra Clean Free & Clear HE Liquid Laundry Detergent, 146 loads, 194 fl oz",https://www.costco.com/kirkland-signature-ultra-clean-free--clear-he-liquid-laundry-detergent-146-loads-194-fl-oz.product.100525739.html,,,0,0,https://www.costco.com/household-cleaning.html,9/27/2026 0:00
f6c50296-30de-5510-a5d9-feabad4deae0,1738,4000092361,4000092361,"Swiffer Duster Heavy Duty Dusting Kit, 1 Handle + 17 Refills",https://www.costco.com/swiffer-duster-heavy-duty-dusting-kit-1-handle--17-refills.product.4000092361.html,,,0,0,https://www.costco.com/household-cleaning.html,9/27/2026 0:00
fb91b59c-5baf-5a45-bffd-c8a370de251f,1738,4000251265,4000251265,"Downy Ultimate Infusions In-Wash Scent Booster Beads, Whimsical Wonder, 24.5 oz",https://www.costco.com/downy-ultimate-infusions-in-wash-scent-booster-beads-whimsical-wonder-245-oz.product.4000251265.html,,,0,0,https://www.costco.com/household-cleaning.html,9/27/2026 0:00
97f7b231-6af7-528c-86c3-4c287358ada8,1738,4000444453,4000444453,"Tide Pods with Ultra Oxi Laundry Detergent Pods, 100-count",https://www.costco.com/tide-pods-with-ultra-oxi-laundry-detergent-pods-100-count.product.4000444453.html,,,0,0,https://www.costco.com/household-cleaning.html,9/27/2026 0:00
8ca26fe4-3129-5c25-b632-fa15ec5d7120,1738,4000298387,4000298387,"Finish Jet-Dry Ultra Dishwasher Rinse Aid, 38 fl oz",https://www.costco.com/finish-jet-dry-ultra-dishwasher-rinse-aid-38-fl-oz.product.4000298387.html,,,0,0,https://www.costco.com/household-cleaning.html,9/27/2026 0:00
23b66aa3-60d5-5478-afdc-e58150f653fc,1738,4000417929,4000417929,"Tide Pods Laundry Detergent Pods, Spring Meadow, 156-count",https://www.costco.com/tide-pods-laundry-detergent-pods-spring-meadow-156-count.product.4000417929.html,,,0,0,https://www.costco.com/household-cleaning.html,9/27/2026 0:00
d537c4d7-cde8-5a97-9412-31955e7932c8,1738,4000247808,4000247808,"Kirkland Signature Ultra Shine Liquid Dish Soap, Fresh, 90 fl. oz.",https://www.costco.com/kirkland-signature-ultra-shine-liquid-dish-soap-fresh-90-fl-oz.product.4000247808.html,,,0,0,https://www.costco.com/household-cleaning.html,9/27/2026 0:00
699768e8-19d0-55d4-b4d4-bf3fa9d3b7f1,1738,100525846,100525846,"Kirkland Signature Ultra Clean HE Liquid Laundry Detergent, 146 loads, 194 fl oz",https://www.costco.com/kirkland-signature-ultra-clean-he-liquid-laundry-detergent-146-loads-194-fl-oz.product.100525846.html,,,0,0,https://www.costco.com/household-cleaning.html,9/27/2026 0:00
e9e5218b-f103-57c8-8c78-f64cfc370a31,1738,4000278026,4000278026,"Downy Soft Liquid Fabric Softener, April Fresh, 257 Loads, 150 fl oz",https://www.costco.com/downy-soft-liquid-fabric-softener-april-fresh-257-loads-150-fl-oz.product.4000278026.html,,,0,0,https://www.costco.com/household-cleaning.html,9/27/2026 0:00
caea557d-db50-5d26-b69d-9ead9e5969aa,1738,4000100321,4000100321,"Tide Ultra Concentrated Liquid Laundry Detergent, Original, 152 Loads, 170 fl oz",https://www.costco.com/tide-ultra-concentrated-liquid-laundry-detergent-original-152-loads-170-fl-oz.product.4000100321.html,,,0,0,https://www.costco.com/household-cleaning.html,9/27/2026 0:00
8d7d7281-ae4e-5df9-aeba-879e8d4536a5,1738,100146130,100146130,"Clorox Clean-Up All Purpose Cleaner with Bleach, Original, 32 fl oz Spray & 180 fl oz Refill",https://www.costco.com/clorox-clean-up-all-purpose-cleaner-with-bleach-original-32-fl-oz-spray--180-fl-oz-refill.product.100146130.html,,,0,0,https://www.costco.com/household-cleaning.html,9/27/2026 0:00
bade9419-ff1e-5769-a029-513ee750cfcc,1738,100308728,100308728,"Clorox ToiletWand Disposable Toilet Cleaning System, Rainforest Rush, 1 Wand & 36 Refills",https://www.costco.com/clorox-toiletwand-disposable-toilet-cleaning-system-rainforest-rush-1-wand--36-refills.product.100308728.html,,,0,0,https://www.costco.com/household-cleaning.html,9/27/2026 0:00
2dc4561d-e675-5927-bad1-34be53a009ee,1738,4000308669,4000308669,"Downy Unstopables In-Wash Scent Booster Beads, Fresh, 39.9 oz",https://www.costco.com/downy-unstopables-in-wash-scent-booster-beads-fresh-399-oz.product.4000308669.html,,,0,0,https://www.costco.com/household-cleaning.html,9/27/2026 0:00
cbfcaba7-cfbd-54dd-ab34-ba1dbf010f45,1738,4000141369,4000141369,"Scotch-Brite Zero Scratch Sponge, 24-count",https://www.costco.com/scotch-brite-zero-scratch-sponge-24-count.product.4000141369.html,,,0,0,https://www.costco.com/household-cleaning.html,9/27/2026 0:00
01dd7c40-6f68-581b-b79e-3ab31a423649,1738,4000183052,4000183052,"Kirkland Signature Fabric Softener Sheets, 250-count, 2-pack",https://www.costco.com/kirkland-signature-fabric-softener-sheets-250-count-2-pack.product.4000183052.html,,,0,0,https://www.costco.com/household-cleaning.html,9/27/2026 0:00
b0ffb87d-4fda-5603-b6f4-a210dfb7b5a9,1738,4000233330,4000233330,"Kirkland Signature Flex-Tech 33-Gallon Trash Bag, 90-count",https://www.costco.com/kirkland-signature-flex-tech-33-gallon-trash-bag-90-count.product.4000233330.html,,,0,0,https://www.costco.com/household-cleaning.html,9/27/2026 0:00
a999781b-5ab0-52c5-9cd4-3fe0da367255,1738,4000234602,4000234602,"Kirkland Signature 18-Gallon Compactor & Kitchen Trash Bag, 70-count",https://www.costco.com/kirkland-signature-18-gallon-compactor--kitchen-trash-bag-70-count.product.4000234602.html,,,0,0,https://www.costco.com/household-cleaning.html,9/27/2026 0:00
40d29c6c-c375-5113-a387-d878f70582cd,1738,100224137,100224137,"Kirkland Signature 10-Gallon Wastebasket Liner, Clear, 500-count",https://www.costco.com/kirkland-signature-10-gallon-wastebasket-liner-clear-500-count.product.100224137.html,,,0,0,https://www.costco.com/household-cleaning.html,9/27/2026 0:00
83c57682-0840-5a44-8aaf-4489d4f45dcf,1738,100721568,100721568,"Lysol Disinfectant Spray, Crisp Linen, 19 oz, 3-count",https://www.costco.com/lysol-disinfectant-spray-crisp-linen-19-oz-3-count.product.100721568.html,,,0,0,https://www.costco.com/household-cleaning.html,9/27/2026 0:00
44256d38-dd73-5fb8-959d-6d854bbda7e6,1738,100689013,100689013,"Swiffer Sweeper Heavy Duty Dry Sweeping Cloth Refills, 50-count",https://www.costco.com/swiffer-sweeper-heavy-duty-dry-sweeping-cloth-refills-50-count.product.100689013.html,,,0,0,https://www.costco.com/household-cleaning.html,9/27/2026 0:00
0fc48ea0-ca5b-5212-ac40-f727dfc88160,1738,4000401066,4000401066,"All Free & Clear Plus+ Liquid Laundry Detergent, 160 Loads, 200 fl oz",https://www.costco.com/all-free--clear-plus-liquid-laundry-detergent-160-loads-200-fl-oz.product.4000401066.html,,,0,0,https://www.costco.com/household-cleaning.html,9/27/2026 0:00
38677a3e-a951-51fb-b473-99e29dc1ea0e,1738,4000415444,4000415444,"Tide Pods Laundry Detergent Pods, Free & Gentle, 152-count",https://www.costco.com/tide-pods-laundry-detergent-pods-free--gentle-152-count.product.4000415444.html,,,0,0,https://www.costco.com/household-cleaning.html,9/27/2026 0:00
d17fd789-6775-5dbd-b278-c93a2ced078b,1738,4000278027,4000278027,"Gain +Oxi Liquid Laundry Detergent, Original, 159 Loads, 170 fl oz",https://www.costco.com/gain-oxi-liquid-laundry-detergent-original-159-loads-170-fl-oz.product.4000278027.html,,,0,0,https://www.costco.com/household-cleaning.html,9/27/2026 0:00
4e2318e2-e4ab-5265-87cd-2393d2975972,1738,4000119129,4000119129,"Arm & Hammer Plus OxiClean Max HE Liquid Laundry Detergent, Fresh, 200 Loads, 200 fl oz",https://www.costco.com/arm--hammer-plus-oxiclean-max-he-liquid-laundry-detergent-fresh-200-loads-200-fl-oz.product.4000119129.html,,,0,0,https://www.costco.com/household-cleaning.html,9/27/2026 0:00
cfe709c9-ec1d-50ea-8c74-09695ad57278,1738,4000141368,4000141368,"Scotch-Brite Heavy Duty Sponge, 24-count",https://www.costco.com/scotch-brite-heavy-duty-sponge-24-count.product.4000141368.html,,,0,0,https://www.costco.com/household-cleaning.html,9/27/2026 0:00
b283b1b8-768b-5f82-88a7-02c8ea0ddcb8,1738,4000120581,4000120581,"Fabuloso Multi-Purpose Cleaner, Lavender, 210 fl oz",https://www.costco.com/fabuloso-multi-purpose-cleaner-lavender-210-fl-oz.product.4000120581.html,,,0,0,https://www.costco.com/household-cleaning.html,9/27/2026 0:00
fbf8f1e0-9951-5397-8592-05b2ae7662b1,1738,4000254102,4000254102,"Tide Plus Advanced Power with Oxi Liquid Laundry Detergent, Original, 78 Loads, 138 fl oz",https://www.costco.com/tide-plus-advanced-power-with-oxi-liquid-laundry-detergent-original-78-loads-138-fl-oz.product.4000254102.html,,,0,0,https://www.costco.com/household-cleaning.html,9/27/2026 0:00
05846a07-d7be-5f94-b4e6-9753fbe52796,1738,4000248680,4000248680,"Pine-Sol Multi-Surface Cleaner, Original, 60 fl oz, 2-count",https://www.costco.com/pine-sol-multi-surface-cleaner-original-60-fl-oz-2-count.product.4000248680.html,,,0,0,https://www.costco.com/household-cleaning.html,9/27/2026 0:00
99f27897-fc79-5b66-9089-e69b6bc98e70,1738,4000364542,4000364542,"Tide Plus with Ultra Downy Liquid Laundry Detergent, April Fresh, 100 Loads, 128 fl oz",https://www.costco.com/tide-plus-with-ultra-downy-liquid-laundry-detergent-april-fresh-100-loads-128-fl-oz.product.4000364542.html,,,0,0,https://www.costco.com/household-cleaning.html,9/27/2026 0:00
291c4a11-2de5-5122-83cd-c3bca1708437,1738,100307201,100307201,"Kirkland Signature Ultra Clean HE Laundry Detergent Pacs, 152-count",https://www.costco.com/kirkland-signature-ultra-clean-he-laundry-detergent-pacs-152-count.product.100307201.html,,,0,0,https://www.costco.com/household-cleaning.html,9/27/2026 0:00
bbc968b7-ac97-5c09-ba5d-017b2da38207,1738,4000392766,4000392766,"Airwick Scented Oils, 1 Plug-in + 9 Refills, Variety Pack, Assorted Scents",https://www.costco.com/airwick-scented-oils-1-plug-in--9-refills-variety-pack-assorted-scents.product.4000392766.html,,,0,0,https://www.costco.com/household-cleaning.html,9/27/2026 0:00
c94c4e5d-4bbc-50a4-8384-79ee16625a11,1738,4000206470,4000206470,"Lysol Laundry Sanitizer, Crisp Linen, 150 fl oz",https://www.costco.com/lysol-laundry-sanitizer-crisp-linen-150-fl-oz.product.4000206470.html,,,0,0,https://www.costco.com/household-cleaning.html,9/27/2026 0:00
4da2d78d-1b24-5b2b-86e4-24f2a0de4e93,1738,100368211,100368211,"Palmolive Ultra Strength Liquid Dish Soap, 102 fl oz",https://www.costco.com/palmolive-ultra-strength-liquid-dish-soap-102-fl-oz.product.100368211.html,,,0,0,https://www.costco.com/household-cleaning.html,9/27/2026 0:00
8b81f6e9-f0d9-5cdd-92bb-4f784442dc9c,1738,4000370724,4000370724,"Swiffer Sweep + Mop Deluxe Sweeping Kit, 1 Sweeper + 30 Refills",https://www.costco.com/swiffer-sweep--mop-deluxe-sweeping-kit-1-sweeper--30-refills.product.4000370724.html,,,0,0,https://www.costco.com/household-cleaning.html,9/27/2026 0:00
ca8f96ff-f6db-56aa-8ed8-3cea82d7243b,1738,4000233382,4000233382,"Kirkland Signature 50-Gallon Outdoor Trash Bag, 70-count",https://www.costco.com/kirkland-signature-50-gallon-outdoor-trash-bag-70-count.product.4000233382.html,,,0,0,https://www.costco.com/household-cleaning.html,9/27/2026 0:00
6889ba7d-a6e7-55c4-831b-960bcc9e5eac,1738,4000350964,4000350964,"Tide Plus Ultra Oxi Powder Laundry Detergent, Original, 143 Loads, 225 oz",https://www.costco.com/tide-plus-ultra-oxi-powder-laundry-detergent-original-143-loads-225-oz.product.4000350964.html,,,0,0,https://www.costco.com/household-cleaning.html,9/27/2026 0:00
90f75a8e-6dca-599e-a40a-56f9cacecd92,1738,100816543,100816543,"Scott Shop Towels, Original Multi-Purpose, Blue, 10-count",https://www.costco.com/scott-shop-towels-original-multi-purpose-blue-10-count.product.100816543.html,,,0,0,https://www.costco.com/household-cleaning.html,9/27/2026 0:00
9447f8bd-33c2-5abb-af03-0d974db0771e,1738,4000441835,4000441835,"Mr. Clean Magic Eraser, Whole Home Extra Durable, 18-count",https://www.costco.com/mr-clean-magic-eraser-whole-home-extra-durable-18-count.product.4000441835.html,,,0,0,https://www.costco.com/household-cleaning.html,9/27/2026 0:00
3226ca42-b746-5fdf-902d-45bceeca990d,1738,4000416239,4000416239,"Kirkland Signature Ultra Soft Fabric Softener, 257 Loads, 150 fl oz",https://www.costco.com/kirkland-signature-ultra-soft-fabric-softener-257-loads-150-fl-oz.product.4000416239.html,,,0,0,https://www.costco.com/household-cleaning.html,9/27/2026 0:00
4a41d93e-5526-573e-8327-bb60fc6c2d39,1738,4201005849,4201005849,"All Free & Clear Plus+ Laundry Detergent Mighty Pacs, 118-count",https://www.costco.com/all-free--clear-plus-laundry-detergent-mighty-pacs-118-count.product.4201005849.html,,,0,0,https://www.costco.com/household-cleaning.html,9/27/2026 0:00
ae5fa899-fde7-519e-9bca-2445afae11c5,1738,4000160436,4000160436,"Mrs. Meyers Multi-Surface Variety Pack, 24 fl oz, 3-count",https://www.costco.com/mrs-meyers-multi-surface-variety-pack-24-fl-oz-3-count.product.4000160436.html,,,0,0,https://www.costco.com/household-cleaning.html,9/27/2026 0:00
763dd37c-0363-5003-afcb-11e78cef42e4,1738,100401358,100401358,"Scotch-Brite Lint Roller, 95-count, 5-pack",https://www.costco.com/scotch-brite-lint-roller-95-count-5-pack.product.100401358.html,,,0,0,https://www.costco.com/household-cleaning.html,9/27/2026 0:00
144c81c4-7ac6-5856-b7a9-30a0ad5be1c2,1738,4000444448,4000444448,"Finish Powerball Ultimate Quantum Dish Detergent Tabs, 90-count",https://www.costco.com/finish-powerball-ultimate-quantum-dish-detergent-tabs-90-count.product.4000444448.html,,,0,0,https://www.costco.com/household-cleaning.html,9/27/2026 0:00
6717c7e5-af58-5a6e-b4b9-c24664fb131b,1738,4000410069,4000410069,"Kirkland Signature Powder Laundry Detergent, 200 Loads, 348.8 oz",https://www.costco.com/kirkland-signature-powder-laundry-detergent-200-loads-3488-oz.product.4000410069.html,,,0,0,https://www.costco.com/household-cleaning.html,9/27/2026 0:00
e6b6f363-e4f2-5458-aa2a-1027abd298e6,1738,4000092340,4000092340,"Swiffer Sweeper Heavy Duty Wet Cloths, Lavender, 54-count",https://www.costco.com/swiffer-sweeper-heavy-duty-wet-cloths-lavender-54-count.product.4000092340.html,,,0,0,https://www.costco.com/household-cleaning.html,9/27/2026 0:00
a00e5955-4708-5df4-9ebc-393fe004ea62,1738,100687494,100687494,"Poo-Pourri Toilet Spray, Variety Pack, 3.4 fl oz, 3-count",https://www.costco.com/poo-pourri-toilet-spray-variety-pack-34-fl-oz-3-count.product.100687494.html,,,0,0,https://www.costco.com/household-cleaning.html,9/27/2026 0:00
d5adf8d5-ef7e-599c-97ba-468acd5ec74c,1738,4000383853,4000383853,"Tide Advanced Care Liquid Laundry Detergent, Free & Gentle, 125 Loads, 154 fl oz",https://www.costco.com/tide-advanced-care-liquid-laundry-detergent-free--gentle-125-loads-154-fl-oz.product.4000383853.html,,,0,0,https://www.costco.com/household-cleaning.html,9/27/2026 0:00
da2c21b8-3125-52f3-8f85-d35f27b5c0da,1738,4201023635,4201023635,"Tide Pods Unstopables Laundry Detergent Pods, Fresh, 80-count",https://www.costco.com/tide-pods-unstopables-laundry-detergent-pods-fresh-80-count.product.4201023635.html,,,0,0,https://www.costco.com/household-cleaning.html,9/27/2026 0:00
7429476b-1066-56a1-a38b-1f3c48fa2f41,1738,4000377480,4000377480,"Starbucks Coffee and Espresso Capsules for Nespresso Vertuo Machines 60-count Variety Pack, 100% Arabica Coffee",https://www.costco.com/starbucks-coffee-and-espresso-capsules-for-nespresso-vertuo-machines-60-count-variety-pack-100-arabica-coffee.product.4000377480.html,,,0,0,https://www.costco.com/coffee-sweeteners.html,9/27/2026 0:00
9650d87d-b968-5475-925d-b5a4621cacc5,1738,100334883,100334883,"Kirkland Signature Decaffeinated Coffee, Dark Roast, 3 lbs",https://www.costco.com/kirkland-signature-decaffeinated-coffee-dark-roast-3-lbs.product.100334883.html,,,0,0,https://www.costco.com/coffee-sweeteners.html,9/27/2026 0:00
47bfae07-a30a-533e-aa0a-e4806be35212,1738,100368227,100368227,"Starbucks Mocha Frappuccino Chilled Coffee, 9.5 fl oz, 15-count",https://www.costco.com/starbucks-mocha-frappuccino-chilled-coffee-95-fl-oz-15-count.product.100368227.html,,,0,0,https://www.costco.com/coffee-sweeteners.html,9/27/2026 0:00
026b749c-9847-5cc1-b662-e58193a578b0,1738,100750271,100750271,"Starbucks Caramel Macchiato Creamer, 58 fl oz",https://www.costco.com/starbucks-caramel-macchiato-creamer-58-fl-oz.product.100750271.html,,,0,0,https://www.costco.com/coffee-sweeteners.html,9/27/2026 0:00
b4355aaf-ffa9-53d9-ad2d-735b41f27c6e,1738,4000371775,4000371775,Lavazza Dolcevita Classico 80-count K-Cup Pods,https://www.costco.com/lavazza-dolcevita-classico-80-count-k-cup-pods.product.4000371775.html,,,0,0,https://www.costco.com/coffee-sweeteners.html,9/27/2026 0:00
e0d49d8b-cd52-5332-ab2f-aaaa555cc236,1738,100438498,100438498,"Stevia in the Raw Organic Stevia Blend, 22.57 oz.",https://www.costco.com/stevia-in-the-raw-organic-stevia-blend-2257-oz.product.100438498.html,,,0,0,https://www.costco.com/coffee-sweeteners.html,9/27/2026 0:00
a7b73ff0-e042-51ae-b71b-a4df8e7e4e97,1738,100644683,100644683,"WestEnd Cuisine Grilled Chicken Skewers, Mediterranean Style, 2 oz, 14-count",https://www.costco.com/westend-cuisine-grilled-chicken-skewers-mediterranean-style-2-oz-14-count.product.100644683.html,,,0,0,https://www.costco.com/deli.html,9/27/2026 0:00
669206fd-47f2-5d0d-a80f-0036c18a8f26,1738,100611924,100611924,"Plats Du Chef French Onion Soup, 10 oz, 6-count",https://www.costco.com/plats-du-chef-french-onion-soup-10-oz-6-count.product.100611924.html,,,0,0,https://www.costco.com/deli.html,9/27/2026 0:00
4c951911-464e-5bab-9271-488ccd8ccec6,1738,100368196,100368196,"Hillshire Farm Slow Roasted Turkey Breast, 16.5 oz, 2-count",https://www.costco.com/hillshire-farm-slow-roasted-turkey-breast-165-oz-2-count.product.100368196.html,,,0,0,https://www.costco.com/deli.html,9/27/2026 0:00
8fea4ef8-20ab-5a64-b95f-9a3d2d7f8121,1738,100410830,100410830,"Kirkland Signature Beef Hot Dogs, 12 Links, 1.5 lbs, 3-count",https://www.costco.com/kirkland-signature-beef-hot-dogs-12-links-15-lbs-3-count.product.100410830.html,,,0,0,https://www.costco.com/deli.html,9/27/2026 0:00
f5619b3a-99a4-5dd8-ac85-ff29b1361875,1738,4201026436,4201026436,"Bolder Foods Loaded Baked Potato Soup, 24 oz, 2-count",https://www.costco.com/bolder-foods-loaded-baked-potato-soup-24-oz-2-count.product.4201026436.html,,,0,0,https://www.costco.com/deli.html,9/27/2026 0:00
2a924b1b-24d4-5fbd-80cc-f38814a807f3,1738,4000340166,4000340166,"Kirkland Signature Uncured Black Forest Ham, 28 oz",https://www.costco.com/kirkland-signature-uncured-black-forest-ham-28-oz.product.4000340166.html,,,0,0,https://www.costco.com/deli.html,9/27/2026 0:00
fce03038-ea57-5a80-80ec-0ebd06692d29,1738,100442469,100442469,"Morey's Seasoned Wild Alaskan Salmon, 6-Count",https://www.costco.com/moreys-seasoned-wild-alaskan-salmon-6-count.product.100442469.html,,,0,0,https://www.costco.com/deli.html,9/27/2026 0:00
6842e2ef-9a3e-5c03-973d-fea9d3f83a03,1738,4000281541,4000281541,"Kirkland Signature Egg White with Cheese Trio and Peppers Egg Bites, 10-count",https://www.costco.com/kirkland-signature-egg-white-with-cheese-trio-and-peppers-egg-bites-10-count.product.4000281541.html,,,0,0,https://www.costco.com/deli.html,9/27/2026 0:00
8f26e6ae-f72e-5f03-a6f8-ab162656f9c7,1738,100587787,100587787,"Mama Mancini's Jumbo Beef Meatballs, 48 oz",https://www.costco.com/mama-mancinis-jumbo-beef-meatballs-48-oz.product.100587787.html,,,0,0,https://www.costco.com/deli.html,9/27/2026 0:00
93d89c06-4c1d-52c5-b5ac-796967ee831f,1738,100442378,100442378,"Don Miguel Chipotle Chicken Mini Tacos, 35 oz, 2-count",https://www.costco.com/don-miguel-chipotle-chicken-mini-tacos-35-oz-2-count.product.100442378.html,,,0,0,https://www.costco.com/deli.html,9/27/2026 0:00
dd98d342-32c6-573c-bbf4-fa28f678ab81,1738,100642433,100642433,"Fresh Additions Fully Cooked Chicken Breast Bites, 3.2 oz, 10-count",https://www.costco.com/fresh-additions-fully-cooked-chicken-breast-bites-32-oz-10-count.product.100642433.html,,,0,0,https://www.costco.com/deli.html,9/27/2026 0:00
1b57566c-1a80-5b4f-aa8c-0f172c278499,1738,4000027857,4000027857,"Giovanni Rana Beef and Short Rib Lasagna, 42 oz",https://www.costco.com/giovanni-rana-beef-and-short-rib-lasagna-42-oz.product.4000027857.html,,,0,0,https://www.costco.com/deli.html,9/27/2026 0:00
99424f48-cbb8-5f08-bbdb-0902f7224860,1738,100791659,100791659,"Kirkland Signature Organic Spinach & Cheese Ravioli, 22 oz, 2-count",https://www.costco.com/kirkland-signature-organic-spinach--cheese-ravioli-22-oz-2-count.product.100791659.html,,,0,0,https://www.costco.com/deli.html,9/27/2026 0:00
8adcffff-d607-5770-a5e3-9288d0eec542,1738,100638119,100638119,"Dietz & Watson Organic Roasted Turkey Breast, 9 oz, 3-count",https://www.costco.com/dietz--watson-organic-roasted-turkey-breast-9-oz-3-count.product.100638119.html,,,0,0,https://www.costco.com/deli.html,9/27/2026 0:00
ea7a44cb-cbbf-5912-864a-806f304e42cf,1738,100640756,100640756,"Amylu Organic Chicken Burger with Caramelized Onion and Aged White Cheddar, 8-count",https://www.costco.com/amylu-organic-chicken-burger-with-caramelized-onion-and-aged-white-cheddar-8-count.product.100640756.html,,,0,0,https://www.costco.com/deli.html,9/27/2026 0:00
8f36138f-5670-5017-85a5-76f07f1abd32,1738,4000103494,4000103494,"Boulder Organic Chicken Wild Rice Soup, 24 oz, 2-count",https://www.costco.com/boulder-organic-chicken-wild-rice-soup-24-oz-2-count.product.4000103494.html,,,0,0,https://www.costco.com/deli.html,9/27/2026 0:00
128a4b10-8795-56ab-887c-32cb48d0ef63,1738,4000149472,4000149472,"Kirkland Signature Smoked Pulled Pork, Rubbed with Seasonings, 2 lbs",https://www.costco.com/kirkland-signature-smoked-pulled-pork-rubbed-with-seasonings-2-lbs.product.4000149472.html,,,0,0,https://www.costco.com/deli.html,9/27/2026 0:00
4f6f53a4-7254-5d6c-92df-1ccb710e6b2e,1738,100444534,100444534,"Hebrew National 100% Kosher Beef Franks, 12 oz, 4-count, 28 Beef Franks Total",https://www.costco.com/hebrew-national-100-kosher-beef-franks-12-oz-4-count-28-beef-franks-total.product.100444534.html,,,0,0,https://www.costco.com/deli.html,9/27/2026 0:00
7850780b-c766-5727-a5b7-11308ca7f561,1738,4000233733,4000233733,"Jongga Sliced Napa Cabbage Kimchi, 52.9 oz",https://www.costco.com/jongga-sliced-napa-cabbage-kimchi-529-oz.product.4000233733.html,,,0,0,https://www.costco.com/deli.html,9/27/2026 0:00
2534007f-707d-5e21-ac1e-b5896a939e6c,1738,4000262373,4000262373,"Kirkland Signature Parmesan Black Pepper & Parmesan Chicken Sausage, 3 lbs",https://www.costco.com/kirkland-signature-parmesan-black-pepper--parmesan-chicken-sausage-3-lbs.product.4000262373.html,,,0,0,https://www.costco.com/deli.html,9/27/2026 0:00
9302df21-e9f5-5e8e-84d4-e02195f9c254,1738,4000360298,4000360298,"Kevin's Natural Foods Hawaiian Style Chicken, 32 oz",https://www.costco.com/kevins-natural-foods-hawaiian-style-chicken-32-oz.product.4000360298.html,,,0,0,https://www.costco.com/deli.html,9/27/2026 0:00
6e62ec5b-4ced-59bc-a132-e7bbf8dd4e89,1738,100785824,100785824,"Amylu Teriyaki Pineapple Chicken Meatballs, 46 oz",https://www.costco.com/amylu-teriyaki-pineapple-chicken-meatballs-46-oz.product.100785824.html,,,0,0,https://www.costco.com/deli.html,9/27/2026 0:00
6f8efb94-31b2-506b-8244-870157dc087b,1738,4000213579,4000213579,"Kirkland Signature Mild Italian Sausage, 3.5 lbs",https://www.costco.com/kirkland-signature-mild-italian-sausage-35-lbs.product.4000213579.html,,,0,0,https://www.costco.com/deli.html,9/27/2026 0:00
a303b2cd-a48a-5ed8-b864-a6e916f3cacf,1738,100639654,100639654,"Sabatino's Paleo Organic Basil and Cracked Black Pepper Chicken Sausages, 36 oz",https://www.costco.com/sabatinos-paleo-organic-basil-and-cracked-black-pepper-chicken-sausages-36-oz.product.100639654.html,,,0,0,https://www.costco.com/deli.html,9/27/2026 0:00
963d38a9-f217-55bf-a276-2792d15fd685,1738,4000221236,4000221236,"Pulmuone Teriyaki Stir-Fry Udon, 29.4 oz",https://www.costco.com/pulmuone-teriyaki-stir-fry-udon-294-oz.product.4000221236.html,,,0,0,https://www.costco.com/deli.html,9/27/2026 0:00
d7764314-2ced-5232-b4a7-5985301efcd1,1738,4000438966,4000438966,"Kirkland Signature Five Cheese Tortelloni, 24 oz, 2-count",https://www.costco.com/kirkland-signature-five-cheese-tortelloni-24-oz-2-count.product.4000438966.html,,,0,0,https://www.costco.com/deli.html,9/27/2026 0:00
c40e40ce-c860-5c74-a34c-0ce1c5a0cd9a,1738,100638499,100638499,"Kirkland Signature Organic Hummus, 2.5 oz, 20-count",https://www.costco.com/kirkland-signature-organic-hummus-25-oz-20-count.product.100638499.html,,,0,0,https://www.costco.com/deli.html,9/27/2026 0:00
4ee00b08-c085-526d-99fb-1c50bb2643f0,1738,100452925,100452925,"Sukhi's Indian Chicken Tikka Masala Prepared Meal, 18 oz, 2-count",https://www.costco.com/sukhis-indian-chicken-tikka-masala-prepared-meal-18-oz-2-count.product.100452925.html,,,0,0,https://www.costco.com/deli.html,9/27/2026 0:00
7fd8dd68-dd54-5599-b1ba-1d085557a1f5,1738,4000159426,4000159426,"Kirkland Signature Wild Smoked Sockeye Salmon, 8 oz, 2-count",https://www.costco.com/kirkland-signature-wild-smoked-sockeye-salmon-8-oz-2-count.product.4000159426.html,,,0,0,https://www.costco.com/deli.html,9/27/2026 0:00
9a357de8-2be7-5f10-a649-c6819c82c511,1738,100436543,100436543,"Teton Waters Ranch Polish Sausage, 2.25 lbs",https://www.costco.com/teton-waters-ranch-polish-sausage-225-lbs.product.100436543.html,,,0,0,https://www.costco.com/deli.html,9/27/2026 0:00
01f3fe47-0f31-5bd8-abd4-dd080e0b3c1d,1738,4000281502,4000281502,"Kirkland Signature Uncured Bacon and Gouda Egg Bites, 10-count",https://www.costco.com/kirkland-signature-uncured-bacon-and-gouda-egg-bites-10-count.product.4000281502.html,,,0,0,https://www.costco.com/deli.html,9/27/2026 0:00
16063cc2-523b-5020-8483-76617565119e,1738,100423075,100423075,"Kirkland Signature Imported Basil Pesto, 22 oz",https://www.costco.com/kirkland-signature-imported-basil-pesto-22-oz.product.100423075.html,,,0,0,https://www.costco.com/deli.html,9/27/2026 0:00
b00d0662-419c-53dd-a5cb-5ae8cbe21c39,1738,100637654,100637654,"Greenridge Naturals Beef Snack Sticks, 3 oz, 12-count",https://www.costco.com/greenridge-naturals-beef-snack-sticks-3-oz-12-count.product.100637654.html,,,0,0,https://www.costco.com/deli.html,9/27/2026 0:00
d26319d6-9e9e-5271-8f80-5ab996ad5ede,1738,100569789,100569789,"Amylu, Chicken Breakfast Sausage Links, 2.5 lbs",https://www.costco.com/amylu-chicken-breakfast-sausage-links-25-lbs.product.100569789.html,,,0,0,https://www.costco.com/deli.html,9/27/2026 0:00
c309bed4-c5ee-522c-951f-6ca0918349d3,1738,100809027,100809027,"Perfect Bar Refrigerated Organic Protein Bar, Variety, 12-count",https://www.costco.com/perfect-bar-refrigerated-organic-protein-bar-variety-12-count.product.100809027.html,,,0,0,https://www.costco.com/deli.html,9/27/2026 0:00
0f2a06db-3f6f-588a-af71-ea3f5c448a0e,1738,100435660,100435660,"Sabatasso's Gluten-free Four-cheese Pizza, 17.5 oz, 3-count",https://www.costco.com/sabatassos-gluten-free-four-cheese-pizza-175-oz-3-count.product.100435660.html,,,0,0,https://www.costco.com/deli.html,9/27/2026 0:00
31a57712-3569-54e0-b6e1-b72939a40dcf,1738,100390593,100390593,"Petite Cuisine Mozzarella Sticks in a Crispy Seasoned Breading, 5 lb",https://www.costco.com/petite-cuisine-mozzarella-sticks-in-a-crispy-seasoned-breading-5-lb.product.100390593.html,,,0,0,https://www.costco.com/deli.html,9/27/2026 0:00
cad426bd-e29a-5c55-bae4-8a06961e11b8,1738,100645312,100645312,"Stonefire Authentic Flatbreads Naan Dippers, 19.4 oz",https://www.costco.com/stonefire-authentic-flatbreads-naan-dippers-194-oz.product.100645312.html,,,0,0,https://www.costco.com/deli.html,9/27/2026 0:00
81df9db5-9170-5b64-becc-24664c53d97a,1738,4000311101,4000311101,"Kirkland Signature Reduced Sodium Dry Salame, 16 oz, 2-count",https://www.costco.com/kirkland-signature-reduced-sodium-dry-salame-16-oz-2-count.product.4000311101.html,,,0,0,https://www.costco.com/deli.html,9/27/2026 0:00
67d2aab3-8fbe-5be4-9c6b-7049a3ba6d56,1738,100435916,100435916,"Wildbrine Raw Organic Sauerkraut, 50 oz",https://www.costco.com/wildbrine-raw-organic-sauerkraut-50-oz.product.100435916.html,,,0,0,https://www.costco.com/deli.html,9/27/2026 0:00
a09a8d62-ea3b-5bbb-a9e8-1e9a16c229fe,1738,100456680,100456680,"Good Foods Organic Avocado Mash, Sea Salt and Black Pepper, 2 oz, 16-count",https://www.costco.com/good-foods-organic-avocado-mash-sea-salt-and-black-pepper-2-oz-16-count.product.100456680.html,,,0,0,https://www.costco.com/deli.html,9/27/2026 0:00
024eef8d-0a7d-5125-bf26-0eda287c9fc6,1738,4000036664,4000036664,"Kirkland Signature Organic Roasted Pine Nut Hummus, 34 oz",https://www.costco.com/kirkland-signature-organic-roasted-pine-nut-hummus-34-oz.product.4000036664.html,,,0,0,https://www.costco.com/deli.html,9/27/2026 0:00
367939e9-d929-5af4-a0f8-152f4a064a90,1738,100638780,100638780,"Kirkland Signature Chunky Guacamole, Organic, 2.5 oz, 16-count",https://www.costco.com/kirkland-signature-chunky-guacamole-organic-25-oz-16-count.product.100638780.html,,,0,0,https://www.costco.com/deli.html,9/27/2026 0:00
729ce944-f316-5955-9d44-945ec27ceb59,1738,100694665,100694665,"Kirkland Signature Original Bratwurst, 14-count, 3.5 lbs",https://www.costco.com/kirkland-signature-original-bratwurst-14-count-35-lbs.product.100694665.html,,,0,0,https://www.costco.com/deli.html,9/27/2026 0:00
c4bc1641-989b-54e0-aafb-aad88068abfc,1738,4000282542,4000282542,"Sabatino's Tuscan Style Chicken Piccata, 32 oz",https://www.costco.com/sabatinos-tuscan-style-chicken-piccata-32-oz.product.4000282542.html,,,0,0,https://www.costco.com/deli.html,9/27/2026 0:00
5deac6fc-2435-5dfe-b006-f75dbe25ba9d,1738,4000214872,4000214872,"Kirkland Signature Breakfast Sandwich, 4.82 oz, 8-count",https://www.costco.com/kirkland-signature-breakfast-sandwich-482-oz-8-count.product.4000214872.html,,,0,0,https://www.costco.com/frozen-meals.html,9/27/2026 0:00
20cb1356-69a3-58a8-8334-32cfe33ab921,1738,100401378,100401378,"Ajinomoto Yakisoba with Vegetables, All Natural, 9 oz, 6-count",https://www.costco.com/ajinomoto-yakisoba-with-vegetables-all-natural-9-oz-6-count.product.100401378.html,,,0,0,https://www.costco.com/frozen-meals.html,9/27/2026 0:00
049d4167-ad79-588f-aee2-9ba5269cff28,1738,100433122,100433122,"Sandwich Bros Chicken Melts Pita Snack Sandwiches, 2.5 oz, 15-count",https://www.costco.com/sandwich-bros-chicken-melts-pita-snack-sandwiches-25-oz-15-count.product.100433122.html,,,0,0,https://www.costco.com/frozen-meals.html,9/27/2026 0:00
0d475000-cdc3-5c81-b0db-55f8b86cd64f,1738,100447061,100447061,"Sabatasso's Pizza Singles, Variety Pack, 12-count",https://www.costco.com/sabatassos-pizza-singles-variety-pack-12-count.product.100447061.html,,,0,0,https://www.costco.com/frozen-meals.html,9/27/2026 0:00
cac10f54-eca3-573d-8b83-9d44fcef3e74,1738,100449346,100449346,"Ajinomoto Yakitori Chicken Fried Rice, 9 oz, 6-count",https://www.costco.com/ajinomoto-yakitori-chicken-fried-rice-9-oz-6-count.product.100449346.html,,,0,0,https://www.costco.com/frozen-meals.html,9/27/2026 0:00
f27aba1b-fe03-53dc-bbc4-60e1e5ce5e8c,1738,100440959,100440959,"Smucker's Uncrustables, Peanut Butter & Grape Jelly Sandwich, 18-count",https://www.costco.com/smuckers-uncrustables-peanut-butter--grape-jelly-sandwich-18-count.product.100440959.html,,,0,0,https://www.costco.com/frozen-meals.html,9/27/2026 0:00
f35af206-903f-56a2-8e3f-eb82b5364d8d,1738,100640379,100640379,"Kirkland Signature Italian Sausage and Beef Lasagna, 3 lbs, 2-count",https://www.costco.com/kirkland-signature-italian-sausage-and-beef-lasagna-3-lbs-2-count.product.100640379.html,,,0,0,https://www.costco.com/frozen-meals.html,9/27/2026 0:00
4eb1cc89-d9a9-5dbe-b7eb-c6acb75f991c,1738,4000160794,4000160794,"Kirkland Signature Cheese Pizza, 18.25 oz, 4-count",https://www.costco.com/kirkland-signature-cheese-pizza-1825-oz-4-count.product.4000160794.html,,,0,0,https://www.costco.com/frozen-meals.html,9/27/2026 0:00
11d1af11-ed0c-56d3-aab4-820d3dd46908,1738,4000392838,4000392838,"Kirkland Signature Artisan Crust Pepperoni Pizza, 21.52 oz, 4-count",https://www.costco.com/kirkland-signature-artisan-crust-pepperoni-pizza-2152-oz-4-count.product.4000392838.html,,,0,0,https://www.costco.com/frozen-meals.html,9/27/2026 0:00
761a877c-6e77-566a-bdf3-d891a4e93f30,1738,100371275,100371275,"CJ Bibigo Steamed Dumplings, Chicken & Vegetable, 36-count",https://www.costco.com/cj-bibigo-steamed-dumplings-chicken--vegetable-36-count.product.100371275.html,,,0,0,https://www.costco.com/frozen-meals.html,9/27/2026 0:00
fd4a0682-74a0-540d-b221-08c9cbe9f727,1738,100574405,100574405,"Jimmy Dean Delights English Muffins, 5.1 oz, 12-count",https://www.costco.com/jimmy-dean-delights-english-muffins-51-oz-12-count.product.100574405.html,,,0,0,https://www.costco.com/frozen-meals.html,9/27/2026 0:00
8cee4a1f-7f97-5f2c-a146-7d26afe3cd5e,1738,100437350,100437350,"Crazy Cuizine Mandarin Orange Chicken, 66 oz",https://www.costco.com/crazy-cuizine-mandarin-orange-chicken-66-oz.product.100437350.html,,,0,0,https://www.costco.com/frozen-meals.html,9/27/2026 0:00
49de62cf-dbfc-54b5-ab77-4b3d11d3aaf2,1738,100655569,100655569,"Authentic Motor City Pizza Co Detroit-Style Deep Dish Pizza, Double Pepperoni, 2-count",https://www.costco.com/authentic-motor-city-pizza-co-detroit-style-deep-dish-pizza-double-pepperoni-2-count.product.100655569.html,,,0,0,https://www.costco.com/frozen-meals.html,9/27/2026 0:00
79e1843a-3fa5-532b-83b7-109518f74735,1738,100638693,100638693,"Veggies Made Great Spinach Egg White Frittatas, 20-count",https://www.costco.com/veggies-made-great-spinach-egg-white-frittatas-20-count.product.100638693.html,,,0,0,https://www.costco.com/frozen-meals.html,9/27/2026 0:00
c1820425-a64d-501a-b7a0-33869e19ca9d,1738,100416105,100416105,"Trident Seafoods Alaskan Salmon Burgers, 4 oz, 12-count",https://www.costco.com/trident-seafoods-alaskan-salmon-burgers-4-oz-12-count.product.100416105.html,,,0,0,https://www.costco.com/frozen-meals.html,9/27/2026 0:00
4e971ba8-4e14-5d77-8b48-9c33bc92825a,1738,100787239,100787239,"Kirkland Signature Cauliflower Crust Pizza, Supreme, 2-count",https://www.costco.com/kirkland-signature-cauliflower-crust-pizza-supreme-2-count.product.100787239.html,,,0,0,https://www.costco.com/frozen-meals.html,9/27/2026 0:00
6b78b60e-ac8b-5a61-bb00-da0faea27fd1,1738,100439175,100439175,"Milton's Cauliflower Crust Pizza, Roasted Vegetable, 17.8 oz, 2-count",https://www.costco.com/miltons-cauliflower-crust-pizza-roasted-vegetable-178-oz-2-count.product.100439175.html,,,0,0,https://www.costco.com/frozen-meals.html,9/27/2026 0:00
cd2dc188-b3e6-5c2f-94d0-2cbfcf931945,1738,100234271,100234271,"Kirkland Signature Paper Towels, 2-Ply, 160 Sheets, 12 Individually Wrapped Rolls",https://www.costco.com/kirkland-signature-paper-towels-2-ply-160-sheets-12-individually-wrapped-rolls.product.100234271.html,,,0,0,https://www.costco.com/kirkland-signature-groceries.html,9/27/2026 0:00
3b440ae0-475d-5784-abaf-7f594facc8bf,1738,4000206004,4000206004,"Kirkland Signature Ultra Soft Bath Tissue, 2-Ply, 231 Sheets, 36 Rolls",https://www.costco.com/kirkland-signature-ultra-soft-bath-tissue-2-ply-231-sheets-36-rolls.product.4000206004.html,,,0,0,https://www.costco.com/kirkland-signature-groceries.html,9/27/2026 0:00
e9d347b2-0d8d-5e62-a919-481a5f68cd70,1738,100334841,100334841,"Kirkland Signature, Organic Extra Virgin Olive Oil, 2 L",https://www.costco.com/kirkland-signature-organic-extra-virgin-olive-oil-2-l.product.100334841.html,,,0,0,https://www.costco.com/kirkland-signature-groceries.html,9/27/2026 0:00
35e6cc3a-b773-5944-ba04-5b91efb7b4fd,1738,100718359,100718359,"Kirkland Signature Facial Tissue, 3-Ply, 84-count, 12-pack",https://www.costco.com/kirkland-signature-facial-tissue-3-ply-84-count-12-pack.product.100718359.html,,,0,0,https://www.costco.com/kirkland-signature-groceries.html,9/27/2026 0:00
14b59c4b-dbf2-506c-991f-7c851eb4f85b,1738,100334960,100334960,"Kirkland Signature, Chicken Breast, 12.5 oz, 6-Count",https://www.costco.com/kirkland-signature-chicken-breast-125-oz-6-count.product.100334960.html,,,0,0,https://www.costco.com/kirkland-signature-groceries.html,9/27/2026 0:00
dc547f8f-0534-5625-a664-b80990bf1825,1738,100334015,100334015,"Kirkland Signature, Organic Chicken Stock, 32 fl oz, 6-Count",https://www.costco.com/kirkland-signature-organic-chicken-stock-32-fl-oz-6-count.product.100334015.html,,,0,0,https://www.costco.com/kirkland-signature-groceries.html,9/27/2026 0:00
220f45f3-c926-5108-a6f8-86c440fd804a,1738,100455677,100455677,"Kirkland Signature Soft & Chewy Granola Bars, 0.85 oz, 64-count",https://www.costco.com/kirkland-signature-soft--chewy-granola-bars-085-oz-64-count.product.100455677.html,,,0,0,https://www.costco.com/kirkland-signature-groceries.html,9/27/2026 0:00
3519d74a-17ff-5839-8e7f-5a868772c85a,1738,100393423,100393423,"Kirkland Signature Peanut Butter Filled Pretzel Nuggets, 55 oz",https://www.costco.com/kirkland-signature-peanut-butter-filled-pretzel-nuggets-55-oz.product.100393423.html,,,0,0,https://www.costco.com/kirkland-signature-groceries.html,9/27/2026 0:00
d80a4a9f-c437-50c8-ae9f-50b35c14b694,1738,100333884,100333884,"Kirkland Signature Organic Pure Maple Syrup, 33.8 oz",https://www.costco.com/kirkland-signature-organic-pure-maple-syrup-338-oz.product.100333884.html,,,0,0,https://www.costco.com/kirkland-signature-groceries.html,9/27/2026 0:00
e567fee1-277f-578b-a436-119c1bb54fd6,1738,100334334,100334334,"Kirkland Signature Organic Peanut Butter, 28 oz, 2-count",https://www.costco.com/kirkland-signature-organic-peanut-butter-28-oz-2-count.product.100334334.html,,,0,0,https://www.costco.com/kirkland-signature-groceries.html,9/27/2026 0:00
ae452f22-b0a6-57be-9cd9-926cd2a9aa68,1738,100334203,100334203,"Kirkland Signature, Organic Applesauce, 3.17 oz, 24-Count",https://www.costco.com/kirkland-signature-organic-applesauce-317-oz-24-count.product.100334203.html,,,0,0,https://www.costco.com/kirkland-signature-groceries.html,9/27/2026 0:00
4fbf0d3d-7d6d-5826-957a-447d7e84d6ba,1738,100515005,100515005,"Kirkland Signature Semi-Sweet Chocolate Chips, 4.5 lbs",https://www.costco.com/kirkland-signature-semi-sweet-chocolate-chips-45-lbs.product.100515005.html,,,0,0,https://www.costco.com/kirkland-signature-groceries.html,9/27/2026 0:00
15bcbad0-bcdf-549d-8c9d-0231cec13acc,1738,100770569,100770569,"Kirkland Signature Trail Mix Snack Packs, 2 oz, 28-count",https://www.costco.com/kirkland-signature-trail-mix-snack-packs-2-oz-28-count.product.100770569.html,,,0,0,https://www.costco.com/kirkland-signature-groceries.html,9/27/2026 0:00
f82f6093-fe93-50c8-bf8a-6c091618b3e9,1738,100334857,100334857,"Kirkland Signature, Organic Diced Tomatoes, 14.5 oz, 8-Count",https://www.costco.com/kirkland-signature-organic-diced-tomatoes-145-oz-8-count.product.100334857.html,,,0,0,https://www.costco.com/kirkland-signature-groceries.html,9/27/2026 0:00
f221d2ad-70c2-55ad-af53-803b155ecef9,1738,100361434,100361434,"Kirkland Signature Colombian Coffee, Dark Roast, 3 lbs",https://www.costco.com/kirkland-signature-colombian-coffee-dark-roast-3-lbs.product.100361434.html,,,0,0,https://www.costco.com/kirkland-signature-groceries.html,9/27/2026 0:00
cfc4e93c-92ec-5db8-ba3f-62ebd530d0f5,1738,100229990,100229990,"Kirkland Signature Extra-Large Absorbent Pads, 30 in L X 23 in W, 100-count",https://www.costco.com/kirkland-signature-extra-large-absorbent-pads-30-in-l-x-23-in-w-100-count.product.100229990.html,,,0,0,https://www.costco.com/kirkland-signature-groceries.html,9/27/2026 0:00
6982734d-dd30-52d7-8a33-603c5d0f22a3,1738,100516925,100516925,"Kirkland Signature Wild Flower Honey, 5 lbs",https://www.costco.com/kirkland-signature-wild-flower-honey-5-lbs.product.100516925.html,,,0,0,https://www.costco.com/kirkland-signature-groceries.html,9/27/2026 0:00
a49e0bf0-5d77-5327-a89a-a1da8eff030f,1738,100333696,100333696,"Kirkland Signature Premium Extra Thick Steak Strips, 12 oz",https://www.costco.com/kirkland-signature-premium-extra-thick-steak-strips-12-oz.product.100333696.html,,,0,0,https://www.costco.com/kirkland-signature-groceries.html,9/27/2026 0:00
dbedbffd-3d00-595b-8c62-4f36c4b6ef4b,1738,100664982,100664982,"Kirkland Signature Chewy Protein Bar, Peanut Butter & Semisweet Chocolate Chip, 1.41 oz, 42-Count",https://www.costco.com/kirkland-signature-chewy-protein-bar-peanut-butter--semisweet-chocolate-chip-141-oz-42-count.product.100664982.html,,,0,0,https://www.costco.com/kirkland-signature-groceries.html,9/27/2026 0:00
5f9b2087-5f70-534e-a286-9acc2dbfbdb8,1738,100234581,100234581,"Kirkland Signature Dental Chews, 72-count",https://www.costco.com/kirkland-signature-dental-chews-72-count.product.100234581.html,,,0,0,https://www.costco.com/kirkland-signature-groceries.html,9/27/2026 0:00
60c35ab1-4cf3-56e4-bbd1-b230e360dbc4,1738,100752766,100752766,"Kirkland Signature Trail Mix, 4 lbs",https://www.costco.com/kirkland-signature-trail-mix-4-lbs.product.100752766.html,,,0,0,https://www.costco.com/kirkland-signature-groceries.html,9/27/2026 0:00
489a572a-9e1a-5c95-99c5-a2feb0bdb1a1,1738,100527924,100527924,"Kirkland Signature Non-Stick Parchment Paper Rolls, 15 in x 164 ft, 2-pack",https://www.costco.com/kirkland-signature-non-stick-parchment-paper-rolls-15-in-x-164-ft-2-pack.product.100527924.html,,,0,0,https://www.costco.com/kirkland-signature-groceries.html,9/27/2026 0:00
3b4a7c5e-5877-58b8-b4cc-7a0d1e4bc3ce,1738,100333888,100333888,"Kirkland Signature Microwave Popcorn, 3.3 oz, 44-count",https://www.costco.com/kirkland-signature-microwave-popcorn-33-oz-44-count.product.100333888.html,,,0,0,https://www.costco.com/kirkland-signature-groceries.html,9/27/2026 0:00
dff7ae6c-1bdd-55d3-8154-1f45f42c2af1,1738,100334874,100334874,"Kirkland Signature, Organic Sugar, 10 lbs",https://www.costco.com/kirkland-signature-organic-sugar-10-lbs.product.100334874.html,,,0,0,https://www.costco.com/kirkland-signature-groceries.html,9/27/2026 0:00
0106cf75-510a-546a-aee5-c520dd02e8d6,1738,4000147442,4000147442,"Kirkland Signature Coffee Organic Pacific Bold K-Cup Pod, 120-count",https://www.costco.com/kirkland-signature-coffee-organic-pacific-bold-k-cup-pod-120-count.product.4000147442.html,,,0,0,https://www.costco.com/kirkland-signature-groceries.html,9/27/2026 0:00
0872b683-3c60-5acc-b156-231fc6195e14,1738,100524886,100524886,"Kirkland Signature Nut Bars, 1.41 oz, 30-count",https://www.costco.com/kirkland-signature-nut-bars-141-oz-30-count.product.100524886.html,,,0,0,https://www.costco.com/kirkland-signature-groceries.html,9/27/2026 0:00
1d4f11f1-acee-5a29-a843-deef023945e4,1738,100119388,100119388,"Kirkland Signature Walnut Halves, 3 lbs",https://www.costco.com/kirkland-signature-walnut-halves-3-lbs.product.100119388.html,,,0,0,https://www.costco.com/kirkland-signature-groceries.html,9/27/2026 0:00
89713349-bca9-5899-832a-d4a51f739009,1738,100334877,100334877,"Kirkland Signature, Organic Tomato Sauce, 15 oz, 12-Count",https://www.costco.com/kirkland-signature-organic-tomato-sauce-15-oz-12-count.product.100334877.html,,,0,0,https://www.costco.com/kirkland-signature-groceries.html,9/27/2026 0:00
76cb5e0b-4376-53d7-bafd-04af2a2f5eec,1738,100334750,100334750,"Kirkland Signature, Wild Alaskan Pink Salmon, 6 oz, 6-Count",https://www.costco.com/kirkland-signature-wild-alaskan-pink-salmon-6-oz-6-count.product.100334750.html,,,0,0,https://www.costco.com/kirkland-signature-groceries.html,9/27/2026 0:00
affbca41-6b19-5e6a-bd98-0ff80c29bdc9,1738,100115257,100115257,"Kirkland Signature Pecan Halves, 2 lbs",https://www.costco.com/kirkland-signature-pecan-halves-2-lbs.product.100115257.html,,,0,0,https://www.costco.com/kirkland-signature-groceries.html,9/27/2026 0:00
162eaa62-5ea5-5496-9237-5e17390628d7,1738,100334421,100334421,"Kirkland Signature, Bacon Crumbles, 20 oz",https://www.costco.com/kirkland-signature-bacon-crumbles-20-oz.product.100334421.html,,,0,0,https://www.costco.com/kirkland-signature-groceries.html,9/27/2026 0:00
7e9d9a1c-0c35-5e49-b27b-6095c4f976f7,1738,100491294,100491294,"Kirkland Signature Praline Pecans, 2.5 lbs",https://www.costco.com/kirkland-signature-praline-pecans-25-lbs.product.100491294.html,,,0,0,https://www.costco.com/kirkland-signature-groceries.html,9/27/2026 0:00
ea65f784-e716-50e4-bc94-9577927d0566,1738,100333877,100333877,"Kirkland Signature Cashew Clusters, 2 lbs",https://www.costco.com/kirkland-signature-cashew-clusters-2-lbs.product.100333877.html,,,0,0,https://www.costco.com/kirkland-signature-groceries.html,9/27/2026 0:00
446f1d85-fef1-5026-9f29-113a08bd14e2,1738,100336602,100336602,"Kirkland Signature In-Shell Pistachios, Salted, 3 lbs",https://www.costco.com/kirkland-signature-in-shell-pistachios-salted-3-lbs.product.100336602.html,,,0,0,https://www.costco.com/kirkland-signature-groceries.html,9/27/2026 0:00
323f2214-544e-5401-ab27-294cb7f5f5bf,1738,100449422,100449422,"Kirkland Signature Medium Roast Coffee, 40 oz.",https://www.costco.com/kirkland-signature-medium-roast-coffee-40-oz.product.100449422.html,,,0,0,https://www.costco.com/kirkland-signature-groceries.html,9/27/2026 0:00
2efd4fb5-1c7b-514d-8391-b32801fcfe89,1738,100115268,100115268,"Kirkland Signature Supreme Whole Almonds, 3 lbs",https://www.costco.com/kirkland-signature-supreme-whole-almonds-3-lbs.product.100115268.html,,,0,0,https://www.costco.com/kirkland-signature-groceries.html,9/27/2026 0:00
db1091e2-bf8a-5849-9cef-600d6e15daf5,1738,100334304,100334304,"Kirkland Signature, Minced California Garlic, 48 oz",https://www.costco.com/kirkland-signature-minced-california-garlic-48-oz.product.100334304.html,,,0,0,https://www.costco.com/kirkland-signature-groceries.html,9/27/2026 0:00
22b2f179-a232-59fb-9fb1-26a15f529f26,1738,100116723,100116723,"Kirkland Signature Cutlery, Clear, 360-count",https://www.costco.com/kirkland-signature-cutlery-clear-360-count.product.100116723.html,,,0,0,https://www.costco.com/kirkland-signature-groceries.html,9/27/2026 0:00
777450b9-7f82-5f37-bd8a-47219ae04a5e,1738,100668922,100668922,"Kirkland Signature Fancy Whole Cashews, 2.5 lbs",https://www.costco.com/kirkland-signature-fancy-whole-cashews-25-lbs.product.100668922.html,,,0,0,https://www.costco.com/kirkland-signature-groceries.html,9/27/2026 0:00
a32c36ec-b167-5749-b0e4-898aa9f44577,1738,100296198,100296198,"Kirkland Signature Protein Bar, Variety Pack, 2.12 oz, 20-count",https://www.costco.com/kirkland-signature-protein-bar-variety-pack-212-oz-20-count.product.100296198.html,,,0,0,https://www.costco.com/kirkland-signature-groceries.html,9/27/2026 0:00
3d6989c3-8fdd-517d-bf4a-d9d956224d68,1738,100439090,100439090,"Kirkland Signature Organic Roasted Seaweed, 0.6 oz, 10-count",https://www.costco.com/kirkland-signature-organic-roasted-seaweed-06-oz-10-count.product.100439090.html,,,0,0,https://www.costco.com/kirkland-signature-groceries.html,9/27/2026 0:00
96bb2b9e-dd3b-5106-b4da-1931c0b2a984,1738,100115269,100115269,"Kirkland Signature Super Extra-Large Peanuts, 2.5 lbs",https://www.costco.com/kirkland-signature-super-extra-large-peanuts-25-lbs.product.100115269.html,,,0,0,https://www.costco.com/kirkland-signature-groceries.html,9/27/2026 0:00
812330d0-243f-5691-a62f-17a1d538a2d1,1738,100334843,100334843,"Kirkland Signature Colombian Supremo Coffee, Whole Bean, 3 lbs",https://www.costco.com/kirkland-signature-colombian-supremo-coffee-whole-bean-3-lbs.product.100334843.html,,,0,0,https://www.costco.com/kirkland-signature-groceries.html,9/27/2026 0:00
a941e576-c1ff-53a0-8fe6-bca46fbc33fe,1738,100334932,100334932,"Kirkland Signature, Organic Tomato Paste, 6 oz, 12-Count",https://www.costco.com/kirkland-signature-organic-tomato-paste-6-oz-12-count.product.100334932.html,,,0,0,https://www.costco.com/kirkland-signature-groceries.html,9/27/2026 0:00
8c57bd46-5deb-575e-bc1e-4b7c93df4fa5,1738,100334839,100334839,"Kirkland Signature, Pure Sea Salt, 30 oz",https://www.costco.com/kirkland-signature-pure-sea-salt-30-oz.product.100334839.html,,,0,0,https://www.costco.com/kirkland-signature-groceries.html,9/27/2026 0:00
d900e1d9-f703-5875-9ae4-2edb544c057d,1738,4000146862,4000146862,"Kirkland Signature Coffee Organic Breakfast Blend K-Cup Pod, 120-count",https://www.costco.com/kirkland-signature-coffee-organic-breakfast-blend-k-cup-pod-120-count.product.4000146862.html,,,0,0,https://www.costco.com/kirkland-signature-groceries.html,9/27/2026 0:00
8d45dd53-033e-56f3-a454-fdad8a43266b,1738,4000441170,4000441170,"Kirkland Signature Popcorn, Sea Salt, 0.65 oz, 36-count",https://www.costco.com/kirkland-signature-popcorn-sea-salt-065-oz-36-count.product.4000441170.html,,,0,0,https://www.costco.com/kirkland-signature-groceries.html,9/27/2026 0:00
f65e530e-2072-5cde-b2a1-6bcba817181c,1738,100334136,100334136,"Kirkland Signature Organic Raw Honey, 24 oz, 3-count",https://www.costco.com/kirkland-signature-organic-raw-honey-24-oz-3-count.product.100334136.html,,,0,0,https://www.costco.com/kirkland-signature-groceries.html,9/27/2026 0:00
2c1e2f4a-00ee-558d-8610-98542f7b04e0,1738,100336580,100336580,"Kirkland Signature, Organic Quinoa, 4.5 lbs",https://www.costco.com/kirkland-signature-organic-quinoa-45-lbs.product.100336580.html,,,0,0,https://www.costco.com/kirkland-signature-groceries.html,9/27/2026 0:00
9f499c92-05a9-579c-91d8-ef43c081a788,1738,100334734,100334734,"Kirkland Signature Snacking Nuts, Variety Pack, 1.6 oz, 30-count",https://www.costco.com/kirkland-signature-snacking-nuts-variety-pack-16-oz-30-count.product.100334734.html,,,0,0,https://www.costco.com/kirkland-signature-groceries.html,9/27/2026 0:00
c50cbe38-5aa7-5042-a326-21d3dbebe251,1738,4000262621,4000262621,"Kirkland Signature Olive Oil, 3 L",https://www.costco.com/kirkland-signature-olive-oil-3-l.product.4000262621.html,,,0,0,https://www.costco.com/kirkland-signature-groceries.html,9/27/2026 0:00
16cdd743-6d5f-5a4f-b960-36d3cae3b41e,1738,100421211,100421211,"Kirkland Signature Chinet 18 oz Plastic Cup, Red, 240-count",https://www.costco.com/kirkland-signature-chinet-18-oz-plastic-cup-red-240-count.product.100421211.html,,,0,0,https://www.costco.com/kirkland-signature-groceries.html,9/27/2026 0:00
4a1341f3-7e2e-536e-9ecc-c9942b7b2dfd,1738,4000147352,4000147352,"Kirkland Signature Coffee Organic Summit Roast K-Cup Pod, 120-count",https://www.costco.com/kirkland-signature-coffee-organic-summit-roast-k-cup-pod-120-count.product.4000147352.html,,,0,0,https://www.costco.com/kirkland-signature-groceries.html,9/27/2026 0:00
8748536b-d158-55d1-acac-d87811895cd1,1738,100333875,100333875,"Kirkland Signature Creamy Almond Butter, 27 oz",https://www.costco.com/kirkland-signature-creamy-almond-butter-27-oz.product.100333875.html,,,0,0,https://www.costco.com/kirkland-signature-groceries.html,9/27/2026 0:00
aed7971b-a56b-571c-94b4-557e0776f1b5,1738,100446587,100446587,"Kirkland Signature, Ocean Spray Cranberry Premium 100% Juice, 96 fl oz, 2-Count",https://www.costco.com/kirkland-signature-ocean-spray-cranberry-premium-100-juice-96-fl-oz-2-count.product.100446587.html,,,0,0,https://www.costco.com/kirkland-signature-groceries.html,9/27/2026 0:00
7490b371-e475-53c0-ba54-037b3f3cd24e,1738,100334844,100334844,"Kirkland Signature, Extra Virgin Italian Olive Oil, 2 L",https://www.costco.com/kirkland-signature-extra-virgin-italian-olive-oil-2-l.product.100334844.html,,,0,0,https://www.costco.com/kirkland-signature-groceries.html,9/27/2026 0:00
f34776b2-9b3e-50d8-9757-e2b9ba9736b6,1738,100334881,100334881,"Kirkland Signature, Whole Black Peppercorn, 14.1 oz",https://www.costco.com/kirkland-signature-whole-black-peppercorn-141-oz.product.100334881.html,,,0,0,https://www.costco.com/kirkland-signature-groceries.html,9/27/2026 0:00
0a495560-ce45-5795-93a6-1e10f34a716b,1738,100334737,100334737,"Kirkland Signature, Canola Oil, 3 qt, 2-count",https://www.costco.com/kirkland-signature-canola-oil-3-qt-2-count.product.100334737.html,,,0,0,https://www.costco.com/kirkland-signature-groceries.html,9/27/2026 0:00
9acef4be-7593-5faf-a092-05e87cf7225e,1738,100334316,100334316,"Kirkland Signature, Sunsweet Whole Dried Plums, 3.5 lbs",https://www.costco.com/kirkland-signature-sunsweet-whole-dried-plums-35-lbs.product.100334316.html,,,0,0,https://www.costco.com/kirkland-signature-groceries.html,9/27/2026 0:00
36fc8c7c-d2a2-5ec0-ba0b-e3129db22d3c,1738,100520076,100520076,"Kirkland Signature Colombian Cold Brew Coffee, 11 fl oz, 12-count",https://www.costco.com/kirkland-signature-colombian-cold-brew-coffee-11-fl-oz-12-count.product.100520076.html,,,0,0,https://www.costco.com/kirkland-signature-groceries.html,9/27/2026 0:00
305fc561-58b1-51b5-a85a-9979803ca9ca,1738,100334958,100334958,"Kirkland Signature Fine Ground Black Pepper, 12.3 oz",https://www.costco.com/kirkland-signature-fine-ground-black-pepper-123-oz.product.100334958.html,,,0,0,https://www.costco.com/kirkland-signature-groceries.html,9/27/2026 0:00
637d9dfc-1912-5330-9c72-249d573840f6,1738,100381407,100381407,"Kirkland Signature Organic Blue Agave, 36 oz, 2-count",https://www.costco.com/kirkland-signature-organic-blue-agave-36-oz-2-count.product.100381407.html,,,0,0,https://www.costco.com/kirkland-signature-groceries.html,9/27/2026 0:00
65b83dae-d951-5f58-a0bc-1a8a7a43a99c,1738,100438733,100438733,"Kirkland Signature Dry Roasted Macadamia Nuts, 1.5 lbs",https://www.costco.com/kirkland-signature-dry-roasted-macadamia-nuts-15-lbs.product.100438733.html,,,0,0,https://www.costco.com/kirkland-signature-groceries.html,9/27/2026 0:00
26114295-3612-539e-b128-536bcc4523f2,1738,100334965,100334965,"Kirkland Signature Organic No-Salt Seasoning, 14.5 oz",https://www.costco.com/kirkland-signature-organic-no-salt-seasoning-145-oz.product.100334965.html,,,0,0,https://www.costco.com/kirkland-signature-groceries.html,9/27/2026 0:00
8f25c557-b15f-5a7e-962a-7c872fa467bd,1738,100635685,100635685,"Kirkland Signature Thin Sliced Chicken Breasts, Boneless Skinless, 10 lbs",https://www.costco.com/kirkland-signature-thin-sliced-chicken-breasts-boneless-skinless-10-lbs.product.100635685.html,,,0,0,https://www.costco.com/kirkland-signature-groceries.html,9/27/2026 0:00
4cd8b302-1e4e-543f-b1a1-1b44dbad57b7,1738,100334964,100334964,"Kirkland Signature, Crushed Red Pepper, 10 oz",https://www.costco.com/kirkland-signature-crushed-red-pepper-10-oz.product.100334964.html,,,0,0,https://www.costco.com/kirkland-signature-groceries.html,9/27/2026 0:00
b2b84a39-790e-5c21-a176-fa3193ed1378,1738,100605746,100605746,"Kirkland Signature Plastic Food Wrap, 12 in x 750 ft, 2-count",https://www.costco.com/kirkland-signature-plastic-food-wrap-12-in-x-750-ft-2-count.product.100605746.html,,,0,0,https://www.costco.com/kirkland-signature-groceries.html,9/27/2026 0:00
ca11da6a-e26b-503c-91bd-e2b5411c005d,1738,100438553,100438553,"Kirkland Signature, Almond Flour, 3 lbs",https://www.costco.com/kirkland-signature-almond-flour-3-lbs.product.100438553.html,,,0,0,https://www.costco.com/kirkland-signature-groceries.html,9/27/2026 0:00
4452f7c2-6a15-5e24-94e3-ab118bdae73d,1738,100519419,100519419,"Kirkland Signature Elegant Plastic Plates, Variety Pack, White, 50-count",https://www.costco.com/kirkland-signature-elegant-plastic-plates-variety-pack-white-50-count.product.100519419.html,,,0,0,https://www.costco.com/kirkland-signature-groceries.html,9/27/2026 0:00
290bf5dd-d490-5dd7-9e8c-37b6768d85aa,1738,100381413,100381413,"Kirkland Signature, Organic Virgin Coconut Oil, 84 fl oz",https://www.costco.com/kirkland-signature-organic-virgin-coconut-oil-84-fl-oz.product.100381413.html,,,0,0,https://www.costco.com/kirkland-signature-groceries.html,9/27/2026 0:00
a4b41900-f286-5fd3-b9d2-8835d1d1ebac,1738,100805602,100805602,"Kirkland Signature Whole Bean Coffee, French Roast, 2.5 lbs",https://www.costco.com/kirkland-signature-whole-bean-coffee-french-roast-25-lbs.product.100805602.html,,,0,0,https://www.costco.com/kirkland-signature-groceries.html,9/27/2026 0:00
725ac90c-53b1-5c10-93e6-66082dbcb9a9,1738,100334973,100334973,Kirkland Signature Chicken and Rice Cat Food 25 lbs.,https://www.costco.com/kirkland-signature-chicken-and-rice-cat-food-25-lbs.product.100334973.html,,,0,0,https://www.costco.com/kirkland-signature-groceries.html,9/27/2026 0:00
0658795c-6d06-5dd7-afb6-cb70004be271,1738,100334735,100334735,"Kirkland Signature Organic Pine Nuts, 1.5 lbs",https://www.costco.com/kirkland-signature-organic-pine-nuts-15-lbs.product.100334735.html,,,0,0,https://www.costco.com/kirkland-signature-groceries.html,9/27/2026 0:00
c6c77b91-64a7-56f5-b1d3-ca1d9aca539c,1738,100441201,100441201,"Kirkland Signature Wild Alaskan Sockeye Salmon, 5 oz - 7 oz Portion, 3 lbs",https://www.costco.com/kirkland-signature-wild-alaskan-sockeye-salmon-5-oz---7-oz-portion-3-lbs.product.100441201.html,,,0,0,https://www.costco.com/kirkland-signature-groceries.html,9/27/2026 0:00
055b541c-e9c5-5fac-ad56-07f11ee65211,1738,100508756,100508756,"Kirkland Signature Grass-Fed Beef Patties, 1/3 lb Patty, 15-count",https://www.costco.com/kirkland-signature-grass-fed-beef-patties-13-lb-patty-15-count.product.100508756.html,,,0,0,https://www.costco.com/kirkland-signature-groceries.html,9/27/2026 0:00
63bdeec1-0bb7-5753-9ee4-f28524920620,1738,100456493,100456493,"Kirkland Signature Cabernet Sauvignon, 3 L",https://www.costco.com/kirkland-signature-cabernet-sauvignon-3-l.product.100456493.html,,,0,0,https://www.costco.com/kirkland-signature-groceries.html,9/27/2026 0:00
1fb148e4-61d9-5bb7-80c0-1a9e16988f7b,1738,100242955,100242955,Kirkland Signature Nature's Domain Cat Food 18 lbs.,https://www.costco.com/kirkland-signature-natures-domain-cat-food-18-lbs.product.100242955.html,,,0,0,https://www.costco.com/kirkland-signature-groceries.html,9/27/2026 0:00
bca9cf38-32c3-5770-97b2-010ad750512b,1738,100410832,100410832,"Kirkland Signature Meatballs, 6 lbs",https://www.costco.com/kirkland-signature-meatballs-6-lbs.product.100410832.html,,,0,0,https://www.costco.com/kirkland-signature-groceries.html,9/27/2026 0:00
df29a624-2a8e-5677-a783-689b50a98c13,1738,4000298044,4000298044,"Kirkland Signature Wild Argentine Raw Shrimp, 2 lb",https://www.costco.com/kirkland-signature-wild-argentine-raw-shrimp-2-lb.product.4000298044.html,,,0,0,https://www.costco.com/kirkland-signature-groceries.html,9/27/2026 0:00
4188b2a3-6240-551a-9f79-3eedb1ed2387,1738,4000300941,4000300941,"Kirkland Signature Lightly Breaded Chicken Breast Fillets, 3 lbs",https://www.costco.com/kirkland-signature-lightly-breaded-chicken-breast-fillets-3-lbs.product.4000300941.html,,,0,0,https://www.costco.com/kirkland-signature-groceries.html,9/27/2026 0:00
953981ad-9f76-548e-b553-e400f5512f19,1738,100116721,100116721,"Kirkland Signature Reynolds Foodservice Foil, 12 in x 1,000 ft",https://www.costco.com/kirkland-signature-reynolds-foodservice-foil-12-in-x-1000-ft.product.100116721.html,,,0,0,https://www.costco.com/kirkland-signature-groceries.html,9/27/2026 0:00
f5468909-f62a-5bf6-9aeb-af31aa26504b,1738,4000202951,4000202951,"Kirkland Signature Lightly Breaded Chicken Breast Chunks, 4 lbs",https://www.costco.com/kirkland-signature-lightly-breaded-chicken-breast-chunks-4-lbs.product.4000202951.html,,,0,0,https://www.costco.com/kirkland-signature-groceries.html,9/27/2026 0:00
853e9109-9916-5606-8a5a-4ccf7a1aded0,1738,100450484,100450484,"Kirkland Signature Organic Blueberries, 3 lbs",https://www.costco.com/kirkland-signature-organic-blueberries-3-lbs.product.100450484.html,,,0,0,https://www.costco.com/kirkland-signature-groceries.html,9/27/2026 0:00
e6e81b6d-4b6c-5081-83aa-585dba65b652,1738,100539783,100539783,"Kirkland Signature Chicken Wings, First and Second Sections, 10 lbs",https://www.costco.com/kirkland-signature-chicken-wings-first-and-second-sections-10-lbs.product.100539783.html,,,0,0,https://www.costco.com/kirkland-signature-groceries.html,9/27/2026 0:00
ad2bf44b-d79e-5f85-85d8-23b1370fe51b,1738,100452337,100452337,"Kirkland Signature Organic Strawberries, 4 lbs",https://www.costco.com/kirkland-signature-organic-strawberries-4-lbs.product.100452337.html,,,0,0,https://www.costco.com/kirkland-signature-groceries.html,9/27/2026 0:00
4f8622b7-4cd1-5795-a8d8-d0fa7ad21d9d,1738,4000318627,4000318627,"Kirkland Signature Extra Crispy French Fries, 5 lbs",https://www.costco.com/kirkland-signature-extra-crispy-french-fries-5-lbs.product.4000318627.html,,,0,0,https://www.costco.com/kirkland-signature-groceries.html,9/27/2026 0:00
4bf4aa3e-6dcf-59f4-8ffb-48cf19de9a97,1738,100639328,100639328,"Kirkland Signature Chicken Tenderloins, Boneless Skinless, 6 lbs",https://www.costco.com/kirkland-signature-chicken-tenderloins-boneless-skinless-6-lbs.product.100639328.html,,,0,0,https://www.costco.com/kirkland-signature-groceries.html,9/27/2026 0:00
62f25842-fc4f-55aa-ac13-d1b2bfb7de21,1738,4000054192,4000054192,"Kirkland Signature Garlic Butter Shrimp, 2 lbs",https://www.costco.com/kirkland-signature-garlic-butter-shrimp-2-lbs.product.4000054192.html,,,0,0,https://www.costco.com/kirkland-signature-groceries.html,9/27/2026 0:00
e4a9f391-6fd7-5274-9ff1-8bdd75795c3b,1738,100433848,100433848,"Kirkland Signature Stir-Fry Vegetable Blend, 5.5 lbs",https://www.costco.com/kirkland-signature-stir-fry-vegetable-blend-55-lbs.product.100433848.html,,,0,0,https://www.costco.com/kirkland-signature-groceries.html,9/27/2026 0:00
83f84e07-0f03-59b9-8eae-efbdf58843f2,1738,100637418,100637418,"Kirkland Signature Organic Broccoli Florets, 1 lb, 4-count",https://www.costco.com/kirkland-signature-organic-broccoli-florets-1-lb-4-count.product.100637418.html,,,0,0,https://www.costco.com/kirkland-signature-groceries.html,9/27/2026 0:00
89209726-c011-5d24-aab4-403477dd8833,1738,100639698,100639698,"Kirkland Signature Ground Beef Patties, 1/3 lb Patty, 18-count",https://www.costco.com/kirkland-signature-ground-beef-patties-13-lb-patty-18-count.product.100639698.html,,,0,0,https://www.costco.com/kirkland-signature-groceries.html,9/27/2026 0:00
55aa0096-c5f3-589a-9a60-45740a8af7c8,1738,100354281,100354281,Kirkland Signature Nature's Domain Puppy Formula Chicken & Pea Dog Food 20 lb.,https://www.costco.com/kirkland-signature-natures-domain-puppy-formula-chicken--pea-dog-food-20-lb.product.100354281.html,,,0,0,https://www.costco.com/kirkland-signature-groceries.html,9/27/2026 0:00
a7437818-7a63-563f-86f0-26dd6ef57c9e,1738,100112668,100112668,"Kirkland Signature Super B-Complex with Electrolytes, 500 Tablets",https://www.costco.com/kirkland-signature-super-b-complex-with-electrolytes-500-tablets.product.100112668.html,,,0,0,https://www.costco.com/kirkland-signature-groceries.html,9/27/2026 0:00
329b7ef7-92c8-5c73-b314-f6573918220d,1738,4000411755,4000411755,"Kirkland Signature Crispy Wings with Classic Buffalo Sauce, 64 oz",https://www.costco.com/kirkland-signature-crispy-wings-with-classic-buffalo-sauce-64-oz.product.4000411755.html,,,0,0,https://www.costco.com/kirkland-signature-groceries.html,9/27/2026 0:00
76af220d-1ce9-59db-9020-2e395466f30f,1738,100452870,100452870,"Kirkland Signature Super Premium Vanilla Ice Cream, 1/2 Gallon, 2-count",https://www.costco.com/kirkland-signature-super-premium-vanilla-ice-cream-12-gallon-2-count.product.100452870.html,,,0,0,https://www.costco.com/kirkland-signature-groceries.html,9/27/2026 0:00
a7000371-d92c-5bab-ad4d-7dd52e47df93,1738,100462140,100462140,Kirkland Signature Breaded Panko Shrimp 2.5 lbs,https://www.costco.com/kirkland-signature-breaded-panko-shrimp-25-lbs.product.100462140.html,,,0,0,https://www.costco.com/kirkland-signature-groceries.html,9/27/2026 0:00
5564a07d-93fc-5810-b58f-338aaf385384,1738,100408294,100408294,"Kirkland Signature Farm-Raised Raw Shrimp, Tail-On, 21-25-count per Pound, 2 lbs",https://www.costco.com/kirkland-signature-farm-raised-raw-shrimp-tail-on-21-25-count-per-pound-2-lbs.product.100408294.html,,,0,0,https://www.costco.com/kirkland-signature-groceries.html,9/27/2026 0:00
42ce26b5-faee-59f7-9d19-42786b0d8cbd,1738,100410665,100410665,"Kirkland Signature Three Berry Blend, 4 lbs",https://www.costco.com/kirkland-signature-three-berry-blend-4-lbs.product.100410665.html,,,0,0,https://www.costco.com/kirkland-signature-groceries.html,9/27/2026 0:00
1423cfa2-3f55-52b3-91d8-a9d9f8af806c,1738,100638020,100638020,"Kirkland Signature Tempura Shrimp, 2.35 lbs, 30-count",https://www.costco.com/kirkland-signature-tempura-shrimp-235-lbs-30-count.product.100638020.html,,,0,0,https://www.costco.com/kirkland-signature-groceries.html,9/27/2026 0:00
ae16ea55-ca68-52bc-9a17-d7ae4ab00f01,1738,100070491,100070491,"Kirkland Signature Chardonnay, Sonoma County, 750 ml",https://www.costco.com/kirkland-signature-chardonnay-sonoma-county-750-ml.product.100070491.html,,,0,0,https://www.costco.com/kirkland-signature-groceries.html,9/27/2026 0:00
52ac9a5f-2404-5a46-a119-f051b0d6bbf7,1738,100415670,100415670,"Kirkland Signature Farm-Raised Cooked Shrimp, Tail-Off, 50-70-count per Pound, 2 lbs",https://www.costco.com/kirkland-signature-farm-raised-cooked-shrimp-tail-off-50-70-count-per-pound-2-lbs.product.100415670.html,,,0,0,https://www.costco.com/kirkland-signature-groceries.html,9/27/2026 0:00
7ab47b6d-97a9-5cf6-8079-c610f115b6df,1738,100462186,100462186,"Kirkland Signature, Black Pepper with Grinder, 6.3 oz, 2-Count",https://www.costco.com/kirkland-signature-black-pepper-with-grinder-63-oz-2-count.product.100462186.html,,,0,0,https://www.costco.com/kirkland-signature-groceries.html,9/27/2026 0:00
20d0a95f-eb09-52cb-b1f9-047e6e8f2d75,1738,100442000,100442000,"Kirkland Signature Boneless Lamb Leg Roast, 5.53 lb Avg Wt",https://www.costco.com/kirkland-signature-boneless-lamb-leg-roast-553-lb-avg-wt.product.100442000.html,,,0,0,https://www.costco.com/meat.html,9/27/2026 0:00
30f788f4-fe12-5498-a593-a6b4f6dbec69,1738,100851738,100851738,"Kirkland Signature, Albacore Solid White Tuna in Water, 7 oz, 8-Count",https://www.costco.com/kirkland-signature-albacore-solid-white-tuna-in-water-7-oz-8-count.product.100851738.html,,,0,0,https://www.costco.com/pantry.html,9/27/2026 0:00
cbbf779a-d94c-5334-b281-471e97e898d3,1738,4000063331,4000063331,"Kirkland Signature Organic Unbleached All Purpose Flour, 10 lbs, 2-count",https://www.costco.com/kirkland-signature-organic-unbleached-all-purpose-flour-10-lbs-2-count.product.4000063331.html,,,0,0,https://www.costco.com/pantry.html,9/27/2026 0:00
9f1e0c5d-9492-5e47-8d06-274c0e04d9a3,1738,100783256,100783256,"Campbell's, Simply Chicken Noodle Soup, 18.6 oz, 8-Count",https://www.costco.com/campbells-simply-chicken-noodle-soup-186-oz-8-count.product.100783256.html,,,0,0,https://www.costco.com/pantry.html,9/27/2026 0:00
5b30d438-9068-5f9b-a7eb-7f3b4cfc99de,1738,100334875,100334875,"Kirkland Signature, Thai Hom Mali Jasmine Rice, 25 lbs",https://www.costco.com/kirkland-signature-thai-hom-mali-jasmine-rice-25-lbs.product.100334875.html,,,0,0,https://www.costco.com/pantry.html,9/27/2026 0:00
fcad743e-ffca-51b1-aca0-ad5ea831e64a,1738,4000040390,4000040390,"Bibigo, Cooked Sticky White Rice Bowls, Medium Grain, 7.4 oz, 12-Count",https://www.costco.com/bibigo-cooked-sticky-white-rice-bowls-medium-grain-74-oz-12-count.product.4000040390.html,,,0,0,https://www.costco.com/pantry.html,9/27/2026 0:00
b86f6bcc-5ba9-56c6-93fd-6b92f8d7d57f,1738,100381417,100381417,"Garofalo, Organic Pasta, Variety Pack, 17.6 oz, 6-Count",https://www.costco.com/garofalo-organic-pasta-variety-pack-176-oz-6-count.product.100381417.html,,,0,0,https://www.costco.com/pantry.html,9/27/2026 0:00
490ec3cf-304d-5fae-a094-cd8e1ba8f804,1738,100443940,100443940,"Del Monte, Canned Cut Green Beans, 14.5 oz, 12-Count",https://www.costco.com/del-monte-canned-cut-green-beans-145-oz-12-count.product.100443940.html,,,0,0,https://www.costco.com/pantry.html,9/27/2026 0:00
4df3d371-d035-5326-8608-39e0510f1775,1738,100381612,100381612,"Wild Planet, Albacore Wild Tuna, 5 oz, 6-Count",https://www.costco.com/wild-planet-albacore-wild-tuna-5-oz-6-count.product.100381612.html,,,0,0,https://www.costco.com/pantry.html,9/27/2026 0:00
656285e5-3889-5ed1-ba70-ac05f70ad8a3,1738,100315872,100315872,"Royal, Basmati Rice, 20 lbs",https://www.costco.com/royal-basmati-rice-20-lbs.product.100315872.html,,,0,0,https://www.costco.com/pantry.html,9/27/2026 0:00
8e4fc3d1-6507-50a3-abf4-6062cf5a3baa,1738,100644452,100644452,"Nongshim, Tonkotsu Ramen Bowl, 3.56 oz, 6-Count",https://www.costco.com/nongshim-tonkotsu-ramen-bowl-356-oz-6-count.product.100644452.html,,,0,0,https://www.costco.com/pantry.html,9/27/2026 0:00
3929b973-a690-52ae-a012-2effad75ca95,1738,100443694,100443694,"Del Monte, Canned Corn-Whole Kernel, 15.25 oz, 12-Count",https://www.costco.com/del-monte-canned-corn-whole-kernel-1525-oz-12-count.product.100443694.html,,,0,0,https://www.costco.com/pantry.html,9/27/2026 0:00
4f4bf74f-a76b-5f7b-bcc5-7e59be962d69,1738,100384209,100384209,"Chicken of the Sea, Chunk Light Premium Tuna in Water, 7 oz, 12-Count",https://www.costco.com/chicken-of-the-sea-chunk-light-premium-tuna-in-water-7-oz-12-count.product.100384209.html,,,0,0,https://www.costco.com/pantry.html,9/27/2026 0:00
0c824595-003c-5612-b278-7804ba17b5b4,1738,100381542,100381542,"Kraft, Macaroni & Cheese Dinner Cup, 2.05 oz, 12-Count",https://www.costco.com/kraft-macaroni--cheese-dinner-cup-205-oz-12-count.product.100381542.html,,,0,0,https://www.costco.com/pantry.html,9/27/2026 0:00
69da681a-5c20-5828-8e07-30c257ceeadb,1738,100113428,100113428,"Nissin Cup Noodles, Chicken, 2.5 oz, 24-count",https://www.costco.com/nissin-cup-noodles-chicken-25-oz-24-count.product.100113428.html,,,0,0,https://www.costco.com/pantry.html,9/27/2026 0:00
f2368fd7-7095-58eb-a0eb-9fe03e8c6120,1738,4000401691,4000401691,"Snapdragon Foods Vietnamese Pho Bowls, 3.1 oz, 9-count",https://www.costco.com/snapdragon-foods-vietnamese-pho-bowls-31-oz-9-count.product.4000401691.html,,,0,0,https://www.costco.com/pantry.html,9/27/2026 0:00
678a4ff7-1e5b-5bda-92f9-9e9882bb6925,1738,100381528,100381528,"Arm & Hammer, Pure Baking Soda, 13.5 lbs",https://www.costco.com/arm--hammer-pure-baking-soda-135-lbs.product.100381528.html,,,0,0,https://www.costco.com/pantry.html,9/27/2026 0:00
15395bf6-ed58-5012-81f0-af8863e26903,1738,4000439540,4000439540,"Seeds of Change Organic Quinoa & Brown Rice with Garlic & Lentils, 6-count",https://www.costco.com/seeds-of-change-organic-quinoa--brown-rice-with-garlic--lentils-6-count.product.4000439540.html,,,0,0,https://www.costco.com/pantry.html,9/27/2026 0:00
2a21c498-6810-5bdc-9df3-f929f6a1cb39,1738,100403311,100403311,"Nestlé Toll House, Semi-Sweet Chocolate Chip Morsels, 72 oz",https://www.costco.com/nestl-toll-house-semi-sweet-chocolate-chip-morsels-72-oz.product.100403311.html,,,0,0,https://www.costco.com/pantry.html,9/27/2026 0:00
cbaeb341-29a9-5778-9da9-04c365918fc2,1738,100452749,100452749,"Thai Kitchen Organic Coconut Milk, Unsweetened, 13.66 fl oz, 6-count",https://www.costco.com/thai-kitchen-organic-coconut-milk-unsweetened-1366-fl-oz-6-count.product.100452749.html,,,0,0,https://www.costco.com/pantry.html,9/27/2026 0:00
d5610157-bc4c-59e7-9a56-d78c5279337a,1738,100643792,100643792,"Chosen Foods Avocado Oil Spray, 13.5 oz, 2-count",https://www.costco.com/chosen-foods-avocado-oil-spray-135-oz-2-count.product.100643792.html,,,0,0,https://www.costco.com/pantry.html,9/27/2026 0:00
8954170c-4ee7-535d-b520-42538fee5724,1738,4000444157,4000444157,"Tasty Bite Organic Madras Lentils, 10 oz, 8-count",https://www.costco.com/tasty-bite-organic-madras-lentils-10-oz-8-count.product.4000444157.html,,,0,0,https://www.costco.com/pantry.html,9/27/2026 0:00
bf2863e3-78f9-590a-8bad-c66573c0ecc4,1738,100368217,100368217,"Jif Creamy Peanut Butter 48 oz, 2-Count",https://www.costco.com/jif-creamy-peanut-butter-48-oz-2-count.product.100368217.html,,,0,0,https://www.costco.com/pantry.html,9/27/2026 0:00
8bba9d29-0158-5f50-ba64-575c7c6110cb,1738,100381460,100381460,"Garofalo, Organic Spaghetti Noodles, 17.6 oz, 8-Count",https://www.costco.com/garofalo-organic-spaghetti-noodles-176-oz-8-count.product.100381460.html,,,0,0,https://www.costco.com/pantry.html,9/27/2026 0:00
68043490-e57b-5bc9-a3d5-1b9a0902bc0f,1738,100381454,100381454,"Ghirardelli, Triple Chocolate Premium Brownie Mix, 6-Count",https://www.costco.com/ghirardelli-triple-chocolate-premium-brownie-mix-6-count.product.100381454.html,,,0,0,https://www.costco.com/pantry.html,9/27/2026 0:00
da1382a2-6012-51c4-9519-7d22235caa60,1738,100371278,100371278,"Hidden Valley Original Ranch Homestyle Dressing, 40 fl oz, 2-count",https://www.costco.com/hidden-valley-original-ranch-homestyle-dressing-40-fl-oz-2-count.product.100371278.html,,,0,0,https://www.costco.com/pantry.html,9/27/2026 0:00
71d94519-4604-5a21-9b98-4507162aa71f,1738,4000426490,4000426490,"Rao's Homemade Marinara Sauce, 31.7 oz, 2-count",https://www.costco.com/raos-homemade-marinara-sauce-317-oz-2-count.product.4000426490.html,,,0,0,https://www.costco.com/pantry.html,9/27/2026 0:00
4fa84f79-5268-5d33-9e1f-e577085dd8e8,1738,100442450,100442450,"Kirkland Signature Pure Vanilla Extract, 16 fl oz",https://www.costco.com/kirkland-signature-pure-vanilla-extract-16-fl-oz.product.100442450.html,,,0,0,https://www.costco.com/pantry.html,9/27/2026 0:00
7b49f180-41f8-5cdb-82b9-f327b2623001,1738,4000067571,4000067571,"Nutella B-Ready Crispy Wafers Filled with Nutella, 0.7 oz, 36-count",https://www.costco.com/nutella-b-ready-crispy-wafers-filled-with-nutella-07-oz-36-count.product.4000067571.html,,,0,0,https://www.costco.com/pantry.html,9/27/2026 0:00
34fc77f3-d495-5ff6-b227-64e0aee57135,1738,100485555,100485555,"Lotus Foods, Organic Millet & Brown Rice Ramen, 2.5 oz, 12-Count",https://www.costco.com/lotus-foods-organic-millet--brown-rice-ramen-25-oz-12-count.product.100485555.html,,,0,0,https://www.costco.com/pantry.html,9/27/2026 0:00
6c199856-2509-53e0-a4c6-714f9877d701,1738,100634569,100634569,"Hellmann's Real Mayonnaise, Squeeze Bottle, 25 fl oz, 2-count",https://www.costco.com/hellmanns-real-mayonnaise-squeeze-bottle-25-fl-oz-2-count.product.100634569.html,,,0,0,https://www.costco.com/pantry.html,9/27/2026 0:00
1b1d8065-3758-529e-ab41-860bbbd80d24,1738,100381551,100381551,"Sweet Baby Ray's, Barbecue Sauce, 40 oz, 2-Count",https://www.costco.com/sweet-baby-rays-barbecue-sauce-40-oz-2-count.product.100381551.html,,,0,0,https://www.costco.com/pantry.html,9/27/2026 0:00
f3c64e0c-9b77-5a20-99e7-4186f94cfbe1,1738,100440811,100440811,"Homai California Calrose Rice, 25 lbs",https://www.costco.com/homai-california-calrose-rice-25-lbs.product.100440811.html,,,0,0,https://www.costco.com/pantry.html,9/27/2026 0:00
179d514b-26d3-5619-91d4-412c5f21e5e2,1738,100381485,100381485,"Libby's, Vienna Sausage, 4.6 oz, 18-count",https://www.costco.com/libbys-vienna-sausage-46-oz-18-count.product.100381485.html,,,0,0,https://www.costco.com/pantry.html,9/27/2026 0:00
26c82509-f0b0-5372-9dca-d3392e9740a4,1738,100778116,100778116,"Bachan's Japanese Barbecue Sauce, 34 oz",https://www.costco.com/bachans-japanese-barbecue-sauce-34-oz.product.100778116.html,,,0,0,https://www.costco.com/pantry.html,9/27/2026 0:00
c8b96aaa-a3aa-515c-a24e-0fd197333713,1738,100371265,100371265,"Nutella Hazelnut Spread with Cocoa, 33.5 oz, 2-count",https://www.costco.com/nutella-hazelnut-spread-with-cocoa-335-oz-2-count.product.100371265.html,,,0,0,https://www.costco.com/pantry.html,9/27/2026 0:00
0461f58f-c8d6-5cc0-aa6f-18ad7b80946a,1738,100441814,100441814,"Cholula, Hot Sauce Original, 12 fl oz, 2-Count",https://www.costco.com/cholula-hot-sauce-original-12-fl-oz-2-count.product.100441814.html,,,0,0,https://www.costco.com/pantry.html,9/27/2026 0:00
e57f8a28-22e7-5573-9a52-ce26bd9c818c,1738,100449522,100449522,"Genova, Yellowfin Tuna, 7 oz, 6-Count",https://www.costco.com/genova-yellowfin-tuna-7-oz-6-count.product.100449522.html,,,0,0,https://www.costco.com/pantry.html,9/27/2026 0:00
f146dedb-38fe-53d6-a4c0-5a104aecfbff,1738,100381577,100381577,"Lawry's Coarse Ground Garlic Salt with Parsley, 33 oz",https://www.costco.com/lawrys-coarse-ground-garlic-salt-with-parsley-33-oz.product.100381577.html,,,0,0,https://www.costco.com/pantry.html,9/27/2026 0:00
93581e5e-31bd-5c78-a6fc-18cd65b0121b,1738,100654735,100654735,"Hidden Valley Ranch Homestyle Seasoning, Dip and Salad Dressing Mix, 20 oz",https://www.costco.com/hidden-valley-ranch-homestyle-seasoning-dip-and-salad-dressing-mix-20-oz.product.100654735.html,,,0,0,https://www.costco.com/pantry.html,9/27/2026 0:00
6a6eea85-5596-5adc-be02-57b03eeb6116,1738,100377144,100377144,"SPAM Canned Meat, 25% Less Sodium, 12 oz, 8-Count",https://www.costco.com/spam-canned-meat-25-less-sodium-12-oz-8-count.product.100377144.html,,,0,0,https://www.costco.com/pantry.html,9/27/2026 0:00
ffae02b7-a9cd-5b06-aaff-010ddf0e0124,1738,100371260,100371260,"Hellmann's, Real Mayonnaise, 64 oz",https://www.costco.com/hellmanns-real-mayonnaise-64-oz.product.100371260.html,,,0,0,https://www.costco.com/pantry.html,9/27/2026 0:00
c623186c-6709-586e-b111-3c3dca348d92,1738,100334736,100334736,"Kirkland Signature, Vegetable Oil, 3 qt, 2-Count",https://www.costco.com/kirkland-signature-vegetable-oil-3-qt-2-count.product.100334736.html,,,0,0,https://www.costco.com/pantry.html,9/27/2026 0:00
8f870192-f7af-5eb2-b097-c35ecd841e44,1738,4000446388,4000446388,"Kinder's Organic Signature Grill Variety Pack, 54.4 oz",https://www.costco.com/kinders-organic-signature-grill-variety-pack-544-oz.product.4000446388.html,,,0,0,https://www.costco.com/pantry.html,9/27/2026 0:00
c9e68677-4e67-5422-8197-c4b8160b6fac,1738,100441883,100441883,"Red Star, Active Dry Yeast, 32 oz",https://www.costco.com/red-star-active-dry-yeast-32-oz.product.100441883.html,,,0,0,https://www.costco.com/pantry.html,9/27/2026 0:00
ec9bf579-b761-5c2f-8a20-281d313b303e,1738,4000184387,4000184387,"Samyang Buldak Ramen Carbonara, Spicy Chicken, 3.7 oz, 6-count",https://www.costco.com/samyang-buldak-ramen-carbonara-spicy-chicken-37-oz-6-count.product.4000184387.html,,,0,0,https://www.costco.com/pantry.html,9/27/2026 0:00
76c20af8-1016-5185-b14a-fa20788a39fc,1738,100645583,100645583,"Kirkland Signature Bath Tissue, 2-Ply, 380 Sheets, 30 Rolls",https://www.costco.com/kirkland-signature-bath-tissue-2-ply-380-sheets-30-rolls.product.100645583.html,,,0,0,https://www.costco.com/paper-products-food-storage.html,9/27/2026 0:00
d6d4712d-a05a-5d80-b9dc-5797082f23fc,1738,4000053321,4000053321,"Dixie Ultra 8-1/2"" Paper Plate, 240-count",https://www.costco.com/dixie-ultra-8-12-paper-plate-240-count.product.4000053321.html,,,0,0,https://www.costco.com/paper-products-food-storage.html,9/27/2026 0:00
cad25293-7b7c-587e-a1af-2956cb00b10c,1738,100352100,100352100,"Dixie Ultra 10-1/16"" Paper Plate, 186-count",https://www.costco.com/dixie-ultra-10-116-paper-plate-186-count.product.100352100.html,,,0,0,https://www.costco.com/paper-products-food-storage.html,9/27/2026 0:00
534167f4-c59d-5bd7-aefe-0cdaa70a9fcd,1738,4000346087,4000346087,"Bounty Advanced Paper Towels, 2-Ply, 103 Sheets, 12-count",https://www.costco.com/bounty-advanced-paper-towels-2-ply-103-sheets-12-count.product.4000346087.html,,,0,0,https://www.costco.com/paper-products-food-storage.html,9/27/2026 0:00
6b7f12af-4b34-5175-bdcb-1f348c85ab5b,1738,100089150,100089150,"Kleenex Trusted Care Facial Tissue, 2-Ply, 230-count, 10-pack",https://www.costco.com/kleenex-trusted-care-facial-tissue-2-ply-230-count-10-pack.product.100089150.html,,,0,0,https://www.costco.com/paper-products-food-storage.html,9/27/2026 0:00
4c8abd59-dab4-598d-9f08-7f803fde52cd,1738,11680104,11680104,"Kleenex Ultra Soft Facial Tissue, 3-Ply, 85-count, 12-pack",https://www.costco.com/kleenex-ultra-soft-facial-tissue-3-ply-85-count-12-pack.product.11680104.html,,,0,0,https://www.costco.com/paper-products-food-storage.html,9/27/2026 0:00
60f2e32b-3e1a-5661-a7dc-2f2daa004a34,1738,4000343144,4000343144,"Ziploc Seal Top Bag, Variety Pack, 322-count",https://www.costco.com/ziploc-seal-top-bag-variety-pack-322-count.product.4000343144.html,,,0,0,https://www.costco.com/paper-products-food-storage.html,9/27/2026 0:00
02a66754-2f97-5193-b597-d4aeeea3e361,1738,100108599,100108599,"Vanity Fair Everyday Napkin, 2-Ply, 110-count, 6-pack",https://www.costco.com/vanity-fair-everyday-napkin-2-ply-110-count-6-pack.product.100108599.html,,,0,0,https://www.costco.com/paper-products-food-storage.html,9/27/2026 0:00
05900b52-e8ac-5ef8-8b95-4320be9541ad,1738,100836238,100836238,"Kirkland Signature Napkins, 1-Ply, 280-count, 4-pack",https://www.costco.com/kirkland-signature-napkins-1-ply-280-count-4-pack.product.100836238.html,,,0,0,https://www.costco.com/paper-products-food-storage.html,9/27/2026 0:00
64c36ca1-712b-50e0-8e00-86245919fa98,1738,100234270,100234270,"Scott Bath Tissue, 1-Ply, 1100 Sheets, 36 Rolls",https://www.costco.com/scott-bath-tissue-1-ply-1100-sheets-36-rolls.product.100234270.html,,,0,0,https://www.costco.com/paper-products-food-storage.html,9/27/2026 0:00
06f527d1-d0c1-5331-abe2-3bcb7fc76e76,1738,4000350136,4000350136,"Ziploc Seal Top Freezer Bag, Gallon, 136-count",https://www.costco.com/ziploc-seal-top-freezer-bag-gallon-136-count.product.4000350136.html,,,0,0,https://www.costco.com/paper-products-food-storage.html,9/27/2026 0:00
84ebe0b9-9639-5542-86cd-eca679bf9613,1738,4000356985,4000356985,"Ziploc Seal Top Bag, Sandwich, 480-count",https://www.costco.com/ziploc-seal-top-bag-sandwich-480-count.product.4000356985.html,,,0,0,https://www.costco.com/paper-products-food-storage.html,9/27/2026 0:00
3af04815-0f6c-5bd7-bdef-ce0ae3b5854f,1738,4000312330,4000312330,"Kirkland Signature Freezer Quart Plus Bags, 264-count",https://www.costco.com/kirkland-signature-freezer-quart-plus-bags-264-count.product.4000312330.html,,,0,0,https://www.costco.com/paper-products-food-storage.html,9/27/2026 0:00
6b12f3f9-6471-50f9-b589-100f9214795a,1738,4000312404,4000312404,"Kirkland Signature Gallon Plus Freezer Bags, 192-count",https://www.costco.com/kirkland-signature-gallon-plus-freezer-bags-192-count.product.4000312404.html,,,0,0,https://www.costco.com/paper-products-food-storage.html,9/27/2026 0:00
8f7f3508-4f9f-5ec9-a0c5-7021128d5167,1738,100381539,100381539,"Dixie Ultra 20 oz Paper Bowl, 135-count",https://www.costco.com/dixie-ultra-20-oz-paper-bowl-135-count.product.100381539.html,,,0,0,https://www.costco.com/paper-products-food-storage.html,9/27/2026 0:00
f83f54df-6f78-5225-9fb6-82f67c03ceaa,1738,100113595,100113595,"Solo Heavyweight Plastic Spoon, White, 500-count",https://www.costco.com/solo-heavyweight-plastic-spoon-white-500-count.product.100113595.html,,,0,0,https://www.costco.com/paper-products-food-storage.html,9/27/2026 0:00
d7cb5247-8e87-5f42-ad12-9de13102b073,1738,100113601,100113601,"Solo Heavyweight Plastic Fork, White, 500-count",https://www.costco.com/solo-heavyweight-plastic-fork-white-500-count.product.100113601.html,,,0,0,https://www.costco.com/paper-products-food-storage.html,9/27/2026 0:00
07687ec3-1aa3-5d5c-97d2-499efb853219,1738,100397056,100397056,"Cottonelle Fresh Care Flushable Wipes, 560 Wipes",https://www.costco.com/cottonelle-fresh-care-flushable-wipes-560-wipes.product.100397056.html,,,0,0,https://www.costco.com/paper-products-food-storage.html,9/27/2026 0:00
c6d7776f-1fa0-51b6-bf96-58de3c39360b,1738,100445692,100445692,"Organic English Cucumbers, Greenhouse Grown, 3-count",https://www.costco.com/organic-english-cucumbers-greenhouse-grown-3-count.product.100445692.html,,,0,0,https://www.costco.com/produce.html,9/27/2026 0:00
1e3cf52d-bb7b-55e8-946b-4fe3055120eb,1738,100433821,100433821,"Cantaloupe, 2-count",https://www.costco.com/cantaloupe-2-count.product.100433821.html,,,0,0,https://www.costco.com/produce.html,9/27/2026 0:00
4280b64d-9960-5a6c-9477-382a5ffef976,1738,100439256,100439256,"Organic Crimini Mushrooms, 24 oz",https://www.costco.com/organic-crimini-mushrooms-24-oz.product.100439256.html,,,0,0,https://www.costco.com/produce.html,9/27/2026 0:00
c3998f1f-8655-5fa2-af17-9500a51a6cc6,1738,100443126,100443126,"Limes, 3 lbs",https://www.costco.com/limes-3-lbs.product.100443126.html,,,0,0,https://www.costco.com/produce.html,9/27/2026 0:00
4e97f6c8-7d66-5fa5-ab52-9bd443f7f290,1738,100608970,100608970,"Grape Tomatoes, 2 lbs",https://www.costco.com/grape-tomatoes-2-lbs.product.100608970.html,,,0,0,https://www.costco.com/produce.html,9/27/2026 0:00
d433478e-7176-525c-bd1a-91c32616058d,1738,100434185,100434185,"Organic Celery Sticks, 2.5 lbs",https://www.costco.com/organic-celery-sticks-25-lbs.product.100434185.html,,,0,0,https://www.costco.com/produce.html,9/27/2026 0:00
b53ff3f9-f100-5488-ad68-cebeb4af6a2a,1738,100437001,100437001,"Organic Gala Apples, 3 lbs",https://www.costco.com/organic-gala-apples-3-lbs.product.100437001.html,,,0,0,https://www.costco.com/produce.html,9/27/2026 0:00
9a9c6bd3-8964-56b3-b223-d70404d41a00,1738,100975546,100975546,"Vidalia Sweet Onions, 5 lbs",https://www.costco.com/vidalia-sweet-onions-5-lbs.product.100975546.html,,,0,0,https://www.costco.com/produce.html,9/27/2026 0:00
5639b6dc-215d-57ef-9718-e3a9c4dcbc9e,1738,100598720,100598720,"Organic Peeled Carrots, 2 lbs, 2-count",https://www.costco.com/organic-peeled-carrots-2-lbs-2-count.product.100598720.html,,,0,0,https://www.costco.com/produce.html,9/27/2026 0:00
5ca82cf6-ae3f-5d7c-8874-1a2df17f1540,1738,100441109,100441109,"Gourmet Tomato Medley, Greenhouse Grown, 2 lbs",https://www.costco.com/gourmet-tomato-medley-greenhouse-grown-2-lbs.product.100441109.html,,,0,0,https://www.costco.com/produce.html,9/27/2026 0:00
efc9edd8-1071-5941-9825-25aefcd3ff4c,1738,100442528,100442528,"Gourmet Creamer Potato, 5 lbs",https://www.costco.com/gourmet-creamer-potato-5-lbs.product.100442528.html,,,0,0,https://www.costco.com/produce.html,9/27/2026 0:00
e0baafd6-0a8f-5b58-8803-cde1af80e27d,1738,100450792,100450792,"Organic Squash, 3.5 lbs",https://www.costco.com/organic-squash-35-lbs.product.100450792.html,,,0,0,https://www.costco.com/produce.html,9/27/2026 0:00
94879a86-0af3-58b5-8d02-6a48d0e429c9,1738,100816773,100816773,"Plums, 3 lbs",https://www.costco.com/plums-3-lbs.product.100816773.html,,,0,0,https://www.costco.com/produce.html,9/27/2026 0:00
eaa0d8e2-428d-52c3-aed1-db82a3b03dda,1738,100451213,100451213,"Organic Mangos, 6 lbs",https://www.costco.com/organic-mangos-6-lbs.product.100451213.html,,,0,0,https://www.costco.com/produce.html,9/27/2026 0:00
85d2edfb-eea6-5821-a1c3-ace22ee2d114,1738,100601909,100601909,"Organic Carrots, 6 lbs",https://www.costco.com/organic-carrots-6-lbs.product.100601909.html,,,0,0,https://www.costco.com/produce.html,9/27/2026 0:00
460cce3b-e436-5b82-9745-38fcc2e4b76f,1738,100441746,100441746,"Colossal Garlic, 2 lbs",https://www.costco.com/colossal-garlic-2-lbs.product.100441746.html,,,0,0,https://www.costco.com/produce.html,9/27/2026 0:00
ea7066ee-1ad3-5511-b20d-867fe8fa965d,1738,100787289,100787289,"Grapefruit, 5 lbs",https://www.costco.com/grapefruit-5-lbs.product.100787289.html,,,0,0,https://www.costco.com/produce.html,9/27/2026 0:00
403cf0d1-022d-5932-8413-9aa7a2656076,1738,100836033,100836033,"Frito Lay Classic Mix, 1 oz, Variety Pack, 54-count",https://www.costco.com/frito-lay-classic-mix-1-oz-variety-pack-54-count.product.100836033.html,,,0,0,https://www.costco.com/snacks.html,9/27/2026 0:00
8f70bd37-f02b-5448-9535-47ef2b7cee1d,1738,100688266,100688266,"SunChips Whole Grain, Variety, 1.5 oz, 30-count",https://www.costco.com/sunchips-whole-grain-variety-15-oz-30-count.product.100688266.html,,,0,0,https://www.costco.com/snacks.html,9/27/2026 0:00
f47dd3d6-0bd3-5ca7-baa4-46bc8859dd4d,1738,4000111758,4000111758,"Nature's Garden, Probiotic Strawberry Yoggies, 0.7 oz, 30-count",https://www.costco.com/natures-garden-probiotic-strawberry-yoggies-07-oz--30-count.product.4000111758.html,,,0,0,https://www.costco.com/snacks.html,9/27/2026 0:00
569b642c-5ea6-59f8-839d-4c8ad428fef4,1738,100741625,100741625,"Chomps Original Beef Sticks, Mild, 12 Individually Wrapped Sticks",https://www.costco.com/chomps-original-beef-sticks-mild-12-individually-wrapped-sticks.product.100741625.html,,,0,0,https://www.costco.com/snacks.html,9/27/2026 0:00
1fa11f82-d493-53f7-8c50-58f92f48aa1f,1738,100381415,100381415,"Skinny Pop Popcorn, 0.65 oz, 28-count",https://www.costco.com/skinny-pop-popcorn-065-oz-28-count.product.100381415.html,,,0,0,https://www.costco.com/snacks.html,9/27/2026 0:00
944fd311-e069-52be-b6bb-b512c1b2248d,1738,100679927,100679927,"Pure Organic Layered Fruit Bars, Variety Pack, 0.63 oz, 28-count",https://www.costco.com/pure-organic-layered-fruit-bars-variety-pack--063-oz-28-count.product.100679927.html,,,0,0,https://www.costco.com/snacks.html,9/27/2026 0:00
2876e10b-aabf-5f4f-80b8-8b6879f022d2,1738,100493043,100493043,"Pirate's Booty Aged White Cheddar Snack, 0.5 oz, 40-count",https://www.costco.com/pirates-booty-aged-white-cheddar-snack-05-oz-40-count.product.100493043.html,,,0,0,https://www.costco.com/snacks.html,9/27/2026 0:00
f4c433bb-a647-5a19-82ea-9aa8edcfd0b3,1738,4000252966,4000252966,"Nabisco Cookies & Crackers, Variety Pack, 1 oz, 40-count",https://www.costco.com/nabisco-cookies--crackers-variety-pack-1-oz-40-count.product.4000252966.html,,,0,0,https://www.costco.com/snacks.html,9/27/2026 0:00
75b1637b-f67e-5144-9de2-7199ee22fe91,1738,100642169,100642169,"That's it Mini Fruit Bars, 24-count",https://www.costco.com/thats-it-mini-fruit-bars-24-count.product.100642169.html,,,0,0,https://www.costco.com/snacks.html,9/27/2026 0:00
79208f5f-5515-5c98-b1be-915859b8c797,1738,4000367875,4000367875,"Kirkland Signature Grass-fed Beef Sticks, 1.15 oz, 12-count",https://www.costco.com/kirkland-signature-grass-fed-beef-sticks-115-oz-12-count.product.4000367875.html,,,0,0,https://www.costco.com/snacks.html,9/27/2026 0:00
6e2c36da-d951-5a02-85bb-0a748b33dbfd,1738,100641392,100641392,"Donsuemor, Traditional Madeleines Cake, 1 oz, 28-Count",https://www.costco.com/donsuemor-traditional-madeleines-cake-1-oz-28-count.product.100641392.html,,,0,0,https://www.costco.com/snacks.html,9/27/2026 0:00
818152a7-3d47-59a3-af80-737dc80ede02,1738,4000385777,4000385777,"Frito-Lay NFL Gameday Mix, 54-count",https://www.costco.com/frito-lay-nfl-gameday-mix-54-count.product.4000385777.html,,,0,0,https://www.costco.com/snacks.html,9/27/2026 0:00
4f9bd453-20ca-5098-8714-49308ffd843b,1738,100840912,100840912,"PopCorners Popped Corn Snacks Variety Pack, 1 oz, 30-Count",https://www.costco.com/popcorners-popped-corn-snacks-variety-pack-1-oz-30-count.product.100840912.html,,,0,0,https://www.costco.com/snacks.html,9/27/2026 0:00
713eb6f2-64ea-505f-a0c7-fbdab18a1871,1738,100347332,100347332,"Nature's Garden Organic Trail Mix Snack Packs, Variety Pack, 1.2 oz, 24-count",https://www.costco.com/natures-garden-organic-trail-mix-snack-packs-variety-pack-12-oz-24-count.product.100347332.html,,,0,0,https://www.costco.com/snacks.html,9/27/2026 0:00
84fa84d5-fefa-5cba-bba4-0bd2fb4fe7bc,1738,100532544,100532544,"Welch's Fruit Snacks, .8 oz, 90-count",https://www.costco.com/welchs-fruit-snacks-8-oz-90-count.product.100532544.html,,,0,0,https://www.costco.com/snacks.html,9/27/2026 0:00
7ecb74b7-bc6d-535e-a875-5f54ef91ba10,1738,100439543,100439543,"Heavenly Hunks Organic Oatmeal Dark Chocolate Cookies, 22 oz",https://www.costco.com/heavenly-hunks-organic-oatmeal-dark-chocolate-cookies-22-oz.product.100439543.html,,,0,0,https://www.costco.com/snacks.html,9/27/2026 0:00
20888e1d-698d-5ab4-8829-3a006d06a121,1738,100371248,100371248,"Goldfish Baked Snack Crackers, Cheddar, 1 oz, 45-count",https://www.costco.com/goldfish-baked-snack-crackers-cheddar-1-oz-45-count.product.100371248.html,,,0,0,https://www.costco.com/snacks.html,9/27/2026 0:00
e900f1bb-0d17-53b0-babb-9d49f600b1c9,1738,100538227,100538227,"Country Archer Grass-Fed Beef Stick Minis Original, 0.5 oz, 28-Count",https://www.costco.com/country-archer-grass-fed-beef-stick-minis-original-05-oz-28-count.product.100538227.html,,,0,0,https://www.costco.com/snacks.html,9/27/2026 0:00
8e438beb-b315-5d7c-be27-59eb70cd3fd2,1738,100696413,100696413,"Pringles Grab & Go Potato Crisps, Variety, 36-count",https://www.costco.com/pringles-grab--go-potato-crisps-variety-36-count.product.100696413.html,,,0,0,https://www.costco.com/snacks.html,9/27/2026 0:00
8028f49e-d926-5325-bb00-60871dc0df6a,1738,100403275,100403275,"Clif Kid ZBar Organic Granola Bar, Variety Pack, 1.27 oz, 36-count",https://www.costco.com/clif-kid-zbar-organic-granola-bar-variety-pack-127-oz-36-count.product.100403275.html,,,0,0,https://www.costco.com/snacks.html,9/27/2026 0:00
a514b122-4271-5efd-a5dc-fe3f70c6b226,1738,100699040,100699040,"OREO Sandwich Cookies, Variety Pack, 60-count",https://www.costco.com/oreo-sandwich-cookies-variety-pack-60-count.product.100699040.html,,,0,0,https://www.costco.com/snacks.html,9/27/2026 0:00
2ceede4f-40b0-57bd-8d3a-7a9a424794fa,1738,4000094517,4000094517,"Milano Cookies, Double Dark Chocolate, 0.98 oz, 30-count",https://www.costco.com/milano-cookies-double-dark-chocolate-098-oz-30-count.product.4000094517.html,,,0,0,https://www.costco.com/snacks.html,9/27/2026 0:00
32ea1610-12f2-51e9-93dc-d457fce206e4,1738,4000203095,4000203095,"GoGo SqueeZ, Organic Applesauce, Variety Pack, 3.2 oz, 28-Count",https://www.costco.com/gogo-squeez-organic-applesauce-variety-pack-32-oz-28-count.product.4000203095.html,,,0,0,https://www.costco.com/snacks.html,9/27/2026 0:00
c7646111-5bba-52e3-8571-5dc8ae20b828,1738,100381587,100381587,"Nature Valley Protein Bar, Peanut Butter Dark Chocolate, 1.42 oz, 30-count",https://www.costco.com/nature-valley-protein-bar-peanut-butter-dark-chocolate-142-oz-30-count.product.100381587.html,,,0,0,https://www.costco.com/snacks.html,9/27/2026 0:00
3cf4b9f8-41e3-509b-a4d2-79ca76cdd311,1738,4000329562,4000329562,"Variety Snack Pack, 40-count",https://www.costco.com/variety-snack-pack-40-count.product.4000329562.html,,,0,0,https://www.costco.com/snacks.html,9/27/2026 0:00
6af69a0c-cd26-5444-a343-34cee70c69ef,1738,100389661,100389661,"Goldfish Baked Snacks, Variety Pack, 45-count",https://www.costco.com/goldfish-baked-snacks-variety-pack-45-count.product.100389661.html,,,0,0,https://www.costco.com/snacks.html,9/27/2026 0:00
cbeaba2c-1fee-50c5-8914-9c2ddfacf676,1738,100381489,100381489,"Cheez-It Crackers, Cheddar, 1.5 oz, 45-count",https://www.costco.com/cheez-it-crackers-cheddar-15-oz-45-count.product.100381489.html,,,0,0,https://www.costco.com/snacks.html,9/27/2026 0:00
bc09a5a3-60ac-598c-b5c2-971668ee6eb3,1738,4000233544,4000233544,"Kirkland Signature Sweet Heat Snack Mix, 24 oz",https://www.costco.com/kirkland-signature-sweet-heat-snack-mix-24-oz.product.4000233544.html,,,0,0,https://www.costco.com/snacks.html,9/27/2026 0:00
6466313b-63dc-5c89-81a7-9b7350a907cb,1738,100698498,100698498,"Go Raw Sprouted Organic Pumpkin Seeds with Sea Salt, 22 oz",https://www.costco.com/go-raw-sprouted-organic-pumpkin-seeds-with-sea-salt-22-oz.product.100698498.html,,,0,0,https://www.costco.com/snacks.html,9/27/2026 0:00
97e1e2a8-f345-5c7f-9a88-98c2fe02b15a,1738,4201003967,4201003967,"Kirkland Signature Snacking Nuts Variety Pack, 1.6 oz, 21-count",https://www.costco.com/kirkland-signature-snacking-nuts-variety-pack-16-oz-21-count.product.4201003967.html,,,0,0,https://www.costco.com/snacks.html,9/27/2026 0:00
13d54481-ff40-5c51-8806-46bc7a841bb4,1738,100805013,100805013,"Golden Island Pork Snack Bites, Korean Barbecue, 1.5 oz, 12-count",https://www.costco.com/golden-island-pork-snack-bites-korean-barbecue-15-oz-12-count.product.100805013.html,,,0,0,https://www.costco.com/snacks.html,9/27/2026 0:00
a5177462-b34d-5f86-afdb-ac5e18617ca8,1738,4000142365,4000142365,"The SnakYard Organic Sweet Potato Sticks, 2.82 oz, 6-count",https://www.costco.com/the-snakyard-organic-sweet-potato-sticks-282-oz-6-count.product.4000142365.html,,,0,0,https://www.costco.com/snacks.html,9/27/2026 0:00
a05f85be-9ecf-5fd7-84d3-d5d49deddec3,1738,4000042930,4000042930,"Kirkland Signature Extra Fancy Mixed Nuts, Unsalted, 2.5 lbs",https://www.costco.com/kirkland-signature-extra-fancy-mixed-nuts-unsalted-25-lbs.product.4000042930.html,,,0,0,https://www.costco.com/snacks.html,9/27/2026 0:00
72a993f3-ed05-5fdd-92b4-1c8118438714,1738,4201005708,4201005708,"Kirkland Signature Rice Crackers, 32 oz",https://www.costco.com/kirkland-signature-rice-crackers-32-oz.product.4201005708.html,,,0,0,https://www.costco.com/snacks.html,9/27/2026 0:00
e2e0d2e6-c8d2-51cb-9e24-ee068f5389f2,1738,4000409855,4000409855,"belVita Energy Snack Bites Variety Pack, 25-count",https://www.costco.com/belvita-energy-snack-bites-variety-pack-25-count.product.4000409855.html,,,0,0,https://www.costco.com/snacks.html,9/27/2026 0:00
31a5d246-1558-58b0-af70-bce850c82b71,1738,100368214,100368214,"Meiji Hello Panda Chocolate Creme Filled Cookies, 0.75 oz, 32-count",https://www.costco.com/meiji-hello-panda-chocolate-creme-filled-cookies-075-oz-32-count.product.100368214.html,,,0,0,https://www.costco.com/snacks.html,9/27/2026 0:00
6c7c5653-4cbd-5eee-8602-3dd28aef91b2,1738,4000332792,4000332792,"Crunchmaster 6-Seed Multi-Grain Crackers, 28 oz",https://www.costco.com/crunchmaster-6-seed-multi-grain-crackers-28-oz.product.4000332792.html,,,0,0,https://www.costco.com/snacks.html,9/27/2026 0:00
7f4273b8-d22d-5a27-80cf-f90a55130703,1738,100383407,100383407,"Lotus Biscoff Cookies, 8.8 oz., 4 Count",https://www.costco.com/lotus-biscoff-cookies-88-oz-4-count.product.100383407.html,,,0,0,https://www.costco.com/snacks.html,9/27/2026 0:00
59e5f81d-6017-5e99-8e31-2c171ec1ac0c,1738,4000420284,4000420284,"Nature Valley Crispy Creamy Wafer Bars, Variety Pack, 1.3 oz, 28-count",https://www.costco.com/nature-valley-crispy-creamy-wafer-bars-variety-pack-13-oz-28-count.product.4000420284.html,,,0,0,https://www.costco.com/snacks.html,9/27/2026 0:00
eda337c7-810c-521a-bc35-0731ef69243c,1738,100401345,100401345,"Nutella & GO! Hazelnut and Cocoa Spread With Breadsticks, 1.8 oz, 16 Pack",https://www.costco.com/nutella--go-hazelnut-and-cocoa-spread-with-breadsticks-18-oz-16-pack.product.100401345.html,,,0,0,https://www.costco.com/snacks.html,9/27/2026 0:00
cc49fae6-f05f-538b-b62f-95f8d5c78724,1738,100792770,100792770,"Simple Mills Almond Flour Sea Salt Crackers, 10 oz, 2-count",https://www.costco.com/simple-mills-almond-flour-sea-salt-crackers-10-oz-2-count.product.100792770.html,,,0,0,https://www.costco.com/snacks.html,9/27/2026 0:00
1136a269-f96f-5df3-b4d7-6254f00f3044,1738,4000418227,4000418227,Hoody's Honey Roasted Nut Mix,https://www.costco.com/hoodys-honey-roasted-nut-mix.product.4000418227.html,,,0,0,https://www.costco.com/snacks.html,9/27/2026 0:00
70e68ea8-05df-5d4f-bb2c-dcfb54767854,1738,100113305,100113305,"Cheez-It Crackers, Cheddar, 3 lbs",https://www.costco.com/cheez-it-crackers-cheddar-3-lbs.product.100113305.html,,,0,0,https://www.costco.com/snacks.html,9/27/2026 0:00
42cef2b1-5951-57d3-ae0c-efe66c2893db,1738,100756482,100756482,"Goldfish Baked Snack Crackers, Cheddar, 66 oz",https://www.costco.com/goldfish-baked-snack-crackers-cheddar-66-oz.product.100756482.html,,,0,0,https://www.costco.com/snacks.html,9/27/2026 0:00
800d41ae-ea18-5080-99bf-2e0271634218,1738,4000250022,4000250022,"Nutella Biscuits, 9.7 oz, 4-count",https://www.costco.com/nutella-biscuits-97-oz-4-count.product.4000250022.html,,,0,0,https://www.costco.com/snacks.html,9/27/2026 0:00
39b5d6c5-6c21-59b8-9ded-663f614fe661,1738,100369040,100369040,"RITZ Crackers, Original, 61.65 oz, 18-count",https://www.costco.com/ritz-crackers-original-6165-oz-18-count.product.100369040.html,,,0,0,https://www.costco.com/snacks.html,9/27/2026 0:00
0072cf2f-65a7-5357-953e-7c8964fac70c,1738,100381517,100381517,"WildRoot's Coastal Berry Trail Mix, 26 oz",https://www.costco.com/wildroots-coastal-berry-trail-mix-26-oz.product.100381517.html,,,0,0,https://www.costco.com/snacks.html,9/27/2026 0:00
5ddb140c-d263-5aad-9874-e7e4f4cfa859,1738,4000415351,4000415351,"BARNUM'S Animal Crackers, 1 oz, 30-count",https://www.costco.com/barnums-animal-crackers-1-oz-30-count.product.4000415351.html,,,0,0,https://www.costco.com/snacks.html,9/27/2026 0:00
07f6a463-6ebd-524c-b0b0-99b0908dc274,1738,100674223,100674223,"Loacker Minis Wafer Cookie Variety, 28.22 oz",https://www.costco.com/loacker-minis-wafer-cookie-variety-2822-oz.product.100674223.html,,,0,0,https://www.costco.com/snacks.html,9/27/2026 0:00
570c3320-f023-5a33-aefa-3a46694c6def,1738,4000294926,4000294926,"BUILT Puff Protein Bar, Variety Pack, 1.41 oz, 14-count",https://www.costco.com/built-puff-protein-bar-variety-pack-141-oz-14-count.product.4000294926.html,,,0,0,https://www.costco.com/snacks.html,9/27/2026 0:00
b6ffda0a-cc51-544e-a444-6e1b954cd739,1738,100403304,100403304,"Nature Valley Biscuits with Almond Butter, 1.35 oz, 30-count",https://www.costco.com/nature-valley-biscuits-with-almond-butter-135-oz-30-count.product.100403304.html,,,0,0,https://www.costco.com/snacks.html,9/27/2026 0:00
0c09b717-d097-5481-8ec1-3ebb85da4279,1738,4000400472,4000400472,"Mezcla Puff-Crispy Bar, Pistachio Chocolate, 1.4 oz, 14-count",https://www.costco.com/mezcla-puff-crispy-bar-pistachio-chocolate-14-oz-14-count.product.4000400472.html,,,0,0,https://www.costco.com/snacks.html,9/27/2026 0:00
f9c58eef-00a5-57de-b959-47b595e3f7b0,1738,4201009280,4201009280,"Chomps Chomplings Original Turkey Mini Sticks, 0.5 oz, 24-count",https://www.costco.com/chomps-chomplings-original-turkey-mini-sticks-05-oz-24-count.product.4201009280.html,,,0,0,https://www.costco.com/snacks.html,9/27/2026 0:00
3ec5b91c-47eb-5d61-9ca3-277ff3e68990,1738,100643788,100643788,"Schwartz Brothers Bakery, Organic Everything Bagel Chips, 15 oz",https://www.costco.com/schwartz-brothers-bakery-organic-everything-bagel-chips-15-oz.product.100643788.html,,,0,0,https://www.costco.com/snacks.html,9/27/2026 0:00
2045ab0f-7e6d-50b2-97b0-a2e6e0c4f9a5,1738,100439457,100439457,"BelVita Breakfast Biscuits, Blueberry, 1.76 oz, 30-count",https://www.costco.com/belvita-breakfast-biscuits-blueberry-176-oz-30-count.product.100439457.html,,,0,0,https://www.costco.com/snacks.html,9/27/2026 0:00
ebd466d6-9dcc-524b-9415-92b332a92b0d,1738,100401360,100401360,"FITCRUNCH Protein Bars, 16g Protein, Chocolate Peanut Butter, 1.62 oz, 18-count",https://www.costco.com/fitcrunch-protein-bars-16g-protein-chocolate-peanut-butter-162-oz-18-count.product.100401360.html,,,0,0,https://www.costco.com/snacks.html,9/27/2026 0:00
43068779-5875-55fe-8717-fa09fc593eb8,1738,4000022053,4000022053,"Simply Fuel Protein Balls, 14.4 oz",https://www.costco.com/simply-fuel-protein-balls-144-oz.product.4000022053.html,,,0,0,https://www.costco.com/snacks.html,9/27/2026 0:00
52fba44f-a868-5bc9-b626-be6492bb9d41,1738,4000204335,4000204335,"RXBAR Protein Bars, Variety Pack, 14-count",https://www.costco.com/rxbar-protein-bars-variety-pack-14-count.product.4000204335.html,,,0,0,https://www.costco.com/snacks.html,9/27/2026 0:00
a14c5fe0-3ce3-53ec-a006-d75d49d46aca,1738,100421656,100421656,"BelVita Breakfast Biscuit, Cinnamon Brown Sugar, 1.76 oz, 30-count",https://www.costco.com/belvita-breakfast-biscuit-cinnamon-brown-sugar-176-oz-30-count.product.100421656.html,,,0,0,https://www.costco.com/snacks.html,9/27/2026 0:00
07f907ce-c8bd-59d1-9019-7e7f939851a0,1738,100383609,100383609,"Frito Lay Classic Mix, Variety Pack, 30-count",https://www.costco.com/frito-lay-classic-mix-variety-pack-30-count.product.100383609.html,,,0,0,https://www.costco.com/snacks.html,9/27/2026 0:00
ee1938b9-2047-5cd9-a3f1-5a4bcdca9a33,1738,4000201023,4000201023,"Miss Vickie's Kettle Cooked Potato Chips, 1.38 oz, Variety Pack, 30-count",https://www.costco.com/miss-vickies-kettle-cooked-potato-chips-138-oz-variety-pack-30-count.product.4000201023.html,,,0,0,https://www.costco.com/snacks.html,9/27/2026 0:00
35222e40-bd87-5ad5-9035-b866bb9f2983,1738,100400518,100400518,"Ocean Spray Craisins, Whole Dried Cranberries, 64 oz",https://www.costco.com/ocean-spray-craisins-whole-dried-cranberries-64-oz.product.100400518.html,,,0,0,https://www.costco.com/snacks.html,9/27/2026 0:00
bdb59726-038d-5ff1-851e-8970be863cc8,1738,100243281,100243281,"Nature Valley Crunchy Granola Bar, Oats 'n Honey, 1.49 oz, 49-count",https://www.costco.com/nature-valley-crunchy-granola-bar-oats-n-honey-149-oz-49-count.product.100243281.html,,,0,0,https://www.costco.com/snacks.html,9/27/2026 0:00
f70baa04-a156-5cfb-8e0a-cb65e85648da,1738,4000418551,4000418551,"Solely Organic Fruit Jerky Variety Pack, 0.8 oz, 16-count",https://www.costco.com/solely-organic-fruit-jerky-variety-pack-08-oz-16-count.product.4000418551.html,,,0,0,https://www.costco.com/snacks.html,9/27/2026 0:00
667b83c4-f2d5-509d-9328-7f8f67354876,1738,4000336842,4000336842,"SnakYard Organic Shitake Mushrooms, 14.11 oz",https://www.costco.com/snakyard-organic-shitake-mushrooms-1411-oz.product.4000336842.html,,,0,0,https://www.costco.com/snacks.html,9/27/2026 0:00
d68f8ceb-f5cf-5961-ae3d-3ea47c1590a0,1738,100397092,100397092,"Wonderful Pistachios, Salt & Pepper, 3 lbs",https://www.costco.com/wonderful-pistachios-salt--pepper-3-lbs.product.100397092.html,,,0,0,https://www.costco.com/snacks.html,9/27/2026 0:00
2865e739-e84e-5094-94d7-6da37f327d9e,1738,4000099743,4000099743,"Jackson's Kettle Cooked Sweet Potato Chips, Sea Salt, 16 oz",https://www.costco.com/jacksons-kettle-cooked-sweet-potato-chips-sea-salt-16-oz.product.4000099743.html,,,0,0,https://www.costco.com/snacks.html,9/27/2026 0:00
857739fd-a3a0-511b-b1b1-b629cccaf369,1738,4000026392,4000026392,"Nonni’s Biscotti, Almond Dark Chocolate, 1.34 oz, 25-count",https://www.costco.com/nonnis-biscotti-almond-dark-chocolate-134-oz-25-count.product.4000026392.html,,,0,0,https://www.costco.com/snacks.html,9/27/2026 0:00
c8e74001-6586-52b1-adea-13a141c0a08f,1738,4000350969,4000350969,"Pure Protein Bars, Variety Pack, 1.76 oz, 25-count",https://www.costco.com/pure-protein-bars-variety-pack-176-oz-25-count.product.4000350969.html,,,0,0,https://www.costco.com/snacks.html,9/27/2026 0:00
83e38a41-3ca5-57ea-8a30-e299ef318da9,1738,100441043,100441043,"La Dolce Vita Classic Italian Biscotti, 40 oz",https://www.costco.com/la-dolce-vita-classic-italian-biscotti-40-oz.product.100441043.html,,,0,0,https://www.costco.com/snacks.html,9/27/2026 0:00
aedc1328-6d04-5014-8b7e-5846dd01c1ac,1738,4000250881,4000250881,"IQBAR Clean Protein Bars, Variety Pack, 1.6 oz, 18-count",https://www.costco.com/iqbar-clean-protein-bars-variety-pack-16-oz-18-count.product.4000250881.html,,,0,0,https://www.costco.com/snacks.html,9/27/2026 0:00
5b07d08f-87b4-575b-94f6-1d6324edc35b,1738,4000240522,4000240522,"Siete Grain Free Sea Salt Tortilla Chips, 15 oz",https://www.costco.com/siete-grain-free-sea-salt-tortilla-chips-15-oz.product.4000240522.html,,,0,0,https://www.costco.com/snacks.html,9/27/2026 0:00
069594c6-285a-5104-9eac-034d5ff31286,1738,100453227,100453227,"Mott's, Organic Apple Sauce, 3.9 oz, 36-Count",https://www.costco.com/motts-organic-apple-sauce-39-oz-36-count.product.100453227.html,,,0,0,https://www.costco.com/snacks.html,9/27/2026 0:00
01ab8eb2-bf1f-5b7b-ae19-2747d178c04e,1738,4000434872,4000434872,"Quest Protein Bar Variety Pack, 2.12 oz, 16-count",https://www.costco.com/quest-protein-bar-variety-pack-212-oz-16-count.product.4000434872.html,,,0,0,https://www.costco.com/snacks.html,9/27/2026 0:00
d1e5d2da-2691-5a93-8fab-a28ff8ab0bce,1738,4201019919,4201019919,"ONE Protein Bar, Variety Pack, 2.12 oz, 16-count",https://www.costco.com/one-protein-bar-variety-pack-212-oz-16-count.product.4201019919.html,,,0,0,https://www.costco.com/snacks.html,9/27/2026 0:00
472697af-ef2f-511f-9a50-426359c37f37,1738,100377388,100377388,"Sugar Bowl Bakery, Petite Palmiers, 32 oz",https://www.costco.com/sugar-bowl-bakery-petite-palmiers-32-oz.product.100377388.html,,,0,0,https://www.costco.com/snacks.html,9/27/2026 0:00
3e35ec4b-33e4-58e8-8450-7cf00d710ee2,1738,4000064056,4000064056,"Kirkland Signature Organic Whole Cashews, Unsalted, Unroasted, 2.5 lbs",https://www.costco.com/kirkland-signature-organic-whole-cashews-unsalted-unroasted-25-lbs.product.4000064056.html,,,0,0,https://www.costco.com/snacks.html,9/27/2026 0:00
4dfb8cb0-ddd0-52c0-88e8-535cab040c13,1738,4201029325,4201029325,"Crown Bakeries Mini Muffin Bites, Birthday Cake, 1.65 oz, 20-count",https://www.costco.com/crown-bakeries-mini-muffin-bites-birthday-cake-165-oz-20-count.product.4201029325.html,,,0,0,https://www.costco.com/snacks.html,9/27/2026 0:00
e2c5a35a-8c2e-543e-82cd-1ad0f5486688,1738,4000259693,4000259693,"Simply Protein Crispy Bar Variety Pack, 15-count",https://www.costco.com/simply-protein-crispy-bar-variety-pack-15-count.product.4000259693.html,,,0,0,https://www.costco.com/snacks.html,9/27/2026 0:00
c54d49b4-15d0-500d-9daf-468d03447933,1738,100436609,100436609,"Madi Gran Panettone, 2.2 lbs",https://www.costco.com/madi-gran-panettone-22-lbs.product.100436609.html,,,0,0,https://www.costco.com/snacks.html,9/27/2026 0:00
34a113f4-0958-5d1c-a22a-56e2ca5076f2,1738,100436999,100436999,"Country Archer Grass-Fed Beef Jerky, Mango Habanero, 16 oz",https://www.costco.com/country-archer-grass-fed-beef-jerky-mango-habanero-16-oz.product.100436999.html,,,0,0,https://www.costco.com/snacks.html,9/27/2026 0:00
7aa954a5-1515-5836-9aef-3a142c3b6473,1738,4000377029,4000377029,"Kize Life Changing Bars, Variety Pack, 12-count",https://www.costco.com/kize-life-changing-bars-variety-pack-12-count.product.4000377029.html,,,0,0,https://www.costco.com/snacks.html,9/27/2026 0:00
674c4c1d-059f-5521-ab73-bb4fdf7f3296,1738,4000111426,4000111426,"Kellogg's Cracker Collection, Variety Pack, 13-stacks",https://www.costco.com/kelloggs-cracker-collection-variety-pack-13-stacks.product.4000111426.html,,,0,0,https://www.costco.com/snacks.html,9/27/2026 0:00
f846854d-436f-59ad-867b-d1d7c4ea3856,1738,100456939,100456939,"Joy Luck Palace Double Egg Yolk and Lotus Seed Paste Moon Cakes, 24.7 oz, 4-Count",https://www.costco.com/joy-luck-palace-double-egg-yolk-and-lotus-seed-paste-moon-cakes-247-oz-4-count.product.100456939.html,,,0,0,https://www.costco.com/snacks.html,9/27/2026 0:00
ca96fea4-a349-559e-be39-2444391a6611,1738,100387865,100387865,"Carr's Table Water Crackers, Variety Pack, 25.5 oz",https://www.costco.com/carrs-table-water-crackers-variety-pack-255-oz.product.100387865.html,,,0,0,https://www.costco.com/snacks.html,9/27/2026 0:00
b57234fd-3d46-5ed8-b089-0c13953d488e,1738,4000424142,4000424142,"Chomps Smokey BBQ Seasoned Beef Sticks, 1.15 oz, 12-count",https://www.costco.com/chomps-smokey-bbq-seasoned-beef-sticks-115-oz-12-count.product.4000424142.html,,,0,0,https://www.costco.com/snacks.html,9/27/2026 0:00
408e13be-e730-5c1e-9a1b-d9e45255ddd1,1738,4000237460,4000237460,"Kirkland Signature Roasted Almonds, Sea Salt, 2.5 lbs",https://www.costco.com/kirkland-signature-roasted-almonds-sea-salt-25-lbs.product.4000237460.html,,,0,0,https://www.costco.com/snacks.html,9/27/2026 0:00
2a8d67dd-0bc7-5a4b-ae26-784963fd847e,1738,100581556,100581556,"Tropical Fields Organic Coconut Rolls, 11 oz",https://www.costco.com/tropical-fields-organic-coconut-rolls-11-oz.product.100581556.html,,,0,0,https://www.costco.com/snacks.html,9/27/2026 0:00
820b6682-57bd-5f41-8b1a-937d5e2f77f4,1738,4000191539,4000191539,"Gen Bake Churro Donut Bites, 30 oz",https://www.costco.com/gen-bake-churro-donut-bites-30-oz.product.4000191539.html,,,0,0,https://www.costco.com/snacks.html,9/27/2026 0:00
9934d716-1d7d-5006-8ce8-f098cfd33ded,1738,100423249,100423249,"Gourmet Nut Power Up Trail Mix, Mega Omega, 26 oz",https://www.costco.com/gourmet-nut-power-up-trail-mix-mega-omega-26-oz.product.100423249.html,,,0,0,https://www.costco.com/snacks.html,9/27/2026 0:00
4531e069-d998-5386-9e9b-1bc08f470d76,1738,100368222,100368222,"Cape Cod Kettle Cooked Potato Chips, 30 oz",https://www.costco.com/cape-cod-kettle-cooked-potato-chips-30-oz.product.100368222.html,,,0,0,https://www.costco.com/snacks.html,9/27/2026 0:00
d1513507-4f4c-555a-8c1d-0c849207881a,1738,100393415,100393415,"Snack Factory Organic Original Pretzel Crisps, 28 oz",https://www.costco.com/snack-factory-organic-original-pretzel-crisps-28-oz.product.100393415.html,,,0,0,https://www.costco.com/snacks.html,9/27/2026 0:00
5efde51c-b35d-5b4e-ab3b-386f11a6c26f,1738,4000179943,4000179943,"Skinny Pop Organic Popcorn, 14 oz",https://www.costco.com/skinny-pop-organic-popcorn-14-oz.product.4000179943.html,,,0,0,https://www.costco.com/snacks.html,9/27/2026 0:00
674590e6-1239-548a-92ed-fe674ea53109,1738,100441930,100441930,"Sun-Maid Organic California Sun-Dried Raisins, 2 lbs, 2-count",https://www.costco.com/sun-maid-organic-california-sun-dried-raisins-2-lbs-2-count.product.100441930.html,,,0,0,https://www.costco.com/snacks.html,9/27/2026 0:00
bfe3e3f0-e9a6-5d0c-9254-656152bee5ff,1738,100442140,100442140,"Cheetos Cheese Flavored Snacks, Crunchy, 28.8 oz",https://www.costco.com/cheetos-cheese-flavored-snacks-crunchy-288-oz.product.100442140.html,,,0,0,https://www.costco.com/snacks.html,9/27/2026 0:00
dc2724c5-c6f0-5dfe-8bd1-8fe2f7348a98,1738,100405372,100405372,"Doritos Tortilla Chips, Nacho Cheese, 30 oz",https://www.costco.com/doritos-tortilla-chips-nacho-cheese-30-oz.product.100405372.html,,,0,0,https://www.costco.com/snacks.html,9/27/2026 0:00
6378e540-ad63-5ac6-9619-f1092d7474bd,1738,100435721,100435721,"Fritos Scoops! Corn Chips, 32 oz",https://www.costco.com/fritos-scoops-corn-chips-32-oz.product.100435721.html,,,0,0,https://www.costco.com/snacks.html,9/27/2026 0:00
e115772c-bf11-59c2-918f-9c8190f8f36f,1738,1816515,1816515,"Osaki OS-3D Aspire Massage Chair, Brown",https://www.costco.com/.product.1816515.html,,,0,0,https://www.costco.com/health-beauty.html,9/27/2026 0:00
8caf8a22-f935-52b0-b626-9323a7b88f62,1738,1654375,1654375,"Neutrogena Rainbath Shower Gel, Original, 40 fl oz",https://www.costco.com/.product.1654375.html,,,0,0,https://www.costco.com/health-beauty.html,9/27/2026 0:00
506cfad5-9e38-5323-b391-b23e542a2299,1738,1908287,1908287,"Design Optics by Foster Grant, +2.00, #666 Classic Plastic Rectangle Reading Glasses, 3-pack",https://www.costco.com/.product.1908287.html,,,0,0,https://www.costco.com/health-beauty.html,9/27/2026 0:00
5d19da60-279f-5698-b672-12fe5fd46905,1738,1908286,1908286,"Design Optics by Foster Grant, +1.75, #666 Classic Plastic Rectangle Reading Glasses, 3-pack",https://www.costco.com/.product.1908286.html,,,0,0,https://www.costco.com/health-beauty.html,9/27/2026 0:00
cb3dd58a-5ce9-5505-bd9f-32a235c629ad,1738,1908290,1908290,"Design Optics by Foster Grant, +3.00, #666 Classic Plastic Rectangle Reading Glasses, 3-pack",https://www.costco.com/.product.1908290.html,,,0,0,https://www.costco.com/health-beauty.html,9/27/2026 0:00
d0c4f2ed-8ddf-52db-9c78-735f794828b2,1738,1908288,1908288,"Design Optics by Foster Grant, +2.50, #666 Classic Plastic Rectangle Reading Glasses, 3-pack",https://www.costco.com/.product.1908288.html,,,0,0,https://www.costco.com/health-beauty.html,9/27/2026 0:00
3104acf2-d299-573b-b589-c3d7c219a5c9,1738,402146,402146,"Nature's Way Joint Movement Glucosamine Extra Strength, 33.8 Fluid Ounces",https://www.costco.com/.product.402146.html,,,0,0,https://www.costco.com/health-beauty.html,9/27/2026 0:00
37b3b947-39f8-5e41-8d23-15891cff4e52,1738,1987084,1987084,Chirp Contour Decompression and Massage Roller Table with Additional Roller Set,https://www.costco.com/.product.1987084.html,,,0,0,https://www.costco.com/health-beauty.html,9/27/2026 0:00
eecb513e-db15-58de-ba63-6c1b9db0225e,1738,536970,536970,"Natrol JuiceFestiv, 240 Capsules",https://www.costco.com/.product.536970.html,,,0,0,https://www.costco.com/health-beauty.html,9/27/2026 0:00
a7238008-1729-5fc4-a36b-a501b4b7507f,1738,2007527,2007527,"Vital Proteins Collagen Gummies, Raspberry 256 Count",https://www.costco.com/.product.2007527.html,,,0,0,https://www.costco.com/health-beauty.html,9/27/2026 0:00
8f675a72-03ae-5e94-933e-c57ffb11367f,1738,654260,654260,"Natrol Melatonin 5 mg Fast Dissolve Tablets, 250 Tablets",https://www.costco.com/.product.654260.html,,,0,0,https://www.costco.com/health-beauty.html,9/27/2026 0:00
ad4bfde7-94ec-568c-9fd9-169af309dd93,1738,2023727,2023727,"Once Upon a Farm Organic Immunity Blends Variety Pack, 3.2 fl oz, 12-count",https://www.costco.com/.product.2023727.html,,,0,0,https://www.costco.com/health-beauty.html,9/27/2026 0:00
65e722d3-c319-5d3c-aa41-769f26cf4961,1738,1747557,1747557,"Systane Complete Preservative Free Lubricant Drops, 30ml",https://www.costco.com/.product.1747557.html,,,0,0,https://www.costco.com/health-beauty.html,9/27/2026 0:00
8def3927-a6b6-5f85-a7fe-62ab15382b37,1738,1908251,1908251,"Design Optics by Foster Grant, +1.50, #668 Metal Square Reading Glasses, 3-pack",https://www.costco.com/.product.1908251.html,,,0,0,https://www.costco.com/health-beauty.html,9/27/2026 0:00
039e6518-155e-53d3-8fea-93590484961a,1738,1908254,1908254,"Design Optics by Foster Grant, +2.50, #668 Metal Square Reading Glasses, 3-pack",https://www.costco.com/.product.1908254.html,,,0,0,https://www.costco.com/health-beauty.html,9/27/2026 0:00
229003ca-a392-55c3-ac6f-619dbb94dcef,1738,1908252,1908252,"Design Optics by Foster Grant, +1.75, #668 Metal Square Reading Glasses, 3-pack",https://www.costco.com/.product.1908252.html,,,0,0,https://www.costco.com/health-beauty.html,9/27/2026 0:00
7ec747fd-ad1b-5491-ba1b-846c66a8c593,1738,1908253,1908253,"Design Optics by Foster Grant, +2.00, #668 Metal Square Reading Glasses, 3-pack",https://www.costco.com/.product.1908253.html,,,0,0,https://www.costco.com/health-beauty.html,9/27/2026 0:00
3b148a16-406f-5edc-9bed-ffa2ee50d93c,1738,573854,573854,"Qunol Mega CoQ10 100 mg., 120 Softgels",https://www.costco.com/.product.573854.html,,,0,0,https://www.costco.com/health-beauty.html,9/27/2026 0:00
cadb658f-8f0b-537e-9a82-469238887a3f,1738,947272,947272,"Advil PM, Pain Reliever / Nighttime Sleep Aid, 200 Caplets",https://www.costco.com/.product.947272.html,,,0,0,https://www.costco.com/health-beauty.html,9/27/2026 0:00
5b8b78dd-ecaf-5f7e-8468-97aff8310339,1738,352457,352457,MedMassager Body Massager,https://www.costco.com/.product.352457.html,,,0,0,https://www.costco.com/health-beauty.html,9/27/2026 0:00
9c5a9d2b-7d27-5ac0-b4d7-6f58ff886638,1738,1220988,1220988,"Breathe Right Extra Strength Nasal Strips, Tan, 72 count",https://www.costco.com/.product.1220988.html,,,0,0,https://www.costco.com/health-beauty.html,9/27/2026 0:00
1f2539d6-657a-54e7-a1d3-bc910bb27ad7,1738,1908267,1908267,"Design Optics by Foster Grant, +2.50, #811 Fashion Cateye Reading Glasses, 3-pack",https://www.costco.com/.product.1908267.html,,,0,0,https://www.costco.com/health-beauty.html,9/27/2026 0:00
c94d9d82-159f-5c6e-9574-453aca35e224,1738,1908258,1908258,"Design Optics by Foster Grant, +1.50, #811 Fashion Cateye Reading Glasses, 3-pack",https://www.costco.com/.product.1908258.html,,,0,0,https://www.costco.com/health-beauty.html,9/27/2026 0:00
597392ff-d38f-5682-a2d1-e563fe8ac0cf,1738,1908259,1908259,"Design Optics by Foster Grant, +1.75, #811 Fashion Cateye Reading Glasses, 3-pack",https://www.costco.com/.product.1908259.html,,,0,0,https://www.costco.com/health-beauty.html,9/27/2026 0:00
c33ce591-5a11-5333-8a9a-6127ba1459aa,1738,1908260,1908260,"Design Optics by Foster Grant, +2.00, #811 Fashion Cateye Reading Glasses, 3-pack",https://www.costco.com/.product.1908260.html,,,0,0,https://www.costco.com/health-beauty.html,9/27/2026 0:00
7a955a0a-f422-5180-a908-e662d5376997,1738,1908271,1908271,"Design Optics by Foster Grant, +1.50, #815 Classic Plastic Square Reading Glasses, 3-pack",https://www.costco.com/.product.1908271.html,,,0,0,https://www.costco.com/health-beauty.html,9/27/2026 0:00
b4497b4c-b4b7-5206-9fef-b3f0d7250c24,1738,1908272,1908272,"Design Optics by Foster Grant, +1.75, #815 Classic Plastic Square Reading Glasses, 3-pack",https://www.costco.com/.product.1908272.html,,,0,0,https://www.costco.com/health-beauty.html,9/27/2026 0:00
eb1d1359-be3f-5b5e-b5bf-92daee558bd8,1738,1908273,1908273,"Design Optics by Foster Grant, +2.00, #815 Classic Plastic Square Reading Glasses, 3-pack",https://www.costco.com/.product.1908273.html,,,0,0,https://www.costco.com/health-beauty.html,9/27/2026 0:00
cbe5daeb-7eb5-5101-819f-bf71dc10eb52,1738,1908274,1908274,"Design Optics by Foster Grant, +2.50, #815 Classic Plastic Square Reading Glasses, 3-pack",https://www.costco.com/.product.1908274.html,,,0,0,https://www.costco.com/health-beauty.html,9/27/2026 0:00
5861bcc1-55fc-5b46-a694-9e77f4ed9596,1738,1908278,1908278,"Design Optics by Foster Grant, +1.50, #809 Classic Plastic Round Reading Glasses, 3-pack",https://www.costco.com/.product.1908278.html,,,0,0,https://www.costco.com/health-beauty.html,9/27/2026 0:00
4a7d3494-663d-5c4d-b8a1-acb168898059,1738,1908279,1908279,"Design Optics by Foster Grant, +1.75, #809 Classic Plastic Round Reading Glasses, 3-pack",https://www.costco.com/.product.1908279.html,,,0,0,https://www.costco.com/health-beauty.html,9/27/2026 0:00
6faf564d-3db4-5783-ab29-ebfc231aeb8e,1738,1908280,1908280,"Design Optics by Foster Grant, +2.00, #809 Classic Plastic Round Reading Glasses, 3-pack",https://www.costco.com/.product.1908280.html,,,0,0,https://www.costco.com/health-beauty.html,9/27/2026 0:00
5484c64d-987c-507c-91e8-ec8aca89dc74,1738,1908281,1908281,"Design Optics by Foster Grant, +2.50, #809 Classic Plastic Round Reading Glasses, 3-pack",https://www.costco.com/.product.1908281.html,,,0,0,https://www.costco.com/health-beauty.html,9/27/2026 0:00
1ff76277-d00f-52c5-b295-d2864b7f15d5,1738,2027848,2027848,"Design Optics by Foster Grant +1.75 #669 Upsweep Cateye Reading Glasses, 3- pack",https://www.costco.com/.product.2027848.html,,,0,0,https://www.costco.com/health-beauty.html,9/27/2026 0:00
332be1c0-a9fb-51a1-abbe-b33ef7f324b1,1738,2027849,2027849,"Design Optics by Foster Grant +2.00 #669 Upsweep Cateye Reading Glasses, 3- pack",https://www.costco.com/.product.2027849.html,,,0,0,https://www.costco.com/health-beauty.html,9/27/2026 0:00
7cc10682-c452-59df-a7a4-8f24064d9156,1738,650382,650382,"Kirkland Signature Quit Gum 4 mg., 380-pieces",https://www.costco.com/.product.650382.html,,,0,0,https://www.costco.com/health-beauty.html,9/27/2026 0:00
4a1a6430-e2ca-5739-8900-825056500d88,1738,906492,906492,"Kirkland Signature Quit4 Mint 4 mg. Lozenge, 270-pieces",https://www.costco.com/.product.906492.html,,,0,0,https://www.costco.com/health-beauty.html,9/27/2026 0:00
2a769e14-5cac-5d34-990e-f85e8babf432,1738,1140957,1140957,"Kirkland Signature Quit Coated Gum, 4 mg., 300-pieces",https://www.costco.com/.product.1140957.html,,,0,0,https://www.costco.com/health-beauty.html,9/27/2026 0:00
72816c86-5997-5278-8da1-d03b14ef56b0,1738,1851620,1851620,"48"" Red Bow with LED Twinkle Lights",https://www.costco.com/.product.1851620.html,,,0,0,https://www.costco.com/seasonal.html,9/27/2026 0:00
6d9ae7a0-0bd5-5199-b754-6cb632f9c4ad,1738,1882002,1882002,"Mohawk Home 6MM Thick 9.4in X 47.8in 22 MIL Waterproof Luxury Vinyl Plank Flooring (15.65 sq ft/ctn), Bloomington Oak",https://www.costco.com/.product.1882002.html,,,0,0,https://www.costco.com/hardware.html,9/27/2026 0:00
9ecd3d60-821b-5d61-b5dd-b5c8d8647a40,1738,1922000,1922000,"Delta Rinna Two Handle Widespread Bathroom Faucet, Brushed Nickel",https://www.costco.com/.product.1922000.html,,,0,0,https://www.costco.com/hardware.html,9/27/2026 0:00
6d1ebe79-debb-5b07-9cff-4daa98d269da,1738,1731394,1731394,Kohler Layne Quick Release Elongated Toilet Seat,https://www.costco.com/.product.1731394.html,,,0,0,https://www.costco.com/hardware.html,9/27/2026 0:00
0626279d-eb64-5f11-aa12-e0c67bd509db,1738,4000295255,4000295255,"Gorilla Rack Industrial Shelving, 77” x 24” x 72""",https://www.costco.com/gorilla-rack-industrial-shelving-77-x-24-x-72.product.4000295255.html,,,0,0,https://www.costco.com/garage.html,9/27/2026 0:00
6d5016ff-825d-5441-9dbf-2bb8a1e22f40,1738,100976583,100976583,Greenmade 5-Tier Utility Rack,https://www.costco.com/greenmade-5-tier-utility-rack.product.100976583.html,,,0,0,https://www.costco.com/garage.html,9/27/2026 0:00
78662a17-edb4-5ec9-81a9-112fe472aad5,1738,4000292011,4000292011,"Gorilla Rack Z-Beam 5-shelf Steel Storage Rack, 48“ x 24“ x 72""",https://www.costco.com/gorilla-rack-z-beam-5-shelf-steel-storage-rack-48-x-24-x-72.product.4000292011.html,,,0,0,https://www.costco.com/garage.html,9/27/2026 0:00
f8c9b61a-387d-59fc-b58f-440e683ed158,1738,100677580,100677580,"SafeRacks Storage Bin Rack, 5 Tote Capacity, NSF Certified",https://www.costco.com/saferacks-storage-bin-rack-5-tote-capacity-nsf-certified.product.100677580.html,,,0,0,https://www.costco.com/garage.html,9/27/2026 0:00
85e5dbed-14d6-5d7b-818f-03b3200205cb,1738,4000412583,4000412583,"Firman Tri Fuel Portable Generator 7850/6300W Electric Start, Gas, CO Alert",https://www.costco.com/firman-tri-fuel-portable-generator-78506300w-electric-start-gas-co-alert.product.4000412583.html,,,0,0,https://www.costco.com/generators.html,9/27/2026 0:00
7b3606c4-a49c-50c5-a249-726573209d80,1738,4000411792,4000411792,Jackery Explorer 1500 v2 Solar Generator with Solar Panel 100Air,https://www.costco.com/jackery-explorer-1500-v2-solar-generator-with-solar-panel-100air.product.4000411792.html,,,0,0,https://www.costco.com/generators.html,9/27/2026 0:00
2a5b44cf-0ee4-58bb-ab00-4769d144eac2,1738,4201017782,4201017782,Jackery FridgeGuard Smart Fridge Backup Power Station,https://www.costco.com/jackery-fridgeguard-smart-fridge-backup-power-station.product.4201017782.html,,,0,0,https://www.costco.com/generators.html,9/27/2026 0:00
0e882bdb-d24a-5136-993b-d0676deae57e,1738,4000421002,4000421002,Artika Bowen Solar LED Address Wall Light,https://www.costco.com/artika-bowen-solar-led-address-wall-light.product.4000421002.html,,,0,0,https://www.costco.com/lighting.html,9/27/2026 0:00
0286d9bc-d96f-586d-ba8f-5f453b98211d,1738,4000392789,4000392789,Artika Sunnyvale 28” Fandelier with Remote,https://www.costco.com/artika-sunnyvale-28-fandelier-with-remote.product.4000392789.html,,,0,0,https://www.costco.com/lighting.html,9/27/2026 0:00
d1c87d96-0f9d-5d09-8838-5cafff45b8dc,1738,4000369135,4000369135,"Infinity X1 Under Cabinet Lights, 3-pack",https://www.costco.com/infinity-x1-under-cabinet-lights-3-pack.product.4000369135.html,,,0,0,https://www.costco.com/lighting.html,9/27/2026 0:00
13bbbc00-22ec-531e-8e3e-e2789f62dc03,1738,4000385994,4000385994,Feit 48' LED String Light,https://www.costco.com/feit-48-led-string-light.product.4000385994.html,,,0,0,https://www.costco.com/lighting.html,9/27/2026 0:00
79079951-2f77-5714-ad3c-ab7a83f4f9d6,1738,4000344094,4000344094,"SnapPower GuideLight 2 LED Outlet Cover, 3-pack",https://www.costco.com/snappower-guidelight-2-led-outlet-cover-3-pack.product.4000344094.html,,,0,0,https://www.costco.com/lighting.html,9/27/2026 0:00
8792c202-12b0-5cab-8923-09dfb5a12a06,1738,4000412083,4000412083,Feit Electric 15” Round Ceiling Fixture with Night Light,https://www.costco.com/feit-electric-15-round-ceiling-fixture-with-night-light.product.4000412083.html,,,0,0,https://www.costco.com/lighting.html,9/27/2026 0:00
a4a4616e-19c4-5b5f-9dae-57616615652c,1738,4000340301,4000340301,"Globe Electric 14"" Matte Black Outdoor Wall Light with GFCI Outlet",https://www.costco.com/globe-electric-14-matte-black-outdoor-wall-light-with-gfci-outlet.product.4000340301.html,,,0,0,https://www.costco.com/lighting.html,9/27/2026 0:00
e24269b7-b937-5efc-923f-1a8630a09895,1738,4000366387,4000366387,"Excello Global Products 10 ft. String Light Pole, 2-pack",https://www.costco.com/excello-global-products-10-ft-string-light-pole-2-pack.product.4000366387.html,,,0,0,https://www.costco.com/lighting.html,9/27/2026 0:00
7d093d3d-ab7d-54ea-a526-94f4fc36cfd0,1738,4000443169,4000443169,Energetic Lighting 14” Arcadia Flush Mount with Selectable CCT & Halo Accent Light,https://www.costco.com/energetic-lighting-14-arcadia-flush-mount-with-selectable-cct--halo-accent-light.product.4000443169.html,,,0,0,https://www.costco.com/lighting.html,9/27/2026 0:00
6d871f5e-3fa9-587f-b5ac-b8b37de19296,1738,4000411063,4000411063,Artika Eclipse Solar String Light with Remote,https://www.costco.com/artika-eclipse-solar-string-light-with-remote.product.4000411063.html,,,0,0,https://www.costco.com/lighting.html,9/27/2026 0:00
4330b134-5ef8-5208-8679-50d88d7e8f58,1738,4000450030,4000450030,KODA Hardwire Motion Activated LED Security Floodlight,https://www.costco.com/koda-hardwire-motion-activated-led-security-floodlight.product.4000450030.html,,,0,0,https://www.costco.com/lighting.html,9/27/2026 0:00
9bbe8b70-492a-5f79-98c4-aa2e54573777,1738,4000355070,4000355070,Lutec Craftsman Style Outdoor LED Wall Lantern,https://www.costco.com/lutec-craftsman-style-outdoor-led-wall-lantern.product.4000355070.html,,,0,0,https://www.costco.com/lighting.html,9/27/2026 0:00
15ddd3de-8a3a-5886-bb4e-091755e412e3,1738,4000403893,4000403893,"GTX Solar LED Pathway Lights, 4-pack",https://www.costco.com/gtx-solar-led-pathway-lights-4-pack.product.4000403893.html,,,0,0,https://www.costco.com/lighting.html,9/27/2026 0:00
7a586ee4-727e-5bf8-94a0-e093dd7d71aa,1738,4000420691,4000420691,Artika Royce 32” x 24” LED Wall Mirror with Defogger,https://www.costco.com/artika-royce-32-x-24-led-wall-mirror-with-defogger.product.4000420691.html,,,0,0,https://www.costco.com/lighting.html,9/27/2026 0:00
b3a9f640-fa28-5af8-8189-12e7c0929256,1738,4000449798,4000449798,"Feit Electric Triple Outlet Outdoor Smart Plugs, 3-pack",https://www.costco.com/feit-electric-triple-outlet-outdoor-smart-plugs-3-pack.product.4000449798.html,,,0,0,https://www.costco.com/lighting.html,9/27/2026 0:00
cbc4f057-e8bd-508d-8bd0-4b80deaede59,1738,4000411477,4000411477,"Feit Electric 100W Replacement 5-CCT LED Classic Glass A19 Bulbs, 4-pack",https://www.costco.com/feit-electric-100w-replacement-5-cct-led-classic-glass-a19-bulbs-4-pack.product.4000411477.html,,,0,0,https://www.costco.com/lighting.html,9/27/2026 0:00
96cd1b99-a0b5-5460-97be-bbd83f7d0fb0,1738,4000438243,4000438243,COSCO 5-in-1 Convertible Hand Truck with 3 Position Extendable Handle,https://www.costco.com/cosco-5-in-1-convertible-hand-truck-with-3-position-extendable-handle.product.4000438243.html,,,0,0,https://www.costco.com/storage-organization.html,9/27/2026 0:00
8d1e99ed-2a51-570c-95ad-50ded11b5722,1738,4000374144,4000374144,Ingersoll Rand Edge 155-piece Master Mechanic's Tool Set,https://www.costco.com/ingersoll-rand-edge-155-piece-master-mechanics-tool-set.product.4000374144.html,,,0,0,https://www.costco.com/tools.html,9/27/2026 0:00
315af4fb-d0f0-5625-923b-5596e046fd23,1738,4000419023,4000419023,"Little Giant Ladders Megalite M18 Telescoping Multi-position Ladder with Ladder Rack, 18-ft Reach",https://www.costco.com/little-giant-ladders-megalite-m18-telescoping-multi-position-ladder-with-ladder-rack-18-ft-reach.product.4000419023.html,,,0,0,https://www.costco.com/tools.html,9/27/2026 0:00
09b4b0e5-eadc-50fd-831e-9c0f73f68459,1738,4000390930,4000390930,HOTO Flexi Cordless Spin Scrubber,https://www.costco.com/hoto-flexi-cordless-spin-scrubber.product.4000390930.html,,,0,0,https://www.costco.com/tools.html,9/27/2026 0:00
85910428-8d88-57ea-93da-eb11a542e0c5,1738,4000392180,4000392180,"Fanttik W10 APEX 4"" Mini Chainsaw",https://www.costco.com/fanttik-w10-apex-4-mini-chainsaw.product.4000392180.html,,,0,0,https://www.costco.com/tools.html,9/27/2026 0:00
ec01785b-06c2-538b-9ba4-b4f239af5ed0,1738,4000360679,4000360679,HOTO Wand Cordless Spin Scrubber,https://www.costco.com/hoto-wand-cordless-spin-scrubber.product.4000360679.html,,,0,0,https://www.costco.com/tools.html,9/27/2026 0:00
13cca0a5-3b75-5831-9d61-e5f5c8102ee5,1738,4000385781,4000385781,HOTO Cordless Auto-Dispensing Glue Gun,https://www.costco.com/hoto-cordless-auto-dispensing-glue-gun.product.4000385781.html,,,0,0,https://www.costco.com/tools.html,9/27/2026 0:00
3d2cfbaf-40f4-5b31-a2d3-ee2c1962f539,1738,4000449524,4000449524,"Duracell 1600 Lumen Hybrid Power LED Flashlight, 3-pack",https://www.costco.com/duracell-1600-lumen-hybrid-power-led-flashlight-3-pack.product.4000449524.html,,,0,0,https://www.costco.com/tools.html,9/27/2026 0:00
4376e372-8adf-53e1-b20f-dd03b8f18d17,1738,1748801,1748801,"Casper Cooling Select 12"" Memory Foam Mattress, King",https://www.costco.com/.product.1748801.html,,,0,0,https://www.costco.com/mattresses.html,9/27/2026 0:00
4335c1e3-56ef-57be-98ad-ec3908766f05,1738,1608576,1608576,"Beautyrest 12"" BR800 Medium Mattress, Full",https://www.costco.com/.product.1608576.html,,,0,0,https://www.costco.com/mattresses.html,9/27/2026 0:00
1dec01b0-6ce8-5950-b247-1f2d732df293,1738,1900479,1900479,"Sealy Posturepedic Pro Highland Manor 13"" Medium Mattress, King",https://www.costco.com/.product.1900479.html,,,0,0,https://www.costco.com/mattresses.html,9/27/2026 0:00
3ceb9cbf-d617-546c-aa64-12238b6a8e2d,1738,1847134,1847134,"Novaform 14"" Legacy Premier Support Hybrid Euro Top Mattress, King, Firm",https://www.costco.com/.product.1847134.html,,,0,0,https://www.costco.com/mattresses.html,9/27/2026 0:00
d70598a4-4513-51cc-8df0-051914cd5c17,1738,1698564,1698564,"Novaform DreamAway 8"" Gel Memory Foam Mattress, Full",https://www.costco.com/.product.1698564.html,,,0,0,https://www.costco.com/mattresses.html,9/27/2026 0:00
932cfc70-adfe-5702-975e-a54bd7d30720,1738,1743417,1743417,"PurpleRenew 11"" Gel Grid Mattress, Queen",https://www.costco.com/.product.1743417.html,,,0,0,https://www.costco.com/mattresses.html,9/27/2026 0:00
8528156e-6a97-50fd-9354-43fe6939e64d,1738,1740668,1740668,"Kirkland Signature Adjustable Driver, Regular",https://www.costco.com/.product.1740668.html,,,0,0,https://www.costco.com/sports-fitness.html,9/27/2026 0:00
3828980d-692d-5bc7-8b51-1d2c781b52a2,1738,1872239,1872239,LifeStraw Water Filter Variety Pack,https://www.costco.com/.product.1872239.html,,,0,0,https://www.costco.com/sports-fitness.html,9/27/2026 0:00
77bc17bb-2962-5763-bc06-4b301f394d9e,1738,1872247,1872247,Infinity X1 2000L Camp Site Light,https://www.costco.com/.product.1872247.html,,,0,0,https://www.costco.com/sports-fitness.html,9/27/2026 0:00
04ae1b1b-9a79-5988-afc5-6fa7fc49e6bc,1738,100406208,100406208,MedMassager Body Massager,https://www.costco.com/medmassager-body-massager.product.100406208.html,,,0,0,https://www.costco.com/sports-fitness.html,9/27/2026 0:00
