id,warehouse_id,product_id,item_number,product_name,product_url,aisle,bay,is_wrong,is_discontinued,category_url,category,updated_at
2bca0d5f-06d3-593d-8ff9-a9abf86e5618,1738,4000206004,1725952,"Kirkland Signature Ultra Soft Bath Tissue, 2-Ply, 231 Sheets, 36 Rolls",https://www.costco.com/p/-/1725952,,,0,0,https://www.costco.com/grocery-household.html,,2026-10-03T03:37:33.596647+00:00
10ddc7fb-c926-554b-8ad0-e19b7bc77f40,1738,100229990,956696,"Kirkland Signature Extra-Large Absorbent Pads, 30 in L X 23 in W, 100-count",https://www.costco.com/p/-/956696,,,0,0,https://www.costco.com/grocery-household.html,,2026-10-03T03:37:33.596647+00:00
b9682bea-64f5-565b-a33b-0beb1e194c41,1738,4000113981,1920495,"Lysol Disinfecting Wipes, Variety Pack, 95-count, 4-pack",https://www.costco.com/p/-/1920495,,,0,0,https://www.costco.com/floor-bathroom-cleaners.html,,2026-10-03T03:28:54.375876+00:00
1e17c83f-2405-558c-912c-6df07e7365d3,1738,100089150,723675,"Kleenex Trusted Care Facial Tissue, 2-Ply, 230-count, 10-pack",https://www.costco.com/p/-/723675,,,0,0,https://www.costco.com/grocery-household.html,,2026-10-03T03:37:33.596647+00:00
d3aea321-77d5-54de-85a9-89c1f6d79197,1738,100352100,1111161,"Dixie Ultra 10-1/16"" Paper Plate, 186-count",https://www.costco.com/p/-/1111161,,,0,0,https://www.costco.com/grocery-household.html,,2026-10-03T03:37:33.596647+00:00
24f4ce13-13f3-55fd-ac32-73ae33228dcc,1738,4000438985,2990929,"Dawn Platimum Advanced Power Dishwashing Liquid, Fresh, 90 fl oz",https://www.costco.com/p/-/2990929,,,0,0,https://www.costco.com/dish-detergent.html,,2026-10-03T03:20:21.023670+00:00
d1e8bef9-8f18-5f49-9b75-d0b8ec37ed4c,1738,100515005,1331846,"Kirkland Signature Semi-Sweet Chocolate Chips, 4.5 lbs",https://www.costco.com/p/-/1331846,,,0,0,https://www.costco.com/baking.html,,2026-10-03T02:51:09.456315+00:00
33819e81-f4ec-55cc-8457-d3916a827647,1738,100334875,841930,"Kirkland Signature, Thai Hom Mali Jasmine Rice, 25 lbs",https://www.costco.com/p/-/841930,,,0,0,https://www.costco.com/beans-grains-rice.html,,2026-10-03T02:52:27.293866+00:00
bfd66e1d-c72d-50b6-8563-2a89013c47fa,1738,4000376082,1956337,"Nescafé Blonde Gold Instant Espresso, 7 oz",https://www.costco.com/p/-/1956337,,,0,0,https://www.costco.com/coffee-sweeteners.html,,2026-10-03T03:05:32.609689+00:00
4d15f211-f63f-5218-84d9-0c26fe938748,1738,100334015,516822,"Kirkland Signature, Organic Chicken Stock, 32 fl oz, 6-Count",https://www.costco.com/p/-/516822,,,0,0,https://www.costco.com/grocery-household.html,,2026-10-03T03:37:33.596647+00:00
02c9cf30-2292-51bb-8151-65d394ab27af,1738,100641392,1343983,"Donsuemor, Traditional Madeleines Cake, 1 oz, 28-Count",https://www.costco.com/p/-/1343983,,,0,0,https://www.costco.com/cookies.html,,2026-10-03T03:09:44.067990+00:00
b388f2a7-b71c-58f1-9c66-773fa26ee27a,1738,4000346087,1919326,"Bounty Advanced Paper Towels, 2-Ply, 103 Sheets, 12-count",https://www.costco.com/p/-/1919326,,,0,0,https://www.costco.com/grocery-household.html,,2026-10-03T03:37:33.596647+00:00
ff9057c7-3449-5ca2-afa2-edb539fcea00,1738,4000063331,1485523,"Kirkland Signature Organic Unbleached All Purpose Flour, 10 lbs, 2-count",https://www.costco.com/p/-/1485523,,,0,0,https://www.costco.com/baking.html,,2026-10-03T02:51:09.456315+00:00
cc0f5a86-1729-590e-9c1f-23d529d85908,1738,4000350951,2727590,"Cascade Platinum Plus Dishwasher Detergent ActionPacs, Fresh, 82-count",https://www.costco.com/p/-/2727590,,,0,0,https://www.costco.com/dish-detergent.html,,2026-10-03T03:20:21.023670+00:00
1cdf942c-e202-5140-a01b-88b3b6ce9462,1738,100455677,1212860,"Kirkland Signature Soft & Chewy Granola Bars, 0.85 oz, 64-count",https://www.costco.com/p/-/1212860,,,0,0,https://www.costco.com/grocery-household.html,,2026-10-03T03:37:33.596647+00:00
cb71d415-e04b-5bf4-bfb2-c98c3dfb9c17,1738,100534416,2189436,"Clorox Disinfecting Wipes, Variety Pack, 85-count, 5-pack",https://www.costco.com/p/-/2189436,,,0,0,https://www.costco.com/floor-bathroom-cleaners.html,,2026-10-03T03:28:54.375876+00:00
78f0be58-1aec-5557-8e9f-00b478b14c99,1738,100688266,1481558,"SunChips Whole Grain, Variety, 1.5 oz, 30-count",https://www.costco.com/p/-/1481558,,,0,0,https://www.costco.com/chips-pretzels.html,,2026-10-03T03:02:17.154320+00:00
80ee8a1c-0167-5770-84a0-b7db033c6d58,1738,100334960,51070,"Kirkland Signature, Chicken Breast, 12.5 oz, 6-Count",https://www.costco.com/p/-/51070,,,0,0,https://www.costco.com/canned-goods.html,,2026-10-03T02:59:34.872761+00:00
ed807197-0ea0-5f71-8fc2-38e851caf537,1738,100812475,1608549,"Ocean Spray, Cranberry Juice, Variety Pack, 10 fl oz, 24-Count",https://www.costco.com/p/-/1608549,,,0,0,https://www.costco.com/beverages.html,,2026-10-03T02:53:42.778171+00:00
4a65e587-6c00-5a85-b355-cff33c9cb97e,1738,4000401691,1986173,"Snapdragon Foods Vietnamese Pho Bowls, 3.1 oz, 9-count",https://www.costco.com/p/-/1986173,,,0,0,https://www.costco.com/grocery-household.html,,2026-10-03T03:37:33.596647+00:00
141da42f-005a-55b4-90c4-c61c9896d390,1738,100381521,446586,"Quaker Oats Old Fashioned Rolled Oats, 10 lbs",https://www.costco.com/p/-/446586,,,0,0,https://www.costco.com/breakfast.html,,2026-10-03T02:55:42.902191+00:00
2e328507-6e3c-5255-b3d6-24a38a1834ab,1738,4000240044,1743030,"Kirkland Signature Organic Whole Milk, 8 fl oz, 18-count",https://www.costco.com/p/-/1743030,,,0,0,https://www.costco.com/beverages.html,,2026-10-03T02:53:42.778171+00:00
d107977f-7c93-554c-bf90-320192bae65a,1738,100851738,1492456,"Kirkland Signature, Albacore Solid White Tuna in Water, 7 oz, 8-Count",https://www.costco.com/p/-/1492456,,,0,0,https://www.costco.com/canned-goods.html,,2026-10-03T02:59:34.872761+00:00
ea468917-aa4e-5ddb-b7ad-6034b75bb709,1738,100333696,6406,"Kirkland Signature Premium Extra Thick Steak Strips, 12 oz",https://www.costco.com/p/-/6406,,,0,0,https://www.costco.com/grocery-household.html,,2026-10-03T03:37:33.596647+00:00
cdfff60c-dfe4-5fd1-9f32-8dde8ac860ba,1738,100401378,464292,"Ajinomoto Yakisoba with Vegetables, All Natural, 9 oz, 6-count",https://www.costco.com/p/-/464292,,,0,0,https://www.costco.com/grocery-household.html,,2026-10-03T03:37:42.170443+00:00
814186fe-930a-5990-b1cb-47f32159c0ac,1738,100516925,1347776,"Kirkland Signature Wild Flower Honey, 5 lbs",https://www.costco.com/p/-/1347776,,,0,0,https://www.costco.com/grocery-household.html,,2026-10-03T03:37:42.170443+00:00
0a9c638d-d003-58f2-8d91-bcc4dfe0c7d1,1738,4000042734,1645578,"Kirkland Signature Extra Fancy Mixed Nuts, Salted, 2.5 lbs",https://www.costco.com/p/-/1645578,,,0,0,https://www.costco.com/grocery-household.html,,2026-10-03T03:37:42.170443+00:00
eda535d3-42e6-5ec0-9993-c6a65964ea6d,1738,100525739,1239519,"Kirkland Signature Ultra Clean Free & Clear HE Liquid Laundry Detergent, 146 loads, 194 fl oz",https://www.costco.com/p/-/1239519,,,0,0,https://www.costco.com/grocery-household.html,,2026-10-03T03:37:42.170443+00:00
86085cf1-28a5-5678-ac8c-7c914aad5781,1738,100637149,1189000,"Kirkland Signature Fresh Mozzarella, 18 oz, 2-count",https://www.costco.com/p/-/1189000,,,0,0,https://www.costco.com/cheese.html,,2026-10-03T03:01:38.211653+00:00
c30dbebd-efc8-511a-90ac-ade0fbe2c83b,1738,100644683,1415808,"WestEnd Cuisine Grilled Chicken Skewers, Mediterranean Style, 2 oz, 14-count",https://www.costco.com/p/-/1415808,,,0,0,https://www.costco.com/deli.html,,2026-10-03T03:15:41.965184+00:00
39cb4649-0af8-51f7-8d04-2863699fd082,1738,4000040390,1685578,"Bibigo, Cooked Sticky White Rice Bowls, Medium Grain, 7.4 oz, 12-Count",https://www.costco.com/p/-/1685578,,,0,0,https://www.costco.com/beans-grains-rice.html,,2026-10-03T02:52:27.293866+00:00
3e8ab243-013b-58d1-b520-7b9779a1c149,1738,100383407,549797,"Lotus Biscoff Cookies, 8.8 oz., 4 Count",https://www.costco.com/p/-/549797,,,0,0,https://www.costco.com/cookies.html,,2026-10-03T03:09:44.067990+00:00
b30d7678-00dc-58dc-b927-da978328d52a,1738,100836033,1627770,"Frito Lay Classic Mix, 1 oz, Variety Pack, 54-count",https://www.costco.com/p/-/1627770,,,0,0,https://www.costco.com/chips-pretzels.html,,2026-10-03T03:02:17.154320+00:00
77906114-8e62-5acd-a331-1a9dfb57ab94,1738,4000220055,1763967,"Ajinomoto Japanese Style Gyoza, Pork And Chicken, 60-count",https://www.costco.com/p/-/1763967,,,0,0,https://www.costco.com/grocery-household.html,,2026-10-03T03:37:42.170443+00:00
365b0b13-1725-5ad8-b567-d003ac3dc354,1738,4000044496,1652990,"Kirkland Signature Premoistened Flushable Wipes, Fragrance Free, 640-count",https://www.costco.com/p/-/1652990,,,0,0,https://www.costco.com/grocery-health-beauty.html,,2026-10-03T03:36:45.467719+00:00
9bce0634-2f85-5001-bcf8-4c8b9a1dbedc,1738,4000063845,1699741,"Gillette Venus ComfortGlide Essential Botanicals, 1 Razor + 12 Cartridges Gel",https://www.costco.com/p/-/1699741,,,0,0,https://www.costco.com/grocery-health-beauty.html,,2026-10-03T03:36:45.467719+00:00
e5da9cf0-e296-5faf-bac1-1fd525f16050,1738,100643804,1394201,"Kirkland Signature, Organic Coconut Water, 11.1 fl oz, 12-count",https://www.costco.com/p/-/1394201,,,0,0,https://www.costco.com/beverages.html,,2026-10-03T02:53:42.778171+00:00
e5db9330-a8fc-5b41-8b1d-09f907bf74b4,1738,4201005708,1984999,"Kirkland Signature Rice Crackers, 32 oz",https://www.costco.com/p/-/1984999,,,0,0,https://www.costco.com/grocery-household.html,,2026-10-03T03:37:42.170443+00:00
0d55cccc-fef7-5325-863c-d7929fb12c10,1738,100486065,2990,"Honest Kids, Organic Juice Drink, Variety Pack, 6 fl oz, 40-Count",https://www.costco.com/p/-/2990,,,0,0,https://www.costco.com/beverages.html,,2026-10-03T02:53:42.778171+00:00
0b5fa4a6-44e8-561f-a102-c665de5b8153,1738,100381587,124502,"Nature Valley Protein Bar, Peanut Butter Dark Chocolate, 1.42 oz, 30-count",https://www.costco.com/p/-/124502,,,0,0,https://www.costco.com/grocery-household.html,,2026-10-03T03:37:42.170443+00:00
1a0752f3-d8dd-5709-a0d4-15b55381cb1c,1738,100334334,555000,"Kirkland Signature Organic Peanut Butter, 28 oz, 2-count",https://www.costco.com/p/-/555000,,,0,0,https://www.costco.com/grocery-household.html,,2026-10-03T03:37:42.170443+00:00
0f46af26-0d75-5675-b526-19743058cb64,1738,100224137,87507,"Kirkland Signature 10-Gallon Wastebasket Liner, Clear, 500-count",https://www.costco.com/p/-/87507,,,0,0,https://www.costco.com/grocery-household.html,,2026-10-03T03:37:42.170443+00:00
d127150b-c3f6-591d-a03d-0752b8c438f2,1738,4000214872,1748763,"Kirkland Signature Breakfast Sandwich, 4.82 oz, 8-count",https://www.costco.com/p/-/1748763,,,0,0,https://www.costco.com/grocery-household.html,,2026-10-03T03:37:42.170443+00:00
aff0bb1d-0be6-5d42-8cc4-519340f1c107,1738,100641100,1338984,"Foster Farms Take Out Crispy Chicken Wings, Classic Buffalo, 4 lbs",https://www.costco.com/p/-/1338984,,,0,0,https://www.costco.com/grocery-household.html,,2026-10-03T03:37:42.170443+00:00
823e906e-9f24-5637-82ff-7687a981d681,1738,4000343144,1897229,"Ziploc Seal Top Bag, Variety Pack, 322-count",https://www.costco.com/p/-/1897229,,,0,0,https://www.costco.com/grocery-household.html,,2026-10-03T03:37:42.170443+00:00
aa0da046-73a0-54f6-b259-37c0167671f2,1738,100635685,1055599,"Kirkland Signature Thin Sliced Chicken Breasts, Boneless Skinless, 10 lbs",https://www.costco.com/p/-/1055599,,,0,0,https://www.costco.com/grocery-household.html,,2026-10-03T03:37:42.170443+00:00
d0e1d6f9-8f11-5415-9430-f341b28e1762,1738,4000042930,1652577,"Kirkland Signature Extra Fancy Mixed Nuts, Unsalted, 2.5 lbs",https://www.costco.com/p/-/1652577,,,0,0,https://www.costco.com/grocery-household.html,,2026-10-03T03:37:42.170443+00:00
edb815a5-2bad-5f32-860f-6ecf0fa8c508,1738,100334874,901991,"Kirkland Signature, Organic Sugar, 10 lbs",https://www.costco.com/p/-/901991,,,0,0,https://www.costco.com/baking.html,,2026-10-03T02:51:09.456315+00:00
57e12549-bb30-52c0-a034-8a19076ad9a4,1738,4000099743,1669857,"Jackson's Kettle Cooked Sweet Potato Chips, Sea Salt, 16 oz",https://www.costco.com/p/-/1669857,,,0,0,https://www.costco.com/chips-pretzels.html,,2026-10-03T03:02:17.154320+00:00
37bda498-b7e7-5553-b102-6ce1627670f5,1738,4000142365,1726382,"The SnakYard Organic Sweet Potato Sticks, 2.82 oz, 6-count",https://www.costco.com/p/-/1726382,,,0,0,https://www.costco.com/chips-pretzels.html,,2026-10-03T03:02:17.154320+00:00
041feee7-775e-5162-8eb2-dd2f1ba5392e,1738,100308728,625994,"Clorox ToiletWand Disposable Toilet Cleaning System, Rainforest Rush, 1 Wand & 36 Refills",https://www.costco.com/p/-/625994,,,0,0,https://www.costco.com/floor-bathroom-cleaners.html,,2026-10-03T03:28:54.375876+00:00
111027e7-e1df-531c-80d3-077040789180,1738,4000444178,1925833,"Kirkland Signature Sparkling Energy Drink, Variety Pack, 12 fl oz, 24-count",https://www.costco.com/p/-/1925833,,,0,0,https://www.costco.com/beverages.html,,2026-10-03T02:53:42.778171+00:00
7b201f72-1090-5ce4-bbcc-3aa670aaa204,1738,4000446388,2040272,"Kinder's Organic Signature Grill Variety Pack, 54.4 oz",https://www.costco.com/p/-/2040272,,,0,0,https://www.costco.com/condiments-sauces.html,,2026-10-03T03:07:36.198791+00:00
50035005-2281-51d9-9fb1-a453028db1e2,1738,100381415,1026583,"Skinny Pop Popcorn, 0.65 oz, 28-count",https://www.costco.com/p/-/1026583,,,0,0,https://www.costco.com/grocery-household.html,,2026-10-03T03:37:51.122800+00:00
98011c7c-d0eb-5684-8416-d7ed2141e17e,1738,4000233544,1732802,"Kirkland Signature Sweet Heat Snack Mix, 24 oz",https://www.costco.com/p/-/1732802,,,0,0,https://www.costco.com/grocery-household.html,,2026-10-03T03:37:51.122800+00:00
688215e2-50c0-5dc8-98bd-c636c134571b,1738,4000247808,1789130,"Kirkland Signature Ultra Shine Liquid Dish Soap, Fresh, 90 fl. oz.",https://www.costco.com/p/-/1789130,,,0,0,https://www.costco.com/dish-detergent.html,,2026-10-03T03:20:21.023670+00:00
cba20103-445e-5941-bc49-c3c51b6628e8,1738,100611924,169730,"Plats Du Chef French Onion Soup, 10 oz, 6-count",https://www.costco.com/p/-/169730,,,0,0,https://www.costco.com/deli.html,,2026-10-03T03:15:41.965184+00:00
717e8c3f-2684-52e5-8a37-3b20b2a3b403,1738,100491294,1209607,"Kirkland Signature Praline Pecans, 2.5 lbs",https://www.costco.com/p/-/1209607,,,0,0,https://www.costco.com/grocery-household.html,,2026-10-03T03:37:51.122800+00:00
2270cba3-f485-5f5c-b929-a06411613631,1738,100411697,1218891,"Vita Coco, Coconut Water, 11.1 fl oz, 18-Count",https://www.costco.com/p/-/1218891,,,0,0,https://www.costco.com/beverages.html,,2026-10-03T02:53:42.778171+00:00
49947b06-613d-5c8a-920c-1b016501268a,1738,100381417,993449,"Garofalo, Organic Pasta, Variety Pack, 17.6 oz, 6-Count",https://www.costco.com/p/-/993449,,,0,0,https://www.costco.com/beans-grains-rice.html,,2026-10-03T02:52:27.293866+00:00
34ab00a8-40f1-55cd-a08f-9f51f134dd03,1738,100439543,1243186,"Heavenly Hunks Organic Oatmeal Dark Chocolate Cookies, 22 oz",https://www.costco.com/p/-/1243186,,,0,0,https://www.costco.com/cookies.html,,2026-10-03T03:09:44.067990+00:00
93cd813e-7ee7-568a-9ea8-5a64e7ed27f4,1738,100525846,1239521,"Kirkland Signature Ultra Clean HE Liquid Laundry Detergent, 146 loads, 194 fl oz",https://www.costco.com/p/-/1239521,,,0,0,https://www.costco.com/grocery-household.html,,2026-10-03T03:37:51.122800+00:00
193561c0-3186-566f-9206-314e9ba3f39a,1738,100333883,835671,"Kirkland Signature Raisins, Milk Chocolate, 3.4 lb",https://www.costco.com/p/-/835671,,,0,0,https://www.costco.com/candy.html,,2026-10-03T02:58:56.361067+00:00
cf696f5f-8232-5a83-8392-78dda749a467,1738,4000423630,2848101,"Cascade Complete Shine Boost Dishwasher Detergent ActionPacs, Fresh, 92-count",https://www.costco.com/p/-/2848101,,,0,0,https://www.costco.com/dish-detergent.html,,2026-10-03T03:20:21.023670+00:00
b2b3ccfe-be2e-5a07-8d92-d4660ef31614,1738,100688986,1481907,"Kirkland Signature Funhouse Treats, Variety Pack, 92 oz",https://www.costco.com/p/-/1481907,,,0,0,https://www.costco.com/candy.html,,2026-10-03T02:58:56.361067+00:00
4f271fd9-c52a-574d-8db0-e0f5b6863e22,1738,100644452,1407434,"Nongshim, Tonkotsu Ramen Bowl, 3.56 oz, 6-Count",https://www.costco.com/p/-/1407434,,,0,0,https://www.costco.com/grocery-household.html,,2026-10-03T03:37:51.122800+00:00
12c31466-837f-5ded-8c27-5a0576c18a68,1738,4000119129,2626431,"Arm & Hammer Plus OxiClean Max HE Liquid Laundry Detergent, Fresh, 200 Loads, 200 fl oz",https://www.costco.com/p/-/2626431,,,0,0,https://www.costco.com/grocery-household.html,,2026-10-03T03:37:51.122800+00:00
e0bd7b9d-8a61-53e9-af1c-3968038d0ecc,1738,100333884,679131,"Kirkland Signature Organic Pure Maple Syrup, 33.8 oz",https://www.costco.com/p/-/679131,,,0,0,https://www.costco.com/grocery-household.html,,2026-10-03T03:37:51.122800+00:00
ed45e02e-cd8c-58a5-ab1f-794a046c492a,1738,4000053321,1668599,"Dixie Ultra 8-1/2"" Paper Plate, 240-count",https://www.costco.com/p/-/1668599,,,0,0,https://www.costco.com/grocery-household.html,,2026-10-03T03:37:51.122800+00:00
54104f55-b264-5acf-afc4-6a3ffc0ea371,1738,100847859,21897,"Kirkland Signature Fresh Boneless Skinless Chicken Breasts, 8.96 lb avg wt",https://www.costco.com/p/-/21897,,,0,0,https://www.costco.com/grocery-household.html,,2026-10-02T02:45:56.749485+00:00
a5eb9f54-3916-5ce2-b63c-26a122a30e2f,1738,4000318627,9999699,"Kirkland Signature Extra Crispy French Fries, 5 lbs",https://www.costco.com/p/-/9999699,,,0,0,https://www.costco.com/grocery-household.html,,2026-10-03T03:37:51.122800+00:00
ee393c17-4b7b-5348-bdc6-a890fa109f18,1738,4000050834,1691251,Midea 18.7 cu. ft. Bottom Mount Freezer Refrigerator,https://www.costco.com/p/-/1691251,,,0,0,https://www.costco.com/appliances.html,,2026-10-03T02:48:34.249845+00:00
1aa57497-d83c-500b-aabf-228ab95b3b4e,1738,100697442,6660756,Maytag Top Load 4.8 cu. ft. Washer with Deep Fill Option,https://www.costco.com/p/-/6660756,,,0,0,https://www.costco.com/appliances.html,,2026-10-03T02:48:34.249845+00:00
b2ac3420-8749-55ef-8d8e-615085a9caac,1738,100697445,1491084,Maytag 7.0 cu. ft. Electric Dryer with Moisture Sensing in White,https://www.costco.com/p/-/1491084,,,0,0,https://www.costco.com/appliances.html,,2026-10-03T02:48:34.249845+00:00
3d72106b-586d-5c8d-a12d-3cf5da68c25f,1738,4000181409,1744667,"Filtrete Air Filter 1”, MPR 2500 MERV 14, High Performance Premium Allergen, Ultrafine Particles, Bacteria and Virus Filter, 4-pack",https://www.costco.com/p/-/1744667,,,0,0,https://www.costco.com/appliances.html,,2026-10-03T02:48:34.249845+00:00
0de21b99-89a2-58e9-ad5d-3a9f2a0aff65,1738,4000417530,3670779,BISSELL Little Green MultiClean Wet and Dry Portable Carpet and Upholstery Cleaner,https://www.costco.com/p/-/3670779,,,0,0,https://www.costco.com/appliances.html,,2026-10-03T02:48:34.249845+00:00
9662629c-fba0-57d2-9573-3c53814fa287,1738,4201018295,2658468,"Ninja Deluxe Blender & Kitchen System with 88-oz. Pitcher, 9-Cup Processor & Auto-iQ",https://www.costco.com/p/-/2658468,,,0,0,https://www.costco.com/appliances.html,,2026-10-03T02:48:34.249845+00:00
4e6f6f44-1eb0-56b4-9363-d63a5e6a5b86,1738,4000391003,1911232,Midea 23” Dual-Flex Heater,https://www.costco.com/p/-/1911232,,,0,0,https://www.costco.com/appliances.html,,2026-10-03T02:48:34.249845+00:00
18879a3a-5b70-5ea9-8a68-dbaa8ff31262,1738,4201023221,4446542,Chefman Custom-Temp 1.8L Electric Kettle,https://www.costco.com/p/-/4446542,,,0,0,https://www.costco.com/appliances.html,,2026-10-03T02:48:34.249845+00:00
fcbf3037-e99b-5172-9910-a24486025304,1738,4201002833,2038099,"bella 12""x24"" XL Fold and Store Griddle",https://www.costco.com/p/-/2038099,,,0,0,https://www.costco.com/appliances.html,,2026-10-03T02:48:34.249845+00:00
9ba03e31-3983-55bb-835c-1c254c6cdd20,1738,4201013845,1733533,Cuisinart Precision Prep 3-in-1 Immersion Blending System,https://www.costco.com/p/-/1733533,,,0,0,https://www.costco.com/appliances.html,,2026-10-03T02:48:34.249845+00:00
0569b36c-feab-56c3-9aaa-bd6c2dcb9b5e,1738,4201008654,1733532,"Dash 14” Family Size Electric Skillet, Ceramic",https://www.costco.com/p/-/1733532,,,0,0,https://www.costco.com/appliances.html,,2026-10-03T02:48:34.249845+00:00
7f549918-5599-5779-9d66-28c0fca6a074,1738,4000422212,2665100,Tineco GO HammerHead MessDetect Ultra Cordless Mop and Vacuum,https://www.costco.com/p/-/2665100,,,0,0,https://www.costco.com/appliances.html,,2026-10-03T02:48:34.249845+00:00
e0da7d6d-0db0-501c-8b22-955ec9368e45,1738,4000359361,7750815,Shark Stratos Cordless Vacuum with Clean Sense IQ DuoClean PowerFins HairPro,https://www.costco.com/p/-/7750815,,,0,0,https://www.costco.com/appliances.html,,2026-10-03T02:48:34.249845+00:00
31c0e1c8-9b61-5d8e-8ffa-24a688c95126,1738,4201011505,6264351,Dyson V10 Konical Cordless Stick Vacuum with Car Cleaning Kit,https://www.costco.com/p/-/6264351,,,0,0,https://www.costco.com/appliances.html,,2026-10-03T02:48:34.249845+00:00
ca4cbfa4-0da4-5136-a734-74798bcbd653,1738,4000399687,1938084,DeWalt 8-Gallon 4 HP Stealthsonic Quiet Stainless Steel Wet Dry Vacuum,https://www.costco.com/p/-/1938084,,,0,0,https://www.costco.com/appliances.html,,2026-10-03T02:48:34.249845+00:00
a2649601-fc99-591f-ad3e-97e9bc16ba16,1738,4000353948,1930479,Hisense 10.2 cu. ft. Garage Ready Frost Free Convertible Upright Freezer with Seal Break Handle,https://www.costco.com/p/-/1930479,,,0,0,https://www.costco.com/appliances.html,,2026-10-03T02:48:34.249845+00:00
3a393091-f0a5-5202-bee4-586de065391e,1738,4201032861,4449587,WINIX C710 4-Stage True HEPA Air Purifier with Wi-Fi and Additional Filter,https://www.costco.com/p/-/4449587,,,0,0,https://www.costco.com/appliances.html,,2026-10-03T02:48:34.249845+00:00
bcbf2ed3-0c11-51f1-8be0-f2077b99225d,1738,4000372303,7565000,Cuisinart Brew Central Plus 14-Cup Programmable Coffee Maker,https://www.costco.com/p/-/7565000,,,0,0,https://www.costco.com/appliances.html,,2026-10-03T02:48:34.249845+00:00
32f5dbbc-54ff-5d67-b3cd-575e752c1f5b,1738,4000375722,2295022,Shark Detect Performance Lift-Away Advanced Upright Vacuum with DuoClean Detect,https://www.costco.com/p/-/2295022,,,0,0,https://www.costco.com/appliances.html,,2026-10-03T02:48:34.249845+00:00
6a703ced-f8c4-57c6-be73-9b982758dc1d,1738,4000444184,2043254,Frigidaire Gallery Garage Ready 7 cu. ft. Convertible Chest Freezer with Black Granite Finish,https://www.costco.com/p/-/2043254,,,0,0,https://www.costco.com/appliances.html,,2026-10-03T02:48:34.249845+00:00
d0fb993c-bc8a-5840-ba0e-a668e7d59429,1738,4201002779,2887016,bella 10-in-1 8.5qt MultiCooker,https://www.costco.com/p/-/2887016,,,0,0,https://www.costco.com/appliances.html,,2026-10-03T02:48:34.249845+00:00
1ba57db3-29b7-5f63-9be3-4ff6ad855e78,1738,4000382822,1905061,Dyson Purifier Hot+Cool HP11,https://www.costco.com/p/-/1905061,,,0,0,https://www.costco.com/appliances.html,,2026-10-03T02:48:34.249845+00:00
06c73e4c-ce20-5c99-8f8d-9ae750b3576d,1738,4000354460,1928806,BISSELL PowerClean FurGuard Deluxe 280W Cordless Vacuum with Extra Battery,https://www.costco.com/p/-/1928806,,,0,0,https://www.costco.com/appliances.html,,2026-10-03T02:48:34.249845+00:00
1544f95a-589f-5073-8ad0-5dd0897c2859,1738,4000368757,3603482,"Ninja SLUSHi Professional Frozen Drink Maker, 96-oz. Capacity, 5 Preset Programs",https://www.costco.com/p/-/3603482,,,0,0,https://www.costco.com/appliances.html,,2026-10-03T02:48:42.257824+00:00
3ab94a7d-b84f-5922-b084-909be551b3d5,1738,4000384368,1914943,"OmniHeat Digital Ceramic Personal Heater, 2-pack",https://www.costco.com/p/-/1914943,,,0,0,https://www.costco.com/appliances.html,,2026-10-03T02:48:42.257824+00:00
e3defc7e-6262-5915-9c3e-d933eb57d54f,1738,4000289289,1835898,Nespresso Vertuo Next Deluxe with Aeroccino 3 and 32 Capsules,https://www.costco.com/p/-/1835898,,,0,0,https://www.costco.com/appliances.html,,2026-10-03T02:48:42.257824+00:00
263bac66-e0c5-504e-b5be-818ddcbee539,1738,4000431693,2791272,Roborock QX Revo PLUS Robot Vacuum and Mop with Multifunctional Dock 3.0,https://www.costco.com/p/-/2791272,,,0,0,https://www.costco.com/appliances.html,,2026-10-03T02:48:42.257824+00:00
4547116b-2472-5563-94c3-1d98af3fbc9d,1738,4000338599,1871118,"Hisense 8,000 BTU Smart Inverter Window Air Conditioner with Easy Install Bracket",https://www.costco.com/p/-/1871118,,,0,0,https://www.costco.com/appliances.html,,2026-10-03T02:48:42.257824+00:00
01e08c89-eee8-5e24-8db9-2217d67308e7,1738,4201031429,5752554,Shark Navigator Lift-Away Upright Vacuum with Reveal Technology,https://www.costco.com/p/-/5752554,,,0,0,https://www.costco.com/appliances.html,,2026-10-03T02:48:42.257824+00:00
02f8706a-8221-5693-836c-b01f651ab5af,1738,4201029320,2826615,Lasko MotionX Whole Room Heater with Remote,https://www.costco.com/p/-/2826615,,,0,0,https://www.costco.com/appliances.html,,2026-10-03T02:48:42.257824+00:00
74e534f1-ae1c-50ef-8c7c-5d91f197d52d,1738,4000428870,2027264,Nordic Ware Deluxe Kettle Smoker with 5 Woodchip Varieties,https://www.costco.com/p/-/2027264,,,0,0,https://www.costco.com/appliances.html,,2026-10-03T02:48:42.257824+00:00
77e3b8aa-2afc-58af-bc72-20cb4f3fa33f,1738,4201002280,4333018,Cuisinart SimpliTouch XL Color Touchscreen 2-Slice Toaster,https://www.costco.com/p/-/4333018,,,0,0,https://www.costco.com/appliances.html,,2026-10-03T02:48:42.257824+00:00
87b7cab3-8804-52ce-9ab0-d1b1014204e6,1738,4201016861,3325480,Panasonic 1.3 cu ft. Countertop Black Stainless Microwave Oven with Inverter Technology,https://www.costco.com/p/-/3325480,,,0,0,https://www.costco.com/appliances.html,,2026-10-03T02:48:42.257824+00:00
e05bd37e-95a7-597e-93d9-c48f509eea4c,1738,4000323423,2850285,Shark PowerDetect 2-in-1 Robot Vacuum & Mop with NeverTouch Pro Self-Cleaning Base,https://www.costco.com/p/-/2850285,,,0,0,https://www.costco.com/appliances.html,,2026-10-03T02:48:42.257824+00:00
2b1551d6-3e60-5c85-8278-3c51e6458cea,1738,4000353891,1930499,Hisense 17 cu. ft. Garage Ready Frost Free Convertible Upright Freezer with Seal Break Handle,https://www.costco.com/p/-/1930499,,,0,0,https://www.costco.com/appliances.html,,2026-10-03T02:48:42.257824+00:00
6c58210e-39db-50a7-b32e-375b40749b79,1738,4201009385,5248298,FoodSaver Preserve Vacuum Sealer Appliance with Bags and Marinate Container,https://www.costco.com/p/-/5248298,,,0,0,https://www.costco.com/appliances.html,,2026-10-03T02:48:42.257824+00:00
e8206b86-2341-50e5-87b2-f857724ec616,1738,4201012514,2043903,"Blueair Blue Signature Mini Air Purifier, 2-pack",https://www.costco.com/p/-/2043903,,,0,0,https://www.costco.com/appliances.html,,2026-10-03T02:48:42.257824+00:00
a42921c3-62ab-5af8-922c-072c986a74a9,1738,4201031808,6373801,Dyson Gen5detect Extra Cordless Stick Vacuum,https://www.costco.com/p/-/6373801,,,0,0,https://www.costco.com/appliances.html,,2026-10-03T02:48:42.257824+00:00
25a3e40f-1f2d-5d44-9aba-eae31aac33c9,1738,4000213642,3603480,Ninja CREAMi Deluxe 11-in-1 Ice Cream and Frozen Treat Maker,https://www.costco.com/p/-/3603480,,,0,0,https://www.costco.com/appliances.html,,2026-10-03T02:48:42.257824+00:00
e936b55c-3f11-5682-92cd-ed09d8717b5a,1738,4000391766,2081890,Tiger 5.5-Cup Micom Rice Cooker and Warmer,https://www.costco.com/p/-/2081890,,,0,0,https://www.costco.com/appliances.html,,2026-10-03T02:48:42.257824+00:00
4039d334-83cd-5914-a8b6-b2f220cdf3b3,1738,4201028860,8881975,Keurig K-Mini Mate Plus Single-Serve Coffee Maker with Water Filter and K-Cup Pods,https://www.costco.com/p/-/8881975,,,0,0,https://www.costco.com/appliances.html,,2026-10-03T02:48:42.257824+00:00
7ddb6b37-bc19-5afa-bf2a-ee992c833f83,1738,4000429112,2741541,Ninja DualBrew Grounds & Pods Hot & Iced Coffee Maker with Rapid Cold Brew,https://www.costco.com/p/-/2741541,,,0,0,https://www.costco.com/appliances.html,,2026-10-03T02:48:42.257824+00:00
0eec14b0-6475-550e-8e26-e17d34ce9f27,1738,4201032153,2048113,Ninja CRISPi DualZone 2-Basket Glass Air Fryer,https://www.costco.com/p/-/2048113,,,0,0,https://www.costco.com/air-fryers.html,,2026-10-03T02:47:17.479740+00:00
4214c17b-12f1-55ee-8f43-30f5cd679c5c,1738,4201023329,2835898,"Nespresso Vertuo UP Coffee and Espresso Maker by DeLonghi, Graphite with Aeroccino Milk Frother",https://www.costco.com/p/-/2835898,,,0,0,https://www.costco.com/appliances.html,,2026-10-03T02:48:42.257824+00:00
ecad7cbf-a013-53f6-8afa-668583f69dcd,1738,4000408459,1886267,Type S 4 in 1 Electric Air Duster,https://www.costco.com/p/-/1886267,,,0,0,https://www.costco.com/appliances.html,,2026-10-03T02:48:42.257824+00:00
31419207-1b40-58a0-9b68-c864509b26a1,1738,100698045,1491413,Maytag 7.0 cu. ft. Gas Dryer with Moisture Sensing,https://www.costco.com/p/-/1491413,,,0,0,https://www.costco.com/appliances.html,,2026-10-03T02:48:49.804693+00:00
fdf05125-99ef-5550-b7e3-75a776ca9a61,1738,4201035961,6990603,Dyson Ball Animal Optic Corded Upright Vacuum,https://www.costco.com/p/-/6990603,,,0,0,https://www.costco.com/appliances.html,,2026-10-03T02:48:49.804693+00:00
fc71f506-a96e-501f-af66-fe87182fa392,1738,4201016630,7753245,Shark PowerDetect Speed Clean and Empty Cordless Stick Vacuum with Auto-Empty System,https://www.costco.com/p/-/7753245,,,0,0,https://www.costco.com/appliances.html,,2026-10-03T02:48:49.804693+00:00
03bbb337-30cb-5695-bf07-c3d4e9ed571d,1738,4000434994,4639087,Shark BreatheClear MAX With NeverChange Air Purifier,https://www.costco.com/p/-/4639087,,,0,0,https://www.costco.com/appliances.html,,2026-10-03T02:48:49.804693+00:00
c4f290d4-5f40-57de-9bcb-721298699638,1738,4000448737,2002648,"Brio 740i Nugget Ice Maker, 44lbs",https://www.costco.com/p/-/2002648,,,0,0,https://www.costco.com/appliances.html,,2026-10-03T02:48:49.804693+00:00
0c1def09-6709-569c-b2f6-2585e51c5ac9,1738,4000334276,1902789,Brio 740 Series Self-Cleaning Bottom Load Water Cooler,https://www.costco.com/p/-/1902789,,,0,0,https://www.costco.com/appliances.html,,2026-10-03T02:48:49.804693+00:00
cbe5ae27-49d4-5c30-acf4-83231a759093,1738,4201024080,6234400,Gourmia XL 13-In-1 French Door Countertop Oven with Air Fry and Temperature Probe,https://www.costco.com/p/-/6234400,,,0,0,https://www.costco.com/air-fryers.html,,2026-10-03T02:47:17.479740+00:00
b4004595-90b9-597c-81d6-4041f6c6e7f0,1738,4201044416,9140914,Dyson R2 Nurovi Wash Dry Robot Vacuum,https://www.costco.com/p/-/9140914,,,0,0,https://www.costco.com/appliances.html,,2026-10-03T02:48:49.804693+00:00
04ea7c62-db40-5e05-9c9b-697089cdf0c9,1738,4000398962,1965335,Cuisinart Extra-Large 26L 10-in-1 Digital Air Fryer Oven,https://www.costco.com/p/-/1965335,,,0,0,https://www.costco.com/air-fryers.html,,2026-10-03T02:47:17.479740+00:00
e014da27-2336-5acd-b05e-7cd33a2609e5,1738,4000362087,1922924,"Brita Champlain Water Filter Pitcher, 10 Cup with 2 Filters",https://www.costco.com/p/-/1922924,,,0,0,https://www.costco.com/appliances.html,,2026-10-03T02:48:49.804693+00:00
1888a95f-5ba1-555e-a7fe-bc90deeeb05e,1738,4201038458,2021451,Dyson HushJet Compact Pure Control Air Purifier,https://www.costco.com/p/-/2021451,,,0,0,https://www.costco.com/appliances.html,,2026-10-03T02:48:49.804693+00:00
1c474b11-f883-5e52-9310-0ff5a42c4206,1738,4201006223,2733527,Dash 5qt SmartStore Ceramic Stirring Popcorn Maker,https://www.costco.com/p/-/2733527,,,0,0,https://www.costco.com/appliances.html,,2026-10-03T02:48:49.804693+00:00
b19fa259-c12e-5e78-92c3-4c5487ae4430,1738,100801219,1493488,"Kirkland Signature Baby Wipes Fragrance Free, 900-count",https://www.costco.com/p/-/1493488,,,0,0,https://www.costco.com/diapers-wipes.html,,2026-10-03T03:16:59.527852+00:00
0c1747d1-b088-5882-85b5-06fdda53dbe9,1738,4201002177,1987113,Kirkland Signature Diaper Sizes 3-7,https://www.costco.com/p/-/1987113,,,0,0,https://www.costco.com/baby-kids.html,,2026-10-02T03:27:40.489465+00:00
ecfb9877-f1d8-5a96-96cd-81d046167041,1738,4201034144,2088958,Joie Baby Saffron SI 4-in-1 Car Seat,https://www.costco.com/p/-/2088958,,,0,0,https://www.costco.com/baby-kids.html,,2026-10-02T03:27:40.489465+00:00
7158560d-afdc-5795-a596-776f3dff923c,1738,4201002118,1987111,Kirkland Signature Diaper Sizes 1-2,https://www.costco.com/p/-/1987111,,,0,0,https://www.costco.com/baby-kids.html,,2026-10-02T03:27:40.489465+00:00
0ba43e7e-e99d-5550-9254-473ea335b8e2,1738,4000350943,1914459,Huggies Plus Diapers Sizes 3 - 7,https://www.costco.com/p/-/1914459,,,0,0,https://www.costco.com/baby-kids.html,,2026-10-02T03:27:40.489465+00:00
2fbd885a-2237-583b-ad25-411282779a58,1738,4201012875,2009061,Huggies Plus Diapers Size 1-2,https://www.costco.com/p/-/2009061,,,0,0,https://www.costco.com/baby-kids.html,,2026-10-02T03:27:40.489465+00:00
03f5ac6a-2036-5589-a027-e7ae8bdea44f,1738,4000327076,1897215,Graco 4Ever DLX Grad 5-in-1 Car Seat,https://www.costco.com/p/-/1897215,,,0,0,https://www.costco.com/baby-kids.html,,2026-10-02T03:27:40.489465+00:00
bd87b73b-2b91-5564-85e8-f76d54b11e03,1738,100851125,1624032,"Similac 360 Total Care Sensitive with 5 HMO's, Non-GMO Infant Formula Powder, 40 oz",https://www.costco.com/p/-/1624032,,,0,0,https://www.costco.com/formula-feeding.html,,2026-10-03T03:30:51.188273+00:00
99ed3d64-244a-59b5-a239-823552d435a9,1738,4201006132,2047030,Joie Orzo Mini Lightweight Compact Travel Stroller,https://www.costco.com/p/-/2047030,,,0,0,https://www.costco.com/baby-kids.html,,2026-10-02T03:27:40.489465+00:00
93da0737-a651-587a-9f69-55fc009f38a7,1738,100811165,1692255,"RICO Baby Wipes, 720-count",https://www.costco.com/p/-/1692255,,,0,0,https://www.costco.com/diapers-wipes.html,,2026-10-03T03:16:59.527852+00:00
04f21df7-1345-5fb6-bce5-8f1838746628,1738,4000036684,1680301,"Enfamil NeuroPro Care Gentlease Formula, 20 oz, 2-pack",https://www.costco.com/p/-/1680301,,,0,0,https://www.costco.com/formula-feeding.html,,2026-10-03T03:30:51.188273+00:00
027f4d85-047f-529b-976e-3b124e175f45,1738,100852045,1624039,"Similac 360 Total Care with 5 HMO's, Non-GMO Infant Formula Powder, 40 oz",https://www.costco.com/p/-/1624039,,,0,0,https://www.costco.com/formula-feeding.html,,2026-10-03T03:30:51.188273+00:00
6968b46d-d63a-51f1-8232-bbac9529e3dc,1738,100675007,620595,"Nestle Nido Kinder 1+ Toddler Powdered Milk, 77.6 oz",https://www.costco.com/p/-/620595,,,0,0,https://www.costco.com/formula-feeding.html,,2026-10-03T03:30:51.188273+00:00
fd04ca67-2ea9-5a6d-bdb1-f5d7bbea70c0,1738,4000361179,1935000,Huggies Pull-Ups Plus Training Pants Unisex,https://www.costco.com/p/-/1935000,,,0,0,https://www.costco.com/baby-kids.html,,2026-10-02T03:27:40.489465+00:00
50fdb840-f2e0-50f4-8a39-000f77435e09,1738,100332452,1101956,"Enfagrow Premium Toddler Nutritional Drink, Non-GMO, Stage 3, 36.6 oz",https://www.costco.com/p/-/1101956,,,0,0,https://www.costco.com/formula-feeding.html,,2026-10-03T03:30:51.188273+00:00
b6a2f027-fe85-525e-ad88-31e1ad70511d,1738,4000317768,1861502,"Aveeno Baby Moisture Set, 2 Wash & Shampoo + Lotion, 44 fl oz",https://www.costco.com/p/-/1861502,,,0,0,https://www.costco.com/baby-kids.html,,2026-10-02T03:27:40.489465+00:00
40e7ff90-1a9d-5e27-97e3-ff1d8a12a23f,1738,100485973,9022010,"Orgain USDA Organic Kids Nutritional Protein Shake, Chocolate, 8 fl oz, 24-pack",https://www.costco.com/p/-/9022010,,,0,0,https://www.costco.com/diet-nutrition.html,,2026-10-03T03:17:39.913373+00:00
2321375d-b779-5b5e-91ce-c1c1936ed086,1738,100915138,1537922,Amara Organic Yogurt Smoothie Melts 4 (1 oz.) Bags Per Box,https://www.costco.com/p/-/1537922,,,0,0,https://www.costco.com/formula-feeding.html,,2026-10-03T03:30:51.188273+00:00
0b12ce14-c488-5ac8-b3c2-1c1434f6d295,1738,100775213,1562786,"Children's Tylenol Liquid Pain Relief & Fever Medicine, Dye-Free Cherry Flavor, 12 Fluid Ounces",https://www.costco.com/p/-/1562786,,,0,0,https://www.costco.com/non-prescription-remedies.html,,2026-10-03T04:09:23.943914+00:00
bdca2d2b-4f91-575c-96f2-db7d2ce33c8f,1738,100455673,1268174,"PediaSure with OptiGRO Plus Kids Shake, 8 fl oz, 24-count",https://www.costco.com/p/-/1268174,,,0,0,https://www.costco.com/formula-feeding.html,,2026-10-03T03:30:51.188273+00:00
1fc03563-77f4-59c4-a350-0646f210bd05,1738,100949961,1445286,Sekkisei Emulsion Moisturizing Set,https://www.costco.com/p/-/1445286,,,0,0,https://www.costco.com/health-beauty.html,,2026-10-03T03:44:41.457947+00:00
c9dc67ca-b1a4-57c8-a554-8c4bbae9f967,1738,4000395848,1976293,"Braun IPL At Home Laser Hair Removal, Permanent Hair Reduction, Venus Razor",https://www.costco.com/p/-/1976293,,,0,0,https://www.costco.com/beauty-tools-accessories.html,,2026-10-03T02:53:04.574858+00:00
e466ed78-4f5f-5c18-9c8d-bc1c51659094,1738,4201027257,2043018,"Olay Daily Radiance Lotion Vitamin C + Niacinamide, 1.7 fl oz, 2-pack",https://www.costco.com/p/-/2043018,,,0,0,https://www.costco.com/health-beauty.html,,2026-10-03T03:44:57.232231+00:00
ec6d54e7-27af-5f3e-8e74-ad1a45ebada6,1738,4000223339,1779318,"Beauty of Joseon Glow Serum Propolis + Niacinamide, 3.38 fl oz",https://www.costco.com/p/-/1779318,,,0,0,https://www.costco.com/serums-skin-treatments.html,,2026-10-03T04:30:20.471189+00:00
588469fb-75f1-594c-95cd-06faf83aa716,1738,100778338,1561475,"CeraVe Moisturizing Cream Interchangeable Multi-Pack, 16 oz Jar with Pump + 16 oz Jar",https://www.costco.com/p/-/1561475,,,0,0,https://www.costco.com/health-beauty.html,,2026-10-03T03:44:49.257228+00:00
0e6f7f62-3637-55b4-ae31-8c7cf59332e2,1738,4000033127,1324595,"Lubriderm Daily Moisture Lotion, Fragrance Free 24 fl oz, 2-count + 6 fl oz Travel Size",https://www.costco.com/p/-/1324595,,,0,0,https://www.costco.com/health-beauty.html,,2026-10-03T03:44:49.257228+00:00
c806be26-89f3-59ea-ad58-f5b7e5230d74,1738,4201015703,2043398,"Skin1004 Pore Perfecting Centella Ampoule, 4.06 fl oz, 2-pack",https://www.costco.com/p/-/2043398,,,0,0,https://www.costco.com/serums-skin-treatments.html,,2026-10-03T04:30:20.471189+00:00
3f5d8ac5-5645-5eda-b1bb-e9f6800219e7,1738,4201032948,3847868,Dyson Airwrap i.d. Multi-Styler and Dryer with Chitosan Post-Style Serum,https://www.costco.com/p/-/3847868,,,0,0,https://www.costco.com/hair-care.html,,2026-10-03T03:39:29.638579+00:00
aed39051-2da2-5c9c-b2c7-53742f0b042d,1738,4201032896,2659551,Dyson Airstrait Wet-to-Dry Straightener with Omega Hydrating Hair Oil,https://www.costco.com/p/-/2659551,,,0,0,https://www.costco.com/hair-care.html,,2026-10-03T03:39:29.638579+00:00
30054d8b-d4c0-59e7-9da1-692d3eede51d,1738,4201021071,2026275,Shark FlexStyle IonCurl Air Styling System with Curl IQ,https://www.costco.com/p/-/2026275,,,0,0,https://www.costco.com/beauty-tools-accessories.html,,2026-10-03T02:53:04.574858+00:00
ea1067cb-68d1-5328-8192-e984b13d3383,1738,4000386976,1967795,"Honeyque Deep Repair Shampoo & Conditioner, 15.2 fl oz, 2-pack",https://www.costco.com/p/-/1967795,,,0,0,https://www.costco.com/hair-care.html,,2026-10-03T03:39:29.638579+00:00
d74593a4-80a0-5bd3-abeb-d4b536c3c7f4,1738,4000427496,2017995,"L'Oreal Paris Voluminous Panorama Mascara, Blackest Black, 0.33 fl oz, 2 -pack",https://www.costco.com/p/-/2017995,,,0,0,https://www.costco.com/cosmetics.html,,2026-10-03T03:10:22.991285+00:00
b314c09e-1b4d-569f-b6bc-6fac2e93b08f,1738,4000430793,1968702,&honey Deep Moist Shampoo & Conditioner Set,https://www.costco.com/p/-/1968702,,,0,0,https://www.costco.com/hair-care.html,,2026-10-03T03:39:29.638579+00:00
8642d167-bbac-55ba-8b1b-73808693965d,1738,4000340685,1909829,"Dr. Groot Scalp Revitalizing Shampoo, 23.6 fl oz, 2-pack",https://www.costco.com/p/-/1909829,,,0,0,https://www.costco.com/hair-care.html,,2026-10-03T03:39:29.638579+00:00
ebf348a0-6380-5d0b-a892-c3ad08bdc8de,1738,4201043426,2060571,"ROC Line Smoothing Eye Cream, 0.6 fl oz, 3-pack",https://www.costco.com/p/-/2060571,,,0,0,https://www.costco.com/serums-skin-treatments.html,,2026-10-03T04:30:20.471189+00:00
328a6d68-20f3-5ae5-946e-d6a307af8227,1738,4201011524,2060580,"Pantene Essential Botanicals Green Tea & Lily Hydrating Volume Shampoo, 38.2 fl oz",https://www.costco.com/p/-/2060580,,,0,0,https://www.costco.com/hair-care.html,,2026-10-03T03:39:29.638579+00:00
d28a0f52-297d-50b7-aa82-4a68d02a4324,1738,4000217415,1753490,"Aveeno Daily Moisture Lotion, 24 fl oz, 2-pack",https://www.costco.com/p/-/1753490,,,0,0,https://www.costco.com/moisturizers.html,,2026-10-03T04:07:58.198173+00:00
93f74a06-9d3a-51b4-848f-dbe55b4d4509,1738,4201031675,2085460,"Nopalera Cactus Shower Gel, 24oz, 2-pack",https://www.costco.com/p/-/2085460,,,0,0,https://www.costco.com/bath-body.html,,2026-10-03T02:51:49.733071+00:00
c7f0dff1-4ac6-5963-8ddb-2f7950351ad6,1738,4000202668,1737189,"Neutrogena Hydro Boost Water Cream, 1.7 fl oz, 2-pack",https://www.costco.com/p/-/1737189,,,0,0,https://www.costco.com/moisturizers.html,,2026-10-03T04:07:58.198173+00:00
73d69eb0-7bc8-58da-94ed-22e48b543b7f,1738,4000417685,1966263,"Olay Every Night Retinol, 1.7 oz, 2-pack",https://www.costco.com/p/-/1966263,,,0,0,https://www.costco.com/health-beauty.html,,2026-10-03T03:44:57.232231+00:00
fd88a610-c911-5c2d-8035-1e9a923a0921,1738,4000183076,1744700,"Pantene Multi-Tasker 10 Shampoo, 38.2 fl oz",https://www.costco.com/p/-/1744700,,,0,0,https://www.costco.com/hair-care.html,,2026-10-03T03:39:29.638579+00:00
ca3f0ed5-a43e-593d-a82d-7be2c182b7ed,1738,4201032860,2749064,Dyson Supersonic Nural Hair Dryer with Chitosan Post-Style Serum,https://www.costco.com/p/-/2749064,,,0,0,https://www.costco.com/hair-care.html,,2026-10-03T03:39:29.638579+00:00
5897d5a0-0949-5350-a72c-4570f39c72ed,1738,100771913,1539240,StriVectin Anti-Wrinkle Intensive Eye Concentrate Plus,https://www.costco.com/p/-/1539240,,,0,0,https://www.costco.com/serums-skin-treatments.html,,2026-10-03T04:30:20.471189+00:00
aab492ed-2d57-5565-81cf-3d435580eac2,1738,4000249145,1811598,"Head & Shoulders 2-in-1 Dandruff Shampoo and Conditioner Advanced Scalp Care with Aloe Vera, Coconut Water & Vitamins, 40 fl oz",https://www.costco.com/p/-/1811598,,,0,0,https://www.costco.com/grocery-health-beauty.html,,2026-10-03T03:36:45.467719+00:00
a206d550-54b7-5a5b-8cc1-f9956f2e15c4,1738,4000391717,4698741,Shark FlexFusion Styling and Drying System,https://www.costco.com/p/-/4698741,,,0,0,https://www.costco.com/beauty-tools-accessories.html,,2026-10-03T02:53:04.574858+00:00
1538c3f6-7824-528d-9054-a19a7e89e932,1738,4201011465,2060578,"Pantene Essential Botanicals Green Tea & Lily Hydrating Volume Conditioner, 38.2 fl oz",https://www.costco.com/p/-/2060578,,,0,0,https://www.costco.com/hair-care.html,,2026-10-03T03:39:29.638579+00:00
bb7e43b5-3c28-5638-a8a5-f482cc96fc00,1738,4000179673,1720447,"StriVectin TL Advanced Tightening Neck Cream Plus, 1 oz, 2-pack",https://www.costco.com/p/-/1720447,,,0,0,https://www.costco.com/serums-skin-treatments.html,,2026-10-03T04:30:20.471189+00:00
afe03539-a81a-56d4-add1-59404c135aa8,1738,4000363407,1939944,"Dove Intensive Repair Damage Therapy Shampoo & Conditioner Set, 33.8 fl oz",https://www.costco.com/p/-/1939944,,,0,0,https://www.costco.com/hair-care.html,,2026-10-03T03:39:29.638579+00:00
d60b45b7-c1e7-5a8c-81d1-764a9d8a79ff,1738,4201018118,1733535,Allspace 2 in 1 LED Vanity Mirror and Lamp,https://www.costco.com/p/-/1733535,,,0,0,https://www.costco.com/beauty-tools-accessories.html,,2026-10-03T02:53:04.574858+00:00
3c65f982-fb98-5da2-ad92-1aa85ecbc4cd,1738,4000183119,1744701,"Pantene Multi-Tasker 10 Conditioner, 38.2 fl oz",https://www.costco.com/p/-/1744701,,,0,0,https://www.costco.com/hair-care.html,,2026-10-03T03:39:29.638579+00:00
820d6816-8379-5438-accc-3d82e3eeea35,1738,4000417736,1938952,"Olay Regenerist 10, 1.7 oz, 2-pack",https://www.costco.com/p/-/1938952,,,0,0,https://www.costco.com/health-beauty.html,,2026-10-03T03:45:13.033108+00:00
bc76ece4-38ff-571b-939c-1cf4999a086b,1738,4000432874,2025583,"Nexxus Advanced Hydration Therappe Humectress Shampoo & Conditioner, 32 fl oz each",https://www.costco.com/p/-/2025583,,,0,0,https://www.costco.com/hair-care.html,,2026-10-03T03:39:29.638579+00:00
950acf66-50b5-573d-9572-1dd51d88e08a,1738,4000062580,1695130,"Cetaphil Moisturizing Lotion, Dry to Normal Sensitive Skin, 20 fl oz, 2-count",https://www.costco.com/p/-/1695130,,,0,0,https://www.costco.com/grocery-health-beauty.html,,2026-10-03T03:36:45.467719+00:00
22406b2c-7929-5234-9ad7-201553aabad9,1738,4000348787,1924746,"Super Nature Shampoo/Conditioner, 30 fl oz each",https://www.costco.com/p/-/1924746,,,0,0,https://www.costco.com/hair-care.html,,2026-10-03T03:39:29.638579+00:00
94d45f3b-24c1-5e4c-b6cd-624fbefc0484,1738,4000427499,2015479,"Dr. Groot Scalp Revitalizing Conditioner, 9.46 fl oz, 2-pack",https://www.costco.com/p/-/2015479,,,0,0,https://www.costco.com/hair-care.html,,2026-10-03T03:39:29.638579+00:00
d7e516b2-83d0-5a25-bcf9-39b3ff314837,1738,100038030,778152,"Kirkland Signature Hair Regrowth Treatment Minoxidil Foam for Men, 2.11 oz, 6-count",https://www.costco.com/p/-/778152,,,0,0,https://www.costco.com/hair-care.html,,2026-10-03T03:39:29.638579+00:00
87a749e2-bcdd-5dd5-9b31-84729492a2e8,1738,4201018202,2070165,"Native Moisturizing Lotion Coconut & Vanilla, 23 fl oz, 2-pack",https://www.costco.com/p/-/2070165,,,0,0,https://www.costco.com/health-beauty.html,,2026-10-03T03:45:05.049607+00:00
ad4803c3-dfb1-5233-a557-64568b0d040f,1738,4000430802,2006955,InfinitiPRO by Conair High-Speed Digital Dryer,https://www.costco.com/p/-/2006955,,,0,0,https://www.costco.com/beauty-tools-accessories.html,,2026-10-03T02:53:04.574858+00:00
25bf8d47-ffde-5065-8134-3422c02c2264,1738,4201001463,2016900,"PURCELL Pixcell Biom Glow Barrier Serum, 3.38 fl oz",https://www.costco.com/p/-/2016900,,,0,0,https://www.costco.com/serums-skin-treatments.html,,2026-10-03T04:30:20.471189+00:00
96011ec3-b094-5525-bbdb-bec325ab1706,1738,4201033802,2058358,Shark FacialPro Glow At Home Hydro-Powered Facial System,https://www.costco.com/p/-/2058358,,,0,0,https://www.costco.com/serums-skin-treatments.html,,2026-10-03T04:30:20.471189+00:00
8b3fa56e-379d-514b-8b62-890b2abd44ca,1738,4000403916,1875033,"ROC Advanced Hydration + Water Cream, 1.7 oz, 2-pack",https://www.costco.com/p/-/1875033,,,0,0,https://www.costco.com/moisturizers.html,,2026-10-03T04:07:58.198173+00:00
93ea63e5-07f0-5b95-a33e-15240735f367,1738,4201032949,2058938,Shark CryoGlow Under-Eye Cooling Plus LED Anti-Aging and Skin Clearing Face Mask,https://www.costco.com/p/-/2058938,,,0,0,https://www.costco.com/beauty-tools-accessories.html,,2026-10-03T02:53:04.574858+00:00
52983ceb-1373-5def-b8d7-8927194ff656,1738,4000370809,1897598,"Grace & Stella Under Eye Masks, Under Eye Patches Combo Pack, 24-count",https://www.costco.com/p/-/1897598,,,0,0,https://www.costco.com/serums-skin-treatments.html,,2026-10-03T04:30:20.471189+00:00
7cd0861b-a4e6-5940-b0c4-78195759bacb,1738,4000140199,1696849,"Neutrogena Beach Defense Sunscreen Spray SPF 60+, 8.5 oz, 2-pack",https://www.costco.com/p/-/1696849,,,0,0,https://www.costco.com/sports-fitness.html,,2026-10-03T04:39:10.700237+00:00
baaa5edf-35c4-50c3-b176-a3d1559472ed,1738,4000326113,1877320,"Vacation Classic Sunscreen Lotion, SPF 50, 6 fl oz Duo",https://www.costco.com/p/-/1877320,,,0,0,https://www.costco.com/sports-fitness.html,,2026-10-03T04:39:10.700237+00:00
a06c52f3-a369-5556-b7e3-ec793eecc88f,1738,4000365567,1936069,Hero Mighty Patch 84 Total Patches,https://www.costco.com/p/-/1936069,,,0,0,https://www.costco.com/serums-skin-treatments.html,,2026-10-03T04:30:20.471189+00:00
8445a2bd-6da1-5ad5-bcb2-700e40255ef4,1738,4000425266,1982330,"Hawaiian Tropic Sheer Touch Lotion Sunscreen SPF 30, 10.8 fl oz, 2-pack",https://www.costco.com/p/-/1982330,,,0,0,https://www.costco.com/sports-fitness.html,,2026-10-03T04:39:10.700237+00:00
6ffe744e-98d1-55b4-aeb7-23c60f281978,1738,4000394691,7771711,"Kirkland Signature Men's Midweight Crew Tee, 6-pack",https://www.costco.com/p/-/7771711,,,0,0,https://www.costco.com/mens-clothing.html,,2026-10-03T04:05:19.538514+00:00
3a96d95f-d1a2-5a6e-a6f9-f65afb6d1d35,1738,4000418055,7771662,"Kirkland Signature Men's Tencel Boxer Brief, 4-pack",https://www.costco.com/p/-/7771662,,,0,0,https://www.costco.com/mens-clothing.html,,2026-10-03T04:05:19.538514+00:00
b3d58e7c-3b3a-5d3c-922e-c9f131277f82,1738,4000363784,1940874,Dell Tower Desktop - Intel Core Ultra 5 225 - 16GB RAM - 512GB SSD - Windows 11 Home,https://www.costco.com/p/-/1940874,,,0,0,https://www.costco.com/desktops-servers.html,,2026-10-03T03:16:20.652081+00:00
4c2b8aa1-8854-5517-bea1-30b161fd0adc,1738,4000370781,1947788,Samsung Galaxy Tab S10 FE 10.9” Wi-Fi Tablet 128GB – Includes S Pen and Book Cover Keyboard,https://www.costco.com/p/-/1947788,,,0,0,https://www.costco.com/tablet-computers-accessories.html,,2026-10-03T04:43:53.159091+00:00
cd057cdc-a6f2-581e-83d4-179987e35116,1738,4000427075,2022550,"Samsung Galaxy Tab A11+ 11.0"" Wi-Fi Tablet 128GB - Includes Book Cover",https://www.costco.com/p/-/2022550,,,0,0,https://www.costco.com/tablet-computers-accessories.html,,2026-10-03T04:43:53.159091+00:00
9f48bb4f-4e83-50aa-85f3-eb12ac56b7ca,1738,4000445406,2084956,CyberPowerPC Gamer Xtreme Gaming Desktop - Intel Core Ultra 5 225F - GeForce RTX 5060 - 32GB RAM - 1TB SSD - Windows 11,https://www.costco.com/p/-/2084956,,,0,0,https://www.costco.com/desktops-servers.html,,2026-10-03T03:16:20.652081+00:00
154365de-7d18-5aac-8c03-7476a3d91154,1738,4000319402,1884152,"Acer 15.6"" Portable Monitor",https://www.costco.com/p/-/1884152,,,0,0,https://www.costco.com/computers.html,,2026-10-02T04:31:09.365756+00:00
01f29312-1707-5617-afa1-5e6c6e074dff,1738,4000279578,1841464,"SanDisk Extreme Go Portable SSD, 2TB",https://www.costco.com/p/-/1841464,,,0,0,https://www.costco.com/hard-drives-memory.html,,2026-10-03T03:40:47.912132+00:00
9dc2cf66-04f7-5ea9-973c-b6dc37e40727,1738,4000446220,2027121,"Acer Aspire 16"" AI Copilot+ PC Touchscreen Laptop - Intel Core Ultra 5 processor 226V - WUXGA (1920 x 1200) Touchscreen - 16GB RAM - 1TB SSD - Windows 11 Home - Steel Gray",https://www.costco.com/p/-/2027121,,,0,0,https://www.costco.com/pc-laptops.html,,2026-10-03T04:16:25.271422+00:00
3aeeec16-99e2-5772-89ce-a8c78cdce931,1738,4201023303,2051888,"HP OmniBook 3 14"" Next Gen AI Laptop - Qualcomm Snapdragon X - Copilot+ PC - 2K OLED (1920 x 1200) - 16GB Memory - 512GB SSD - Windows 11 Home",https://www.costco.com/p/-/2051888,,,0,0,https://www.costco.com/pc-laptops.html,,2026-10-03T04:16:25.271422+00:00
c88ada03-bfde-5618-99b2-4c70628ee41a,1738,4000285678,1849805,"iPad, 128GB Wi-Fi (A16 chip)",https://www.costco.com/p/-/1849805,,,0,0,https://www.costco.com/electronics.html,,2026-10-03T03:23:36.115636+00:00
719c39b3-7d5a-56c0-bc0d-ee4916d92eec,1738,4201013672,2016969,"Galaxy Book4 Edge 14"" Copilot+ PC Touchscreen Laptop - Snapdragon X Elite (12 Core) - Dynamic AMOLED 2X WQXGA+ (2880 x 1800) - 16GB RAM - 512GB SSD - Windows 11 Home",https://www.costco.com/p/-/2016969,,,0,0,https://www.costco.com/pc-laptops.html,,2026-10-03T04:16:25.271422+00:00
731a54da-3e3e-5ff9-9f30-0304442c3224,1738,4201000972,2056363,"HP OmniStudio 27"" Touchscreen All-in-One Desktop - Intel Core Ultra 5 325 - Copilot+ PC - FHD (1920 x 1080) - 16GB RAM - 1TB SSD - Windows 11 Home",https://www.costco.com/p/-/2056363,,,0,0,https://www.costco.com/desktops-servers.html,,2026-10-03T03:16:20.652081+00:00
19b702e1-60ad-5dd0-99a0-9eb4b0f29e12,1738,4000364641,1943678,"Epson EcoTank ET-3958 Wireless All-in-One Color Supertank Printer, White",https://www.costco.com/p/-/1943678,,,0,0,https://www.costco.com/computers.html,,2026-10-02T04:31:09.365756+00:00
43e66bf9-e4d7-5c1d-8821-08193f2b8674,1738,4000371942,1831180,Sony PlayStation Portal Remote Player Bundle,https://www.costco.com/p/-/1831180,,,0,0,https://www.costco.com/electronics.html,,2026-10-03T03:23:44.716572+00:00
19eee867-30fb-5294-b32e-eb6372cb7ca9,1738,4000447603,2046716,"MacBook Neo Laptop (13-inch) - Apple A18 Pro Chip, Built for Apple Intelligence, 6-core CPU, 5-core GPU, 8GB Memory, 256GB SSD Storage",https://www.costco.com/p/-/2046716,,,0,0,https://www.costco.com/electronics.html,,2026-10-03T03:23:44.716572+00:00
3394a52a-ea89-59df-a4c8-4e626faf0e52,1738,4000355164,1945458,"HP OmniBook 7 Flip 16"" 2-in-1 AI Laptop - Intel Evo Platform Powered by Intel Core Ultra 7 258V - Copilot+ PC - 3K OLED Touchscreen - 32GB Memory - 1TB SSD - Windows 11 Home",https://www.costco.com/p/-/1945458,,,0,0,https://www.costco.com/pc-laptops.html,,2026-10-03T04:16:25.271422+00:00
159655c3-0896-519d-bae4-354456774816,1738,4000235251,1788293,"Brother's MFC-L3765CDW Digital Color Printer With Copy, Scan, and Fax",https://www.costco.com/p/-/1788293,,,0,0,https://www.costco.com/computers.html,,2026-10-02T04:31:09.365756+00:00
21489157-3b9d-565d-bd02-4c05c0cf9718,1738,4201002837,2041212,"Lenovo IdeaPad 5 2-in-1 14"" Touchscreen Laptop -  Ryzen AI 7 445 Processor - WUXGA (1920 x 1200) - 16GB RAM - 1TB SSD -  Windows 11 Home - Digital Pen Included",https://www.costco.com/p/-/2041212,,,0,0,https://www.costco.com/pc-laptops.html,,2026-10-03T04:16:25.271422+00:00
887620ca-b375-5a2f-94cd-3e59ea6573eb,1738,4000449752,2091245,"iBUYPOWER Element Gaming PC Desktop - AMD Ryzen 7 9800X3D - NVIDIA GeForce RTX 5070 12GB - 32GB RAM, 2TB SSD",https://www.costco.com/p/-/2091245,,,0,0,https://www.costco.com/desktops-servers.html,,2026-10-03T03:16:20.652081+00:00
dc367cf8-2334-5560-9ab9-79045dea69bd,1738,4000349934,1925449,Epson EcoTank ET-2988 Wireless SuperTank Printer - White,https://www.costco.com/p/-/1925449,,,0,0,https://www.costco.com/computers.html,,2026-10-02T04:31:09.365756+00:00
49c8ce59-ed3e-572c-9da6-b903d737190d,1738,4201033147,2094503,Logitech MX Performance Keyboard and Mouse Combo,https://www.costco.com/p/-/2094503,,,0,0,https://www.costco.com/computers.html,,2026-10-02T04:31:09.365756+00:00
6b0fc5e8-973e-5deb-9542-bfd6e7035563,1738,4000444336,2042863,"MacBook Air Laptop (13-inch) with Apple M5 Chip, Built for Apple Intelligence",https://www.costco.com/p/-/2042863,,,0,0,https://www.costco.com/electronics.html,,2026-10-03T03:23:44.716572+00:00
f1cc8498-e1e0-5352-94e9-5084ed00fdfe,1738,4201037353,2026156,"Acer Aspire Go 15.6"" Touchscreen Laptop – AMD Ryzen 5 40 Processor – FHD (1920 x 1080) – 16GB RAM - 1TB SSD - Windows 11 Home - Steam Blue",https://www.costco.com/p/-/2026156,,,0,0,https://www.costco.com/computers.html,,2026-10-02T04:31:09.365756+00:00
d9057f42-e6ca-5a99-8cd4-01506aaba09b,1738,4201011238,2063822,HP OfficeJet Pro 8138 All-in-One Color Inkjet Printer- AI Capable,https://www.costco.com/p/-/2063822,,,0,0,https://www.costco.com/computers.html,,2026-10-02T04:31:09.365756+00:00
6cf028f1-a213-5125-ad0a-50e7d932549e,1738,4000449806,2048444,"UltraPro Elite 8-outlet Surge Protector, 2-pack",https://www.costco.com/p/-/2048444,,,0,0,https://www.costco.com/computers.html,,2026-10-02T04:31:09.365756+00:00
816e7f25-66f9-579a-9c06-b21c08c5c460,1738,4000434487,2032595,"LG 27"" Full HD 100Hz Monitor with HDR 10 and USB Type-C 15W P",https://www.costco.com/p/-/2032595,,,0,0,https://www.costco.com/computers.html,,2026-10-02T04:31:17.486465+00:00
22746f2b-97cd-5626-bb57-0c10010d7d44,1738,4000445388,2074545,"MSI Prestige 16 AI+ Copilot+ Laptop - 16"" OLED 2880 x 1800 Touchscreen - Intel Core Ultra X7 358H - 32GB RAM - 1TB SSD - Windows 11",https://www.costco.com/p/-/2074545,,,0,0,https://www.costco.com/pc-laptops.html,,2026-10-03T04:16:25.271422+00:00
66c6b667-c372-5c70-a529-9b4bc1c95b96,1738,4000394200,1977050,"LG 34"" WQHD 120Hz Curved Ultrawide Monitor",https://www.costco.com/p/-/1977050,,,0,0,https://www.costco.com/computers.html,,2026-10-02T04:31:17.486465+00:00
cb655738-578f-549b-8d3b-373dcb7a268d,1738,4000355760,1927586,MSI Aegis Gaming Desktop - AMD Ryzen 9 9900X - GeForce RTX 5080 - Windows 11 Home - 32GB RAM - 2TB SSD,https://www.costco.com/p/-/1927586,,,0,0,https://www.costco.com/desktops-servers.html,,2026-10-03T03:16:20.652081+00:00
e3eb08ca-f7cb-5cf3-9099-ce7ecf818097,1738,4201011710,2045757,"Lenovo IdeaPad Slim 5i 16"" Touchscreen Copilot+ PC Laptop -  WUXGA (1920 x 1200) - Intel Core Ultra 5 Processor - 16GB RAM - 512GB SSD - Windows 11 Home - Cosmic Blue",https://www.costco.com/p/-/2045757,,,0,0,https://www.costco.com/pc-laptops.html,,2026-10-03T04:16:25.271422+00:00
3a6efb45-68f7-548d-822d-ef85a4e56253,1738,4000364539,9520001,Canon IVY 2 Mini Photo Printer Bundle - White,https://www.costco.com/p/-/9520001,,,0,0,https://www.costco.com/electronics.html,,2026-10-03T03:23:51.988933+00:00
1540a7f1-ffb2-5369-a274-8d1df1bcd320,1738,4000061905,2041010,"Lenovo Legion 5 15.3"" Gaming Laptop  - Ryzen AI 9 465 - GeForce RTX 5070 - WQXGA (2560 x 1600) - 32GB RAM - 1TB SSD -  Windows 11 Home",https://www.costco.com/p/-/2041010,,,0,0,https://www.costco.com/gaming-laptops.html,,2026-10-03T03:33:31.470744+00:00
888c5f2d-a185-5a5a-8331-d6d26ec7b368,1738,4000375972,1932660,MSI Codex R2 Gaming Desktop - Intel Core Ultra 7 265 - NVIDIA RTX 5060 Ti 8GB - Windows 11 Home - 32GB RAM - 2TB SSD,https://www.costco.com/p/-/1932660,,,0,0,https://www.costco.com/desktops-servers.html,,2026-10-03T03:16:20.652081+00:00
0c7a635a-c306-5248-9e3a-c462978e4eb3,1738,4000225180,1780758,"iMac All-in-One Desktop Computer (24-inch) - Apple M4 chip, Built for Apple Intelligence, 8-core CPU, 8-core GPU, 16GB Memory, 256GB SSD Storage",https://www.costco.com/p/-/1780758,,,0,0,https://www.costco.com/desktops-servers.html,,2026-10-03T03:16:20.652081+00:00
8a5cafb1-d3dc-576c-a72b-0230e8191a38,1738,4000444232,2042877,"MacBook Air Laptop (15-inch) with Apple M5 Chip, Built for Apple Intelligence",https://www.costco.com/p/-/2042877,,,0,0,https://www.costco.com/electronics.html,,2026-10-03T03:23:51.988933+00:00
8b487b7c-3041-5510-ab97-21ed7c875bd9,1738,4201002147,2056767,"HP OmniBook 3 17.3"" Touchscreen Laptop - Intel Core Ultra 5 322 - Copilot+ PC - FHD (1920 x 1080) - 16GB RAM - 512GB SSD - Windows 11 Home",https://www.costco.com/p/-/2056767,,,0,0,https://www.costco.com/pc-laptops.html,,2026-10-03T04:16:25.271422+00:00
837c176f-f42d-5e8e-bc24-80c305967842,1738,4201015412,2013232,"Alienware 15.3"" Gaming Laptop - AMD Ryzen 7 260 Processor - NVIDIA GeForce RTX 5060 - 16GB RAM - WUXGA (1920 x 1200) 165Hz Display - 1TB SSD - Windows 11 Home",https://www.costco.com/p/-/2013232,,,0,0,https://www.costco.com/gaming-laptops.html,,2026-10-03T03:33:31.470744+00:00
cf56f7c8-8164-5ffd-a898-af8b167bd420,1738,4000370739,1945139,"MacBook Pro Laptop (14-inch) - Apple M5 chip, Built for Apple Intelligence, 10-core CPU, 10-core GPU, 16GB Memory, 1TB SSD Storage",https://www.costco.com/p/-/1945139,,,0,0,https://www.costco.com/electronics.html,,2026-10-03T03:24:08.492731+00:00
2f6b377c-2e2f-5106-b9a1-8892aec40227,1738,4000280764,1842865,HP Color LaserJet Pro MFP 3301cdw Wireless All-in-One Printer,https://www.costco.com/p/-/1842865,,,0,0,https://www.costco.com/computers.html,,2026-10-02T04:31:17.486465+00:00
2fe9da2e-5e37-566c-b44c-6ebb42f20cc8,1738,4201018429,2051275,"Acer Nitro 31.5"" Class 180Hz WQHD Curved Gaming Monitor",https://www.costco.com/p/-/2051275,,,0,0,https://www.costco.com/computers.html,,2026-10-02T04:31:17.486465+00:00
15a105f2-6521-5966-9959-124ca3cd819e,1738,4201032687,2014292,"Dell Plus 16"" Touchscreen Laptop - Intel Core Ultra 7 256V Processor - FHD (1920 x 1080) - 16GB RAM - 512GB SSD - Windows 11 Home - Ice Blue",https://www.costco.com/p/-/2014292,,,0,0,https://www.costco.com/pc-laptops.html,,2026-10-03T04:16:25.271422+00:00
01f98c83-1dd3-5016-9a3f-8213a8e40974,1738,4201002266,2055389,"HP OmniBook 5 16"" Touchscreen Laptop - Qualcomm Snapdragon X Plus (8 core) - Copilot+ PC - 2K OLED (1920 x 1200) - 16GB RAM - 1TB SSD - Windows 11 Home",https://www.costco.com/p/-/2055389,,,0,0,https://www.costco.com/pc-laptops.html,,2026-10-03T04:16:25.271422+00:00
fb387e59-88db-5194-b1bf-ce876ac5dea7,1738,4000373193,9520002,Canon IVY 2 Mini Photo Printer Bundle - Pink,https://www.costco.com/p/-/9520002,,,0,0,https://www.costco.com/electronics.html,,2026-10-03T03:24:00.518360+00:00
03c23948-9abc-58eb-9652-297e677580c0,1738,4000444288,2042897,"MacBook Pro Laptop (16-inch) - Apple M5 Pro Chip, Built for Apple Intelligence, 18-core CPU, 20-core GPU, 24GB Memory, 1TB SSD Storage",https://www.costco.com/p/-/2042897,,,0,0,https://www.costco.com/electronics.html,,2026-10-03T03:24:08.492731+00:00
540512d9-8d2a-5d3b-88a1-5099a1c652de,1738,4201021105,2056897,"MSI 27"" Gaming QHD QD-OLED 240Hz 0.03ms NVIDIA G-Sync & AMD FreeSync Monitor",https://www.costco.com/p/-/2056897,,,0,0,https://www.costco.com/computers.html,,2026-10-02T04:31:17.486465+00:00
7b6c8f33-14af-5798-8766-88dfbef91082,1738,4201003302,2034091,"TP-Link Deco 7 Pro BE13000 Tri-Band Wi-Fi 7 Whole Home Mesh Router System, 3-Pack",https://www.costco.com/p/-/2034091,,,0,0,https://www.costco.com/electronics.html,,2026-10-03T03:23:51.988933+00:00
840c8423-b11e-5d2f-bcc4-239e6330defb,1738,4000285631,1849809,"iPad, 256GB Wi-Fi (A16 chip)",https://www.costco.com/p/-/1849809,,,0,0,https://www.costco.com/electronics.html,,2026-10-03T03:23:51.988933+00:00
3d5ee3ea-7de0-54a5-97f3-856eefa41599,1738,4000444349,2042802,"iPad Air 11-inch, 128GB Wi-Fi (M4 chip) Built For Apple Intelligence",https://www.costco.com/p/-/2042802,,,0,0,https://www.costco.com/electronics.html,,2026-10-03T03:24:00.518360+00:00
f6311ac1-763b-54d3-bf3e-782572ca13b6,1738,4000444264,2042887,"MacBook Pro Laptop (14-inch) - Apple M5 Pro Chip, Built for Apple Intelligence, 15-core CPU, 16-core GPU, 24GB Memory, 1TB SSD Storage",https://www.costco.com/p/-/2042887,,,0,0,https://www.costco.com/electronics.html,,2026-10-03T03:24:08.492731+00:00
66cb7204-e5c1-58f3-8a04-2287a3a396c6,1738,4000446283,2045878,"Lenovo IdeaPad Slim 5i 16"" Touchscreen Laptop - Intel Core Ultra 7 355 - WUXGA 1920 x 1200 - 16GB RAM -  1TB SSD - Windows 11 Home",https://www.costco.com/p/-/2045878,,,0,0,https://www.costco.com/pc-laptops.html,,2026-10-03T04:16:25.271422+00:00
c8f2bc7b-f154-57da-8baf-2601ad7e9370,1738,4000276944,1881000,Magic Keyboard — White iPad Air 11-inch,https://www.costco.com/p/-/1881000,,,0,0,https://www.costco.com/tablet-computers-accessories.html,,2026-10-03T04:43:53.159091+00:00
476828a1-b874-5c5a-97b5-0a4f09baa6d2,1738,4000448442,2049874,"Lenovo IdeaPad 5i 2-in-1 15.3"" Touchscreen Copilot+PC - Core Ultra 7 355 - WUXGA (1920 x 1200) - 16GB RAM - 1TB SSD - Windows 11 Home - Digital Pen Included",https://www.costco.com/p/-/2049874,,,0,0,https://www.costco.com/pc-laptops.html,,2026-10-03T04:16:25.271422+00:00
340491c4-1bef-5cb6-8748-4df9fd1a417a,1738,4000444297,2042938,"Mac mini Desktop Computer - Apple M6 chip, Built for Apple Intelligence, 12-core CPU, 12-core GPU, 16GB Memory, 256GB SSD Storage",https://www.costco.com/p/-/2042938,,,0,0,https://www.costco.com/desktops-servers.html,,2026-10-03T03:16:20.652081+00:00
4764aec8-b89d-51a6-a1b7-ffa8e6fb3fa7,1738,4201002558,2017575,"ASUS ROG Strix G18 18"" Gaming Laptop - Intel Core Ultra 9 290HX PLUS - NVIDIA® GeForce RTX 5060, 2.5K 300Hz/3ms ROG Nebula Display - 32GB RAM, 1TB SSD - Windows 11 Home",https://www.costco.com/p/-/2017575,,,0,0,https://www.costco.com/pc-laptops.html,,2026-10-03T04:16:25.271422+00:00
eda29cc4-5ff5-5d95-9c25-f3a8fa9d1568,1738,4201035515,2064507,"34"" ViewFinity S5 Ultrawide QHD 120Hz Curved Monitor",https://www.costco.com/p/-/2064507,,,0,0,https://www.costco.com/computers.html,,2026-10-02T04:31:25.489202+00:00
f1b36714-422b-539b-a43b-1f2af1db9e58,1738,4000276943,1882000,Magic Keyboard — White iPad Air 13-inch,https://www.costco.com/p/-/1882000,,,0,0,https://www.costco.com/tablet-computers-accessories.html,,2026-10-03T04:43:53.159091+00:00
9cce30de-7a09-561c-a03d-77aa04c6f185,1738,4201000935,2042369,"Lenovo IdeaPad Pro 5i 16"" TouchScreen Laptop - Intel Core Ultra 9 386H Processor - NVIDIA GeForce RTX 5050 - 32GB RAM -  1TB SSD - Windows 11 Home",https://www.costco.com/p/-/2042369,,,0,0,https://www.costco.com/pc-laptops.html,,2026-10-03T04:16:25.271422+00:00
7a56dba3-66f1-5297-9af8-854ba01227ba,1738,4201002121,2054567,"HP OmniBook X 14"" Touchscreen Laptop - Intel Core Ultra 7 355 - Copilot+ PC - 3K (2880 x 1800) OLED - 16GB RAM - 1TB SSD - Windows 11 Home",https://www.costco.com/p/-/2054567,,,0,0,https://www.costco.com/pc-laptops.html,,2026-10-03T04:16:25.271422+00:00
3a3c4cbb-a071-5ecb-958d-820758b5438e,1738,4201007940,2051427,"HP HyperX OMEN 15.3"" Gaming Laptop - Intel Core Ultra 9 275HX - GeForce RTX 5070 - 2.5K (2560 x 1600) 180Hz - 32GB RAM - 1TB SSD - Windows 11 Home",https://www.costco.com/p/-/2051427,,,0,0,https://www.costco.com/gaming-laptops.html,,2026-10-03T03:33:31.470744+00:00
92c6c773-8776-59b2-b728-154a46454c3f,1738,4000366725,1943045,"iPad Pro 13-inch, 256GB Wi-Fi (M5 chip) Built For Apple Intelligence",https://www.costco.com/p/-/1943045,,,0,0,https://www.costco.com/electronics.html,,2026-10-03T03:24:08.492731+00:00
8df0c519-e04f-5cee-956b-8c8bd5b776e8,1738,4201003708,2059823,"HP OmniBook 5 16"" Touchscreen Laptop - Intel Core Ultra 9 386H - Copilot+ PC - 2K OLED (1920 x 1200) - 32GB RAM - 1TB SSD - Windows 11 Home",https://www.costco.com/p/-/2059823,,,0,0,https://www.costco.com/pc-laptops.html,,2026-10-03T04:16:25.271422+00:00
9a90565c-3534-5dfc-8b17-8470385d84f4,1738,4000285636,1849834,"iPad Pro 11-inch, 256GB Wi-Fi (M5 chip) Built For Apple Intelligence",https://www.costco.com/p/-/1849834,,,0,0,https://www.costco.com/electronics.html,,2026-10-03T03:24:08.492731+00:00
249e8afb-56f0-5782-a2f8-5e1b3e7eb93f,1738,4000276952,1778000,Magic Keyboard for iPad Pro 13‑inch - US English,https://www.costco.com/p/-/1778000,,,0,0,https://www.costco.com/tablet-computers-accessories.html,,2026-10-03T04:43:53.159091+00:00
d850d880-6ebe-5ad9-9d83-26132edc13f6,1738,4000276972,1774000,Magic Keyboard for iPad Pro 11‑inch - US English,https://www.costco.com/p/-/1774000,,,0,0,https://www.costco.com/tablet-computers-accessories.html,,2026-10-03T04:43:53.159091+00:00
d262bf40-3145-5ded-9f4d-fae7048230c9,1738,4201013692,9655750,"Hisense 55"" Class - QD7 Series - 4K Hi-QLED Smart TV - Allstate 3-Year Protection Plan Bundle Included for 5 Years of Total Coverage*",https://www.costco.com/p/-/9655750,,,0,0,https://www.costco.com/electronics.html,,2026-10-03T03:23:36.115636+00:00
f085067d-b1aa-5496-b0d4-f20df557eb94,1738,4000394705,1783252,Thomasville Gilroy Fabric Oversized Storage Chair and Storage Ottoman,https://www.costco.com/p/-/1783252,,,0,0,https://www.costco.com/costco-direct.html,,2026-10-02T05:10:05.924293+00:00
0364168c-286e-5522-a0b1-d548acb012d1,1738,4000104772,1694813,Suncast 6' x 5' Modern Shed,https://www.costco.com/p/-/1694813,,,0,0,https://www.costco.com/patio-lawn-garden.html,,2026-10-03T04:15:45.759785+00:00
859d6db9-c0f3-5b85-9b24-4bbe95d38f49,1738,100741374,1495966,Samsung 17.5 cu. ft. Smart Counter Depth 3-Door French Door Refrigerator,https://www.costco.com/p/-/1495966,,,0,0,https://www.costco.com/costco-direct-appliances.html,,2026-10-02T05:10:45.289663+00:00
f6511f9b-3762-5868-b750-1679bdba7a14,1738,100683465,1476909,LG WashTower Single Unit ELECTRIC with Center Control 4.5 cu. ft. Front Load Washer and 7.4 cu. ft. Dryer with TurboSteam,https://www.costco.com/p/-/1476909,,,0,0,https://www.costco.com/costco-direct-appliances.html,,2026-10-02T05:10:45.289663+00:00
3337f892-57f1-56cd-a930-f5f4dfcd997f,1738,100382852,2776560,Whirlpool 25 cu. ft. Large Side-by-Side Refrigerator with Deli Drawer,https://www.costco.com/p/-/2776560,,,0,0,https://www.costco.com/costco-direct-appliances.html,,2026-10-02T05:10:45.289663+00:00
db522615-b6ad-568e-b3f1-1bd4e6e31ffe,1738,4201028418,1985364,Stern Pokémon Pinball Machine,https://www.costco.com/p/-/1985364,,,0,0,https://www.costco.com/sports-fitness.html,,2026-10-03T04:39:10.700237+00:00
5bea8d95-16ce-54e4-a9b9-794cd3a804f8,1738,4201032725,1985330,Medal Sports Roll & Score,https://www.costco.com/p/-/1985330,,,0,0,https://www.costco.com/costco-direct-fitness.html,,2026-10-02T05:11:27.650612+00:00
da0eeacb-4247-5ad2-911c-615be25e3117,1738,4000445505,1987612,Tresanti Juliette 75” Console with Electric Fireplace,https://www.costco.com/p/-/1987612,,,0,0,https://www.costco.com/costco-direct-furniture.html,,2026-10-02T05:12:07.196836+00:00
063cb498-d483-5415-95ea-66e8606dbb36,1738,4000242671,1782774,Thomasville Tisdale Modular Sectional 6-piece Dark Gray with Storage Ottoman,https://www.costco.com/p/-/1782774,,,0,0,https://www.costco.com/costco-direct-furniture.html,,2026-10-02T05:12:07.196836+00:00
9c22ae71-6e43-5325-a223-2992725bc804,1738,4000435609,1862201,Thomasville Daxton Wood and Upholstered Bed Frame,https://www.costco.com/p/-/1862201,,,0,0,https://www.costco.com/costco-direct-furniture.html,,2026-10-02T05:12:07.196836+00:00
3852f92f-f955-5a2a-becb-5bc7a146a83b,1738,4000399251,1812812,"Montebello 68"" Accent Console",https://www.costco.com/p/-/1812812,,,0,0,https://www.costco.com/furniture.html,,2026-10-03T03:32:50.099621+00:00
055cb916-e7be-5454-a897-11421decb86e,1738,4000295255,1600208,"Gorilla Rack Industrial Shelving, 77” x 24” x 72""",https://www.costco.com/p/-/1600208,,,0,0,https://www.costco.com/hardware.html,,2026-10-03T03:42:43.863001+00:00
cb0f4747-27cb-530c-a0ce-7902ad8ec106,1738,4000435655,1937970,Kohler Calidus 2-piece Elongated Toilet,https://www.costco.com/p/-/1937970,,,0,0,https://www.costco.com/hardware.html,,2026-10-03T03:42:52.175920+00:00
57be3bbb-e16e-5e03-bc69-4247e7a550d9,1738,4201019955,1938016,Sanctuary Reserve 6.0 cu. ft. Fireproof and Waterproof Safe with Electronic Lock,https://www.costco.com/p/-/1938016,,,0,0,https://www.costco.com/costco-direct-home-upgrades.html,,2026-10-02T05:12:47.024299+00:00
e605a657-4705-59c8-81cc-e0a18f7c26af,1738,4000341628,1806208,"Kohler Fora One-piece Elongated Smart Toilet, Dual-flush",https://www.costco.com/p/-/1806208,,,0,0,https://www.costco.com/hardware.html,,2026-10-03T03:42:52.175920+00:00
11783af4-54d9-5f29-a56c-3296ff12e124,1738,4000240166,1671617,"Sanctuary 6.0 cu. ft. Gun Safe, Electronic Lock, Water & Fire Rated",https://www.costco.com/p/-/1671617,,,0,0,https://www.costco.com/costco-direct-home-upgrades.html,,2026-10-02T05:12:47.024299+00:00
bec487e2-7d01-538f-b163-921e7ec0de7c,1738,4000222494,1723201,Novaform 14” ComfortGrande Advanced Gel Memory Foam Mattress,https://www.costco.com/p/-/1723201,,,0,0,https://www.costco.com/costco-direct-mattresses.html,,2026-10-02T05:13:25.784322+00:00
6c0251aa-18a3-587c-8dd8-f65f8d2fdf87,1738,4000203417,1748799,"Casper Cooling Select 12"" Memory Foam Mattress",https://www.costco.com/p/-/1748799,,,0,0,https://www.costco.com/costco-direct-mattresses.html,,2026-10-02T05:13:25.784322+00:00
39c9f5fa-6935-5eb1-a28c-68e88fe07ee9,1738,100821382,1608575,"Beautyrest 12"" BR800 Medium Mattress",https://www.costco.com/p/-/1608575,,,0,0,https://www.costco.com/mattresses.html,,2026-10-03T04:03:19.382139+00:00
d3c59445-2d66-596e-95b2-4a0c9380cae4,1738,4000363508,1900477,"Sealy Posturepedic Pro Highland Manor 13"" Medium Mattress",https://www.costco.com/p/-/1900477,,,0,0,https://www.costco.com/costco-direct-mattresses.html,,2026-10-02T05:13:25.784322+00:00
d13f9c16-d583-5187-a071-f1c6a7c517fd,1738,4000326605,1847133,"Novaform 14"" Legacy Premier Support Hybrid Euro Top Mattress",https://www.costco.com/p/-/1847133,,,0,0,https://www.costco.com/mattresses.html,,2026-10-03T04:03:19.382139+00:00
0e251519-6ecb-5367-90c6-57a05a26c590,1738,4000181704,1743415,"PurpleRenew 11"" Gel Grid Mattress",https://www.costco.com/p/-/1743415,,,0,0,https://www.costco.com/costco-direct-mattresses.html,,2026-10-02T05:13:25.784322+00:00
e34fee76-f80f-55a7-add9-f641556a9370,1738,4000228507,1872231,"Bestway Platinum Series Power Steel 20' x 12' x 48"" Oval Pool Set",https://www.costco.com/p/-/1872231,,,0,0,https://www.costco.com/costco-direct-patio-garden.html,,2026-10-02T05:14:04.694350+00:00
2f737414-4407-53b6-a2bf-b732f2d80998,1738,4000437576,1999335,Weber Genesis C-335E Gas Grill,https://www.costco.com/p/-/1999335,,,0,0,https://www.costco.com/patio-lawn-garden.html,,2026-10-03T04:15:45.759785+00:00
ef6f2e7a-19a8-534b-bd01-5d6a2ccc7f11,1738,4000397074,1934226,Blackstone 36” Omnivore Griddle with Hinged Hood and Soft Cover,https://www.costco.com/p/-/1934226,,,0,0,https://www.costco.com/patio-lawn-garden.html,,2026-10-03T04:15:45.759785+00:00
ca0eede4-62a4-5996-9c82-5c3471d7a30b,1738,4000403609,1934144,Mirador 11.4' Cantilever Umbrella with Rolling Base,https://www.costco.com/p/-/1934144,,,0,0,https://www.costco.com/costco-direct-patio-garden.html,,2026-10-02T05:14:04.694350+00:00
a23fd413-c85a-5b50-a256-e9daf4dd434e,1738,4201014349,2046928,Lifetime 10' x 8' Outdoor Storage Shed,https://www.costco.com/p/-/2046928,,,0,0,https://www.costco.com/costco-direct-patio-garden.html,,2026-10-02T05:14:04.694350+00:00
2347d0cf-4d84-51d8-b32e-637a007559f7,1738,4000043975,2127608,Yardistry 12' x 14' Contemporary Gazebo with Aluminum Roof,https://www.costco.com/p/-/2127608,,,0,0,https://www.costco.com/costco-direct-patio-garden.html,,2026-10-02T05:14:04.694350+00:00
662dc0f9-23af-5baf-a0a6-6dc5ebd9984f,1738,4201000530,9675700,"Samsung 75"" Class - M70H Series - 4K Mini LED - Smart TV",https://www.costco.com/p/-/9675700,,,0,0,https://www.costco.com/electronics.html,,2026-10-03T03:23:36.115636+00:00
b7dd3baf-5dce-53aa-aaff-e3d51c7432f7,1738,4201040398,9665888,"Samsung 65"" Class - U8000H Crystal UHD Series - 4K Smart TV",https://www.costco.com/p/-/9665888,,,0,0,https://www.costco.com/electronics.html,,2026-10-03T03:23:36.115636+00:00
05fef4bd-96eb-519a-92de-1ea8715a5d7f,1738,4201000571,9665700,"Samsung 65"" Class - M70H Series - 4K Mini LED - Smart TV",https://www.costco.com/p/-/9665700,,,0,0,https://www.costco.com/electronics.html,,2026-10-03T03:23:36.115636+00:00
74b38415-959e-58cb-9cb4-7fbe429226f1,1738,4000364007,9565677,"TCL 65"" Class - Q77K Series - 4K UHD QLED Smart TV - Allstate 3-Year Protection Plan Bundle Included for 5 Years of Total Coverage*",https://www.costco.com/p/-/9565677,,,0,0,https://www.costco.com/costco-direct-tvs.html,,2026-10-02T05:14:42.734004+00:00
7d350e57-b6aa-57c1-ae0a-1a10dbbed41b,1738,4201019049,9698900,"Samsung 98"" Class - U9000H Crystal UHD Series - 4K Smart TV - Allstate 3 -Year Protection Plan Bundle Included For 5 Years of Total Coverage*",https://www.costco.com/p/-/9698900,,,0,0,https://www.costco.com/electronics.html,,2026-10-03T03:23:36.115636+00:00
72109cf2-c3a4-5a90-bf18-311ca01a91c2,1738,4000359609,9565888,"Samsung 65"" Class - U8000F Crystal UHD Series - 4K Smart TV",https://www.costco.com/p/-/9565888,,,0,0,https://www.costco.com/costco-direct-tvs.html,,2026-10-02T05:14:42.734004+00:00
ee597c53-0dae-52ac-a718-b442c23252b7,1738,4000359589,9575888,"Samsung 75"" Class - U8000F Crystal UHD Series - 4K Smart TV",https://www.costco.com/p/-/9575888,,,0,0,https://www.costco.com/costco-direct-tvs.html,,2026-10-02T05:14:42.734004+00:00
01377d18-ad9f-5cce-8511-e388fff1caeb,1738,4201018723,9685870,"LG 85"" Class - NANO 4K UHD AI NU87 Series - 4K Smart TV - Allstate 3-Year Protection Plan Bundle Included For 5 Years of Total Coverage*",https://www.costco.com/p/-/9685870,,,0,0,https://www.costco.com/electronics.html,,2026-10-03T03:23:44.716572+00:00
65200a7e-0f97-5784-a634-9554864d1b45,1738,4201034608,9655888,"Samsung 55"" Class - U8000H Crystal UHD Series - 4K Smart TV",https://www.costco.com/p/-/9655888,,,0,0,https://www.costco.com/electronics.html,,2026-10-03T03:23:44.716572+00:00
92d5c4f8-d906-5cb1-8d3a-e6fb64e6d63e,1738,4201017809,9665065,"Hisense 65"" Class - U65 Pro Series - 4K ULED MiniLED Smart TV - Allstate 3-Year Protection Plan Bundle Included for 5 Years of Total Coverage*",https://www.costco.com/p/-/9665065,,,0,0,https://www.costco.com/electronics.html,,2026-10-03T03:23:44.716572+00:00
90c1558f-1a77-597d-b0d2-0a6b4191fb2c,1738,4000359546,9555888,"Samsung 55"" Class - U8000F Crystal UHD Series - 4K Smart TV",https://www.costco.com/p/-/9555888,,,0,0,https://www.costco.com/costco-direct-tvs.html,,2026-10-02T05:14:42.734004+00:00
c4616a59-6b55-5eb1-8ec7-8544a2763a6c,1738,4000367592,9565770,"LG 65"" Class - UA7700 Series - 4K UHD Smart TV",https://www.costco.com/p/-/9565770,,,0,0,https://www.costco.com/costco-direct-tvs.html,,2026-10-02T05:14:42.734004+00:00
1d61a75a-7e26-5244-98a3-b99c5be489a7,1738,4201017794,9675065,"Hisense 75"" Class - U65 Pro Series - 4K ULED MiniLED Smart TV - Allstate 3-Year Protection Plan Bundle Included for 5 Years of Total Coverage*",https://www.costco.com/p/-/9675065,,,0,0,https://www.costco.com/electronics.html,,2026-10-03T03:23:44.716572+00:00
36291fe9-80e0-5697-94c2-26be4fd7c03c,1738,4000362984,9555677,"TCL 55"" Class - Q77K Series - 4K UHD QLED Smart TV - Allstate 3-Year Protection Plan Bundle Included for 5 Years of Total Coverage*",https://www.costco.com/p/-/9555677,,,0,0,https://www.costco.com/electronics.html,,2026-10-03T03:23:44.716572+00:00
6a2974cc-f0e1-5a3b-82ed-c8c7164790c4,1738,4000363969,9575677,"TCL 75"" Class - Q77K Series - 4K UHD QLED Smart TV - Allstate 3-Year Protection Plan Bundle Included for 5 Years of Total Coverage*",https://www.costco.com/p/-/9575677,,,0,0,https://www.costco.com/electronics.html,,2026-10-03T03:23:44.716572+00:00
3a1aa353-6319-5642-bf78-ada29472e2d6,1738,4201013747,9610750,"Hisense 100"" Class - QD7 Series - 4K Hi-QLED Smart TV - Allstate 3-Year Protection Plan Bundle Included for 5 Years of Total Coverage*",https://www.costco.com/p/-/9610750,,,0,0,https://www.costco.com/electronics.html,,2026-10-03T03:23:44.716572+00:00
ef9c8042-95df-504c-81df-2a6509d4d3d6,1738,4201008235,9665075,"LG 65"" Class - QNED AI Mini LED QNED75B Series - 4K Smart TV - Allstate 3-Year Protection Plan Bundle Included For 5 Years of Total Coverage*",https://www.costco.com/p/-/9665075,,,0,0,https://www.costco.com/electronics.html,,2026-10-03T03:23:44.716572+00:00
0214a889-6965-512a-ae77-cfb095a377a5,1738,4201019934,9665007,"TCL 65"" Class - QM7L Pro Series - 4K UHD SQD-Mini LED Smart TV - Allstate 3-Year Protection Plan Bundle Included for 5 Years of Total Coverage*",https://www.costco.com/p/-/9665007,,,0,0,https://www.costco.com/electronics.html,,2026-10-03T03:23:44.716572+00:00
4b74b797-0211-5186-99f2-c8d4a5cac671,1738,4000357413,9575007,"Samsung 75"" Class - Q7F QLED Series - 4K Vision AI Smart TV - Allstate 3-Year Protection Plan Bundle Included For 5 Years of Total Coverage*",https://www.costco.com/p/-/9575007,,,0,0,https://www.costco.com/costco-direct-tvs.html,,2026-10-02T05:14:42.734004+00:00
e7832bce-1d20-5a78-9ee9-97ee0bd3d09d,1738,4201008234,9655075,"LG 55"" Class - QNED AI Mini LED QNED75B Series - 4K Smart TV - Allstate 3-Year Protection Plan Bundle Included For 5 Years of Total Coverage*",https://www.costco.com/p/-/9655075,,,0,0,https://www.costco.com/electronics.html,,2026-10-03T03:23:51.988933+00:00
11d7c91f-1040-5e2a-86c6-67a9c0dfeb39,1738,4201019071,9670888,"Samsung 70"" Class - U8000H Crystal UHD Series - 4K Smart TV",https://www.costco.com/p/-/9670888,,,0,0,https://www.costco.com/electronics.html,,2026-10-03T03:23:36.115636+00:00
d5e74e25-8efa-507f-9e78-5729dca14a36,1738,4000435562,1958890,Nintendo Switch 2 + NSO + Memory Card Bundle,https://www.costco.com/p/-/1958890,,,0,0,https://www.costco.com/electronics.html,,2026-10-03T03:23:36.115636+00:00
defc5521-18b4-59e1-b618-b0d1584b06fa,1738,4201017291,2057989,Blink Whole Home 2K+ Security Bundle,https://www.costco.com/p/-/2057989,,,0,0,https://www.costco.com/electronics.html,,2026-10-03T03:23:36.115636+00:00
f803a024-a312-5e48-bd45-1af4f1fe68c4,1738,4201000533,9655700,"Samsung 55"" Class - M70H Series - 4K Mini LED - Smart TV",https://www.costco.com/p/-/9655700,,,0,0,https://www.costco.com/electronics.html,,2026-10-03T03:23:36.115636+00:00
720605f6-2cea-593b-a613-4c969d7979ac,1738,4000449713,9643888,"Samsung 43"" Class - U8000H Crystal UHD Series - 4K Smart TV",https://www.costco.com/p/-/9643888,,,0,0,https://www.costco.com/electronics.html,,2026-10-03T03:23:36.115636+00:00
aa17630f-8118-56e6-8797-c2c72087a4af,1738,4201009659,1749471,Nex Playground + 12-Month Play Pass Bundle,https://www.costco.com/p/-/1749471,,,0,0,https://www.costco.com/electronics.html,,2026-10-03T03:23:36.115636+00:00
9a33aa43-ffcf-50a2-9291-8c8b37b11f85,1738,4000449745,9650888,"Samsung 50"" Class - U8000H Crystal UHD Series - 4K Smart TV",https://www.costco.com/p/-/9650888,,,0,0,https://www.costco.com/electronics.html,,2026-10-03T03:23:36.115636+00:00
f0d4ffd0-bd2d-576f-81f6-8e6b5d42e09d,1738,4000261878,1826987,SHOKZ OpenRun SE- Open-Ear Bluetooth Wireless Bone Conduction Sport Headphones,https://www.costco.com/p/-/1826987,,,0,0,https://www.costco.com/electronics.html,,2026-10-03T03:23:36.115636+00:00
c8df5de5-d38f-5827-8ac3-c37b2aad3aa9,1738,4000388367,1940911,Anker 70W/30W Wall Charger Bundle,https://www.costco.com/p/-/1940911,,,0,0,https://www.costco.com/electronics.html,,2026-10-03T03:23:36.115636+00:00
26f6b2c4-7602-5f81-b124-3836e45cd1db,1738,4000267634,1831651,eufy Security SoloCam S3 Pan Tilt Outdoor Camera - No Monthly Fees,https://www.costco.com/p/-/1831651,,,0,0,https://www.costco.com/electronics.html,,2026-10-03T03:23:36.115636+00:00
405862ee-96ea-57a7-92d9-6c49b607df2e,1738,4000416065,1967400,Soundcore Space One Noise Cancelling Headphones,https://www.costco.com/p/-/1967400,,,0,0,https://www.costco.com/electronics.html,,2026-10-03T03:23:36.115636+00:00
fe0a2fd9-0c41-5977-ac65-4d4bb6b7fbe1,1738,4201017343,1943983,Singing Machine Karaoke WIFI Vocal Hero,https://www.costco.com/p/-/1943983,,,0,0,https://www.costco.com/electronics.html,,2026-10-03T03:23:36.115636+00:00
cacb26ad-62fc-56b5-94aa-12cded2937e2,1738,4201015551,9643650,"Hisense 43"" Class - QD65 Series - 4K Hi-QLED Smart TV - Allstate 3-Year Protection Plan Bundle Included for 5 Years of Total Coverage*",https://www.costco.com/p/-/9643650,,,0,0,https://www.costco.com/electronics.html,,2026-10-03T03:23:36.115636+00:00
6a551a87-93f7-5bf3-bf24-2254a96cace4,1738,4000358804,1792105,Sony Playstation 5 Slim Disc Console and DualSense Controller Bundle,https://www.costco.com/p/-/1792105,,,0,0,https://www.costco.com/electronics.html,,2026-10-03T03:23:36.115636+00:00
5f9dc49d-f4c4-5dea-be14-d10c04211fc5,1738,4000435907,2009547,Pioneer PSX615 700 Watt All-In-One Party Speaker with Auracast,https://www.costco.com/p/-/2009547,,,0,0,https://www.costco.com/electronics.html,,2026-10-03T03:23:36.115636+00:00
5489b38b-4d77-59a7-a117-8ce4f1a93adf,1738,4201018130,9536007,Insta360 Luna Ultra Dual-Lens 8K Gimbal Camera,https://www.costco.com/p/-/9536007,,,0,0,https://www.costco.com/electronics.html,,2026-10-03T03:23:36.115636+00:00
b2de0c2b-c367-57bf-b6b3-e40ee3f7d8a8,1738,4201023248,1757275,Beats Studio Pro - Wireless Bluetooth Noise Cancelling Headphones,https://www.costco.com/p/-/1757275,,,0,0,https://www.costco.com/electronics.html,,2026-10-03T03:23:36.115636+00:00
89628b9c-e66a-5571-9701-afcd0dc196ed,1738,4000364046,9533333,"Potensic ATOM 2 4K Drone Bundle with 128GB MicroSD Card, Remote Lanyard and 2 Spare Propeller Kits.",https://www.costco.com/p/-/9533333,,,0,0,https://www.costco.com/electronics.html,,2026-10-03T03:23:44.716572+00:00
26ccfbd9-26f8-546b-a6bb-1c19459b5e43,1738,4000406542,1984074,Belkin 3-in-1 Charging Stand Qi2 25W,https://www.costco.com/p/-/1984074,,,0,0,https://www.costco.com/electronics.html,,2026-10-03T03:23:44.716572+00:00
c74dae22-865c-5919-9982-1344020fd4a6,1738,4000360868,1791815,Sony Playstation 5 Digital Slim Console & DualSense Controller Bundle,https://www.costco.com/p/-/1791815,,,0,0,https://www.costco.com/electronics.html,,2026-10-03T03:23:44.716572+00:00
6532575f-7297-545e-8ab5-80271d74f444,1738,4000369135,1938108,"Infinity X1 Under Cabinet Lights, 3-pack",https://www.costco.com/p/-/1938108,,,0,0,https://www.costco.com/electronics.html,,2026-10-03T03:23:44.716572+00:00
616bb81e-a29d-51fd-83bc-39a628b57208,1738,4000404510,1945194,"Apple AirPods Pro 3, Wireless Earbuds, Active Noise Cancellation, Hearing Aid Feature, Heart Rate Sensing, Includes 2 Years of AppleCare+",https://www.costco.com/p/-/1945194,,,0,0,https://www.costco.com/electronics.html,,2026-10-03T03:23:44.716572+00:00
0a013a65-45c9-5331-bfa2-8f7a764bc685,1738,4000380591,1961136,Samsung HW-Q60CF 3.1.2 Ch Soundbar with Wireless Subwoofer,https://www.costco.com/p/-/1961136,,,0,0,https://www.costco.com/electronics.html,,2026-10-03T03:23:44.716572+00:00
c09279f4-2e38-597d-a68b-ca119c87c1b4,1738,4000428283,1926991,SHOKZ OpenFit 2 SE Open-Ear True Wireless Earbuds,https://www.costco.com/p/-/1926991,,,0,0,https://www.costco.com/electronics.html,,2026-10-03T03:23:44.716572+00:00
0f31e163-ceb8-5560-91ce-481ad91895ea,1738,4000421581,2012683,eufy Video Doorbell with Dual Cameras - No Monthly Fees,https://www.costco.com/p/-/2012683,,,0,0,https://www.costco.com/electronics.html,,2026-10-03T03:23:44.716572+00:00
b8c1ccb3-b5a2-5bf9-86ee-d72b577f795a,1738,4201004084,2027800,"Soundcore Boom 3i Outdoor Waterproof Bluetooth Speaker, Black",https://www.costco.com/p/-/2027800,,,0,0,https://www.costco.com/electronics.html,,2026-10-03T03:23:44.716572+00:00
8548ccc3-3688-569d-bc92-a011280fb49b,1738,4000308504,1611943,AirPods 4 with Active Noise Cancellation,https://www.costco.com/p/-/1611943,,,0,0,https://www.costco.com/electronics.html,,2026-10-03T03:23:44.716572+00:00
4b3d5987-a8d2-59b0-b5c2-508ef9b738ac,1738,4201019972,9550677,"TCL 50"" Class - Q77K Series - 4K UHD QLED Smart TV - Allstate 3-Year Protection Plan Bundle Included for 5 Years of Total Coverage*",https://www.costco.com/p/-/9550677,,,0,0,https://www.costco.com/electronics.html,,2026-10-03T03:23:44.716572+00:00
886cd9ec-636b-5da6-95ec-36f01267cdb9,1738,4201037995,2077439,Ultimate Ears Megaboom 4 SE Portable Bluetooth Speaker,https://www.costco.com/p/-/2077439,,,0,0,https://www.costco.com/electronics.html,,2026-10-03T03:23:44.716572+00:00
52d413ea-18d4-57d8-94b4-4dfc4ab1e2e7,1738,4201009048,9650075,"LG 50"" Class - QNED AI Mini LED QNED75B Series - 4K Smart TV - Allstate 3-Year Protection Plan Bundle Included For 5 Years of Total Coverage*",https://www.costco.com/p/-/9650075,,,0,0,https://www.costco.com/electronics.html,,2026-10-02T05:17:26.000311+00:00
8c307726-948a-5f57-bda1-5773f0de0084,1738,4201033980,1949725,JBL PartyBox 130 Portable Party Speaker with Wireless Microphone,https://www.costco.com/p/-/1949725,,,0,0,https://www.costco.com/electronics.html,,2026-10-03T03:23:51.988933+00:00
6e37cb99-f513-5294-bf95-f78c5cea133c,1738,4000444356,2042837,"Apple Watch Series 12 (GPS) 42mm Case with Sport Band (Size S/M), Hypertension Notifications, Sleep Score, Advanced Workout Metrics.",https://www.costco.com/p/-/2042837,,,0,0,https://www.costco.com/electronics.html,,2026-10-03T03:23:51.988933+00:00
f71e1cd7-69c7-56dd-8cf9-dec6680a3f5e,1738,4201023599,2076169,Marshall Stockwell III Portable Bluetooth Speaker,https://www.costco.com/p/-/2076169,,,0,0,https://www.costco.com/electronics.html,,2026-10-03T03:23:51.988933+00:00
68bf6f26-8b2c-5878-aa30-595cc5218504,1738,4201027287,2069480,Samsung Galaxy Watch9 40mm Smartwatch with Two Wireless Fast Chargers,https://www.costco.com/p/-/2069480,,,0,0,https://www.costco.com/electronics.html,,2026-10-03T03:23:51.988933+00:00
40404e36-5e57-5b50-8f47-5d6da9cedf9e,1738,4000378432,1959005,Hisense AX700 5.1.4 Ch Soundbar with Wireless Subwoofer,https://www.costco.com/p/-/1959005,,,0,0,https://www.costco.com/electronics.html,,2026-10-03T03:23:51.988933+00:00
1aeafade-daf5-5f72-9e43-e7bbd23ea424,1738,4101000068,2052010,"Bose SoundLink Home Bluetooth Speaker, Warm Wood",https://www.costco.com/p/-/2052010,,,0,0,https://www.costco.com/electronics.html,,2026-10-03T03:23:51.988933+00:00
7ae70552-8ad8-5498-b989-8d98e1b2ef69,1738,4000418223,1957640,"Bose SoundLink Flex SE Gen 2 Portable Waterproof Bluetooth Speaker, in Blue",https://www.costco.com/p/-/1957640,,,0,0,https://www.costco.com/electronics.html,,2026-10-03T03:23:51.988933+00:00
fe422e32-0790-5738-8043-cdc184d337b2,1738,4000344094,1998181,"SnapPower GuideLight 2 LED Outlet Cover, 3-pack",https://www.costco.com/p/-/1998181,,,0,0,https://www.costco.com/electronics.html,,2026-10-03T03:23:51.988933+00:00
8f691c98-4128-58ff-8028-54751b655b56,1738,4201038052,2058976,Bose QuietComfort SC Headphones (2nd Gen),https://www.costco.com/p/-/2058976,,,0,0,https://www.costco.com/electronics.html,,2026-10-03T03:23:51.988933+00:00
d94e1b75-3868-5818-b01d-90e8c7880f50,1738,4000364057,9585677,"TCL 85"" Class - Q77K Series - 4K UHD QLED Smart TV - Allstate 3-Year Protection Plan Bundle Included for 5 Years of Total Coverage*",https://www.costco.com/p/-/9585677,,,0,0,https://www.costco.com/electronics.html,,2026-10-03T03:23:51.988933+00:00
a7db02d3-9288-5b75-9072-75e9b1153541,1738,4000407636,1977763,"SANUS Preferred 26""-65"" Full-Motion TV Mount",https://www.costco.com/p/-/1977763,,,0,0,https://www.costco.com/electronics.html,,2026-10-03T03:23:51.988933+00:00
e5891856-b143-5db8-87f4-aa4f5513deb8,1738,4000387097,1961630,Samsung Galaxy Watch8 40mm Smartwatch with Two Wireless Fast Chargers,https://www.costco.com/p/-/1961630,,,0,0,https://www.costco.com/electronics.html,,2026-10-03T03:23:51.988933+00:00
04ca63ec-9e5c-5aca-8e88-489c08ea4aaf,1738,4000303268,6094012,"GoPro HERO13 Black Action Camera Bundle with Additional Enduro Battery, 128GB microSD Card and Carrying Case",https://www.costco.com/p/-/6094012,,,0,0,https://www.costco.com/electronics.html,,2026-10-03T03:23:51.988933+00:00
3d3b2e0a-6ea1-5fb9-8ac3-84f32e2c56dc,1738,4000357500,9575080,"Samsung 75"" Class - QN80F Neo QLED Series - 4K Mini LED - Vision AI Smart TV - Allstate 3-Year Protection Plan Bundle Included For 5 Years of Total Coverage*",https://www.costco.com/p/-/9575080,,,0,0,https://www.costco.com/electronics.html,,2026-10-03T03:23:51.988933+00:00
5fa1f038-22a0-5c46-a372-8651fbcf6657,1738,4000354083,1853013,PlayStation DualSense Wireless Controller and Charging Station - Starlight Blue,https://www.costco.com/p/-/1853013,,,0,0,https://www.costco.com/electronics.html,,2026-10-03T03:23:51.988933+00:00
4a9f293b-2d38-596a-b53e-f67f44962e2c,1738,4000220045,3062725,Bose Solo Soundbar Series II,https://www.costco.com/p/-/3062725,,,0,0,https://www.costco.com/electronics.html,,2026-10-03T03:23:51.988933+00:00
2409bcd2-1468-550a-9352-87eb910c7ed6,1738,4201025874,1651355,Sony HT-BC50 3.1 Ch Soundbar with Wireless Subwoofer,https://www.costco.com/p/-/1651355,,,0,0,https://www.costco.com/electronics.html,,2026-10-03T03:24:00.518360+00:00
8e559d84-d8bd-5076-a568-9d1d760109ab,1738,4000444327,2042833,Apple Watch SE 3 (GPS) 40mm Case with Sport Band (Size S/M),https://www.costco.com/p/-/2042833,,,0,0,https://www.costco.com/electronics.html,,2026-10-03T03:24:00.518360+00:00
65060a9e-879a-5385-b9b0-513285639ebe,1738,4000386924,1961641,Samsung Galaxy Watch8 44mm Smartwatch with Two Wireless Fast Chargers,https://www.costco.com/p/-/1961641,,,0,0,https://www.costco.com/electronics.html,,2026-10-03T03:24:00.518360+00:00
8b48f01b-68cd-54da-87bd-7d61bded8399,1738,100085370,1806357,"Duracell 9V Alkaline Batteries, 8-count",https://www.costco.com/p/-/1806357,,,0,0,https://www.costco.com/electronics.html,,2026-10-03T03:24:00.518360+00:00
a625312f-1015-52e9-9229-29b5fde3c775,1738,4000364039,9565676,"TCL 65"" Class - QM6K Pro Series - 4K UHD QD-Mini LED Smart TV - Allstate 3-Year Protection Plan Bundle Included for 5 Years of Total Coverage*",https://www.costco.com/p/-/9565676,,,0,0,https://www.costco.com/electronics.html,,2026-10-03T03:24:00.518360+00:00
06957af9-1a4a-5b53-bc1e-7031918f991d,1738,4201038037,2058981,Bose QuietComfort Ultra Headphones (Gen1),https://www.costco.com/p/-/2058981,,,0,0,https://www.costco.com/electronics.html,,2026-10-03T03:24:00.518360+00:00
936ec2ea-032f-5447-947b-deba9bf35772,1738,4000362178,9501001,HOVERAir X1 PROMAX 8K Self-Flying Camera Bundle,https://www.costco.com/p/-/9501001,,,0,0,https://www.costco.com/electronics.html,,2026-10-03T03:24:00.518360+00:00
20ac89bf-d7f7-5baa-9c20-238e2684976c,1738,100322549,1806386,"Duracell D Alkaline Batteries, 14-count",https://www.costco.com/p/-/1806386,,,0,0,https://www.costco.com/electronics.html,,2026-10-03T03:24:00.518360+00:00
dc869ad3-3e74-5b86-92e6-34263cd6a57a,1738,4000281814,9465080,"Sony 65"" Class - BRAVIA 8 OLED Series - 4K Smart TV - Allstate 3-Year Protection Plan Bundle Included for 5 Years of Total Coverage*",https://www.costco.com/p/-/9465080,,,0,0,https://www.costco.com/electronics.html,,2026-10-03T03:24:00.518360+00:00
5da7c553-f9ac-5fb0-97d4-f417a8d759ca,1738,4000281779,9477080,"Sony 77"" Class - BRAVIA 8 OLED Series - 4K Smart TV - Allstate 3-Year Protection Plan Bundle Included for 5 Years of Total Coverage*",https://www.costco.com/p/-/9477080,,,0,0,https://www.costco.com/electronics.html,,2026-10-03T03:24:00.518360+00:00
b1271989-4877-5a05-b9a4-4fbf7c1d34b0,1738,4000449798,2043146,"Feit Electric Triple Outlet Outdoor Smart Plugs, 3-pack",https://www.costco.com/p/-/2043146,,,0,0,https://www.costco.com/electronics.html,,2026-10-03T03:24:00.518360+00:00
1c5ea3cc-692e-5f03-83fd-f31a54eba79c,1738,4201001261,9677091,"Samsung 77"" Class - S90H OLED Series - 4K Vision AI Smart TV - Allstate 3-Year Protection Plan Bundle Included For 5 Years of Total Coverage*",https://www.costco.com/p/-/9677091,,,0,0,https://www.costco.com/electronics.html,,2026-10-03T03:24:00.518360+00:00
5f8e38d3-ce23-5e80-a561-485c173d87f6,1738,4201009011,2052012,"Bose SoundLink Home Bluetooth Speaker, Cool Gray",https://www.costco.com/p/-/2052012,,,0,0,https://www.costco.com/electronics.html,,2026-10-03T03:24:00.518360+00:00
b8f51330-ac09-5a21-b5c9-cfa8369acfea,1738,4201003615,9665035,"LG 65"" Class - OLED evo AI C6 Series - 4K Smart TV - Allstate 3-Year Protection Plan Bundle Included For 5 Years of Total Coverage*",https://www.costco.com/p/-/9665035,,,0,0,https://www.costco.com/electronics.html,,2026-10-03T03:24:00.518360+00:00
a3e2286a-ee22-5c40-bc99-54d3b54b8710,1738,4000306850,1874533,Apple Watch Ultra 3 (GPS + Cellular) 49mm Black Titanium Case with 5G and Satellite Communications (Size M/L),https://www.costco.com/p/-/1874533,,,0,0,https://www.costco.com/electronics.html,,2026-10-03T03:24:00.518360+00:00
0ea701ba-ea5a-525f-afb8-e80e6e34dbbd,1738,4000411774,1663600,JBL Cinema SB595 3.1.2 Ch Soundbar with Wireless Subwoofer,https://www.costco.com/p/-/1663600,,,0,0,https://www.costco.com/electronics.html,,2026-10-03T03:24:00.518360+00:00
3e1f9c57-9d73-56fc-800c-8bfd0027f3fa,1738,100339368,1806373,"Duracell C Alkaline Batteries, 14-count",https://www.costco.com/p/-/1806373,,,0,0,https://www.costco.com/electronics.html,,2026-10-03T03:24:00.518360+00:00
3fc8c493-05e0-53fa-8091-be56b2710437,1738,4201027313,2069491,Samsung Galaxy Watch9 44mm Smartwatch with Two Wireless Fast Chargers,https://www.costco.com/p/-/2069491,,,0,0,https://www.costco.com/electronics.html,,2026-10-03T03:24:00.518360+00:00
96b2d308-cf38-5413-9e8d-fce723037716,1738,4000444338,2042857,Apple Watch Ultra 4 (GPS + Cellular) 49mm Black Titanium Case with 5G and Satellite Communications (Size M/L),https://www.costco.com/p/-/2042857,,,0,0,https://www.costco.com/electronics.html,,2026-10-03T03:24:08.492731+00:00
ea3dd64e-0336-5b98-a389-281aa7ad899b,1738,4201028499,2027530,"SANUS Preferred 42""-100"" Advanced Tilt TV Mount",https://www.costco.com/p/-/2027530,,,0,0,https://www.costco.com/electronics.html,,2026-10-03T03:24:08.492731+00:00
81302fdc-2c19-50aa-9561-b0a6faf2c7bd,1738,4000360553,9565091,"Samsung 65"" Class - S90F OLED Series - 4K Vision AI Smart TV - Allstate 3-Year Protection Plan Bundle Included For 5 Years of Total Coverage*",https://www.costco.com/p/-/9565091,,,0,0,https://www.costco.com/electronics.html,,2026-10-03T03:24:08.492731+00:00
237314b4-70e3-52ff-8b2a-bd175ff9df2e,1738,4000062713,1631745,"Duracell 2032 Lithium Coin Batteries, 12-count",https://www.costco.com/p/-/1631745,,,0,0,https://www.costco.com/electronics.html,,2026-10-03T03:24:08.492731+00:00
c8508d16-6b65-5121-b6af-3bdc3ca9566d,1738,4000435997,2031749,Joy-Con 2 (L)/(R) Light Purple/Light Green - Nintendo Switch 2,https://www.costco.com/p/-/2031749,,,0,0,https://www.costco.com/electronics.html,,2026-10-03T03:24:08.492731+00:00
218fdba3-e06f-5dc0-9ed0-9d0ba1bfe66d,1738,4201033767,9548045,"LG 48"" Class - OLED evo AI G5 Series - 4K Smart TV - Allstate 3-Year Protection Plan Bundle Included For 5 Years of Total Coverage*",https://www.costco.com/p/-/9548045,,,0,0,https://www.costco.com/electronics.html,,2026-10-03T03:24:08.492731+00:00
8230b7ed-31d7-5af5-b546-f817aa88bc80,1738,4201003638,9677035,"LG 77"" Class - OLED evo AI C6H Series - 4K Smart TV - Allstate 3-Year Protection Plan Bundle Included For 5 Years of Total Coverage*",https://www.costco.com/p/-/9677035,,,0,0,https://www.costco.com/electronics.html,,2026-10-03T03:24:08.492731+00:00
8d491783-584f-5c72-8af9-ab0dc9e0f0ed,1738,4201003635,9655035,"LG 55"" Class - OLED evo AI C6 Series - 4K Smart TV - Allstate 3-Year Protection Plan Bundle Included For 5 Years of Total Coverage*",https://www.costco.com/p/-/9655035,,,0,0,https://www.costco.com/electronics.html,,2026-10-03T03:24:08.492731+00:00
7743d9de-53e6-5a2a-84ad-e822d94fa4a0,1738,4000354051,1853011,Playstation DualSense Wireless Controller and Charging Station - White,https://www.costco.com/p/-/1853011,,,0,0,https://www.costco.com/electronics.html,,2026-10-03T03:24:08.492731+00:00
fc838dcf-a6b9-5535-9bf4-ba6dac9d105a,1738,4000444273,2042842,"Apple Watch Series 12 (GPS) 46mm Case with Sport Band (Size M/L), Hypertension Notifications, Sleep Score, Advanced Workout Metrics",https://www.costco.com/p/-/2042842,,,0,0,https://www.costco.com/electronics.html,,2026-10-03T03:24:08.492731+00:00
324990ed-63e9-5486-b053-a2385764c86b,1738,4000152227,1731876,Sonos Era 100 Wireless Smart Speaker Set,https://www.costco.com/p/-/1731876,,,0,0,https://www.costco.com/electronics.html,,2026-10-03T03:24:08.492731+00:00
b83d2e15-3ba7-5790-a8f0-dd3b07c49fdc,1738,4000362946,9598676,"TCL 98"" Class - QM6K Pro Series - 4K UHD QD-Mini LED Smart TV  - Allstate 3-Year Protection Plan Bundle Included for 5 Years of Total Coverage*",https://www.costco.com/p/-/9598676,,,0,0,https://www.costco.com/electronics.html,,2026-10-03T03:24:08.492731+00:00
b9435319-cc0a-5b0e-92e3-33726bb01a03,1738,4000400860,1738485,LG S80TY 3.1.3 Ch Soundbar with Wireless Subwoofer,https://www.costco.com/p/-/1738485,,,0,0,https://www.costco.com/electronics.html,,2026-10-03T03:24:08.492731+00:00
cffa0a7f-b2a1-5eeb-a3de-fd2c35528553,1738,4000346129,1912780,Sonos Arc Ultra 9.1.4 Ch Soundbar Bundle,https://www.costco.com/p/-/1912780,,,0,0,https://www.costco.com/electronics.html,,2026-10-03T03:24:08.492731+00:00
c4143c3e-2d04-5f9f-bde5-a4a1be1f0dd5,1738,4201028952,2054363,"SANUS Preferred 50""-100"" Full-Motion TV Mount",https://www.costco.com/p/-/2054363,,,0,0,https://www.costco.com/electronics.html,,2026-10-03T03:24:08.492731+00:00
3c2eed84-7d7c-5cda-894f-5a80c9f3cea1,1738,4201004349,2052212,"Oura Ring 5 Silver Smart Ring, Exclusive Bundle, Ring + Additional Charger + Additional Year of Manufacturer’s Warranty",https://www.costco.com/p/-/2052212,,,0,0,https://www.costco.com/electronics.html,,2026-10-03T03:24:08.492731+00:00
324acfe9-f81b-5795-8060-6bc8f1f20036,1738,4000395758,2424148,Joy-Con 2 (L)/(R) Light Blue/Light Red - Nintendo Switch 2,https://www.costco.com/p/-/2424148,,,0,0,https://www.costco.com/electronics.html,,2026-10-03T03:24:08.492731+00:00
8898772a-d73c-5e24-9dbb-87f1e0d832b9,1738,4201001105,9655091,"Samsung 55"" Class - S90H OLED Series - 4K Vision AI Smart TV - Allstate 3-Year Protection Plan Bundle Included For 5 Years of Total Coverage*",https://www.costco.com/p/-/9655091,,,0,0,https://www.costco.com/electronics.html,,2026-10-02T05:17:49.939206+00:00
cffb5fdd-0b92-54b7-acbe-3649db044bfc,1738,100070491,514007,"Kirkland Signature Chardonnay, Sonoma County, 750 ml",https://www.costco.com/p/-/514007,,,0,0,https://www.costco.com/gift-baskets.html,,2026-10-03T03:34:49.196331+00:00
a77ea25d-b504-5c06-b926-fcdbb856fca1,1738,100302585,284101,"Kirkland Signature Walkers Premium Shortbread Selection, 4.6 lbs",https://www.costco.com/p/-/284101,,,0,0,https://www.costco.com/cakes-cookies.html,,2026-10-03T02:58:18.199203+00:00
1b079831-5c11-5451-b6e2-61d1c95218d0,1738,100456493,1169418,"Kirkland Signature Cabernet Sauvignon, 3 L",https://www.costco.com/p/-/1169418,,,0,0,https://www.costco.com/gift-baskets.html,,2026-10-03T03:34:49.196331+00:00
4b908ad9-b453-569a-a683-c7a2ba117e98,1738,4201013674,1952509,"Kirkland Signature Straight Bourbon Whiskey, Kentucky, 1.75 L",https://www.costco.com/p/-/1952509,,,0,0,https://www.costco.com/gift-baskets.html,,2026-10-03T03:34:49.196331+00:00
689375f6-62af-5b1a-851c-1b25521a47e3,1738,4000419156,1862072,"Sereen Fabric Swivel Accent Chair, Taupe",https://www.costco.com/p/-/1862072,,,0,0,https://www.costco.com/furniture.html,,2026-10-03T03:32:50.099621+00:00
bbc54d38-cb4f-528a-9591-d5caf6b3ffa8,1738,4000398506,1782908,Tresanti Aurora 47” Adjustable Height Desk with LED Lighting,https://www.costco.com/p/-/1782908,,,0,0,https://www.costco.com/furniture.html,,2026-10-03T03:32:50.099621+00:00
6ed015ac-f761-5a90-a864-5cddf505d2d3,1738,4000410992,1862133,Henredon Caley Reversible Sofa Chaise with Ottoman,https://www.costco.com/p/-/1862133,,,0,0,https://www.costco.com/furniture.html,,2026-10-03T03:32:50.099621+00:00
eb91d091-c603-5848-ad02-9313385352c3,1738,4000230606,1752898,La-Z-Boy Manager Office Chair,https://www.costco.com/p/-/1752898,,,0,0,https://www.costco.com/furniture.html,,2026-10-03T03:32:50.099621+00:00
7af6f16c-bcad-5d19-a104-b0332f4ad1d5,1738,4000433550,1812682,"Anistyn Wood Bed Frame with Upholstered Headboard, Gray Finish",https://www.costco.com/p/-/1812682,,,0,0,https://www.costco.com/furniture.html,,2026-10-03T03:32:50.099621+00:00
fd0d0f75-d178-55a8-9a23-5d78dc6ccd2c,1738,4000361515,1782944,Del Rey Oaks 74” Accent Console,https://www.costco.com/p/-/1782944,,,0,0,https://www.costco.com/furniture.html,,2026-10-03T03:32:50.099621+00:00
efb87653-4a2f-5320-b019-928af541faf8,1738,4000366330,1812395,TrueWellness All Mesh Office Chair,https://www.costco.com/p/-/1812395,,,0,0,https://www.costco.com/furniture.html,,2026-10-03T03:32:50.099621+00:00
d0f69cc5-28a5-5b67-8ef0-a23c475c260c,1738,4201002581,1987762,DPS Recon Gaming Office Chair,https://www.costco.com/p/-/1987762,,,0,0,https://www.costco.com/furniture.html,,2026-10-03T03:32:50.099621+00:00
315e2ace-25c4-5ed9-a232-c58d35909721,1738,100616771,326965,The Honey Baked Ham Co. Two $50 Mailed Gift Cards ($100 Value),https://www.costco.com/p/-/326965,,,0,0,https://www.costco.com/gift-cards-tickets.html,,2026-10-02T12:03:43.905255+00:00
46d1926e-a06e-5fe2-a5ac-77f455d77602,1738,100760000,1529345,"Siete Almond Flour Tortilla, 20-count",https://www.costco.com/p/-/1529345,,,0,0,https://www.costco.com/cakes-cookies.html,,2026-10-03T02:58:18.199203+00:00
425ddeac-aa18-5f25-b997-aae811ef371e,1738,4000225361,1780981,"Joyburst Hydration Drink, Variety Pack, 16.9 fl oz, 18-count",https://www.costco.com/p/-/1780981,,,0,0,https://www.costco.com/beverages.html,,2026-10-03T02:53:42.778171+00:00
356584a7-f5b0-5d96-90af-4d69404ef06e,1738,4000242113,1779098,"BODYARMOR Lyte Sports Drink, Variety Pack, 20 fl oz, 18-count",https://www.costco.com/p/-/1779098,,,0,0,https://www.costco.com/beverages.html,,2026-10-03T02:53:42.778171+00:00
31365b36-ce77-525f-9788-b4d57b7459bd,1738,100638343,1272413,"Kirkland Signature, Organic Non-Dairy Oat Beverage, 32 oz, 6-count",https://www.costco.com/p/-/1272413,,,0,0,https://www.costco.com/beverages.html,,2026-10-03T02:53:42.778171+00:00
60d819ee-502e-5a12-ba1a-34553f622188,1738,4000446425,2040251,"Maison Perrier French Kiss Sparkling Juice Beverage, Variety Pack, 11.15 fl oz, 20-count",https://www.costco.com/p/-/2040251,,,0,0,https://www.costco.com/beverages.html,,2026-10-03T02:53:42.778171+00:00
ddc7b3dc-a758-5c5a-99ed-6726afe478e2,1738,100735424,1299062,"Coca-Cola Mini, 7.5 fl oz, 30-count",https://www.costco.com/p/-/1299062,,,0,0,https://www.costco.com/beverages.html,,2026-10-03T02:53:42.778171+00:00
4f3a6fc7-8853-51da-a697-335905781d07,1738,4000234662,1792368,"Maison Perrier Sparkling Water, 16.9 fl oz, 24-count",https://www.costco.com/p/-/1792368,,,0,0,https://www.costco.com/beverages.html,,2026-10-03T02:53:42.778171+00:00
ac606521-5d8e-5f27-9c7e-29bf0f25a506,1738,4201005694,2056753,"Bloom Sparkling Energy Drink, Flavor Obsessions Variety Pack, 12 fl oz, 18-count",https://www.costco.com/p/-/2056753,,,0,0,https://www.costco.com/beverages.html,,2026-10-03T02:53:42.778171+00:00
17093d15-fd6a-5e6f-a006-2053cb7b8d70,1738,4000348391,1924266,"San Pellegrino Ciao! Sparkling Water, Variety Pack, 11.15 fl oz, 24-count",https://www.costco.com/p/-/1924266,,,0,0,https://www.costco.com/beverages.html,,2026-10-03T02:53:42.778171+00:00
addb2521-0909-556c-88f4-741b0d788890,1738,100800661,1594596,"Gatorade Thirst Quencher, Turf Variety Pack, 12 fl oz, 28-count",https://www.costco.com/p/-/1594596,,,0,0,https://www.costco.com/beverages.html,,2026-10-03T02:53:42.778171+00:00
79a81116-b9f3-5ecb-8824-e5432f676d4f,1738,4000448713,2048159,"Celsius Vibe Energy Drink, Variety Pack, 12 fl oz, 18-count",https://www.costco.com/p/-/2048159,,,0,0,https://www.costco.com/beverages.html,,2026-10-03T02:53:42.778171+00:00
4966535c-3cfb-57b7-81af-3f8d131bc306,1738,100787633,1579880,"Coca-Cola Mini, Variety Pack, 7.5 fl oz, 30-count",https://www.costco.com/p/-/1579880,,,0,0,https://www.costco.com/beverages.html,,2026-10-03T02:53:42.778171+00:00
6f7f9333-c4e3-54b2-a94c-82a1a36fcb26,1738,4000235669,1795394,"IZZE, Sparkling Juice Beverage, Variety Pack, 8.4 fl oz, 24-Count",https://www.costco.com/p/-/1795394,,,0,0,https://www.costco.com/beverages.html,,2026-10-03T02:53:42.778171+00:00
5c39d8bb-044f-5296-b9b8-419daad1b0ac,1738,4000351024,1913302,"Olipop Soda, Variety Pack, 12 fl oz, 15-count",https://www.costco.com/p/-/1913302,,,0,0,https://www.costco.com/beverages.html,,2026-10-03T02:53:42.778171+00:00
cec3b750-f965-5ac6-96c0-599dc1e4aa48,1738,4000372651,1850863,"Kirkland Signature Flavored Sparkling Water, 17 fl oz, 24-count",https://www.costco.com/p/-/1850863,,,0,0,https://www.costco.com/beverages.html,,2026-10-03T02:53:42.778171+00:00
16fa63cd-1715-5150-97ba-0b25514ff167,1738,100384650,736083,"Kirkland Signature, Organic Lemonade, 96 fl oz, 2-count",https://www.costco.com/p/-/736083,,,0,0,https://www.costco.com/beverages.html,,2026-10-03T02:53:42.778171+00:00
13e47427-6243-5c9a-8b48-91e047cc5cc7,1738,4201001644,2051490,"Saint James Organic Brewed Tea, Variety Pack, 16 fl oz, 15-count",https://www.costco.com/p/-/2051490,,,0,0,https://www.costco.com/beverages.html,,2026-10-03T02:53:42.778171+00:00
4f50fd67-b3dd-523f-9c78-8af4dadaa859,1738,4000442683,2041444,"Olipop Mini Soda, Variety Pack, 7.5 fl oz, 15-count",https://www.costco.com/p/-/2041444,,,0,0,https://www.costco.com/beverages.html,,2026-10-03T02:53:42.778171+00:00
a715deb9-e2d1-5088-8974-c296015333cb,1738,4201002019,2052182,"Liquid Death Soda-Flavored Sparkling Water, Variety Pack, 24-count",https://www.costco.com/p/-/2052182,,,0,0,https://www.costco.com/beverages.html,,2026-10-03T02:53:50.470806+00:00
7c8bf669-040b-5a36-8bc9-9f0d4ca1d7fd,1738,100440556,179571,"Coca-Cola de Mexico Soda Soft Drink Glass Bottles, 335 mL, 24-count",https://www.costco.com/p/-/179571,,,0,0,https://www.costco.com/beverages.html,,2026-10-03T02:53:50.470806+00:00
078a8b10-8cbf-5e2c-8b0d-825015c44cb3,1738,100616479,316629,"Welch’s, 100% Grape Juice Blend, Concord Grape, 96 fl oz, 2-Count",https://www.costco.com/p/-/316629,,,0,0,https://www.costco.com/beverages.html,,2026-10-03T02:53:58.411837+00:00
9c7210ad-3db0-5ff6-ac72-bfe322266c4f,1738,100449940,790652,"SO Delicious, Organic Coconut Milk, 32 oz, 6-Count",https://www.costco.com/p/-/790652,,,0,0,https://www.costco.com/beverages.html,,2026-10-03T02:53:58.411837+00:00
8fa5ac48-8d6d-50e1-babc-d355bf814f87,1738,100451360,854330,"Coca-Cola Classic, 12 fl oz, 35-count",https://www.costco.com/p/-/854330,,,0,0,https://www.costco.com/beverages.html,,2026-10-03T02:53:58.411837+00:00
95b97d37-06b5-546a-9668-4688d8419096,1738,100433654,1032767,"Mott's Organic 100% Apple Juice, 1 Gal, 2-count",https://www.costco.com/p/-/1032767,,,0,0,https://www.costco.com/beverages.html,,2026-10-03T02:53:58.411837+00:00
e5d9bfd3-8f19-574b-9501-0696cdf12a9a,1738,100368220,711509,"Red Bull Energy Drink, Sugar Free, 8.4 fl oz, 24-count",https://www.costco.com/p/-/711509,,,0,0,https://www.costco.com/beverages.html,,2026-10-03T02:53:58.411837+00:00
b313c32b-0a5e-5e1f-beb1-612f2772905c,1738,100368228,242668,"Red Bull Energy Drink, 8.4 fl oz, 24-count",https://www.costco.com/p/-/242668,,,0,0,https://www.costco.com/beverages.html,,2026-10-03T02:53:58.411837+00:00
de0d604f-004c-5663-878f-91727b0dd99b,1738,100398626,1105983,"Glacéau Smartwater, 1 L, 15-count",https://www.costco.com/p/-/1105983,,,0,0,https://www.costco.com/beverages.html,,2026-10-03T02:53:58.411837+00:00
528cd59b-f084-5a1c-a4c2-af8853825c37,1738,100688557,1462714,"Kirkland Signature Organic A2 Whole Milk, Half Gallon, 3-count",https://www.costco.com/p/-/1462714,,,0,0,https://www.costco.com/beverages.html,,2026-10-03T02:53:58.411837+00:00
b571a05c-328e-51e3-a3d2-52253634f9ce,1738,100737535,1530604,"Sambazon Organic Dragon Fruit Blend, 64 fl oz",https://www.costco.com/p/-/1530604,,,0,0,https://www.costco.com/beverages.html,,2026-10-03T02:53:58.411837+00:00
f45e0950-83c4-5bb6-807d-61d87dd1dd8a,1738,4000359657,1936264,"Gatorade Zero Variety Pack, 20 fl oz, 24-count",https://www.costco.com/p/-/1936264,,,0,0,https://www.costco.com/beverages.html,,2026-10-03T02:53:58.411837+00:00
a67896a9-6ea8-59e9-9089-ebb4118f53ec,1738,4000444745,2044023,"Ghost Energy Drink, Variety Pack, 16 fl oz, 18-count",https://www.costco.com/p/-/2044023,,,0,0,https://www.costco.com/beverages.html,,2026-10-03T02:53:58.411837+00:00
d0897acd-008d-5c39-b1c5-bce29e8f15b1,1738,4000349261,1917654,"AG1 Daily Foundational Nutrition, 40-count",https://www.costco.com/p/-/1917654,,,0,0,https://www.costco.com/adult-multi-letter-vitamins.html,,2026-10-03T02:46:09.280826+00:00
31fefe58-37f3-5da4-924b-7f3724f4fd9c,1738,100442348,325112,"Lipton, Iced Tea Mix, Lemon, 5 lbs",https://www.costco.com/p/-/325112,,,0,0,https://www.costco.com/beverages.html,,2026-10-03T02:53:58.411837+00:00
def3194b-6e88-558a-8655-678cb0b49cfc,1738,100451132,854344,"Sprite Lemon-Lime Caffeine Free Soda Soft Drink Cans, 12 fl oz, 35-count",https://www.costco.com/p/-/854344,,,0,0,https://www.costco.com/beverages.html,,2026-10-03T02:53:58.411837+00:00
4e941bca-2380-56f5-bed2-e43d0467573f,1738,4000361369,1939979,"Celsius Sparkling Energy Drink, Vibe Variety Pack, 12 fl oz, 18-count",https://www.costco.com/p/-/1939979,,,0,0,https://www.costco.com/beverages.html,,2026-10-03T02:53:58.411837+00:00
6071e9b3-3e66-578b-a2d2-f47d47ae7ec5,1738,4000446237,2045189,"Monster Energy Drink, Ultra Variety Pack, 12 fl oz, 24-count",https://www.costco.com/p/-/2045189,,,0,0,https://www.costco.com/beverages.html,,2026-10-03T02:53:58.411837+00:00
621bc52d-9911-58da-b5a8-9dcfaacaeb4e,1738,100437793,1169942,"Fever Tree Ginger Beer, 9.3 fl oz, 12-count",https://www.costco.com/p/-/1169942,,,0,0,https://www.costco.com/beverages.html,,2026-10-03T02:53:58.411837+00:00
5e604773-5af9-5865-9422-42b4a66a50c0,1738,4201023800,2076416,"Health-Ade Organic Fruity Fusion Kombucha Variety Pack, 16 fl oz, 6-count",https://www.costco.com/p/-/2076416,,,0,0,https://www.costco.com/beverages.html,,2026-10-03T02:53:58.411837+00:00
b93a850f-48af-5919-a043-9d2eded2bd08,1738,4000179611,607373,"San Pellegrino Sparkling Natural Mineral Water, 25.3 fl oz, 15-count",https://www.costco.com/p/-/607373,,,0,0,https://www.costco.com/beverages.html,,2026-10-03T02:53:58.411837+00:00
923f318e-e9d9-5140-854a-d0e87c01553e,1738,4000233754,1792879,"POM Wonderful 100% Pomegranate Juice, 64 fl oz",https://www.costco.com/p/-/1792879,,,0,0,https://www.costco.com/beverages.html,,2026-10-03T02:53:58.411837+00:00
e40bde48-3bf0-5328-8a3c-3d610c3f7825,1738,4000033301,239600,"FIJI Natural Artesian Water, 16.9 fl oz, 24-count",https://www.costco.com/p/-/239600,,,0,0,https://www.costco.com/beverages.html,,2026-10-03T02:53:58.411837+00:00
499658e0-152b-51c0-9a14-8c46693da3de,1738,4201001042,1975527,"Kirkland Signature Ultra Filtered 2% Lactose Free Milk, Half Gallon, 3-count",https://www.costco.com/p/-/1975527,,,0,0,https://www.costco.com/beverages.html,,2026-10-03T02:53:58.411837+00:00
050241f3-a8e2-5b3c-bc07-ff8c2d187308,1738,100588180,1243287,"Kirkland Signaure Organic Raw Kombucha, 16 fl oz, 8-count",https://www.costco.com/p/-/1243287,,,0,0,https://www.costco.com/beverages.html,,2026-10-03T02:53:50.470806+00:00
780cc7fc-74a0-5441-99f8-db1a43a2750b,1738,100381498,473505,"Apple & Eve, 100% Juice, Variety Pack, 6.75 fl oz, 36-Count",https://www.costco.com/p/-/473505,,,0,0,https://www.costco.com/beverages.html,,2026-10-03T02:53:50.470806+00:00
3041c8d6-894c-5519-af96-418d69e1d66c,1738,100779437,701249,"Welch's 100% Juice Drink, Variety Pack, 10 fl oz, 24-count",https://www.costco.com/p/-/701249,,,0,0,https://www.costco.com/beverages.html,,2026-10-03T02:53:50.470806+00:00
b46f4949-03ca-52a2-aeec-691921730c91,1738,100371255,438851,"Capri Sun, 100% Juice, Variety Pack, 6 fl oz, 40-count",https://www.costco.com/p/-/438851,,,0,0,https://www.costco.com/beverages.html,,2026-10-03T02:53:58.411837+00:00
3d676156-2399-5342-a0dc-768d5126a11d,1738,100392423,1174811,"Sunny D Citrus Punch, Tangy Original, 11.3 fl oz, 30-Count",https://www.costco.com/p/-/1174811,,,0,0,https://www.costco.com/beverages.html,,2026-10-03T02:53:50.470806+00:00
9f3fefb6-aea3-568e-ae4f-292e2b24e2bf,1738,4000397460,1977124,"Bai Antioxidant Beverage, Fruit Variety Pack, 18 fl oz, 15-count",https://www.costco.com/p/-/1977124,,,0,0,https://www.costco.com/beverages.html,,2026-10-03T02:53:50.470806+00:00
9e3da699-67fb-5d8b-8d8f-f17a3e356379,1738,4000448697,2043159,"Poppi Soda, Juicy Hits Variety Pack, 12 fl oz, 18-count",https://www.costco.com/p/-/2043159,,,0,0,https://www.costco.com/beverages.html,,2026-10-03T02:53:42.778171+00:00
808e6da4-4976-5814-a8f9-96281b351337,1738,100531037,2222019,"Kirkland Signature Organic Ancient Grain Granola, 35.3 oz",https://www.costco.com/p/-/2222019,,,0,0,https://www.costco.com/breakfast.html,,2026-10-03T02:55:42.902191+00:00
359dda1c-75d8-5aad-845b-9f4a525e7717,1738,100773518,1560969,"MadeGood Organic Granola Minis, Variety Pack, 0.85 oz, 24-count",https://www.costco.com/p/-/1560969,,,0,0,https://www.costco.com/breakfast.html,,2026-10-03T02:55:42.902191+00:00
3b7f8b45-0646-5761-b250-54e53bce4536,1738,100670444,1462402,"Post, Honey Bunches of Oats with Almonds Cereal, 50 oz",https://www.costco.com/p/-/1462402,,,0,0,https://www.costco.com/breakfast.html,,2026-10-03T02:55:42.902191+00:00
8351df79-2eed-5b0a-affd-9b3e31bc4b56,1738,100384002,834603,"Kodiak Cakes Power Cakes Flapjack and Waffle Mix, 4.5 lbs",https://www.costco.com/p/-/834603,,,0,0,https://www.costco.com/breakfast.html,,2026-10-03T02:55:42.902191+00:00
18aa0fb7-08b6-5448-8f56-68150f7893b9,1738,4000393051,1974794,"Kellogg's Special K Extra Red Berries Cereal, 21.5 oz, 2-count",https://www.costco.com/p/-/1974794,,,0,0,https://www.costco.com/breakfast.html,,2026-10-03T02:55:42.902191+00:00
2a4814c2-1d89-548f-a548-19606d9cf9c9,1738,4201000206,2049779,"Nature's Path Organic Pumpkin Seed Flax Granola, 35.3 oz",https://www.costco.com/p/-/2049779,,,0,0,https://www.costco.com/breakfast.html,,2026-10-03T02:55:42.902191+00:00
80693fb5-597d-5320-95b8-ddc8d65a3cff,1738,100368221,734786,"General Mills, Cheerios Cereal, Honey Nut, 27.5 oz, 2-Count",https://www.costco.com/p/-/734786,,,0,0,https://www.costco.com/breakfast.html,,2026-10-03T02:55:42.902191+00:00
388fce09-5bdb-57b6-9b48-fa100c3ff3d7,1738,100371272,664927,"Cinnamon Toast Crunch Cereal, 49.5 oz",https://www.costco.com/p/-/664927,,,0,0,https://www.costco.com/breakfast.html,,2026-10-03T02:55:42.902191+00:00
ddcb5d27-6c50-5cc8-90b3-5a49c084a644,1738,100381496,522107,"General Mills, Cheerios Cereal, 20.35 oz, 2-Count",https://www.costco.com/p/-/522107,,,0,0,https://www.costco.com/breakfast.html,,2026-10-03T02:55:42.902191+00:00
4be719f7-b3ae-598c-a106-207112f0cbef,1738,100520273,1282504,"General Mills Morning Summit Cereal, 38 oz",https://www.costco.com/p/-/1282504,,,0,0,https://www.costco.com/breakfast.html,,2026-10-03T02:55:42.902191+00:00
532c2c18-58aa-5d87-bea6-89779b6c5055,1738,100658787,1449725,"NuTrail Nut Granola, Blueberry Cinnamon, 22 oz",https://www.costco.com/p/-/1449725,,,0,0,https://www.costco.com/breakfast.html,,2026-10-03T02:55:42.902191+00:00
bd8cdbc8-8f3f-5276-a3de-30202a23c9c1,1738,4000395132,1856165,"Sunny Fruit Dried Apricots, 32 oz",https://www.costco.com/p/-/1856165,,,0,0,https://www.costco.com/breakfast.html,,2026-10-03T02:55:42.902191+00:00
f4b0ab2f-a784-5a5c-9726-fa399e0f4423,1738,100383408,521658,"Ferrero Rocher, Milk Chocolate Hazelnut Candy, 21.2 oz, 48 Count",https://www.costco.com/p/-/521658,,,0,0,https://www.costco.com/candy.html,,2026-10-03T02:58:56.361067+00:00
2afe6d77-6ac8-55e7-b90e-484ea469c3e9,1738,100381533,401621,"Hershey's Nuggets Assortment, Variety Pack, 145-count",https://www.costco.com/p/-/401621,,,0,0,https://www.costco.com/candy.html,,2026-10-03T02:58:56.361067+00:00
2bd26b56-eb57-52cb-94d2-9fe53359c4f1,1738,100381538,320888,"Hershey's Variety Pack, 30-count",https://www.costco.com/p/-/320888,,,0,0,https://www.costco.com/candy.html,,2026-10-03T02:58:56.361067+00:00
08c3debf-21c8-5eca-8f95-246d02a979a4,1738,100381504,705876,"M&M's, Snickers and More Chocolate Candy Bars, Variety Pack, 30-count",https://www.costco.com/p/-/705876,,,0,0,https://www.costco.com/candy.html,,2026-10-03T02:58:56.361067+00:00
3ccdc32f-1218-5570-a60e-1f49a52614a7,1738,100390360,1185317,"Kellogg's Rice Krispies Treats, 0.78 oz, 60-count",https://www.costco.com/p/-/1185317,,,0,0,https://www.costco.com/candy.html,,2026-10-03T02:58:56.361067+00:00
9ef0f545-0a64-5b82-a060-e38208bdb7bc,1738,4000444766,2043945,"Haribo Gummi Candy Happy Mix Variety Pack, 120-count",https://www.costco.com/p/-/2043945,,,0,0,https://www.costco.com/candy.html,,2026-10-03T02:58:56.361067+00:00
7343895b-cb03-57fb-b090-2581af92dd7f,1738,100810714,461,"Toblerone Swiss Milk Chocolate Bar, 3.52 oz, 6-Count",https://www.costco.com/p/-/461,,,0,0,https://www.costco.com/candy.html,,2026-10-03T02:58:56.361067+00:00
95a7ae06-fc2b-5bc7-a870-9927da4a22f8,1738,4000416452,1685616,"Kirkland Signature Milk Chocolate Covered Almonds, 48 oz",https://www.costco.com/p/-/1685616,,,0,0,https://www.costco.com/candy.html,,2026-10-03T02:58:56.361067+00:00
05c5db48-694b-5851-9935-1e6a3d1e998d,1738,100851787,1644605,"Lindt Lindor Chocolate Truffles, Assorted Flavors, 21.2 oz",https://www.costco.com/p/-/1644605,,,0,0,https://www.costco.com/candy.html,,2026-10-03T02:58:56.361067+00:00
873c004f-7d70-5f11-a9aa-affd04dd7c66,1738,100394694,1199479,"M&M's Chocolate Candy, Peanut, 62 oz Jar",https://www.costco.com/p/-/1199479,,,0,0,https://www.costco.com/candy.html,,2026-10-03T02:58:56.361067+00:00
e1c7a4b3-ae41-5e57-82c2-759923e53762,1738,4000064657,1700118,"Skinny Dipped Dark Chocolate Peanut Butter Cups, 30-count",https://www.costco.com/p/-/1700118,,,0,0,https://www.costco.com/candy.html,,2026-10-03T02:58:56.361067+00:00
e759229e-506a-5e99-b46f-a694af1fae8f,1738,100381532,401993,"Hershey's Kisses, Milk Chocolate, 56 oz",https://www.costco.com/p/-/401993,,,0,0,https://www.costco.com/candy.html,,2026-10-03T02:58:56.361067+00:00
a645d757-c92d-56e8-af2e-33bf10307d8e,1738,4000349222,1925186,"Jojo's Dark Chocolate Pistachio Almond Cranberry Bites, 14.4 oz",https://www.costco.com/p/-/1925186,,,0,0,https://www.costco.com/candy.html,,2026-10-03T02:58:56.361067+00:00
22e31b84-b0c1-5607-8083-bd36669591ba,1738,100643925,1394792,"Kinder Bueno Chocolate and Hazelnut Chocolate Bars, 2 Bars, 1.5 oz, 20 Pack",https://www.costco.com/p/-/1394792,,,0,0,https://www.costco.com/candy.html,,2026-10-03T02:58:56.361067+00:00
37dd91c6-54f3-579f-8a9d-d20ca0888891,1738,100762844,1552446,"Fruit By The Foot, Variety, 0.75 oz, 48-count",https://www.costco.com/p/-/1552446,,,0,0,https://www.costco.com/candy.html,,2026-10-03T02:58:56.361067+00:00
ecf32178-3a89-5f9e-ad8c-318a8d31e58f,1738,4000426545,2021527,"Skinny Dipped Dark Chocolate Coconut Almond Bites, 30-count",https://www.costco.com/p/-/2021527,,,0,0,https://www.costco.com/candy.html,,2026-10-03T02:58:56.361067+00:00
4513ea59-7e33-5690-bde7-2b6f62d7b9e2,1738,100368193,1053793,"Healthy Choice Organic Fudge Bars, 3 fl oz, 18-count",https://www.costco.com/p/-/1053793,,,0,0,https://www.costco.com/cakes-cookies.html,,2026-10-03T02:58:18.199203+00:00
9e1c4a1a-bde0-50d8-8b07-a5b5423d400e,1738,4000184371,1746847,"Extra Sugar Free Chewing Gum, Mint Variety Pack, 15 Sticks, 18-Count",https://www.costco.com/p/-/1746847,,,0,0,https://www.costco.com/candy.html,,2026-10-03T02:58:56.361067+00:00
4c43dce8-c888-5a6e-96d6-07fdf2989a28,1738,4000345017,1920008,"Chobani Protein Lowfat Greek Yogurt, 6.7 oz, 16-count",https://www.costco.com/p/-/1920008,,,0,0,https://www.costco.com/yogurt.html,,2026-10-03T04:56:39.136261+00:00
43dc52e1-2ae5-57a6-b846-db8c59331046,1738,100710281,1484855,"Cello Variety Pack, Cracker Cut, Premium Sliced Cheeses, 2 lbs",https://www.costco.com/p/-/1484855,,,0,0,https://www.costco.com/cheese.html,,2026-10-03T03:01:38.211653+00:00
8ad56992-a2e2-5be8-b8dc-e0efe13bb8fd,1738,100437629,1165284,"Kirkland Signature Shredded Mexican Style Blend Cheese, 2.5 lbs, 2-count",https://www.costco.com/p/-/1165284,,,0,0,https://www.costco.com/cheese.html,,2026-10-03T03:01:38.211653+00:00
5769c774-dbbf-5a76-bc53-9ce9f9f7519f,1738,100437854,1172471,"Kerrygold Pure Irish Butter, Salted, 8 oz, 4-count",https://www.costco.com/p/-/1172471,,,0,0,https://www.costco.com/butter.html,,2026-10-03T02:56:21.086842+00:00
367cd067-2f4e-5bf5-be0c-c63311234979,1738,100433972,1048072,"Kirkland Signature Organic Greek Yogurt, 48 oz",https://www.costco.com/p/-/1048072,,,0,0,https://www.costco.com/kirkland-signature-groceries.html,,2026-10-03T03:59:55.654737+00:00
8043de3e-d469-56c7-bf75-5657696d3157,1738,100715989,7186561,"Kirkland Signature Organic Greek Feta, 28.2 oz",https://www.costco.com/p/-/7186561,,,0,0,https://www.costco.com/cheese.html,,2026-10-03T03:01:38.211653+00:00
dccbfe73-2afd-5462-995a-f8db9ac8d5a7,1738,4201012739,2059712,"Chobani 20g Protein Lowfat Plain Greek Yogurt, 40 oz",https://www.costco.com/p/-/2059712,,,0,0,https://www.costco.com/yogurt.html,,2026-10-03T04:56:39.136261+00:00
73ea1a05-141e-5376-9a0c-908015f3cbfa,1738,100436420,1116038,"Kirkland Signature Shredded Mozzarella Cheese, 2.5 lbs, 2-count",https://www.costco.com/p/-/1116038,,,0,0,https://www.costco.com/cheese.html,,2026-10-03T03:01:38.211653+00:00
c98e88f9-8379-5c5e-9a3f-c67932e22f59,1738,100368194,1005641,"Chobani Greek Yogurt Variety Pack, 5.3 oz, 20-count",https://www.costco.com/p/-/1005641,,,0,0,https://www.costco.com/yogurt.html,,2026-10-03T04:56:39.136261+00:00
fffe8269-9cab-5f7a-8842-33832caf0b36,1738,100439445,1207907,"Kerrygold Pure Unsalted Irish Butter, 8 oz, 4-count",https://www.costco.com/p/-/1207907,,,0,0,https://www.costco.com/butter.html,,2026-10-03T02:56:21.086842+00:00
c9e75a0e-39c2-5106-8000-8bff34426939,1738,4000109678,1719185,"Babybel Mini Snack Cheese, Original, 0.71 oz, 36-count",https://www.costco.com/p/-/1719185,,,0,0,https://www.costco.com/cheese.html,,2026-10-03T03:01:38.211653+00:00
fe9c00d5-3584-595e-87d8-0e7f9af85a4e,1738,100462183,1271446,"Oikos Triple Zero Greek Nonfat Yogurt, Variety Pack, 5.3 oz, 18-count",https://www.costco.com/p/-/1271446,,,0,0,https://www.costco.com/yogurt.html,,2026-10-03T04:56:39.136261+00:00
d74ab1f2-f878-51d7-8f56-2ee477afea27,1738,100416444,26802,"President Crumbled Feta Cheese, 1.5 lbs",https://www.costco.com/p/-/26802,,,0,0,https://www.costco.com/cheese.html,,2026-10-03T03:01:38.211653+00:00
d26a5fb2-376e-5108-bc1b-380ffeacad2d,1738,100377729,186626,"Kirkland Signature Aged Parmigiano Reggiano Cheese, Shredded, 1 lb",https://www.costco.com/p/-/186626,,,0,0,https://www.costco.com/cheese.html,,2026-10-03T03:01:38.211653+00:00
54c073d7-f450-5d54-bf3f-8576ef27d86d,1738,100442159,303285,"Finlandia Premium Cheese Slices, 2 lbs",https://www.costco.com/p/-/303285,,,0,0,https://www.costco.com/cheese.html,,2026-10-03T03:01:38.211653+00:00
7d7fa923-e017-52fa-829c-9b6b354230d8,1738,100423100,96928,"Kraft Singles American Cheese, 96 Slices, 4 lbs",https://www.costco.com/p/-/96928,,,0,0,https://www.costco.com/cheese.html,,2026-10-03T03:01:38.211653+00:00
0d3fee24-48bd-518b-bd6d-e073c21bc1cf,1738,100453313,967892,"BelGioioso Fresh Mozzarella Snacking Cheese, 1 oz, 24-count",https://www.costco.com/p/-/967892,,,0,0,https://www.costco.com/cheese.html,,2026-10-03T03:01:38.211653+00:00
268ec43b-1bcc-53cf-945a-89654bad3efe,1738,100443215,40532,"Philadelphia Original Cream Cheese Spread, 48 oz",https://www.costco.com/p/-/40532,,,0,0,https://www.costco.com/deli.html,,2026-10-03T03:15:49.141542+00:00
a33186f0-0f3a-52a6-89cd-d7953ab6548e,1738,4000283857,1847677,"Noosa Yoghurt Variety Pack, 4 oz, 12-count",https://www.costco.com/p/-/1847677,,,0,0,https://www.costco.com/yogurt.html,,2026-10-03T04:56:39.136261+00:00
1fa2398f-69f5-5bd4-86b3-f4789ab7f0c8,1738,4000099834,9090,"Kirkland Signature Fresh Goat Cheese, 10.5 oz, 2-count",https://www.costco.com/p/-/9090,,,0,0,https://www.costco.com/cheese.html,,2026-10-03T03:01:38.211653+00:00
2b472dbf-b350-5f9d-b136-6f2401c10c11,1738,100439614,1239452,"Busseto California Snackin' Bite Size Salami & Provolone Cheese, 8-count",https://www.costco.com/p/-/1239452,,,0,0,https://www.costco.com/cheese.html,,2026-10-03T03:01:38.211653+00:00
d01f9cba-c161-5798-a2bb-bbcc848ce304,1738,100443302,41181,"Emmi Le Gruyere AOP Cheese, 1 lb",https://www.costco.com/p/-/41181,,,0,0,https://www.costco.com/cheese.html,,2026-10-03T03:01:38.211653+00:00
8de66ffc-3901-5366-9bcb-73638a3ac4a2,1738,100713067,1424237,"Kirkland Signature Grass-Fed Butter, 8 oz, 4-count",https://www.costco.com/p/-/1424237,,,0,0,https://www.costco.com/butter.html,,2026-10-03T02:56:21.086842+00:00
47bf558b-b6de-5faf-a89e-efbf0f01e0ad,1738,100460088,986654,"Unitex 100% Cotton Towel, White, 14 in x 17 in, 52-count",https://www.costco.com/p/-/986654,,,0,0,https://www.costco.com/cleaning-supplies.html,,2026-10-03T03:04:14.631746+00:00
1e5a8ca3-d778-5119-a0f9-b02eafbc9cc6,1738,4000444448,8816886,"Finish Powerball Ultimate Quantum Dish Detergent Tabs, 90-count",https://www.costco.com/p/-/8816886,,,0,0,https://www.costco.com/dish-detergent.html,,2026-10-03T03:20:21.023670+00:00
423ebc9b-d7e1-5ced-a55f-6d7ed3b4201e,1738,4000410069,1889510,"Kirkland Signature Powder Laundry Detergent, 200 Loads, 348.8 oz",https://www.costco.com/p/-/1889510,,,0,0,https://www.costco.com/household-cleaning.html,,2026-10-03T03:50:52.867921+00:00
5311b657-7159-51d6-8637-587e61959028,1738,4000441835,1991335,"Mr. Clean Magic Eraser, Whole Home Extra Durable, 18-count",https://www.costco.com/p/-/1991335,,,0,0,https://www.costco.com/cleaning-supplies.html,,2026-10-03T03:04:14.631746+00:00
26588421-3f3b-512a-8e8c-05fab38d8f3d,1738,4000092340,2218574,"Swiffer Sweeper Heavy Duty Wet Cloths, Lavender, 54-count",https://www.costco.com/p/-/2218574,,,0,0,https://www.costco.com/floor-bathroom-cleaners.html,,2026-10-03T03:28:54.375876+00:00
54ccf60e-2da5-58a5-90c3-d7dee4a83480,1738,4201005849,2049492,"All Free & Clear Plus+ Laundry Detergent Mighty Pacs, 118-count",https://www.costco.com/p/-/2049492,,,0,0,https://www.costco.com/household-cleaning.html,,2026-10-03T03:50:52.867921+00:00
1b301517-86cd-5566-9f38-fe710f114299,1738,100401358,1145682,"Scotch-Brite Lint Roller, 95-count, 5-pack",https://www.costco.com/p/-/1145682,,,0,0,https://www.costco.com/household-cleaning.html,,2026-10-03T03:50:52.867921+00:00
045ccdc3-23ac-5e1d-a0e0-73884f95daa8,1738,4000350964,9675389,"Tide Plus Ultra Oxi Powder Laundry Detergent, Original, 143 Loads, 225 oz",https://www.costco.com/p/-/9675389,,,0,0,https://www.costco.com/household-cleaning.html,,2026-10-03T03:50:52.867921+00:00
144665e6-29b7-5550-8473-eb916ddbe3af,1738,100687494,2345775,"Poo-Pourri Toilet Spray Variety Pack, 3.4 fl oz, 3-count",https://www.costco.com/p/-/2345775,,,0,0,https://www.costco.com/floor-bathroom-cleaners.html,,2026-10-03T03:28:54.375876+00:00
1b972e58-be20-5a4c-8dfb-a124411bc9c3,1738,4000392766,1963239,"Airwick Scented Oils, 1 Plug-in + 9 Refills, Variety Pack, Assorted Scents",https://www.costco.com/p/-/1963239,,,0,0,https://www.costco.com/cleaning-supplies.html,,2026-10-03T03:04:14.631746+00:00
fc28710c-70e3-5702-8a4f-99d68f7ce625,1738,4000383853,4223955,"Tide Advanced Care Liquid Laundry Detergent, Free & Gentle, 125 Loads, 154 fl oz",https://www.costco.com/p/-/4223955,,,0,0,https://www.costco.com/household-cleaning.html,,2026-10-03T03:50:52.867921+00:00
29ec4200-e39f-5f42-8932-6c7fe2097ff2,1738,4201023635,2067029,"Tide Pods Unstopables Laundry Detergent Pods, Fresh, 80-count",https://www.costco.com/p/-/2067029,,,0,0,https://www.costco.com/household-cleaning.html,,2026-10-03T03:50:52.867921+00:00
d7fb0a61-9f3a-5376-a29e-65e7aacbefd3,1738,4000435427,7609681,"Cascade Platinum Liquid Dishwasher Detergent, Fresh, 125 fl oz",https://www.costco.com/p/-/7609681,,,0,0,https://www.costco.com/dish-detergent.html,,2026-10-03T03:20:21.023670+00:00
140613b0-756f-5085-9e45-4ef3cac7425b,1738,4000298387,2312000,"Finish Jet-Dry Ultra Dishwasher Rinse Aid, 38 fl oz",https://www.costco.com/p/-/2312000,,,0,0,https://www.costco.com/dish-detergent.html,,2026-10-03T03:20:21.023670+00:00
631d163a-1b84-5e78-b9eb-da2190c4a1ca,1738,100368211,1032422,"Palmolive Ultra Strength Liquid Dish Soap, 102 fl oz",https://www.costco.com/p/-/1032422,,,0,0,https://www.costco.com/dish-detergent.html,,2026-10-03T03:20:21.023670+00:00
9d21824a-bb60-5f1a-8155-704037f0b572,1738,4000260032,3797974,"Dawn Platinum Plus Powerwash Dish Soap Spray, Fresh Clean, 1 Starter Kit + 2 Refills",https://www.costco.com/p/-/3797974,,,0,0,https://www.costco.com/dish-detergent.html,,2026-10-03T03:20:21.023670+00:00
f30e1547-1ea9-52ec-87bb-758b305e9295,1738,4000444453,5247022,"Tide Pods with Ultra Oxi Laundry Detergent Pods, 100-count",https://www.costco.com/p/-/5247022,,,0,0,https://www.costco.com/household-cleaning.html,,2026-10-03T03:50:37.128433+00:00
8c34660c-9554-5968-b195-4e7949cdae5d,1738,4000417929,2725160,"Tide Pods Laundry Detergent Pods, Spring Meadow, 156-count",https://www.costco.com/p/-/2725160,,,0,0,https://www.costco.com/household-cleaning.html,,2026-10-03T03:50:37.128433+00:00
d69053ca-072a-597f-b55b-01f9a2e76f1a,1738,4000415444,2700048,"Tide Pods Laundry Detergent Pods, Free & Gentle, 152-count",https://www.costco.com/p/-/2700048,,,0,0,https://www.costco.com/household-cleaning.html,,2026-10-03T03:50:37.128433+00:00
50f40fe9-862c-50d7-bd41-b40ff82569bc,1738,100307201,1054838,"Kirkland Signature Ultra Clean HE Laundry Detergent Pacs, 152-count",https://www.costco.com/p/-/1054838,,,0,0,https://www.costco.com/household-cleaning.html,,2026-10-03T03:50:44.967545+00:00
12e28c23-8141-5d6f-8d39-0a7e424d0599,1738,4000100321,1709318,"Tide Ultra Concentrated Liquid Laundry Detergent, Original, 152 Loads, 170 fl oz",https://www.costco.com/p/-/1709318,,,0,0,https://www.costco.com/household-cleaning.html,,2026-10-03T03:50:37.128433+00:00
2f68e1f3-bc05-5240-bb50-0752ce4e557d,1738,4000278026,1840548,"Downy Soft Liquid Fabric Softener, April Fresh, 257 Loads, 150 fl oz",https://www.costco.com/p/-/1840548,,,0,0,https://www.costco.com/household-cleaning.html,,2026-10-03T03:50:44.967545+00:00
298a5466-4d7c-5905-bea3-3cb20be3470a,1738,4000278027,4160644,"Gain +Oxi Liquid Laundry Detergent, Original, 159 Loads, 170 fl oz",https://www.costco.com/p/-/4160644,,,0,0,https://www.costco.com/grocery-household.html,,2026-10-03T03:37:59.278849+00:00
e3f3297b-9de3-51e6-a607-689901687f3c,1738,4000364542,4160408,"Tide Plus with Ultra Downy Liquid Laundry Detergent, April Fresh, 100 Loads, 128 fl oz",https://www.costco.com/p/-/4160408,,,0,0,https://www.costco.com/household-cleaning.html,,2026-10-03T03:50:44.967545+00:00
566eb04d-d5ed-5f59-a291-3ccd67fe634c,1738,4000183052,1725830,"Kirkland Signature Fabric Softener Sheets, 250-count, 2-pack",https://www.costco.com/p/-/1725830,,,0,0,https://www.costco.com/household-cleaning.html,,2026-10-03T03:50:44.967545+00:00
06b2224d-99a6-541d-8d54-fb82f86c1f78,1738,4000401066,4873222,"All Free & Clear Plus+ Liquid Laundry Detergent, 160 Loads, 200 fl oz",https://www.costco.com/p/-/4873222,,,0,0,https://www.costco.com/household-cleaning.html,,2026-10-03T03:50:44.967545+00:00
3929572b-9af8-5b7d-9c53-7f97ac52b70d,1738,4000254102,3160440,"Tide Plus Advanced Power with Oxi Liquid Laundry Detergent, Original, 78 Loads, 138 fl oz",https://www.costco.com/p/-/3160440,,,0,0,https://www.costco.com/household-cleaning.html,,2026-10-03T03:50:44.967545+00:00
3558ef08-c1d1-5202-8b94-25de40b0c38c,1738,4000320960,3006152,"Bounce Select a Size Fabric Softener Dryer Sheets, Outdoor Fresh, 400-count",https://www.costco.com/p/-/3006152,,,0,0,https://www.costco.com/household-cleaning.html,,2026-10-03T03:50:44.967545+00:00
08fbe83b-441e-5768-82e7-2664cf5ad293,1738,4000416239,2045021,"Kirkland Signature Ultra Soft Fabric Softener, 257 Loads, 150 fl oz",https://www.costco.com/p/-/2045021,,,0,0,https://www.costco.com/household-cleaning.html,,2026-10-03T03:50:44.967545+00:00
4b2529d3-4980-5a6d-a5e8-cf1768d01763,1738,4000308669,5161251,"Downy Unstopables In-Wash Scent Booster Beads, Fresh, 39.9 oz",https://www.costco.com/p/-/5161251,,,0,0,https://www.costco.com/household-cleaning.html,,2026-10-03T03:50:44.967545+00:00
e41c300c-98ad-5a14-a7ef-d36ada4a6402,1738,4000251265,1800219,"Downy Ultimate Infusions In-Wash Scent Booster Beads, Whimsical Wonder, 24.5 oz",https://www.costco.com/p/-/1800219,,,0,0,https://www.costco.com/household-cleaning.html,,2026-10-03T03:50:44.967545+00:00
ed396519-6a39-501b-b4be-4707d00ecb75,1738,4000206470,2203187,"Lysol Laundry Sanitizer, Crisp Linen, 150 fl oz",https://www.costco.com/p/-/2203187,,,0,0,https://www.costco.com/household-cleaning.html,,2026-10-03T03:50:44.967545+00:00
67762774-72b6-5501-99a6-24caed190b6b,1738,100342484,1089787,"Kirkland Signature Flex-Tech 13-Gallon Kitchen Trash Bag, 200-count",https://www.costco.com/p/-/1089787,,,0,0,https://www.costco.com/grocery-household.html,,2026-10-03T03:37:25.364261+00:00
cc962392-2a8e-533d-a730-ea5588405cb1,1738,100520272,1300658,"Kirkland Signature Flex-Tech 13-Gallon Scented Kitchen Trash Bags, 200-count",https://www.costco.com/p/-/1300658,,,0,0,https://www.costco.com/grocery-household.html,,2026-10-03T03:37:25.364261+00:00
24d7332f-5a73-547c-bfe0-703a5a2f1a88,1738,4000234602,1755436,"Kirkland Signature 18-Gallon Compactor & Kitchen Trash Bag, 70-count",https://www.costco.com/p/-/1755436,,,0,0,https://www.costco.com/household-cleaning.html,,2026-10-03T03:50:44.967545+00:00
95c25df7-4960-59d7-8085-101506de0a34,1738,4000233330,1755441,"Kirkland Signature Flex-Tech 33-Gallon Trash Bag, 90-count",https://www.costco.com/p/-/1755441,,,0,0,https://www.costco.com/household-cleaning.html,,2026-10-03T03:50:44.967545+00:00
3e70535c-0d13-5695-bd51-e5b1a6dece99,1738,4000233382,1755444,"Kirkland Signature 50-Gallon Outdoor Trash Bag, 70-count",https://www.costco.com/p/-/1755444,,,0,0,https://www.costco.com/household-cleaning.html,,2026-10-03T03:50:44.967545+00:00
6067c7ee-eccd-5f1b-bea0-6c78acb20c75,1738,4000147442,4054232,"Kirkland Signature Coffee Organic Pacific Bold K-Cup Pod, 120-count",https://www.costco.com/p/-/4054232,,,0,0,https://www.costco.com/coffee-sweeteners.html,,2026-10-03T03:05:32.609689+00:00
b84c2bd3-6f79-5527-acdb-8d1ee6e00c59,1738,4000147352,4054210,"Kirkland Signature Coffee Organic Summit Roast K-Cup Pod, 120-count",https://www.costco.com/p/-/4054210,,,0,0,https://www.costco.com/coffee-sweeteners.html,,2026-10-03T03:05:32.609689+00:00
30643a97-a676-588f-b24b-7438bdbf0969,1738,100361434,17767,"Kirkland Signature Colombian Coffee, Dark Roast, 3 lbs",https://www.costco.com/p/-/17767,,,0,0,https://www.costco.com/coffee-sweeteners.html,,2026-10-03T03:05:32.609689+00:00
58b4da24-badd-5cf1-9df1-dcde5f7f6759,1738,100805602,1528787,"Kirkland Signature Whole Bean Coffee, French Roast, 2.5 lbs",https://www.costco.com/p/-/1528787,,,0,0,https://www.costco.com/coffee-sweeteners.html,,2026-10-03T03:05:32.609689+00:00
e2d29622-9182-525d-8412-3b3bd8cf7ccf,1738,100334843,120296,"Kirkland Signature Colombian Supremo Coffee, Whole Bean, 3 lbs",https://www.costco.com/p/-/120296,,,0,0,https://www.costco.com/coffee-sweeteners.html,,2026-10-03T03:05:32.609689+00:00
a55249af-e91c-5c06-8e40-43c00b6d0d91,1738,4000146862,4054238,"Kirkland Signature Coffee Organic Breakfast Blend K-Cup Pod, 120-count",https://www.costco.com/p/-/4054238,,,0,0,https://www.costco.com/coffee-sweeteners.html,,2026-10-03T03:05:32.609689+00:00
162eafbb-8cdf-5937-9c85-bdb8630625e3,1738,100978861,1660437,"Folgers Classic Roast Ground Coffee, Medium, 43.5 oz",https://www.costco.com/p/-/1660437,,,0,0,https://www.costco.com/coffee-sweeteners.html,,2026-10-03T03:05:32.609689+00:00
87d1f24c-c39b-53b7-8730-f2d355039627,1738,4000449808,4054220,"Kirkland Signature Coffee Organic French Roast K-Cup Pod, 120-count",https://www.costco.com/p/-/4054220,,,0,0,https://www.costco.com/coffee-sweeteners.html,,2026-10-03T03:05:32.609689+00:00
247dc54a-96eb-50c1-b973-497f6efad074,1738,4000265185,3365592,"Caribou Coffee Caribou Blend K-Cup Pod, 80-count",https://www.costco.com/p/-/3365592,,,0,0,https://www.costco.com/coffee-sweeteners.html,,2026-10-03T03:05:32.609689+00:00
8621c441-53c9-5797-8ed8-faeabce9ba28,1738,4000265359,3818035,"The Original Donut Shop Coffee K-Cup Pod, 80-count",https://www.costco.com/p/-/3818035,,,0,0,https://www.costco.com/coffee-sweeteners.html,,2026-10-03T03:05:32.609689+00:00
f3541268-9609-51cb-997c-bde61e8f5290,1738,100423806,1244454,"NESCAFE Taster's Choice Instant Coffee, House Blend, Light-Medium Roast, 14 oz",https://www.costco.com/p/-/1244454,,,0,0,https://www.costco.com/coffee-sweeteners.html,,2026-10-03T03:05:32.609689+00:00
b81a32d4-4684-5f87-a686-3f4b0af4b62a,1738,100823223,1471986,"Peet's Organic Dark French Roast Ground Coffee, 32 oz",https://www.costco.com/p/-/1471986,,,0,0,https://www.costco.com/coffee-sweeteners.html,,2026-10-03T03:05:32.609689+00:00
f040aea1-de4d-5f6d-87ab-ba19bce90df4,1738,4201037288,2899021,"Peet's Coffee Major Dickason’s K-Cup Coffee Pods, 80-count",https://www.costco.com/p/-/2899021,,,0,0,https://www.costco.com/coffee-sweeteners.html,,2026-10-03T03:05:32.609689+00:00
49429d5e-56d8-55ec-948f-e949887e3738,1738,100449422,756053,"Kirkland Signature Medium Roast Coffee, 40 oz.",https://www.costco.com/p/-/756053,,,0,0,https://www.costco.com/coffee-sweeteners.html,,2026-10-03T03:05:32.609689+00:00
a464d74f-b60f-5d4e-bb92-703e4cc996e5,1738,100381507,670441,"Peet's Coffee Major Dickason's Blend Coffee, Dark Roast, Whole Bean, 2 lbs",https://www.costco.com/p/-/670441,,,0,0,https://www.costco.com/coffee-sweeteners.html,,2026-10-03T03:05:32.609689+00:00
f08a4e97-7e7d-5aec-86c2-130df52bd9db,1738,4000232205,1726089,"Kirkland Signature House Blend Whole Bean Coffee, Medium Roast, 2.5 lbs",https://www.costco.com/p/-/1726089,,,0,0,https://www.costco.com/coffee-sweeteners.html,,2026-10-03T03:05:32.609689+00:00
52252a3a-6bcc-5f4b-9cdc-c62561d0103c,1738,4201017698,8984865,"Crafted Classics Coffee K-Cup Pod Variety Pack, 72ct K-Cup Pods",https://www.costco.com/p/-/8984865,,,0,0,https://www.costco.com/coffee-sweeteners.html,,2026-10-03T03:05:32.609689+00:00
55c2aa32-8caf-55ec-b0f1-602ef11d3936,1738,4000377480,6992988,"Starbucks Coffee and Espresso Capsules for Nespresso Vertuo Machines 60-count Variety Pack, 100% Arabica Coffee",https://www.costco.com/p/-/6992988,,,0,0,https://www.costco.com/coffee-sweeteners.html,,2026-10-03T03:05:32.609689+00:00
9a85f833-1ad6-5af6-844f-dcb08da1e750,1738,100501081,3123235,"Starbucks Pike Place Medium Roast K-Cup, 72-count",https://www.costco.com/p/-/3123235,,,0,0,https://www.costco.com/coffee-sweeteners.html,,2026-10-03T03:05:32.609689+00:00
84ffb2c0-0c25-509b-9258-dce0bde04357,1738,100381544,437484,"Lavazza Caffé Espresso 100% Premium Arabica Coffee, Whole Bean, 2.2 lbs",https://www.costco.com/p/-/437484,,,0,0,https://www.costco.com/coffee-sweeteners.html,,2026-10-03T03:05:32.609689+00:00
42253ef7-0532-5275-80d8-c669633475f4,1738,100334883,46242,"Kirkland Signature Decaffeinated Coffee, Dark Roast, 3 lbs",https://www.costco.com/p/-/46242,,,0,0,https://www.costco.com/coffee-sweeteners.html,,2026-10-03T03:05:32.609689+00:00
2ebe870d-bc03-5a5e-908e-c10f1795fcd5,1738,4000281974,1841924,"La Colombe Draft Latte Cold Brew Coffee, Variety Pack, 9 fl oz, 12-count",https://www.costco.com/p/-/1841924,,,0,0,https://www.costco.com/coffee-sweeteners.html,,2026-10-03T03:05:32.609689+00:00
b8ae2c31-2cd3-5a89-93ff-b2558d33b422,1738,100113275,541334,"Nestlé Coffee-mate Powdered Creamer, Original, 56 oz",https://www.costco.com/p/-/541334,,,0,0,https://www.costco.com/coffee-sweeteners.html,,2026-10-03T03:05:32.609689+00:00
73dcd644-e57e-573d-a1e7-5a8f31fd19ad,1738,100750271,1538864,"Starbucks Caramel Macchiato Creamer, 58 fl oz",https://www.costco.com/p/-/1538864,,,0,0,https://www.costco.com/coffee-sweeteners.html,,2026-10-03T03:05:40.479304+00:00
b4605067-5530-51b1-89ae-994c646620fb,1738,100368227,264266,"Starbucks Mocha Frappuccino Chilled Coffee, 9.5 fl oz, 15-count",https://www.costco.com/p/-/264266,,,0,0,https://www.costco.com/coffee-sweeteners.html,,2026-10-03T03:05:40.479304+00:00
b2f372f1-d050-51cd-8930-8ba3f9feb4f7,1738,100508945,3882772,"Starbucks K-Cup Coffee Pods 72ct, Limited Edition Holiday Blend Medium Roast Coffee, 100% Arabica",https://www.costco.com/p/-/3882772,,,0,0,https://www.costco.com/coffee-sweeteners.html,,2026-10-03T03:05:40.479304+00:00
51359c4f-da34-50f8-8ef9-d0b4d54a66ca,1738,4000371775,1946730,Lavazza Dolcevita Classico 80-count K-Cup Pods,https://www.costco.com/p/-/1946730,,,0,0,https://www.costco.com/coffee-sweeteners.html,,2026-10-03T03:05:40.479304+00:00
d55a9544-5dcb-54b7-9a09-e4f019749abc,1738,100438498,1191845,"Stevia in the Raw Organic Stevia Blend, 22.57 oz.",https://www.costco.com/p/-/1191845,,,0,0,https://www.costco.com/coffee-sweeteners.html,,2026-10-03T03:05:40.479304+00:00
6307c463-f2cc-509d-801e-009da69392f6,1738,100640756,1327763,"Amylu Organic Chicken Burger with Caramelized Onion and Aged White Cheddar, 8-count",https://www.costco.com/p/-/1327763,,,0,0,https://www.costco.com/deli.html,,2026-10-03T03:15:41.965184+00:00
b9347b04-4a49-5b92-b241-2c3c53d8f8c7,1738,100368196,947880,"Hillshire Farm Slow Roasted Turkey Breast, 16.5 oz, 2-count",https://www.costco.com/p/-/947880,,,0,0,https://www.costco.com/deli-meats.html,,2026-10-03T03:15:02.770612+00:00
dee60cff-4403-5833-96aa-703c163da16a,1738,100410830,447180,"Kirkland Signature Beef Hot Dogs, 12 Links, 1.5 lbs, 3-count",https://www.costco.com/p/-/447180,,,0,0,https://www.costco.com/deli.html,,2026-10-03T03:15:41.965184+00:00
e393c108-4e38-5c4d-9d54-5d05c3b39e21,1738,4201026436,2079404,"Bolder Foods Loaded Baked Potato Soup, 24 oz, 2-count",https://www.costco.com/p/-/2079404,,,0,0,https://www.costco.com/deli.html,,2026-10-03T03:15:41.965184+00:00
5375fd1b-801d-50e9-ab4f-5994dc6a63f5,1738,100695711,1487910,"Amylu Chicken Meatballs, Cranberry & Jalapeno, 46 oz",https://www.costco.com/p/-/1487910,,,0,0,https://www.costco.com/deli.html,,2026-10-03T03:15:41.965184+00:00
32b69759-2c8b-59cd-9f1c-98a976a36984,1738,4000213579,1735359,"Kirkland Signature Mild Italian Sausage, 3.5 lbs",https://www.costco.com/p/-/1735359,,,0,0,https://www.costco.com/deli.html,,2026-10-03T03:15:41.965184+00:00
71f1d24a-9a77-50ef-885a-315cccb2418c,1738,100785824,1561556,"Amylu Teriyaki Pineapple Chicken Meatballs, 46 oz",https://www.costco.com/p/-/1561556,,,0,0,https://www.costco.com/deli.html,,2026-10-03T03:15:41.965184+00:00
d416a1ec-cdd6-5e04-9742-a27831ba9686,1738,100442378,327081,"Don Miguel Chipotle Chicken Mini Tacos, 35 oz, 2-count",https://www.costco.com/p/-/327081,,,0,0,https://www.costco.com/deli.html,,2026-10-03T03:15:41.965184+00:00
c8b1eb3a-c327-5b37-82a4-5159685febf9,1738,4000340166,4860002,"Kirkland Signature Uncured Black Forest Ham, 28 oz",https://www.costco.com/p/-/4860002,,,0,0,https://www.costco.com/deli-meats.html,,2026-10-03T03:15:02.770612+00:00
adba01af-09ab-56ec-a8e0-c4d7d066206a,1738,4000103494,1615853,"Boulder Organic Chicken Wild Rice Soup, 24 oz, 2-count",https://www.costco.com/p/-/1615853,,,0,0,https://www.costco.com/deli.html,,2026-10-03T03:15:41.965184+00:00
c802ae51-8660-56a3-adba-fd6afaa30e57,1738,100423075,990551,"Kirkland Signature Imported Basil Pesto, 22 oz",https://www.costco.com/p/-/990551,,,0,0,https://www.costco.com/deli.html,,2026-10-03T03:15:41.965184+00:00
e436c969-ec34-5770-9a12-7dab825de944,1738,100639654,1302599,"Sabatino's Paleo Organic Basil and Cracked Black Pepper Chicken Sausages, 36 oz",https://www.costco.com/p/-/1302599,,,0,0,https://www.costco.com/deli.html,,2026-10-03T03:15:41.965184+00:00
267b4b61-15fd-59be-b11a-a53f4a1b51ae,1738,4000221236,1777022,"Pulmuone Teriyaki Stir-Fry Udon, 29.4 oz",https://www.costco.com/p/-/1777022,,,0,0,https://www.costco.com/deli.html,,2026-10-03T03:15:41.965184+00:00
f62b6c8a-1bd2-5dec-9fa1-7f79041c1a29,1738,100435660,1096018,"Sabatasso's Gluten-free Four-cheese Pizza, 17.5 oz, 3-count",https://www.costco.com/p/-/1096018,,,0,0,https://www.costco.com/deli.html,,2026-10-03T03:15:41.965184+00:00
d5b6682a-b008-5dbd-9191-aae99999e96e,1738,100638499,1280819,"Kirkland Signature Organic Hummus, 2.5 oz, 20-count",https://www.costco.com/p/-/1280819,,,0,0,https://www.costco.com/deli.html,,2026-10-03T03:15:41.965184+00:00
bdf4df2f-2245-52a9-8809-92b959bf1664,1738,4000311101,7172015,"Kirkland Signature Reduced Sodium Dry Salame, 16 oz, 2-count",https://www.costco.com/p/-/7172015,,,0,0,https://www.costco.com/deli.html,,2026-10-03T03:15:41.965184+00:00
6938377d-6221-50c0-b9d6-913be6bac313,1738,4000282542,1845747,"Sabatino's Tuscan Style Chicken Piccata, 32 oz",https://www.costco.com/p/-/1845747,,,0,0,https://www.costco.com/deli.html,,2026-10-03T03:15:41.965184+00:00
6fca3c64-13de-591c-92a6-48632906c81d,1738,100637654,1231893,"Greenridge Naturals Beef Snack Sticks, 3 oz, 12-count",https://www.costco.com/p/-/1231893,,,0,0,https://www.costco.com/deli.html,,2026-10-03T03:15:41.965184+00:00
3b344c0d-e879-5b22-bda8-05f8b1306a39,1738,100642433,1365562,"Fresh Additions Fully Cooked Chicken Breast Bites, 3.2 oz, 10-count",https://www.costco.com/p/-/1365562,,,0,0,https://www.costco.com/deli.html,,2026-10-03T03:15:41.965184+00:00
59cfacbd-d4b9-5651-8e75-acae79884d7a,1738,100569789,1380296,"Amylu, Chicken Breakfast Sausage Links, 2.5 lbs",https://www.costco.com/p/-/1380296,,,0,0,https://www.costco.com/deli.html,,2026-10-03T03:15:41.965184+00:00
26089a30-1d56-5f0a-9753-fd13bb64a8fc,1738,4000360298,1938239,"Kevin's Natural Foods Hawaiian Style Chicken, 32 oz",https://www.costco.com/p/-/1938239,,,0,0,https://www.costco.com/deli.html,,2026-10-03T03:15:41.965184+00:00
79876764-1c3f-578d-a919-4f3d986748b7,1738,100452925,951691,"Sukhi's Indian Chicken Tikka Masala Prepared Meal, 18 oz, 2-count",https://www.costco.com/p/-/951691,,,0,0,https://www.costco.com/deli.html,,2026-10-03T03:15:41.965184+00:00
3ef22afb-9407-50bf-bf02-0e3d76b9d0f2,1738,4000438966,1981743,"Kirkland Signature Five Cheese Tortelloni, 24 oz, 2-count",https://www.costco.com/p/-/1981743,,,0,0,https://www.costco.com/deli.html,,2026-10-03T03:15:49.141542+00:00
ad1bafcf-8ccd-5845-ac09-6e2add63d947,1738,100456680,1239636,"Good Foods Organic Avocado Mash, Sea Salt and Black Pepper, 2 oz, 16-count",https://www.costco.com/p/-/1239636,,,0,0,https://www.costco.com/deli.html,,2026-10-03T03:15:49.141542+00:00
dccdd2ab-da15-59b1-bcdd-ea09718c3678,1738,100442469,31801,"Morey's Seasoned Wild Alaskan Salmon, 6-Count",https://www.costco.com/p/-/31801,,,0,0,https://www.costco.com/deli.html,,2026-10-03T03:15:49.141542+00:00
1c4eb348-4910-5f96-81af-1bf0ec9f4653,1738,4000159426,1644309,"Kirkland Signature Wild Smoked Sockeye Salmon, 8 oz, 2-count",https://www.costco.com/p/-/1644309,,,0,0,https://www.costco.com/deli.html,,2026-10-03T03:15:49.141542+00:00
42903837-997b-5d87-a413-25f748151859,1738,100638780,1285362,"Kirkland Signature Chunky Guacamole, Organic, 2.5 oz, 16-count",https://www.costco.com/p/-/1285362,,,0,0,https://www.costco.com/deli.html,,2026-10-03T03:15:49.141542+00:00
634476ea-67d0-5d5b-b6cd-3461bc6d660a,1738,100435916,1098785,"Wildbrine Raw Organic Sauerkraut, 50 oz",https://www.costco.com/p/-/1098785,,,0,0,https://www.costco.com/deli.html,,2026-10-03T03:15:49.141542+00:00
93817e99-df36-5188-ae7f-91fa58e1438b,1738,100791659,6101960,"Kirkland Signature Organic Spinach & Cheese Ravioli, 22 oz, 2-count",https://www.costco.com/p/-/6101960,,,0,0,https://www.costco.com/deli.html,,2026-10-03T03:15:49.141542+00:00
b49e8ab6-7a52-5f0c-9b9f-fd36f2448ee9,1738,100390593,222464,"Petite Cuisine Mozzarella Sticks in a Crispy Seasoned Breading, 5 lb",https://www.costco.com/p/-/222464,,,0,0,https://www.costco.com/deli.html,,2026-10-03T03:15:49.141542+00:00
57a45973-77d0-5199-9a8a-28375757c9ed,1738,100578882,409627,"Frito Lay Tostitos Salsa Con Queso Dip, 23 oz, 2-count",https://www.costco.com/p/-/409627,,,0,0,https://www.costco.com/deli.html,,2026-10-03T03:15:49.141542+00:00
d85b6028-493f-57e8-98cd-ca37e85843aa,1738,100444534,50550,"Hebrew National 100% Kosher Beef Franks, 12 oz, 4-count, 28 Beef Franks Total",https://www.costco.com/p/-/50550,,,0,0,https://www.costco.com/deli.html,,2026-10-03T03:15:49.141542+00:00
9350e088-51b3-5322-979e-0cfcd27c1b69,1738,4000036664,2251987,"Kirkland Signature Organic Roasted Pine Nut Hummus, 34 oz",https://www.costco.com/p/-/2251987,,,0,0,https://www.costco.com/deli.html,,2026-10-03T03:15:49.141542+00:00
16a70109-00a9-53d2-aad1-55d1adc75267,1738,100638119,1263833,"Dietz & Watson Organic Roasted Turkey Breast, 9 oz, 3-count",https://www.costco.com/p/-/1263833,,,0,0,https://www.costco.com/deli-meats.html,,2026-10-03T03:15:02.770612+00:00
0fbab8e5-fc2e-529a-857f-c19ce209a7d2,1738,100645312,1433996,"Stonefire Authentic Flatbreads Naan Dippers, 19.4 oz",https://www.costco.com/p/-/1433996,,,0,0,https://www.costco.com/deli.html,,2026-10-03T03:15:49.141542+00:00
34e90d90-a8d2-5372-a18b-df5db8a05273,1738,100436543,1124028,"Teton Waters Ranch Polish Sausage, 2.25 lbs",https://www.costco.com/p/-/1124028,,,0,0,https://www.costco.com/deli.html,,2026-10-03T03:15:49.141542+00:00
054484f7-89d6-56b5-8e1a-a55ae615a3ff,1738,4000233733,1793017,"Jongga Sliced Napa Cabbage Kimchi, 52.9 oz",https://www.costco.com/p/-/1793017,,,0,0,https://www.costco.com/deli.html,,2026-10-03T03:15:49.141542+00:00
c6760795-6046-5266-8776-62ce373b5799,1738,100809027,1603075,"Perfect Bar Refrigerated Organic Protein Bar, Variety, 12-count",https://www.costco.com/p/-/1603075,,,0,0,https://www.costco.com/deli.html,,2026-10-03T03:15:49.141542+00:00
3b2264aa-ad7d-5e57-bbd2-7324360e4267,1738,4000262373,1775302,"Kirkland Signature Parmesan Black Pepper & Parmesan Chicken Sausage, 3 lbs",https://www.costco.com/p/-/1775302,,,0,0,https://www.costco.com/deli.html,,2026-10-03T03:15:49.141542+00:00
376548c2-523f-5346-9f8a-9a04f6db2b50,1738,4000027857,1624490,"Giovanni Rana Beef and Short Rib Lasagna, 42 oz",https://www.costco.com/p/-/1624490,,,0,0,https://www.costco.com/deli.html,,2026-10-02T12:42:12.539478+00:00
d679fce2-437f-5278-b44e-f5dc409e3577,1738,4000149472,1611040,"Kirkland Signature Smoked Pulled Pork, Rubbed with Seasonings, 2 lbs",https://www.costco.com/p/-/1611040,,,0,0,https://www.costco.com/deli.html,,2026-10-03T03:15:49.141542+00:00
6470f82c-9343-5d00-a147-9f322d8eb785,1738,4000281541,1830083,"Kirkland Signature Egg White with Cheese Trio and Peppers Egg Bites, 10-count",https://www.costco.com/p/-/1830083,,,0,0,https://www.costco.com/deli.html,,2026-10-03T03:15:49.141542+00:00
7d15ab8d-1b02-5f26-a381-86923ca06d6c,1738,4000281502,1830081,"Kirkland Signature Uncured Bacon and Gouda Egg Bites, 10-count",https://www.costco.com/p/-/1830081,,,0,0,https://www.costco.com/deli.html,,2026-10-03T03:15:49.141542+00:00
1fbc610a-69dd-5b9d-ab66-9eb9485dab37,1738,100587787,1006856,"Mama Mancini's Jumbo Beef Meatballs, 48 oz",https://www.costco.com/p/-/1006856,,,0,0,https://www.costco.com/deli.html,,2026-10-03T03:15:49.141542+00:00
0cb9e2b7-e5b5-53a5-a9a3-2ff1a9c1516a,1738,4000160794,9820887,"Kirkland Signature Cheese Pizza, 18.25 oz, 4-count",https://www.costco.com/p/-/9820887,,,0,0,https://www.costco.com/kirkland-signature-groceries.html,,2026-10-03T03:59:55.654737+00:00
50013f36-1638-5b35-b487-79e4b430ebce,1738,100539783,1294446,"Kirkland Signature Chicken Wings, First and Second Sections, 10 lbs",https://www.costco.com/p/-/1294446,,,0,0,https://www.costco.com/kirkland-signature-groceries.html,,2026-10-03T03:59:55.654737+00:00
aea8e2f7-2392-512f-b355-b0f2fb9ac690,1738,4000202951,1736931,"Kirkland Signature Lightly Breaded Chicken Breast Chunks, 4 lbs",https://www.costco.com/p/-/1736931,,,0,0,https://www.costco.com/kirkland-signature-groceries.html,,2026-10-03T03:59:55.654737+00:00
110685ed-035d-51a2-9af9-39b618aa0c41,1738,100433330,1018790,"Brazi Bites Brazilian Cheddar & Parmesan Cheese Bread, 62-count",https://www.costco.com/p/-/1018790,,,0,0,https://www.costco.com/cold-frozen-grocery.html,,2026-10-02T12:49:11.761698+00:00
ead5644d-9d3e-53df-a1d9-2e9e432c2ce5,1738,100440959,21272,"Smucker's Uncrustables, Peanut Butter & Grape Jelly Sandwich, 18-count",https://www.costco.com/p/-/21272,,,0,0,https://www.costco.com/cold-frozen-grocery.html,,2026-10-02T12:49:11.761698+00:00
8ac5d496-1ffe-55f9-9c61-e2eb055aa4ab,1738,100641131,1339035,"Foster Farms Take Out Crispy Chicken Wings, Sweet Chipotle BBQ, 4 lbs",https://www.costco.com/p/-/1339035,,,0,0,https://www.costco.com/cold-frozen-grocery.html,,2026-10-02T12:49:11.761698+00:00
e827125d-29f6-5b86-8b72-fc9166bda16c,1738,4000411755,1956136,"Kirkland Signature Crispy Wings with Classic Buffalo Sauce, 64 oz",https://www.costco.com/p/-/1956136,,,0,0,https://www.costco.com/kirkland-signature-groceries.html,,2026-10-03T03:59:55.654737+00:00
695f50d6-413e-52b4-858c-211ed0173eb6,1738,4201009632,2062082,"Pulmuone Teriyaki Stir-fry Udon, 30.9 oz",https://www.costco.com/p/-/2062082,,,0,0,https://www.costco.com/cold-frozen-grocery.html,,2026-10-02T12:49:11.761698+00:00
f1177ece-67c4-56be-a033-780146e1490d,1738,100637418,1217608,"Kirkland Signature Organic Broccoli Florets, 1 lb, 4-count",https://www.costco.com/p/-/1217608,,,0,0,https://www.costco.com/kirkland-signature-groceries.html,,2026-10-03T03:59:55.654737+00:00
2ec16f3a-f885-5fcd-8ff1-e96e6634c955,1738,100639698,1305092,"Kirkland Signature Ground Beef Patties, 1/3 lb Patty, 18-count",https://www.costco.com/p/-/1305092,,,0,0,https://www.costco.com/kirkland-signature-groceries.html,,2026-10-03T03:59:55.654737+00:00
337f63e9-3a31-5891-9b16-0d62ea09690e,1738,100462140,1233570,Kirkland Signature Breaded Panko Shrimp 2.5 lbs,https://www.costco.com/p/-/1233570,,,0,0,https://www.costco.com/cold-frozen-grocery.html,,2026-10-02T12:49:11.761698+00:00
272f8b51-ea0e-5823-b70c-df2fce78c267,1738,100437117,1139689,"Kirkland Signature Tilapia Loins, 3 lbs",https://www.costco.com/p/-/1139689,,,0,0,https://www.costco.com/cold-frozen-grocery.html,,2026-10-02T12:49:11.761698+00:00
ae4b44e9-6c07-5f1a-92b6-83ddc5ca9740,1738,100450417,806230,"Trident Seafoods Wild Alaskan Beer Battered Cod, 2.5 lbs",https://www.costco.com/p/-/806230,,,0,0,https://www.costco.com/cold-frozen-grocery.html,,2026-10-02T12:49:11.761698+00:00
67094b7f-c829-5f6d-83aa-da5eb8ceb703,1738,100787239,1524380,"Kirkland Signature Cauliflower Crust Pizza, Supreme, 2-count",https://www.costco.com/p/-/1524380,,,0,0,https://www.costco.com/kirkland-signature-groceries.html,,2026-10-03T03:59:55.654737+00:00
13ed07dc-8e80-5179-bd41-a40ded5f7b45,1738,4000404788,1854959,"Kirkland Signature Atlantic Blackened Salmon, 6-count",https://www.costco.com/p/-/1854959,,,0,0,https://www.costco.com/cold-frozen-grocery.html,,2026-10-02T12:49:11.761698+00:00
bf07858c-2ba1-5609-9463-9ae604180ce8,1738,100411705,7416,"Tyson Panko Breaded Chicken Breast Tenderloins, 5 lbs",https://www.costco.com/p/-/7416,,,0,0,https://www.costco.com/cold-frozen-grocery.html,,2026-10-02T12:49:11.761698+00:00
537809a8-56f0-52a1-8c21-073655896776,1738,100508032,1320289,"Perdue, Panko Breaded Chicken Breast Nuggets, 5 lbs",https://www.costco.com/p/-/1320289,,,0,0,https://www.costco.com/cold-frozen-grocery.html,,2026-10-02T12:49:11.761698+00:00
7e1b0825-cb55-5eec-8b24-3f1b4c129e7f,1738,100439175,1194639,"Milton's Cauliflower Crust Pizza, Roasted Vegetable, 17.8 oz, 2-count",https://www.costco.com/p/-/1194639,,,0,0,https://www.costco.com/cold-frozen-grocery.html,,2026-10-02T12:49:11.761698+00:00
881a1f96-0bba-5b5f-b6b9-3c7add3f075f,1738,100773334,1560758,"Yummy Dino Buddies Dinosaur-Shaped Chicken Breast Nuggets, 5 lbs",https://www.costco.com/p/-/1560758,,,0,0,https://www.costco.com/cold-frozen-grocery.html,,2026-10-02T12:49:11.761698+00:00
e46ff794-d398-5885-a6f1-e1fb0d1b1711,1738,100638020,1251702,"Kirkland Signature Tempura Shrimp, 2.35 lbs, 30-count",https://www.costco.com/p/-/1251702,,,0,0,https://www.costco.com/cold-frozen-grocery.html,,2026-10-02T12:49:11.761698+00:00
eb6a0029-1bf5-5e54-a754-288cff9444be,1738,100368241,638854,"Bibigo Chicken and Cilantro Mini Wontons, 3 lbs",https://www.costco.com/p/-/638854,,,0,0,https://www.costco.com/cold-frozen-grocery.html,,2026-10-02T12:49:11.761698+00:00
c9147054-5c9d-5608-abf7-05a2e76a0ff1,1738,100452870,948400,"Kirkland Signature Super Premium Vanilla Ice Cream, 1/2 Gallon, 2-count",https://www.costco.com/p/-/948400,,,0,0,https://www.costco.com/cold-frozen-grocery.html,,2026-10-02T12:49:11.761698+00:00
bd1b3b9d-655f-5f16-9f07-656b65101f32,1738,100416105,16594,"Trident Seafoods Alaskan Salmon Burgers, 4 oz, 12-count",https://www.costco.com/p/-/16594,,,0,0,https://www.costco.com/cold-frozen-grocery.html,,2026-10-02T12:49:11.761698+00:00
60ca283b-07de-59d8-883c-ec6cf947c554,1738,4000306404,1873722,"Synear Wagyu Beef Soup Dumplings with Truffle Flavor, 24 oz",https://www.costco.com/p/-/1873722,,,0,0,https://www.costco.com/cold-frozen-grocery.html,,2026-10-02T12:49:20.717440+00:00
0bc9d360-3d85-5931-b2b5-cf2ae1668c22,1738,100655569,1440704,"Authentic Motor City Pizza Co Detroit-Style Deep Dish Pizza, Double Pepperoni, 2-count",https://www.costco.com/p/-/1440704,,,0,0,https://www.costco.com/cold-frozen-grocery.html,,2026-10-02T12:49:20.717440+00:00
147b3b7f-2615-581f-a1a1-0266b3de5b2e,1738,100410665,1010598,"Kirkland Signature Three Berry Blend, 4 lbs",https://www.costco.com/p/-/1010598,,,0,0,https://www.costco.com/cold-frozen-grocery.html,,2026-10-02T12:49:20.717440+00:00
a431ae4b-9407-5f5e-aa30-16ba9f4b153c,1738,100377726,755383,"Tyson Crispy Chicken Strips, 48 oz",https://www.costco.com/p/-/755383,,,0,0,https://www.costco.com/cold-frozen-grocery.html,,2026-10-02T12:49:20.717440+00:00
a898b407-d2f5-513d-821a-c772ff3bb3ba,1738,100408294,25551,"Kirkland Signature Farm-Raised Raw Shrimp, Tail-On, 21-25-count per Pound, 2 lbs",https://www.costco.com/p/-/25551,,,0,0,https://www.costco.com/cold-frozen-grocery.html,,2026-10-02T12:49:20.717440+00:00
42ead001-89c1-5d8b-a5fc-3cacc9a23fa4,1738,4000298044,1462040,"Kirkland Signature Wild Argentine Raw Shrimp, 2 lb",https://www.costco.com/p/-/1462040,,,0,0,https://www.costco.com/cold-frozen-grocery.html,,2026-10-02T12:49:20.717440+00:00
132068a7-2a99-5315-a890-4eba0b2dcefe,1738,4000392838,1925804,"Kirkland Signature Artisan Crust Pepperoni Pizza, 21.52 oz, 4-count",https://www.costco.com/p/-/1925804,,,0,0,https://www.costco.com/cold-frozen-grocery.html,,2026-10-02T12:49:20.717440+00:00
b4e62de4-ae19-5956-b6e2-84dfae42ebba,1738,100452337,904984,"Kirkland Signature Organic Strawberries, 4 lbs",https://www.costco.com/p/-/904984,,,0,0,https://www.costco.com/cold-frozen-grocery.html,,2026-10-02T12:49:20.717440+00:00
2aeff4f8-df9f-5000-b5d5-1d12ee973c22,1738,100450484,815544,"Kirkland Signature Organic Blueberries, 3 lbs",https://www.costco.com/p/-/815544,,,0,0,https://www.costco.com/cold-frozen-grocery.html,,2026-10-02T12:49:20.717440+00:00
5bd72ad1-6d0e-54c7-b2c9-b8d7bb729762,1738,4000375126,1953371,"Beyond Meat Plant-Based Patties, 4 oz, 10-count",https://www.costco.com/p/-/1953371,,,0,0,https://www.costco.com/cold-frozen-grocery.html,,2026-10-02T12:49:20.717440+00:00
c25c0ad9-8b78-5ea7-8daa-e4fbea0fc0e3,1738,100415670,77009,"Kirkland Signature Farm-Raised Cooked Shrimp, Tail-Off, 50-70-count per Pound, 2 lbs",https://www.costco.com/p/-/77009,,,0,0,https://www.costco.com/cold-frozen-grocery.html,,2026-10-02T12:49:20.717440+00:00
098c19a4-0bce-56b2-920c-b9425be3d5ba,1738,100383413,112218,"Haagen Dazs Vanilla Milk Chocolate Almond Ice Cream Bars, 3 fl oz, 15-count",https://www.costco.com/p/-/112218,,,0,0,https://www.costco.com/cold-frozen-grocery.html,,2026-10-02T12:49:20.717440+00:00
68ead036-0cb0-521e-9a14-7bafe7bef4db,1738,4000283792,1847476,"Ling Ling Potstickers, Chicken and Vegetable, 4.2 lbs",https://www.costco.com/p/-/1847476,,,0,0,https://www.costco.com/cold-frozen-grocery.html,,2026-10-02T12:49:20.717440+00:00
6b975ab7-574c-5b1d-bf7b-0cf362984872,1738,4000300941,1782177,"Kirkland Signature Lightly Breaded Chicken Breast Fillets, 3 lbs",https://www.costco.com/p/-/1782177,,,0,0,https://www.costco.com/cold-frozen-grocery.html,,2026-10-02T12:49:20.717440+00:00
7d61b2c9-ecaf-5d06-85c7-dac81c4c83f5,1738,100941122,1645630,"PuraVida Fire Roasted Primavera Mistura, 64 oz",https://www.costco.com/p/-/1645630,,,0,0,https://www.costco.com/cold-frozen-grocery.html,,2026-10-02T12:49:20.717440+00:00
7ab5e0dc-af39-5a64-8646-635a9a19d779,1738,100433848,1015237,"Kirkland Signature Stir-Fry Vegetable Blend, 5.5 lbs",https://www.costco.com/p/-/1015237,,,0,0,https://www.costco.com/kirkland-signature-groceries.html,,2026-10-03T03:59:47.519905+00:00
bd490282-02a5-5792-86d8-d02a015ecc23,1738,100433122,1006641,"Sandwich Bros Chicken Melts Pita Snack Sandwiches, 2.5 oz, 15-count",https://www.costco.com/p/-/1006641,,,0,0,https://www.costco.com/frozen-meals.html,,2026-10-02T12:51:32.577146+00:00
fb96121f-e381-50ea-b45d-32f63f98a09b,1738,100449346,749182,"Ajinomoto Yakitori Chicken Fried Rice, 9 oz, 6-count",https://www.costco.com/p/-/749182,,,0,0,https://www.costco.com/frozen-meals.html,,2026-10-02T12:51:32.577146+00:00
03efef53-6bb6-5d58-9b6e-d79ee2fffe51,1738,100640379,1321637,"Kirkland Signature Italian Sausage and Beef Lasagna, 3 lbs, 2-count",https://www.costco.com/p/-/1321637,,,0,0,https://www.costco.com/kirkland-signature-groceries.html,,2026-10-03T03:59:55.654737+00:00
002407d7-72fa-52f8-8caf-8c4c4ca2ca2a,1738,100447061,624842,"Sabatasso's Pizza Singles, Variety Pack, 12-count",https://www.costco.com/p/-/624842,,,0,0,https://www.costco.com/frozen-meals.html,,2026-10-02T12:51:32.577146+00:00
21a07989-3ae2-50b4-9306-1f8adcd6e07d,1738,100638693,1284156,"Veggies Made Great Spinach Egg White Frittatas, 20-count",https://www.costco.com/p/-/1284156,,,0,0,https://www.costco.com/frozen-meals.html,,2026-10-02T12:51:32.577146+00:00
b7fa6660-6345-5ab9-bee5-93ed1338d8a1,1738,100437350,1143205,"Crazy Cuizine Mandarin Orange Chicken, 66 oz",https://www.costco.com/p/-/1143205,,,0,0,https://www.costco.com/frozen-meals.html,,2026-10-02T12:51:32.577146+00:00
ad0094e8-bbe4-56a5-8785-b4e94eb2456c,1738,100371275,107699,"CJ Bibigo Steamed Dumplings, Chicken & Vegetable, 36-count",https://www.costco.com/p/-/107699,,,0,0,https://www.costco.com/frozen-meals.html,,2026-10-02T12:51:32.577146+00:00
ba5edb27-fb3a-5242-a719-e5bbd4de55dc,1738,100574405,1312297,"Jimmy Dean Delights English Muffins, 5.1 oz, 12-count",https://www.costco.com/p/-/1312297,,,0,0,https://www.costco.com/frozen-meals.html,,2026-10-02T12:51:32.577146+00:00
b8ac0bad-f275-5002-8aa8-26c2b7a21c82,1738,100234271,512599,"Kirkland Signature Paper Towels, 2-Ply, 160 Sheets, 12 Individually Wrapped Rolls",https://www.costco.com/p/-/512599,,,0,0,https://www.costco.com/grocery-household.html,,2026-10-03T03:37:25.364261+00:00
61197fe0-aa4c-539a-93a7-05c25f265ae7,1738,100334841,692731,"Kirkland Signature, Organic Extra Virgin Olive Oil, 2 L",https://www.costco.com/p/-/692731,,,0,0,https://www.costco.com/grocery-household.html,,2026-10-03T03:37:25.364261+00:00
5beeaf70-dd5b-504e-a3b2-bd80d068489d,1738,4000375512,1940909,"Kirkland Signature Daily Dry Facial Towels, 200-count",https://www.costco.com/p/-/1940909,,,0,0,https://www.costco.com/grocery-health-beauty.html,,2026-10-03T03:36:45.467719+00:00
d8ad99c0-1437-5927-a305-19dae095df4e,1738,100439090,1193197,"Kirkland Signature Organic Roasted Seaweed, 0.6 oz, 10-count",https://www.costco.com/p/-/1193197,,,0,0,https://www.costco.com/crackers.html,,2026-10-03T03:14:24.174807+00:00
105359b9-c01d-5e2b-a8d8-f3c1239c3a11,1738,100718359,4165769,"Kirkland Signature Facial Tissue, 3-Ply, 84-count, 12-pack",https://www.costco.com/p/-/4165769,,,0,0,https://www.costco.com/kirkland-signature-groceries.html,,2026-10-03T03:59:21.089927+00:00
8fc85001-6316-57bc-9c47-9e14b3eac644,1738,4000262621,1789247,"Kirkland Signature Olive Oil, 3 L",https://www.costco.com/p/-/1789247,,,0,0,https://www.costco.com/grocery-household.html,,2026-10-03T03:37:59.278849+00:00
78edfa80-be35-58ea-9ac5-83ce87c56983,1738,100115269,222490,"Kirkland Signature Super Extra-Large Peanuts, 2.5 lbs",https://www.costco.com/p/-/222490,,,0,0,https://www.costco.com/kirkland-signature-groceries.html,,2026-10-03T03:59:21.089927+00:00
c07e6db8-3a59-5d94-8d3b-319c30039c5b,1738,100524886,1300509,"Kirkland Signature Nut Bars, 1.41 oz, 30-count",https://www.costco.com/p/-/1300509,,,0,0,https://www.costco.com/kirkland-signature-groceries.html,,2026-10-03T03:59:21.089927+00:00
11257015-7f9c-5539-bf27-48bf2898bae4,1738,100234581,971832,"Kirkland Signature Dental Chews, 72-count",https://www.costco.com/p/-/971832,,,0,0,https://www.costco.com/grocery-household.html,,2026-10-03T03:37:59.278849+00:00
8339b778-6191-52e5-95f6-b586e7b07683,1738,100668922,1390413,"Kirkland Signature Fancy Whole Cashews, 2.5 lbs",https://www.costco.com/p/-/1390413,,,0,0,https://www.costco.com/grocery-household.html,,2026-10-03T03:37:59.278849+00:00
ce38d4dc-c28d-5bee-826c-f6c8401f5899,1738,100333888,9555,"Kirkland Signature Microwave Popcorn, 3.3 oz, 44-count",https://www.costco.com/p/-/9555,,,0,0,https://www.costco.com/kirkland-signature-groceries.html,,2026-10-03T03:59:29.285293+00:00
60af635f-6715-5ce8-92e9-84aeda7e5fbb,1738,100334421,279783,"Kirkland Signature, Bacon Crumbles, 20 oz",https://www.costco.com/p/-/279783,,,0,0,https://www.costco.com/condiments-sauces.html,,2026-10-03T03:07:36.198791+00:00
a8af48d1-52bc-511a-8b4a-ebcadb2af827,1738,100393423,1050557,"Kirkland Signature Peanut Butter Filled Pretzel Nuggets, 55 oz",https://www.costco.com/p/-/1050557,,,0,0,https://www.costco.com/chips-pretzels.html,,2026-10-03T03:02:17.154320+00:00
4d40ce7b-f701-59de-9394-35b82e4b8983,1738,100334750,890181,"Kirkland Signature, Wild Alaskan Pink Salmon, 6 oz, 6-Count",https://www.costco.com/p/-/890181,,,0,0,https://www.costco.com/canned-goods.html,,2026-10-03T02:59:34.872761+00:00
59ffb463-d98e-5212-a7f5-48382fd84a00,1738,100520076,4165758,"Kirkland Signature Colombian Cold Brew Coffee, 11 fl oz, 12-count",https://www.costco.com/p/-/4165758,,,0,0,https://www.costco.com/kirkland-signature-groceries.html,,2026-10-03T03:59:29.285293+00:00
6ee5851b-deaf-5d05-9d55-f27576a2415d,1738,100333877,440493,"Kirkland Signature Cashew Clusters, 2 lbs",https://www.costco.com/p/-/440493,,,0,0,https://www.costco.com/kirkland-signature-groceries.html,,2026-10-03T03:59:29.285293+00:00
74e5ca00-7ef1-5af7-986b-36e981dfa35d,1738,100334203,897971,"Kirkland Signature, Organic Applesauce, 3.17 oz, 24-Count",https://www.costco.com/p/-/897971,,,0,0,https://www.costco.com/fruit-snacks-applesauce.html,,2026-10-03T03:32:11.525347+00:00
fb727b68-859a-52e0-aca9-45039b6f5f31,1738,100119388,36285,"Kirkland Signature Walnut Halves, 3 lbs",https://www.costco.com/p/-/36285,,,0,0,https://www.costco.com/kirkland-signature-groceries.html,,2026-10-03T03:59:29.285293+00:00
873b824e-6191-5480-b408-88b448ee524c,1738,100752766,1474436,"Kirkland Signature Trail Mix, 4 lbs",https://www.costco.com/p/-/1474436,,,0,0,https://www.costco.com/kirkland-signature-groceries.html,,2026-10-03T03:59:29.285293+00:00
ee0a1be4-0b95-5422-81e3-a5762e7fa1e4,1738,100334857,633561,"Kirkland Signature, Organic Diced Tomatoes, 14.5 oz, 8-Count",https://www.costco.com/p/-/633561,,,0,0,https://www.costco.com/canned-goods.html,,2026-10-03T02:59:34.872761+00:00
4f92dc57-271b-5d3c-b1ee-0290a3f05c58,1738,100115257,203444,"Kirkland Signature Pecan Halves, 2 lbs",https://www.costco.com/p/-/203444,,,0,0,https://www.costco.com/kirkland-signature-groceries.html,,2026-10-03T03:59:29.285293+00:00
08ae9378-6ff0-5c30-962c-8a41a5a49f28,1738,4000441170,3330816,"Kirkland Signature Popcorn, Sea Salt, 0.65 oz, 36-count",https://www.costco.com/p/-/3330816,,,0,0,https://www.costco.com/kirkland-signature-groceries.html,,2026-10-03T03:59:29.285293+00:00
0e6f8c02-0f7d-51ca-890f-86c80ed6b336,1738,100770569,1473917,"Kirkland Signature Trail Mix Snack Packs, 2 oz, 28-count",https://www.costco.com/p/-/1473917,,,0,0,https://www.costco.com/kirkland-signature-groceries.html,,2026-10-03T03:59:29.285293+00:00
be076f75-5d0c-58fb-b5bf-ad7386ab253c,1738,100334316,553499,"Kirkland Signature, Sunsweet Whole Dried Plums, 3.5 lbs",https://www.costco.com/p/-/553499,,,0,0,https://www.costco.com/dried-fruit.html,,2026-10-03T03:21:40.408888+00:00
ff0508f8-6361-58ff-95ee-5c74aa2d88e7,1738,100446587,596444,"Kirkland Signature, Ocean Spray Cranberry Premium 100% Juice, 96 fl oz, 2-Count",https://www.costco.com/p/-/596444,,,0,0,https://www.costco.com/grocery-household.html,,2026-10-03T03:37:59.278849+00:00
84f981fc-1265-5fdd-bbaf-15ea467b2ff0,1738,100242955,570940,Kirkland Signature Nature's Domain Cat Food 18 lbs.,https://www.costco.com/p/-/570940,,,0,0,https://www.costco.com/kirkland-signature-groceries.html,,2026-10-03T03:59:55.654737+00:00
5c141f1d-a0c3-549c-ba43-2a1fdc8bfb82,1738,4000054192,1200200,"Kirkland Signature Garlic Butter Shrimp, 2 lbs",https://www.costco.com/p/-/1200200,,,0,0,https://www.costco.com/kirkland-signature-groceries.html,,2026-10-03T03:59:55.654737+00:00
a98ec538-6188-5305-a3da-62f124d90c90,1738,100334973,52296,Kirkland Signature Chicken and Rice Cat Food 25 lbs.,https://www.costco.com/p/-/52296,,,0,0,https://www.costco.com/kirkland-signature-groceries.html,,2026-10-03T03:59:55.654737+00:00
80897a9f-a132-5bbb-8730-877115de7341,1738,100519419,1343253,"Kirkland Signature Elegant Plastic Plates, Variety Pack, White, 50-count",https://www.costco.com/p/-/1343253,,,0,0,https://www.costco.com/kirkland-signature-groceries.html,,2026-10-03T03:59:55.654737+00:00
f47441e7-b140-5ebc-b6f1-139e10e40f98,1738,100334735,941275,"Kirkland Signature Organic Pine Nuts, 1.5 lbs",https://www.costco.com/p/-/941275,,,0,0,https://www.costco.com/kirkland-signature-groceries.html,,2026-10-03T03:59:55.654737+00:00
f0b8d159-c390-57da-829a-3127634fa96e,1738,100442000,29755,"Kirkland Signature Boneless Lamb Leg Roast, 5.53 lb Avg Wt",https://www.costco.com/p/-/29755,,,0,0,https://www.costco.com/meat.html,,2026-10-02T12:54:57.691293+00:00
3ed1d432-3ec8-53ae-861f-b0e1b8470222,1738,100599579,47735,"Kirkland Signature ""Air-Chilled"" Fresh Boneless Skinless Chicken Breasts, 7.98 lb avg wt",https://www.costco.com/p/-/47735,,,0,0,https://www.costco.com/meat.html,,2026-10-02T12:54:57.691293+00:00
219f771d-177d-52b8-bcfd-bfa82a464f0d,1738,4201006489,2057644,"Kinder's The Flavor Rack Signature Organic Seasoning Variety Pack, 12-count, 38.8 oz. Total",https://www.costco.com/p/-/2057644,,,0,0,https://www.costco.com/grocery-household.html,,2026-10-03T03:37:25.364261+00:00
1874d8ad-bee7-5c3a-bc35-508a4a7ffcc7,1738,100440811,207,"Homai California Calrose Rice, 25 lbs",https://www.costco.com/p/-/207,,,0,0,https://www.costco.com/beans-grains-rice.html,,2026-10-03T02:52:27.293866+00:00
f676a60d-3cdd-55c2-8b85-4ebe0889cb2a,1738,100381528,426292,"Arm & Hammer, Pure Baking Soda, 13.5 lbs",https://www.costco.com/p/-/426292,,,0,0,https://www.costco.com/baking.html,,2026-10-03T02:51:09.456315+00:00
7c13ca8b-5393-58c6-80c2-f92977e36841,1738,4000444157,2043170,"Tasty Bite Organic Madras Lentils, 10 oz, 8-count",https://www.costco.com/p/-/2043170,,,0,0,https://www.costco.com/beans-grains-rice.html,,2026-10-03T02:52:27.293866+00:00
f99a3ed6-9dff-58ba-9259-0b2e28129d56,1738,100368230,180973,"Season Sardine Fillets In 100% Olive Oil, Wild Caught, Skinless & Boneless, 4.375 oz, 6-Count",https://www.costco.com/p/-/180973,,,0,0,https://www.costco.com/canned-goods.html,,2026-10-03T02:59:34.872761+00:00
4f1aaca4-7e21-577c-9662-b369aa64a976,1738,100381542,443298,"Kraft, Macaroni & Cheese Dinner Cup, 2.05 oz, 12-Count",https://www.costco.com/p/-/443298,,,0,0,https://www.costco.com/beans-grains-rice.html,,2026-10-03T02:52:27.293866+00:00
0a03729c-5630-57fe-93fa-df4ebb1f98ff,1738,4000439540,2038055,"Seeds of Change Organic Quinoa & Brown Rice with Garlic & Lentils, 6-count",https://www.costco.com/p/-/2038055,,,0,0,https://www.costco.com/beans-grains-rice.html,,2026-10-03T02:52:27.293866+00:00
4086d63c-3d75-5b5f-8bcd-fab13ea51fa7,1738,100783256,1572002,"Campbell's, Simply Chicken Noodle Soup, 18.6 oz, 8-Count",https://www.costco.com/p/-/1572002,,,0,0,https://www.costco.com/pantry.html,,2026-10-03T04:13:49.009001+00:00
f79ca938-98fd-5235-8acc-df9b306d9b69,1738,100315872,132666,"Royal, Basmati Rice, 20 lbs",https://www.costco.com/p/-/132666,,,0,0,https://www.costco.com/beans-grains-rice.html,,2026-10-03T02:52:27.293866+00:00
43d79088-6906-56e8-8cf5-5ba734dfc971,1738,100381460,761486,"Garofalo, Organic Spaghetti Noodles, 17.6 oz, 8-Count",https://www.costco.com/p/-/761486,,,0,0,https://www.costco.com/beans-grains-rice.html,,2026-10-03T02:52:27.293866+00:00
20cb4029-c23e-5051-a275-8f9f4e6aabc9,1738,100334844,71003,"Kirkland Signature, Extra Virgin Italian Olive Oil, 2 L",https://www.costco.com/p/-/71003,,,0,0,https://www.costco.com/kirkland-signature-groceries.html,,2026-10-03T03:59:47.519905+00:00
2d763d13-32b5-547f-bb41-ddc9bffb8d51,1738,100333875,859695,"Kirkland Signature Creamy Almond Butter, 27 oz",https://www.costco.com/p/-/859695,,,0,0,https://www.costco.com/baking.html,,2026-10-03T02:51:09.456315+00:00
128094f6-216f-5e5e-92be-f92ed8fcc35d,1738,100334881,164950,"Kirkland Signature, Whole Black Peppercorn, 14.1 oz",https://www.costco.com/p/-/164950,,,0,0,https://www.costco.com/kirkland-signature-groceries.html,,2026-10-03T03:59:47.519905+00:00
4786abff-ec6f-5801-96e0-4a7acaef8605,1738,100334964,522779,"Kirkland Signature, Crushed Red Pepper, 10 oz",https://www.costco.com/p/-/522779,,,0,0,https://www.costco.com/kirkland-signature-groceries.html,,2026-10-03T03:59:47.519905+00:00
1809206b-c76f-550d-b9d4-4e940ed8f5f0,1738,100381527,433677,"McCormick, Grill Mates, Montreal Steak Seasoning, 29 oz",https://www.costco.com/p/-/433677,,,0,0,https://www.costco.com/pantry.html,,2026-10-03T04:14:04.827398+00:00
0aff0ed4-5cea-5604-b2e3-41c61ef60065,1738,100113428,980978,"Nissin Cup Noodles, Chicken, 2.5 oz, 24-count",https://www.costco.com/p/-/980978,,,0,0,https://www.costco.com/pantry.html,,2026-10-03T04:14:04.827398+00:00
f527986a-7ff1-56dd-97b4-ab6361ba66c6,1738,100334736,906420,"Kirkland Signature, Vegetable Oil, 3 qt, 2-Count",https://www.costco.com/p/-/906420,,,0,0,https://www.costco.com/oils-balsamic.html,,2026-10-03T04:10:35.509890+00:00
764cd51e-df1f-5d6d-95c4-8168d5fd0ce2,1738,100381612,7552,"Wild Planet, Albacore Wild Tuna, 5 oz, 6-Count",https://www.costco.com/p/-/7552,,,0,0,https://www.costco.com/canned-goods.html,,2026-10-03T02:59:34.872761+00:00
59b7803e-6765-5a5f-9ea2-60f56da5ffe5,1738,100449522,744361,"Genova, Yellowfin Tuna, 7 oz, 6-Count",https://www.costco.com/p/-/744361,,,0,0,https://www.costco.com/canned-goods.html,,2026-10-03T02:59:34.872761+00:00
74ae28bc-0fe2-592f-88ca-ad9e5ad7b12d,1738,100334958,164981,"Kirkland Signature Fine Ground Black Pepper, 12.3 oz",https://www.costco.com/p/-/164981,,,0,0,https://www.costco.com/kirkland-signature-groceries.html,,2026-10-03T03:59:47.519905+00:00
64ad377a-4c96-572d-af92-fc5e17a4d6df,1738,100381551,383456,"Sweet Baby Ray's, Barbecue Sauce, 40 oz, 2-Count",https://www.costco.com/p/-/383456,,,0,0,https://www.costco.com/condiments-sauces.html,,2026-10-03T03:07:36.198791+00:00
88d4fec0-e98c-575d-aab4-2f904a25be5c,1738,4000067571,1694269,"Nutella B-Ready Crispy Wafers Filled with Nutella, 0.7 oz, 36-count",https://www.costco.com/p/-/1694269,,,0,0,https://www.costco.com/pantry.html,,2026-10-03T04:14:04.827398+00:00
78af8e56-a822-574d-b869-7ad165e00eb4,1738,100381485,704329,"Libby's, Vienna Sausage, 4.6 oz, 18-count",https://www.costco.com/p/-/704329,,,0,0,https://www.costco.com/canned-goods.html,,2026-10-03T02:59:34.872761+00:00
7cb30d9d-b7cb-5ea5-960d-b58a12232be1,1738,100368217,917546,"Jif Creamy Peanut Butter 48 oz, 2-Count",https://www.costco.com/p/-/917546,,,0,0,https://www.costco.com/pantry.html,,2026-10-03T04:14:04.827398+00:00
edc70920-2fa9-511c-aa44-1f4b1e6fa09f,1738,100403311,118677,"Nestlé Toll House, Semi-Sweet Chocolate Chip Morsels, 72 oz",https://www.costco.com/p/-/118677,,,0,0,https://www.costco.com/baking.html,,2026-10-03T02:51:09.456315+00:00
4f6c1d77-bdb8-549d-b182-c374eea1196e,1738,100634569,981859,"Hellmann's Real Mayonnaise, Squeeze Bottle, 25 fl oz, 2-count",https://www.costco.com/p/-/981859,,,0,0,https://www.costco.com/condiments-sauces.html,,2026-10-03T03:07:36.198791+00:00
4fb32901-7075-5b5a-a29b-21d6993eaa1e,1738,100441814,262838,"Cholula, Hot Sauce Original, 12 fl oz, 2-Count",https://www.costco.com/p/-/262838,,,0,0,https://www.costco.com/condiments-sauces.html,,2026-10-03T03:07:36.198791+00:00
80b17886-3aa9-5de4-a85b-d8568264b881,1738,100654735,1424057,"Hidden Valley Ranch Homestyle Seasoning, Dip and Salad Dressing Mix, 20 oz",https://www.costco.com/p/-/1424057,,,0,0,https://www.costco.com/pantry.html,,2026-10-03T04:14:04.827398+00:00
c8ebda63-e56f-5648-97a3-2eac5d9bbe70,1738,100441883,2751,"Red Star, Active Dry Yeast, 32 oz",https://www.costco.com/p/-/2751,,,0,0,https://www.costco.com/baking.html,,2026-10-03T02:51:09.456315+00:00
66b45615-b821-5bb4-96aa-ef0e53be5c65,1738,100778116,1566350,"Bachan's Japanese Barbecue Sauce, 34 oz",https://www.costco.com/p/-/1566350,,,0,0,https://www.costco.com/condiments-sauces.html,,2026-10-03T03:07:36.198791+00:00
0c0f6a7e-a914-5f61-a879-fcdffd149d32,1738,100449405,7554,"Wild Planet Wild Pacific Sardines in Extra Virgin Olive Oil, 4.4 oz., 6-count",https://www.costco.com/p/-/7554,,,0,0,https://www.costco.com/canned-goods.html,,2026-10-03T02:59:34.872761+00:00
2a6d9b28-40aa-59f3-82f7-4ef19a0c4b6e,1738,100371278,5354,"Hidden Valley Original Ranch Homestyle Dressing, 40 fl oz, 2-count",https://www.costco.com/p/-/5354,,,0,0,https://www.costco.com/condiments-sauces.html,,2026-10-03T03:07:36.198791+00:00
743b5ac1-ac5f-565d-8964-714ced0b7461,1738,100381577,111894,"Lawry's Coarse Ground Garlic Salt with Parsley, 33 oz",https://www.costco.com/p/-/111894,,,0,0,https://www.costco.com/pantry.html,,2026-10-03T04:14:12.872285+00:00
683c568b-8b21-5185-9a48-48e66dd8cf39,1738,4201018677,2071668,"Swanson Chicken Broth, 32 oz, 6-count",https://www.costco.com/p/-/2071668,,,0,0,https://www.costco.com/pantry.html,,2026-10-03T04:14:12.872285+00:00
554bd437-18a5-5796-af0c-46636c854d1e,1738,4000184387,1746909,"Samyang Buldak Ramen Carbonara, Spicy Chicken, 3.7 oz, 6-count",https://www.costco.com/p/-/1746909,,,0,0,https://www.costco.com/pantry.html,,2026-10-03T04:14:12.872285+00:00
952e0f63-bda1-5f78-aa2c-964560fdedd1,1738,100371260,414,"Hellmann's, Real Mayonnaise, 64 oz",https://www.costco.com/p/-/414,,,0,0,https://www.costco.com/condiments-sauces.html,,2026-10-03T03:07:36.198791+00:00
cc555fac-5575-59a0-b2f8-8e90cbf371fa,1738,100395206,5331,"Classico Organic Pasta Sauce, 32 oz, 3-count",https://www.costco.com/p/-/5331,,,0,0,https://www.costco.com/condiments-sauces.html,,2026-10-03T03:07:36.198791+00:00
46055ae8-ba0c-5d23-88c7-81989d4fd31b,1738,100453707,985695,"Annie's Organic Macaroni & Cheese Variety Pack, 6 oz, 12-count",https://www.costco.com/p/-/985695,,,0,0,https://www.costco.com/beans-grains-rice.html,,2026-10-03T02:52:27.293866+00:00
0a04ebc3-3fe3-543e-af50-e5d15123782c,1738,4201018035,2070826,"Nutella Peanut Spread with Cocoa, 26.5 oz, 2-count",https://www.costco.com/p/-/2070826,,,0,0,https://www.costco.com/pantry.html,,2026-10-03T04:14:12.872285+00:00
a9a73852-2e65-551d-bb0a-680086d0c730,1738,100450545,819413,"Giorgia Organic Mushrooms Sliced, 4 oz., 12-count",https://www.costco.com/p/-/819413,,,0,0,https://www.costco.com/canned-goods.html,,2026-10-03T02:59:34.872761+00:00
a47b6e42-faa2-57cc-8e03-535d5e6f506b,1738,100520218,1292488,"Safe Catch Ahi Wild Yellowfin Tuna Steaks, 5 oz, 6-count",https://www.costco.com/p/-/1292488,,,0,0,https://www.costco.com/canned-goods.html,,2026-10-03T02:59:34.872761+00:00
151a9656-689d-50fe-8e64-f8c1692a7af7,1738,100639903,1306311,"Supreme Rice Long Grain Rice, 25 lbs",https://www.costco.com/p/-/1306311,,,0,0,https://www.costco.com/beans-grains-rice.html,,2026-10-03T02:52:27.293866+00:00
22131120-0156-5cd9-bcc5-fa053e6dd0cc,1738,100445380,559608,"Mateo's Gourmet Salsa, Medium, 32 oz",https://www.costco.com/p/-/559608,,,0,0,https://www.costco.com/condiments-sauces.html,,2026-10-03T03:07:36.198791+00:00
83e5fba9-f32c-5c7f-99f7-08f27b334d1e,1738,100450869,831454,"Paesana Organic Tomato Basil, 25 oz., 2-count",https://www.costco.com/p/-/831454,,,0,0,https://www.costco.com/condiments-sauces.html,,2026-10-03T03:07:36.198791+00:00
ae43fb88-21e3-51ed-b74a-5bb1d2107da8,1738,100642856,1374083,"Rao's Homemade Alfredo Sauce, 15 oz, 2-count",https://www.costco.com/p/-/1374083,,,0,0,https://www.costco.com/condiments-sauces.html,,2026-10-03T03:07:36.198791+00:00
f48617d9-5d6f-5db5-86a3-1b7129a91688,1738,4000374014,1948305,"Comvita Manuka Honey UMF 12+, 17.6 oz",https://www.costco.com/p/-/1948305,,,0,0,https://www.costco.com/honey.html,,2026-10-03T03:49:17.286141+00:00
1fdcfd26-c162-5372-85c4-408afab4fb14,1738,4000426490,2023427,"Rao's Homemade Marinara Sauce, 31.7 oz, 2-count",https://www.costco.com/p/-/2023427,,,0,0,https://www.costco.com/condiments-sauces.html,,2026-10-03T03:07:36.198791+00:00
a8c6b751-b814-57cc-93c7-a91651ba912e,1738,100423250,549721,"Heinz Simply Tomato Ketchup, 44 oz, 3-count",https://www.costco.com/p/-/549721,,,0,0,https://www.costco.com/condiments-sauces.html,,2026-10-03T03:07:36.198791+00:00
6ff7f7e1-1ee0-5d62-8539-3e0ba7af2efd,1738,100462186,3133113,"Kirkland Signature, Black Pepper with Grinder, 6.3 oz, 2-Count",https://www.costco.com/p/-/3133113,,,0,0,https://www.costco.com/pantry.html,,2026-10-03T04:14:12.872285+00:00
0ff5bb38-7fc3-5227-93d6-18068b0f55fd,1738,100524196,1357244,Kirkland Signature Cranberry Walnut Round Bread,https://www.costco.com/p/-/1357244,,,0,0,https://www.costco.com/baking.html,,2026-10-03T02:51:09.456315+00:00
b90f1261-55a0-55d3-8875-a563c61f8c45,1738,100387885,699251,"Victoria White Linen Marinara Sauce, 40 oz, 2-count",https://www.costco.com/p/-/699251,,,0,0,https://www.costco.com/condiments-sauces.html,,2026-10-03T03:07:36.198791+00:00
b9329c5e-01f1-5913-ab92-5967311f6077,1738,100443940,477403,"Del Monte, Canned Cut Green Beans, 14.5 oz, 12-Count",https://www.costco.com/p/-/477403,,,0,0,https://www.costco.com/canned-goods.html,,2026-10-03T02:59:34.872761+00:00
207ce10e-10e8-5bab-b6ea-d615215aefb9,1738,100334877,633563,"Kirkland Signature, Organic Tomato Sauce, 15 oz, 12-Count",https://www.costco.com/p/-/633563,,,0,0,https://www.costco.com/canned-goods.html,,2026-10-03T02:59:34.872761+00:00
4fb21234-db57-5856-8fde-aa01912385bb,1738,100443694,425349,"Del Monte, Canned Corn-Whole Kernel, 15.25 oz, 12-Count",https://www.costco.com/p/-/425349,,,0,0,https://www.costco.com/canned-goods.html,,2026-10-03T02:59:34.872761+00:00
e52ed53a-2822-50c8-b1c3-0d29849956e8,1738,100377144,202195,"SPAM Canned Meat, 25% Less Sodium, 12 oz, 8-Count",https://www.costco.com/p/-/202195,,,0,0,https://www.costco.com/canned-goods.html,,2026-10-03T02:59:34.872761+00:00
8bfd6333-d28d-5152-856f-d2e148362c3d,1738,100334932,633564,"Kirkland Signature, Organic Tomato Paste, 6 oz, 12-Count",https://www.costco.com/p/-/633564,,,0,0,https://www.costco.com/canned-goods.html,,2026-10-03T02:59:34.872761+00:00
b4b57feb-e947-5416-a8c2-24b599408531,1738,100384209,162274,"Chicken of the Sea, Chunk Light Premium Tuna in Water, 7 oz, 12-Count",https://www.costco.com/p/-/162274,,,0,0,https://www.costco.com/canned-goods.html,,2026-10-03T02:59:34.872761+00:00
ad64fe1a-843c-53b0-b0e7-fc76e8f26971,1738,100452749,9440,"Thai Kitchen Organic Coconut Milk, Unsweetened, 13.66 fl oz, 6-count",https://www.costco.com/p/-/9440,,,0,0,https://www.costco.com/canned-goods.html,,2026-10-03T02:59:34.872761+00:00
662ac9a8-5ff9-503b-8a3d-ff11849f3f7b,1738,100442450,32911,"Kirkland Signature Pure Vanilla Extract, 16 fl oz",https://www.costco.com/p/-/32911,,,0,0,https://www.costco.com/baking.html,,2026-10-03T02:51:09.456315+00:00
4a7cb551-a14f-50c3-987c-d8faac87fccb,1738,100381454,847909,"Ghirardelli, Triple Chocolate Premium Brownie Mix, 6-Count",https://www.costco.com/p/-/847909,,,0,0,https://www.costco.com/baking.html,,2026-10-03T02:51:09.456315+00:00
b79ba7d0-69c2-5ff0-a39d-89f6d534021c,1738,100381413,1045706,"Kirkland Signature, Organic Virgin Coconut Oil, 84 fl oz",https://www.costco.com/p/-/1045706,,,0,0,https://www.costco.com/baking.html,,2026-10-03T02:51:09.456315+00:00
ede75614-1ee9-5995-ad85-9886bd523031,1738,100334136,1032932,"Kirkland Signature Organic Raw Honey, 24 oz, 3-count",https://www.costco.com/p/-/1032932,,,0,0,https://www.costco.com/honey.html,,2026-10-03T03:49:17.286141+00:00
0610b24f-6690-586b-ae3a-58d0a4fc8aa3,1738,100336580,1001368,"Kirkland Signature, Organic Quinoa, 4.5 lbs",https://www.costco.com/p/-/1001368,,,0,0,https://www.costco.com/beans-grains-rice.html,,2026-10-03T02:52:27.293866+00:00
bb565565-6471-5aaf-b8ba-fffc3d2c3112,1738,100485555,316689,"Lotus Foods, Organic Millet & Brown Rice Ramen, 2.5 oz, 12-Count",https://www.costco.com/p/-/316689,,,0,0,https://www.costco.com/beans-grains-rice.html,,2026-10-03T02:52:27.293866+00:00
ceae3bcc-25cd-5b85-b8fc-a7affac9e4ef,1738,4000434515,1978580,"Kirkland Signature Tonkotsu Pork Ramen Broth, 32 fl oz, 4-count",https://www.costco.com/p/-/1978580,,,0,0,https://www.costco.com/pantry.html,,2026-10-03T04:13:56.738596+00:00
3bdbd4c6-e886-5d0c-8e16-fa819dde56f6,1738,100334839,384732,"Kirkland Signature, Pure Sea Salt, 30 oz",https://www.costco.com/p/-/384732,,,0,0,https://www.costco.com/kirkland-signature-groceries.html,,2026-10-03T03:59:38.438306+00:00
f45f48f2-e3cb-5604-98c9-37e995fb218f,1738,100334965,165041,"Kirkland Signature Organic No-Salt Seasoning, 14.5 oz",https://www.costco.com/p/-/165041,,,0,0,https://www.costco.com/grocery-household.html,,2026-10-03T03:37:59.278849+00:00
f02e1096-5ee1-59da-903b-db5e762d3c58,1738,100334304,581871,"Kirkland Signature, Minced California Garlic, 48 oz",https://www.costco.com/p/-/581871,,,0,0,https://www.costco.com/kirkland-signature-groceries.html,,2026-10-03T03:59:38.438306+00:00
760ec58d-fde8-59bc-8153-5069531fde80,1738,100381407,1147377,"Kirkland Signature Organic Blue Agave, 36 oz, 2-count",https://www.costco.com/p/-/1147377,,,0,0,https://www.costco.com/kirkland-signature-groceries.html,,2026-10-03T03:59:38.438306+00:00
27358262-eae9-5d60-aad8-a0cddcb13c40,1738,100334737,906410,"Kirkland Signature, Canola Oil, 3 qt, 2-count",https://www.costco.com/p/-/906410,,,0,0,https://www.costco.com/kirkland-signature-groceries.html,,2026-10-03T03:59:38.438306+00:00
7bba7b9a-e656-533a-b2c0-8f381849c740,1738,100643792,1392843,"Chosen Foods Avocado Oil Spray, 13.5 oz, 2-count",https://www.costco.com/p/-/1392843,,,0,0,https://www.costco.com/oils-balsamic.html,,2026-10-03T04:10:35.509890+00:00
a03dff3a-c46a-5633-94ed-aac475f086c5,1738,100645583,6262016,"Kirkland Signature Bath Tissue, 2-Ply, 380 Sheets, 30 Rolls",https://www.costco.com/p/-/6262016,,,0,0,https://www.costco.com/grocery-household.html,,2026-10-03T03:37:25.364261+00:00
18ff7776-82c6-546d-8d8c-fd93654a0d35,1738,100836238,1585373,"Kirkland Signature Napkins, 1-Ply, 280-count, 4-pack",https://www.costco.com/p/-/1585373,,,0,0,https://www.costco.com/paper-products-food-storage.html,,2026-10-03T04:14:28.917027+00:00
f1f299b8-6cd8-51dc-bc2f-f13c341f95fc,1738,100234270,912796,"Scott Bath Tissue, 1-Ply, 1100 Sheets, 36 Rolls",https://www.costco.com/p/-/912796,,,0,0,https://www.costco.com/paper-products-food-storage.html,,2026-10-03T04:14:28.917027+00:00
02470f93-21ca-5864-b4ee-f36c5cdc5554,1738,11680104,221663,"Kleenex Ultra Soft Facial Tissue, 3-Ply, 85-count, 12-pack",https://www.costco.com/p/-/221663,,,0,0,https://www.costco.com/paper-products-food-storage.html,,2026-10-03T04:14:28.917027+00:00
68326ec2-9ebe-5d83-8894-7562fe46e20b,1738,4000312404,1843108,"Kirkland Signature Gallon Plus Freezer Bags, 192-count",https://www.costco.com/p/-/1843108,,,0,0,https://www.costco.com/paper-products-food-storage.html,,2026-10-03T04:14:28.917027+00:00
f3e10c87-8e87-55ed-82a8-7f716b8bf8fd,1738,100397056,1205611,"Cottonelle Fresh Care Flushable Wipes, 560 Wipes",https://www.costco.com/p/-/1205611,,,0,0,https://www.costco.com/paper-products-food-storage.html,,2026-10-03T04:14:28.917027+00:00
4598a731-b21d-5785-8006-e83913a3fab6,1738,4000312330,1843112,"Kirkland Signature Freezer Quart Plus Bags, 264-count",https://www.costco.com/p/-/1843112,,,0,0,https://www.costco.com/paper-products-food-storage.html,,2026-10-03T04:14:28.917027+00:00
cf1f85f2-034c-5c3a-b0fa-855abb3eaa37,1738,100830126,979669,"USPS First-Class Forever Stamp, 100-count",https://www.costco.com/p/-/979669,,,0,0,https://www.costco.com/paper-products-food-storage.html,,2026-10-03T04:14:28.917027+00:00
8f742cc3-e970-5bf0-a8ec-a3358a630152,1738,100116721,31680,"Kirkland Signature Reynolds Foodservice Foil, 12 in x 1,000 ft",https://www.costco.com/p/-/31680,,,0,0,https://www.costco.com/kirkland-signature-groceries.html,,2026-10-03T03:59:38.438306+00:00
932d98a9-ce0c-5cfa-aa76-225c7f2568b5,1738,100116723,12648,"Kirkland Signature Cutlery, Clear, 360-count",https://www.costco.com/p/-/12648,,,0,0,https://www.costco.com/kirkland-signature-groceries.html,,2026-10-03T03:59:47.519905+00:00
2b209fb1-d6e2-5f85-b69a-9c8a4ed4f557,1738,100527924,1323118,"Kirkland Signature Non-Stick Parchment Paper Rolls, 15 in x 164 ft, 2-pack",https://www.costco.com/p/-/1323118,,,0,0,https://www.costco.com/kirkland-signature-groceries.html,,2026-10-03T03:59:38.438306+00:00
e3df0e11-1fbc-5d21-96ae-5a95bc6b358b,1738,100511362,404609,"Eco-Foil Half Size Deep Steam Table Pan, 30-count",https://www.costco.com/p/-/404609,,,0,0,https://www.costco.com/paper-products-food-storage.html,,2026-10-03T04:14:28.917027+00:00
2bd37279-6977-5131-a61f-40405ce58da0,1738,4000213921,1770137,"DUDE Wipes Fragrance-Free + Moisturizing XL Flushable Wipes, 480 Wipes",https://www.costco.com/p/-/1770137,,,0,0,https://www.costco.com/paper-products-food-storage.html,,2026-10-03T04:14:28.917027+00:00
d2535b90-5156-5047-aa20-316b46382576,1738,4000350136,1897217,"Ziploc Seal Top Freezer Bag, Gallon, 136-count",https://www.costco.com/p/-/1897217,,,0,0,https://www.costco.com/paper-products-food-storage.html,,2026-10-03T04:14:28.917027+00:00
3d6a9d26-9a7e-5aec-81b9-84c497980ddc,1738,4000356985,1897232,"Ziploc Seal Top Bag, Sandwich, 480-count",https://www.costco.com/p/-/1897232,,,0,0,https://www.costco.com/paper-products-food-storage.html,,2026-10-03T04:14:28.917027+00:00
1eb82f13-6467-5f2e-8db1-3189a9556561,1738,100113595,127489,"Solo Heavyweight Plastic Spoon, White, 500-count",https://www.costco.com/p/-/127489,,,0,0,https://www.costco.com/paper-products-food-storage.html,,2026-10-03T04:14:28.917027+00:00
fc86f25f-22bb-5760-9724-20385db7e304,1738,100108599,785094,"Vanity Fair Everyday Napkin, 2-Ply, 110-count, 6-pack",https://www.costco.com/p/-/785094,,,0,0,https://www.costco.com/paper-products-food-storage.html,,2026-10-03T04:14:36.333593+00:00
5ae0b994-8d82-5c5b-8e6c-904ac371a162,1738,100113601,127509,"Solo Heavyweight Plastic Fork, White, 500-count",https://www.costco.com/p/-/127509,,,0,0,https://www.costco.com/paper-products-food-storage.html,,2026-10-03T04:14:36.333593+00:00
92e477ee-30a3-5038-bc1c-8f3f765fa6a9,1738,100344008,975,"Reynolds Wrap Heavy Duty Aluminum Foil, 18"" x 33.33 yd, 2-count",https://www.costco.com/p/-/975,,,0,0,https://www.costco.com/paper-products-food-storage.html,,2026-10-03T04:14:36.333593+00:00
f4b12c40-0c71-5197-a832-543bb1714d8a,1738,100343988,720,"Reynolds Wrap Aluminum Foil, 12"" x 83.33 yd, 2-count",https://www.costco.com/p/-/720,,,0,0,https://www.costco.com/paper-products-food-storage.html,,2026-10-03T04:14:36.333593+00:00
ace84ad0-0f41-5d02-954a-b5da6916fbb3,1738,100343490,32711,"Chinet Classic Dinner 10-3/8"" Paper Plate, 165-count",https://www.costco.com/p/-/32711,,,0,0,https://www.costco.com/paper-products-food-storage.html,,2026-10-03T04:14:36.333593+00:00
10d5f6fa-3109-5779-bc46-738b04ccc790,1738,100605746,26757,"Kirkland Signature Plastic Food Wrap, 12 in x 750 ft, 2-count",https://www.costco.com/p/-/26757,,,0,0,https://www.costco.com/kirkland-signature-groceries.html,,2026-10-03T03:59:47.519905+00:00
51ed415f-1190-5d36-9608-3576417292e6,1738,100381539,296917,"Dixie Ultra 20 oz Paper Bowl, 135-count",https://www.costco.com/p/-/296917,,,0,0,https://www.costco.com/paper-products-food-storage.html,,2026-10-03T04:14:36.333593+00:00
0557ac6f-09ff-56b1-bfe0-86ee1ea26348,1738,4000326884,1895187,"Glad Take-Aways Food Storage Containers with Lids, 38 oz Rectangle, 35-sets",https://www.costco.com/p/-/1895187,,,0,0,https://www.costco.com/paper-products-food-storage.html,,2026-10-03T04:14:36.333593+00:00
5ce279f5-2c3a-54dc-8679-180ffbfd2b22,1738,100421211,1193444,"Kirkland Signature Chinet 18 oz Plastic Cup, Red, 240-count",https://www.costco.com/p/-/1193444,,,0,0,https://www.costco.com/paper-products-food-storage.html,,2026-10-03T04:14:36.333593+00:00
bd36a86f-335c-58ac-9817-254812a113f3,1738,100343491,18695,"Chinet Classic Lunch 8-3/4"" Paper Plate, 225-count",https://www.costco.com/p/-/18695,,,0,0,https://www.costco.com/paper-products-food-storage.html,,2026-10-03T04:14:36.333593+00:00
10e20795-5809-5098-8e23-fc78b1f965ae,1738,100113597,1115,"Dixie 12 oz Paper Bowl, 175-count",https://www.costco.com/p/-/1115,,,0,0,https://www.costco.com/paper-products-food-storage.html,,2026-10-03T04:14:36.333593+00:00
e29918d4-0b7b-5d2e-879e-3487c81f68ce,1738,100488461,4165671,"Kleenex Soothing Lotion Facial Tissue, 3-Ply, 85-count, 12-pack",https://www.costco.com/p/-/4165671,,,0,0,https://www.costco.com/paper-products-food-storage.html,,2026-10-03T04:14:36.333593+00:00
06e71658-2701-5e14-b40a-75f0767684ff,1738,100400521,1186080,"Dixie To Go 12 oz Insulated Cup & Lid, 100-count",https://www.costco.com/p/-/1186080,,,0,0,https://www.costco.com/paper-products-food-storage.html,,2026-10-03T04:14:36.333593+00:00
2849f7e5-c18e-5230-af0c-294800f03ba1,1738,4000322224,1840900,"Dixie Ultra Deep Dish Paper Plate, 115-count",https://www.costco.com/p/-/1840900,,,0,0,https://www.costco.com/paper-products-food-storage.html,,2026-10-03T04:14:36.333593+00:00
7f0b897f-6ae0-562e-8ffb-65ae19675219,1738,100469044,519964,"Chinet Crystal 10 oz Plastic Cup, Clear, 150-count",https://www.costco.com/p/-/519964,,,0,0,https://www.costco.com/paper-products-food-storage.html,,2026-10-03T04:14:36.333593+00:00
d54cbba9-b4ab-54e1-8082-e26800f7bf40,1738,4000229893,8370,"Taylor Farms Organic Mediterranean Bagged Chopped Salad Kit, 12 oz, 2-count",https://www.costco.com/p/-/8370,,,0,0,https://www.costco.com/grocery-household.html,,2026-10-03T03:37:25.364261+00:00
4be8486c-81c1-5917-a208-9116298d4922,1738,100434185,1036732,"Organic Celery Sticks, 2.5 lbs",https://www.costco.com/p/-/1036732,,,0,0,https://www.costco.com/grocery-household.html,,2026-10-03T03:37:25.364261+00:00
1da234ee-c7a8-5df9-943d-91d1442270ab,1738,100605620,25595,"Campari Tomatoes, 2 lbs",https://www.costco.com/p/-/25595,,,0,0,https://www.costco.com/grocery-household.html,,2026-10-03T03:37:25.364261+00:00
fe996537-50bd-589a-ad62-20e4b02c8057,1738,100975546,6652,"Vidalia Sweet Onions, 5 lbs",https://www.costco.com/p/-/6652,,,0,0,https://www.costco.com/grocery-household.html,,2026-10-03T03:37:25.364261+00:00
51300b11-ed9f-5ded-a4f5-03f55120d4b2,1738,100442528,331100,"Gourmet Creamer Potato, 5 lbs",https://www.costco.com/p/-/331100,,,0,0,https://www.costco.com/grocery-household.html,,2026-10-03T03:37:25.364261+00:00
507ab8b2-1333-5ba7-9276-bfbb7830cff4,1738,100439256,121288,"Organic Crimini Mushrooms, 24 oz",https://www.costco.com/p/-/121288,,,0,0,https://www.costco.com/grocery-household.html,,2026-10-03T03:37:25.364261+00:00
af6ac352-bca8-5a99-8888-2d57da3f3a0e,1738,100453269,96716,"Organic Baby Spinach, 1 lb",https://www.costco.com/p/-/96716,,,0,0,https://www.costco.com/grocery-household.html,,2026-10-03T03:37:25.364261+00:00
44d98f04-5163-5125-818e-06ea9b4a13ad,1738,100441746,25949,"Colossal Garlic, 2 lbs",https://www.costco.com/p/-/25949,,,0,0,https://www.costco.com/grocery-household.html,,2026-10-03T03:37:25.364261+00:00
cdf21d47-60ef-5dba-9931-c2a776bb414e,1738,100448914,720650,"Cocktail Cucumber, Greenhouse Grown, 1.5 lbs",https://www.costco.com/p/-/720650,,,0,0,https://www.costco.com/grocery-household.html,,2026-10-03T03:37:25.364261+00:00
99224826-5326-5260-96af-4776496f3777,1738,100439830,131,"Organic Brussels Sprouts, 2 lbs",https://www.costco.com/p/-/131,,,0,0,https://www.costco.com/grocery-household.html,,2026-10-03T03:37:25.364261+00:00
7755cfe3-2a03-5b25-95e1-57842d2cbd9a,1738,100608499,60357,"Mixed Bell Peppers, 6-count",https://www.costco.com/p/-/60357,,,0,0,https://www.costco.com/grocery-household.html,,2026-10-03T03:37:25.364261+00:00
345b0f8b-ef82-5ce9-898a-911a7037fca2,1738,4000106843,7445,"Baking Potatoes, 10 lbs",https://www.costco.com/p/-/7445,,,0,0,https://www.costco.com/grocery-household.html,,2026-10-03T03:37:25.364261+00:00
9ef1991f-f5de-5cea-8e87-d49adc69fa70,1738,100608970,77053,"Grape Tomatoes, 2 lbs",https://www.costco.com/p/-/77053,,,0,0,https://www.costco.com/grocery-household.html,,2026-10-03T03:37:25.364261+00:00
2c7af33f-00b8-5570-a773-5b27a7799ebb,1738,100602830,5938,"Gold Potatoes, 10 lbs",https://www.costco.com/p/-/5938,,,0,0,https://www.costco.com/grocery-household.html,,2026-10-03T03:37:25.364261+00:00
eac26ce9-632a-5066-981e-eb9ef11059cc,1738,100601909,1352,"Organic Carrots, 6 lbs",https://www.costco.com/p/-/1352,,,0,0,https://www.costco.com/grocery-household.html,,2026-10-03T03:37:25.364261+00:00
7c1bd6d2-ecb9-5e8b-b8d2-b863da60d792,1738,100445692,568915,"Organic English Cucumbers, Greenhouse Grown, 3-count",https://www.costco.com/p/-/568915,,,0,0,https://www.costco.com/grocery-household.html,,2026-10-03T03:37:25.364261+00:00
b49b12b9-0219-530d-b824-a4880aa8a80f,1738,100441109,21046,"Gourmet Tomato Medley, Greenhouse Grown, 2 lbs",https://www.costco.com/p/-/21046,,,0,0,https://www.costco.com/grocery-household.html,,2026-10-03T03:37:25.364261+00:00
6dfcfb59-d2dc-5dcd-9381-b37f5f01292b,1738,100450674,8288,"Artisan Romaine Hearts, 5-count",https://www.costco.com/p/-/8288,,,0,0,https://www.costco.com/produce.html,,2026-10-02T13:17:24.334615+00:00
fccc9cfb-321b-5995-a769-5c8f38c5a819,1738,100598720,412,"Organic Peeled Carrots, 2 lbs, 2-count",https://www.costco.com/p/-/412,,,0,0,https://www.costco.com/grocery-household.html,,2026-10-03T03:37:25.364261+00:00
cd6ca6a4-6826-5fe4-82e7-13d96d342113,1738,100446184,57554,"Blueberries, 18 oz",https://www.costco.com/p/-/57554,,,0,0,https://www.costco.com/produce.html,,2026-10-02T13:17:24.334615+00:00
81afa585-77f1-5119-92c8-69d62f81aac3,1738,100608104,47825,"Green Seedless Grapes, 3 lbs",https://www.costco.com/p/-/47825,,,0,0,https://www.costco.com/produce.html,,2026-10-02T13:17:24.334615+00:00
f09ef773-156d-546c-912d-6fcf2ac47947,1738,100606221,30669,"Bananas, 3 lbs",https://www.costco.com/p/-/30669,,,0,0,https://www.costco.com/produce.html,,2026-10-02T13:17:24.334615+00:00
a7d365b3-7604-55ae-956b-1e227a598094,1738,100602762,5276,"Red Seedless Grapes, 3 lbs",https://www.costco.com/p/-/5276,,,0,0,https://www.costco.com/produce.html,,2026-10-02T13:17:24.334615+00:00
582d07c4-d6b1-5424-8355-5d4b8aa0b64d,1738,100602367,4032,Seedless Watermelon,https://www.costco.com/p/-/4032,,,0,0,https://www.costco.com/produce.html,,2026-10-02T13:17:24.334615+00:00
2dc959cc-7a2a-56b2-baa6-a56e85603a20,1738,100433821,1014484,"Cantaloupe, 2-count",https://www.costco.com/p/-/1014484,,,0,0,https://www.costco.com/produce.html,,2026-10-02T13:17:31.330794+00:00
db27fca0-51fb-5059-a936-9fb31217f457,1738,100607021,38175,"Cara Cara Oranges, 5 lbs",https://www.costco.com/p/-/38175,,,0,0,https://www.costco.com/produce.html,,2026-10-02T13:17:31.330794+00:00
511c0537-23c4-5543-bbc7-dffcfc37edb0,1738,100444887,519638,"Organic Blueberries, 18 oz",https://www.costco.com/p/-/519638,,,0,0,https://www.costco.com/produce.html,,2026-10-02T13:17:31.330794+00:00
02f6c967-89b0-5ac0-8f12-c45ff8479603,1738,100443126,3923,"Limes, 3 lbs",https://www.costco.com/p/-/3923,,,0,0,https://www.costco.com/produce.html,,2026-10-02T13:17:31.330794+00:00
046d8863-e74b-5e10-b5e6-483f2146ec31,1738,100441726,27003,"Strawberries, 2 lbs",https://www.costco.com/p/-/27003,,,0,0,https://www.costco.com/produce.html,,2026-10-02T13:17:31.330794+00:00
2c5d5c25-a860-559e-b6c8-6144ae0b9d2d,1738,100451426,8789,"Golden Pineapple, Each",https://www.costco.com/p/-/8789,,,0,0,https://www.costco.com/produce.html,,2026-10-02T13:17:31.330794+00:00
5653e908-f7e9-5abc-9d15-23f55c9820ee,1738,100608456,56366,"Raspberries, 12 oz",https://www.costco.com/p/-/56366,,,0,0,https://www.costco.com/produce.html,,2026-10-02T13:17:31.330794+00:00
dbfbe720-6325-5ec3-908f-d5febc04db0d,1738,100437001,1136340,"Organic Gala Apples, 3 lbs",https://www.costco.com/p/-/1136340,,,0,0,https://www.costco.com/produce.html,,2026-10-02T13:17:31.330794+00:00
45d57de0-238c-5dd7-9adf-8b59b0306e8e,1738,100447902,67072,"Navel Oranges, 8 lbs",https://www.costco.com/p/-/67072,,,0,0,https://www.costco.com/produce.html,,2026-10-02T13:17:31.330794+00:00
d3d06cbd-6f23-5c1a-9830-956726104f79,1738,100441615,251680,"Organic Raspberries, 12 oz",https://www.costco.com/p/-/251680,,,0,0,https://www.costco.com/produce.html,,2026-10-02T13:17:31.330794+00:00
7f204dae-ca59-5d00-9a17-fe0b137300d7,1738,100607105,38742,"Super Sweet Corn, 8-count",https://www.costco.com/p/-/38742,,,0,0,https://www.costco.com/produce.html,,2026-10-02T13:17:31.330794+00:00
48086cbd-a8f3-5380-8af2-fade3136251a,1738,100816773,6021,"Plums, 3 lbs",https://www.costco.com/p/-/6021,,,0,0,https://www.costco.com/produce.html,,2026-10-02T13:17:31.330794+00:00
f04cea5f-009c-59ff-b5f4-309183bfad70,1738,100441866,2619,"Organic Bananas, 3 lbs",https://www.costco.com/p/-/2619,,,0,0,https://www.costco.com/produce.html,,2026-10-02T13:17:31.330794+00:00
1c2f2d2c-006c-5495-b867-4d9ea517536d,1738,100433351,1018249,"Organic Ataulfo Mangos, 6-count",https://www.costco.com/p/-/1018249,,,0,0,https://www.costco.com/produce.html,,2026-10-02T13:17:31.330794+00:00
d004c851-4dbe-54ab-b6d3-7a041565cfce,1738,100451213,842994,"Organic Mangos, 6 lbs",https://www.costco.com/p/-/842994,,,0,0,https://www.costco.com/produce.html,,2026-10-02T13:17:31.330794+00:00
de13b8de-1da4-56b4-975b-af3f4becd334,1738,100787289,3987,"Grapefruit, 5 lbs",https://www.costco.com/p/-/3987,,,0,0,https://www.costco.com/produce.html,,2026-10-02T13:17:31.330794+00:00
4c425ee9-5774-539f-9636-20fcc060a5d4,1738,100450792,826365,"Organic Squash, 3.5 lbs",https://www.costco.com/p/-/826365,,,0,0,https://www.costco.com/produce.html,,2026-10-02T13:17:31.330794+00:00
e650de59-0405-52a7-a40c-d2ee1407c166,1738,100493043,1331206,"Pirate's Booty Aged White Cheddar Snack, 0.5 oz, 40-count",https://www.costco.com/p/-/1331206,,,0,0,https://www.costco.com/grocery-household.html,,2026-10-03T03:37:59.278849+00:00
8d6ea2c1-0c97-5536-be61-999440f71dee,1738,100741625,1532925,"Chomps Original Beef Sticks, Mild, 12 Individually Wrapped Sticks",https://www.costco.com/p/-/1532925,,,0,0,https://www.costco.com/grocery-household.html,,2026-10-03T03:37:59.278849+00:00
d567af81-6a25-5a08-8fb4-882f5ec69b7f,1738,4000367875,1857160,"Kirkland Signature Grass-fed Beef Sticks, 1.15 oz, 12-count",https://www.costco.com/p/-/1857160,,,0,0,https://www.costco.com/grocery-household.html,,2026-10-03T03:37:59.278849+00:00
ab05ba1a-c067-5a8f-9f8b-5d9180af2915,1738,100532544,1374492,"Welch's Fruit Snacks, .8 oz, 90-count",https://www.costco.com/p/-/1374492,,,0,0,https://www.costco.com/fruit-snacks-applesauce.html,,2026-10-03T03:32:11.525347+00:00
9afc701b-4239-5563-8542-225a721adb58,1738,100642169,1361170,"That's it Mini Fruit Bars, 24-count",https://www.costco.com/p/-/1361170,,,0,0,https://www.costco.com/grocery-household.html,,2026-10-03T03:37:51.122800+00:00
dd62c978-afff-51bc-ace9-bddb45558c14,1738,4000026392,1675745,"Nonni’s Biscotti, Almond Dark Chocolate, 1.34 oz, 25-count",https://www.costco.com/p/-/1675745,,,0,0,https://www.costco.com/cookies.html,,2026-10-03T03:09:44.067990+00:00
06108aef-a7fd-5e79-98cf-f786b23ab0c0,1738,100538227,1258564,"Country Archer Grass-Fed Beef Stick Minis Original, 0.5 oz, 28-Count",https://www.costco.com/p/-/1258564,,,0,0,https://www.costco.com/jerky.html,,2026-10-03T03:55:20.401336+00:00
78a5d18a-03f2-5d4d-90d7-9f9669f05b85,1738,4000111758,1716201,"Nature's Garden, Probiotic Strawberry Yoggies, 0.7 oz,  30-count",https://www.costco.com/p/-/1716201,,,0,0,https://www.costco.com/fruit-snacks-applesauce.html,,2026-10-03T03:32:11.525347+00:00
e12e122e-3814-58f9-95d1-798dbc04d06b,1738,4000203095,1760616,"GoGo SqueeZ, Organic Applesauce, Variety Pack, 3.2 oz, 28-Count",https://www.costco.com/p/-/1760616,,,0,0,https://www.costco.com/fruit-snacks-applesauce.html,,2026-10-03T03:32:11.525347+00:00
ded3d3ad-e546-5522-becf-8925c15f37a6,1738,100243281,846156,"Nature Valley Crunchy Granola Bar, Oats 'n Honey, 1.49 oz, 49-count",https://www.costco.com/p/-/846156,,,0,0,https://www.costco.com/snacks-bars.html,,2026-10-03T04:33:29.390108+00:00
fbf9cbae-cd15-5f4f-b547-c38bc28b932f,1738,100403275,986292,"Clif Kid ZBar Organic Granola Bar, Variety Pack, 1.27 oz, 36-count",https://www.costco.com/p/-/986292,,,0,0,https://www.costco.com/snacks-bars.html,,2026-10-03T04:33:29.390108+00:00
4488a7bf-8009-5fa7-bca2-e6a9bb2ed9d5,1738,4000418227,2008684,Hoody's Honey Roasted Nut Mix,https://www.costco.com/p/-/2008684,,,0,0,https://www.costco.com/nuts.html,,2026-10-03T04:09:57.066183+00:00
443100de-577c-5f87-9ffe-64853d8004ed,1738,100698498,1491866,"Go Raw Sprouted Organic Pumpkin Seeds with Sea Salt, 22 oz",https://www.costco.com/p/-/1491866,,,0,0,https://www.costco.com/grocery-household.html,,2026-10-03T03:37:59.278849+00:00
7d830d1c-d080-5da6-95e9-b4378c687ee8,1738,100368214,969786,"Meiji Hello Panda Chocolate Creme Filled Cookies, 0.75 oz, 32-count",https://www.costco.com/p/-/969786,,,0,0,https://www.costco.com/cookies.html,,2026-10-03T03:09:44.067990+00:00
df974c86-6177-5678-a091-39984802a5de,1738,100805013,1599199,"Golden Island Pork Snack Bites, Korean Barbecue, 1.5 oz, 12-count",https://www.costco.com/p/-/1599199,,,0,0,https://www.costco.com/jerky.html,,2026-10-03T03:55:20.401336+00:00
6e1c6c67-0388-589f-9254-2fa43271b877,1738,100840912,1632656,"PopCorners Popped Corn Snacks Variety Pack, 1 oz, 30-Count",https://www.costco.com/p/-/1632656,,,0,0,https://www.costco.com/popcorn.html,,2026-10-03T04:19:04.892171+00:00
bc619ae0-6e8e-542f-9e15-09e9a2c8535e,1738,4000252966,1816483,"Nabisco Cookies & Crackers, Variety Pack, 1 oz, 40-count",https://www.costco.com/p/-/1816483,,,0,0,https://www.costco.com/cookies.html,,2026-10-03T03:09:44.067990+00:00
922696d0-d7ab-5582-9952-fbe36e479758,1738,4000400472,1984296,"Mezcla Puff-Crispy Bar, Pistachio Chocolate, 1.4 oz, 14-count",https://www.costco.com/p/-/1984296,,,0,0,https://www.costco.com/snacks-bars.html,,2026-10-03T04:33:29.390108+00:00
e80443ca-f637-5d2a-a70d-bab319a2fdfe,1738,4000332792,1905921,"Crunchmaster 6-Seed Multi-Grain Crackers, 28 oz",https://www.costco.com/p/-/1905921,,,0,0,https://www.costco.com/crackers.html,,2026-10-03T03:14:24.174807+00:00
2cc9c770-ce3e-5c85-8cab-98acbb48c7d6,1738,100664982,1377067,"Kirkland Signature Chewy Protein Bar, Peanut Butter & Semisweet Chocolate Chip, 1.41 oz, 42-Count",https://www.costco.com/p/-/1377067,,,0,0,https://www.costco.com/kirkland-signature-groceries.html,,2026-10-03T03:59:38.438306+00:00
bafb1563-eed5-5598-bcf7-e0745845ed9f,1738,4000094517,1707643,"Milano Cookies, Double Dark Chocolate, 0.98 oz, 30-count",https://www.costco.com/p/-/1707643,,,0,0,https://www.costco.com/cookies.html,,2026-10-03T03:09:44.067990+00:00
74d01403-e53b-5153-8b2f-a74683a19729,1738,100699040,1483585,"OREO Sandwich Cookies, Variety Pack, 60-count",https://www.costco.com/p/-/1483585,,,0,0,https://www.costco.com/cookies.html,,2026-10-03T03:09:44.067990+00:00
aed95cb8-3255-515e-bf5f-d8794ee00d89,1738,100371248,1013100,"Goldfish Baked Snack Crackers, Cheddar, 1 oz, 45-count",https://www.costco.com/p/-/1013100,,,0,0,https://www.costco.com/crackers.html,,2026-10-03T03:14:24.174807+00:00
899e6ed8-007d-54e0-9110-9567d8e4dec6,1738,4201003967,1658550,"Kirkland Signature Snacking Nuts Variety Pack, 1.6 oz, 21-count",https://www.costco.com/p/-/1658550,,,0,0,https://www.costco.com/nuts.html,,2026-10-03T04:09:57.066183+00:00
db66417c-74cf-5d71-9c06-921209f40bbf,1738,100336602,545345,"Kirkland Signature In-Shell Pistachios, Salted, 3 lbs",https://www.costco.com/p/-/545345,,,0,0,https://www.costco.com/kirkland-signature-groceries.html,,2026-10-03T03:59:38.438306+00:00
6f5fabfc-1f99-5a42-bd9f-e1384edc991f,1738,100381517,560519,"WildRoot's Coastal Berry Trail Mix, 26 oz",https://www.costco.com/p/-/560519,,,0,0,https://www.costco.com/trail-snack-mix.html,,2026-10-03T04:46:19.009517+00:00
6e76f9c5-b33f-5b4c-8c99-62cf3d0f2d9f,1738,100421656,1229285,"BelVita Breakfast Biscuit, Cinnamon Brown Sugar, 1.76 oz, 30-count",https://www.costco.com/p/-/1229285,,,0,0,https://www.costco.com/snacks-bars.html,,2026-10-03T04:33:29.390108+00:00
a9d20bb8-451e-5ea8-8653-18aff9fb7280,1738,100115268,284601,"Kirkland Signature Supreme Whole Almonds, 3 lbs",https://www.costco.com/p/-/284601,,,0,0,https://www.costco.com/kirkland-signature-groceries.html,,2026-10-03T03:59:38.438306+00:00
ed6a0f3f-fe5c-55fd-a2ac-8845ce755fab,1738,100381489,663439,"Cheez-It Crackers, Cheddar, 1.5 oz, 45-count",https://www.costco.com/p/-/663439,,,0,0,https://www.costco.com/crackers.html,,2026-10-03T03:14:24.174807+00:00
fc4791b0-de91-59cb-8f3a-ccedb572d030,1738,100696413,1489206,"Pringles Grab & Go Potato Crisps, Variety, 36-count",https://www.costco.com/p/-/1489206,,,0,0,https://www.costco.com/chips-pretzels.html,,2026-10-03T03:02:17.154320+00:00
ec2b6338-c7ec-5004-9ac0-2bee4e890c66,1738,100679927,1472774,"Pure Organic Layered Fruit Bars, Variety Pack,  0.63 oz, 28-count",https://www.costco.com/p/-/1472774,,,0,0,https://www.costco.com/snacks-bars.html,,2026-10-03T04:33:29.390108+00:00
45741dc3-cc26-551c-9e6c-2e816a4850ff,1738,100347332,1123591,"Nature's Garden Organic Trail Mix Snack Packs, Variety Pack, 1.2 oz, 24-count",https://www.costco.com/p/-/1123591,,,0,0,https://www.costco.com/trail-snack-mix.html,,2026-10-03T04:46:19.009517+00:00
cc44076f-5f6f-59b2-b70a-1395083fd32f,1738,100792770,1564814,"Simple Mills Almond Flour Sea Salt Crackers, 10 oz, 2-count",https://www.costco.com/p/-/1564814,,,0,0,https://www.costco.com/crackers.html,,2026-10-03T03:14:24.174807+00:00
eb5226fb-88df-57ec-b166-63d043e6060c,1738,4000385777,1966293,"Frito-Lay NFL Gameday Mix, 54-count",https://www.costco.com/p/-/1966293,,,0,0,https://www.costco.com/chips-pretzels.html,,2026-10-03T03:02:17.154320+00:00
0763430d-b9af-53c0-b57d-c6276d370113,1738,100369040,142354,"RITZ Crackers, Original, 61.65 oz, 18-count",https://www.costco.com/p/-/142354,,,0,0,https://www.costco.com/crackers.html,,2026-10-03T03:14:24.174807+00:00
35517ace-4428-5e3e-a40b-d0427e87711c,1738,100439457,1229303,"BelVita Breakfast Biscuits, Blueberry, 1.76 oz, 30-count",https://www.costco.com/p/-/1229303,,,0,0,https://www.costco.com/snacks-bars.html,,2026-10-03T04:33:29.390108+00:00
0de5433c-f8dc-5d27-bc7d-ca6154078376,1738,4000250022,1812863,"Nutella Biscuits, 9.7 oz, 4-count",https://www.costco.com/p/-/1812863,,,0,0,https://www.costco.com/cookies.html,,2026-10-03T03:09:44.067990+00:00
6bc478f7-ed93-580f-8df1-6a14f0f8fe8d,1738,100436609,112266,"Madi Gran Panettone, 2.2 lbs",https://www.costco.com/p/-/112266,,,0,0,https://www.costco.com/cakes-cookies.html,,2026-10-03T02:58:18.199203+00:00
02168cea-ec60-50d2-93c9-12ee7de9b27d,1738,4000420284,2010942,"Nature Valley Crispy Creamy Wafer Bars, Variety Pack, 1.3 oz, 28-count",https://www.costco.com/p/-/2010942,,,0,0,https://www.costco.com/snacks-bars.html,,2026-10-03T04:33:29.390108+00:00
22210637-f33c-5f7f-8d87-b6b4a5abefa5,1738,100643788,1391546,"Schwartz Brothers Bakery, Organic Everything Bagel Chips, 15 oz",https://www.costco.com/p/-/1391546,,,0,0,https://www.costco.com/chips-pretzels.html,,2026-10-03T03:02:17.154320+00:00
8322c70d-498e-5f41-89d0-a3bf5c6cd05c,1738,100400518,1143330,"Ocean Spray Craisins, Whole Dried Cranberries, 64 oz",https://www.costco.com/p/-/1143330,,,0,0,https://www.costco.com/dried-fruit.html,,2026-10-03T03:21:40.408888+00:00
05791dfa-d680-563c-a5ce-6bb179d46c27,1738,100403304,1036671,"Nature Valley Biscuits with Almond Butter, 1.35 oz, 30-count",https://www.costco.com/p/-/1036671,,,0,0,https://www.costco.com/snacks-bars.html,,2026-10-03T04:33:29.390108+00:00
6421fab2-e3bc-5eed-bb5e-3441cb7fc8ab,1738,100438733,1195303,"Kirkland Signature Dry Roasted Macadamia Nuts, 1.5 lbs",https://www.costco.com/p/-/1195303,,,0,0,https://www.costco.com/kirkland-signature-groceries.html,,2026-10-03T03:59:38.438306+00:00
f81e2aec-23a1-5160-aadc-2a3e39b7647d,1738,100296198,1014809,"Kirkland Signature Protein Bar, Variety Pack, 2.12 oz, 20-count",https://www.costco.com/p/-/1014809,,,0,0,https://www.costco.com/kirkland-signature-groceries.html,,2026-10-03T03:59:38.438306+00:00
522c867d-c591-508a-8981-fc02cbb399d6,1738,100674223,1426611,"Loacker Minis Wafer Cookie Variety, 28.22 oz",https://www.costco.com/p/-/1426611,,,0,0,https://www.costco.com/cookies.html,,2026-10-03T03:09:44.067990+00:00
93781671-3ade-5d1a-b4a2-e12436a2d4ee,1738,4000329562,1680310,"Variety Snack Pack, 40-count",https://www.costco.com/p/-/1680310,,,0,0,https://www.costco.com/chips-pretzels.html,,2026-10-03T03:02:17.154320+00:00
5a42da79-edd6-50ee-b441-da68b1de2c15,1738,100334734,957330,"Kirkland Signature Snacking Nuts, Variety Pack, 1.6 oz, 30-count",https://www.costco.com/p/-/957330,,,0,0,https://www.costco.com/kirkland-signature-groceries.html,,2026-10-03T03:59:47.519905+00:00
64f6d01b-cbb4-5f8b-bdba-74e85e67fdd1,1738,100113305,45221,"Cheez-It Crackers, Cheddar, 3 lbs",https://www.costco.com/p/-/45221,,,0,0,https://www.costco.com/crackers.html,,2026-10-03T03:14:24.174807+00:00
0fab81d7-9f79-52bf-979a-fe16c5b98c89,1738,4000409855,1996983,"belVita Energy Snack Bites Variety Pack, 25-count",https://www.costco.com/p/-/1996983,,,0,0,https://www.costco.com/snacks-bars.html,,2026-10-03T04:33:29.390108+00:00
14b2646f-d2e0-5b3e-a810-bf8d80e78d05,1738,100401360,1082839,"FITCRUNCH Protein Bars, 16g Protein, Chocolate Peanut Butter, 1.62 oz, 18-count",https://www.costco.com/p/-/1082839,,,0,0,https://www.costco.com/diet-nutrition.html,,2026-10-03T03:17:39.913373+00:00
93ddb258-e69a-539c-b056-3069641f19a4,1738,4000294926,1851141,"BUILT Puff Protein Bar, Variety Pack, 1.41 oz, 14-count",https://www.costco.com/p/-/1851141,,,0,0,https://www.costco.com/snacks-bars.html,,2026-10-03T04:33:29.390108+00:00
da918a87-c175-5381-b780-354faacc6804,1738,100453227,951243,"Mott's, Organic Apple Sauce, 3.9 oz, 36-Count",https://www.costco.com/p/-/951243,,,0,0,https://www.costco.com/nuts.html,,2026-10-03T04:09:57.066183+00:00
6a68b4dc-849b-5e5c-8bb6-aa5c12491a51,1738,100377388,937348,"Sugar Bowl Bakery, Petite Palmiers, 32 oz",https://www.costco.com/p/-/937348,,,0,0,https://www.costco.com/cookies.html,,2026-10-03T03:09:44.067990+00:00
5227d1f0-acef-5c7d-9415-a106ec178465,1738,100401345,1218715,"Nutella & GO! Hazelnut and Cocoa Spread With Breadsticks, 1.8 oz, 16 Pack",https://www.costco.com/p/-/1218715,,,0,0,https://www.costco.com/crackers.html,,2026-10-03T03:14:24.174807+00:00
24441771-6815-5dab-b25a-a53b60a2474b,1738,4000022053,1672091,"Simply Fuel Protein Balls, 14.4 oz",https://www.costco.com/p/-/1672091,,,0,0,https://www.costco.com/snacks-bars.html,,2026-10-03T04:33:29.390108+00:00
a5fbfc94-0112-52f6-9b5f-b1bfd2337609,1738,100441043,219854,"La Dolce Vita Classic Italian Biscotti, 40 oz",https://www.costco.com/p/-/219854,,,0,0,https://www.costco.com/cookies.html,,2026-10-03T03:09:44.067990+00:00
cfb10802-0408-5bed-8827-278c7d561bbe,1738,100756482,1542070,"Goldfish Baked Snack Crackers, Cheddar, 66 oz",https://www.costco.com/p/-/1542070,,,0,0,https://www.costco.com/crackers.html,,2026-10-03T03:14:24.174807+00:00
8c0fb22d-346b-5822-8afb-464b27b629dd,1738,4000350969,1904630,"Pure Protein Bars, Variety Pack, 1.76 oz, 25-count",https://www.costco.com/p/-/1904630,,,0,0,https://www.costco.com/snacks-bars.html,,2026-10-03T04:33:29.390108+00:00
1f274191-6adb-5a6c-a6f7-0735f20fd591,1738,4201009280,2041830,"Chomps Chomplings Original Turkey Mini Sticks, 0.5 oz, 24-count",https://www.costco.com/p/-/2041830,,,0,0,https://www.costco.com/jerky.html,,2026-10-03T03:55:20.401336+00:00
bcf60b30-0811-5701-a6fd-d18872fb1cbf,1738,4000064056,1617506,"Kirkland Signature Organic Whole Cashews, Unsalted, Unroasted, 2.5 lbs",https://www.costco.com/p/-/1617506,,,0,0,https://www.costco.com/nuts.html,,2026-10-03T04:09:57.066183+00:00
b0681273-a4e9-5964-b28e-8e92156728cd,1738,4000204335,1761722,"RXBAR Protein Bars, Variety Pack, 14-count",https://www.costco.com/p/-/1761722,,,0,0,https://www.costco.com/snacks-bars.html,,2026-10-03T04:33:29.390108+00:00
c4b99a17-4c9b-56c4-ac29-be2ad61e65a7,1738,100389661,1089527,"Goldfish Baked Snacks, Variety Pack, 45-count",https://www.costco.com/p/-/1089527,,,0,0,https://www.costco.com/crackers.html,,2026-10-03T03:14:24.174807+00:00
1ef48985-a649-5541-bce2-07e7be6ea560,1738,4000240522,1802191,"Siete Grain Free Sea Salt Tortilla Chips, 15 oz",https://www.costco.com/p/-/1802191,,,0,0,https://www.costco.com/chips-pretzels.html,,2026-10-03T03:02:17.154320+00:00
f1255489-e446-5b6e-82e2-adc6217459a6,1738,100456939,587289,"Joy Luck Palace Double Egg Yolk and Lotus Seed Paste Moon Cakes, 24.7 oz, 4-Count",https://www.costco.com/p/-/587289,,,0,0,https://www.costco.com/cookies.html,,2026-10-03T03:09:44.067990+00:00
6a00fee4-a9d9-56e0-81d7-421458f062e7,1738,4000418551,2009145,"Solely Organic Fruit Jerky Variety Pack, 0.8 oz, 16-count",https://www.costco.com/p/-/2009145,,,0,0,https://www.costco.com/fruit-snacks-applesauce.html,,2026-10-03T03:32:11.525347+00:00
c6c04fab-2e91-502f-9928-8f8bdc9f40b5,1738,4000336842,1910048,"SnakYard Organic Shitake Mushrooms, 14.11 oz",https://www.costco.com/p/-/1910048,,,0,0,https://www.costco.com/chips-pretzels.html,,2026-10-03T03:02:17.154320+00:00
59550dfe-745a-5be0-9b53-286d59e6c79b,1738,4000250881,1788968,"IQBAR Clean Protein Bars, Variety Pack, 1.6 oz, 18-count",https://www.costco.com/p/-/1788968,,,0,0,https://www.costco.com/snacks-bars.html,,2026-10-03T04:33:29.390108+00:00
1d32fbc4-7ef4-5f88-a541-8d5e9900832a,1738,4000201023,1758990,"Miss Vickie's Kettle Cooked Potato Chips, 1.38 oz, Variety Pack, 30-count",https://www.costco.com/p/-/1758990,,,0,0,https://www.costco.com/chips-pretzels.html,,2026-10-03T03:02:17.154320+00:00
3e037bfd-7214-5272-aafc-fe287cf0e999,1738,100383609,188140,"Frito Lay Classic Mix, Variety Pack, 30-count",https://www.costco.com/p/-/188140,,,0,0,https://www.costco.com/chips-pretzels.html,,2026-10-03T03:02:17.154320+00:00
51aa5c6d-95f0-5281-9a97-1b75a88b3abd,1738,4000187057,1742162,"Siete Grain Free Tortilla Chips, Variety Pack, 1 oz, 14-count",https://www.costco.com/p/-/1742162,,,0,0,https://www.costco.com/chips-pretzels.html,,2026-10-03T03:02:17.154320+00:00
7c383cfb-387b-5f41-a1bc-2e03e05f751d,1738,4000259693,1824668,"Simply Protein Crispy Bar Variety Pack, 15-count",https://www.costco.com/p/-/1824668,,,0,0,https://www.costco.com/snacks-bars.html,,2026-10-03T04:33:29.390108+00:00
a1aca761-4548-58c5-a370-a6d9a4cf1dff,1738,4000377029,1956465,"Kize Life Changing Bars, Variety Pack, 12-count",https://www.costco.com/p/-/1956465,,,0,0,https://www.costco.com/snacks-bars.html,,2026-10-03T04:33:29.390108+00:00
d1b35e1b-71f3-5459-bafb-5d753f0d0596,1738,100397092,864917,"Wonderful Pistachios, Salt & Pepper, 3 lbs",https://www.costco.com/p/-/864917,,,0,0,https://www.costco.com/nuts.html,,2026-10-03T04:09:57.066183+00:00
11a829ca-fa39-5f14-aa39-f343ff4d11d0,1738,4201029325,2081894,"Crown Bakeries Mini Muffin Bites, Birthday Cake, 1.65 oz, 20-count",https://www.costco.com/p/-/2081894,,,0,0,https://www.costco.com/pastries.html,,2026-10-03T04:15:06.950874+00:00
05f75dd0-aedc-5f2a-9ed8-8c0d1afba7cb,1738,4201019919,2068507,"ONE Protein Bar, Variety Pack, 2.12 oz, 16-count",https://www.costco.com/p/-/2068507,,,0,0,https://www.costco.com/snacks-bars.html,,2026-10-03T04:33:29.390108+00:00
781bf36f-bc9b-562c-951e-ce2c5d2aea4a,1738,100442140,316780,"Cheetos Cheese Flavored Snacks, Crunchy, 28.8 oz",https://www.costco.com/p/-/316780,,,0,0,https://www.costco.com/chips-pretzels.html,,2026-10-03T03:02:17.154320+00:00
ee0e22d6-845e-5886-a9f7-fcea9d0165e3,1738,100436999,1136479,"Country Archer Grass-Fed Beef Jerky, Mango Habanero, 16 oz",https://www.costco.com/p/-/1136479,,,0,0,https://www.costco.com/jerky.html,,2026-10-03T03:55:20.401336+00:00
c2d7c066-bf41-5146-871a-b5b339a21107,1738,100581556,1388332,"Tropical Fields Organic Coconut Rolls, 11 oz",https://www.costco.com/p/-/1388332,,,0,0,https://www.costco.com/cookies.html,,2026-10-03T03:09:44.067990+00:00
03eeab5b-5623-58af-81f1-31d575081284,1738,4000111426,1456653,"Kellogg's Cracker Collection, Variety Pack, 13-stacks",https://www.costco.com/p/-/1456653,,,0,0,https://www.costco.com/crackers.html,,2026-10-03T03:14:24.174807+00:00
28c5958e-1b45-5bab-941c-3c37bf873c61,1738,4000237460,1713786,"Kirkland Signature Roasted Almonds, Sea Salt, 2.5 lbs",https://www.costco.com/p/-/1713786,,,0,0,https://www.costco.com/nuts.html,,2026-10-03T04:09:57.066183+00:00
bdb8eacb-612d-5a59-bc03-415a2bd30633,1738,100423249,1010656,"Gourmet Nut Power Up Trail Mix, Mega Omega, 26 oz",https://www.costco.com/p/-/1010656,,,0,0,https://www.costco.com/snacks.html,,2026-10-03T04:35:01.811893+00:00
ba3c5f06-499f-5d13-9c19-417f8bf7466f,1738,4000191539,1750825,"Gen Bake Churro Donut Bites, 30 oz",https://www.costco.com/p/-/1750825,,,0,0,https://www.costco.com/pastries.html,,2026-10-03T04:15:06.950874+00:00
dbce84f5-57f5-5500-931e-ad45e0a9696b,1738,100387865,795269,"Carr's Table Water Crackers, Variety Pack, 25.5 oz",https://www.costco.com/p/-/795269,,,0,0,https://www.costco.com/crackers.html,,2026-10-03T03:14:24.174807+00:00
592b132a-1f22-50dd-936e-3bf62de33ba0,1738,100393415,1060788,"Snack Factory Organic Original Pretzel Crisps, 28 oz",https://www.costco.com/p/-/1060788,,,0,0,https://www.costco.com/chips-pretzels.html,,2026-10-03T03:02:17.154320+00:00
bca94b73-3e21-570d-86c0-ccffd2bdf2f4,1738,4000434872,2003097,"Quest Protein Bar Variety Pack, 2.12 oz, 16-count",https://www.costco.com/p/-/2003097,,,0,0,https://www.costco.com/snacks-bars.html,,2026-10-03T04:33:39.617973+00:00
1df34ffb-7551-57f4-b41a-674a3522cf6c,1738,4000424142,2008181,"Chomps Smokey BBQ Seasoned Beef Sticks, 1.15 oz, 12-count",https://www.costco.com/p/-/2008181,,,0,0,https://www.costco.com/jerky.html,,2026-10-03T03:55:20.401336+00:00
8cf723c5-a973-5030-95c9-b4be180ff91c,1738,100441930,289685,"Sun-Maid Organic California Sun-Dried Raisins, 2 lbs, 2-count",https://www.costco.com/p/-/289685,,,0,0,https://www.costco.com/dried-fruit.html,,2026-10-03T03:21:40.408888+00:00
91ad079f-1179-5f5b-8a60-c48cd9c02560,1738,100368222,669434,"Cape Cod Kettle Cooked Potato Chips, 30 oz",https://www.costco.com/p/-/669434,,,0,0,https://www.costco.com/chips-pretzels.html,,2026-10-03T03:02:17.154320+00:00
a016cbe4-1681-5aff-bab1-71e305978b49,1738,4000179943,1150189,"Skinny Pop Organic Popcorn, 14 oz",https://www.costco.com/p/-/1150189,,,0,0,https://www.costco.com/popcorn.html,,2026-10-03T04:19:04.892171+00:00
96008825-be72-580a-a6d0-2ef1163487c5,1738,100405372,933402,"Doritos Tortilla Chips, Nacho Cheese, 30 oz",https://www.costco.com/p/-/933402,,,0,0,https://www.costco.com/chips-pretzels.html,,2026-10-03T03:02:17.154320+00:00
2db487d7-a2b8-502b-893b-6b7d7c664abb,1738,100435721,1095734,"Fritos Scoops! Corn Chips, 32 oz",https://www.costco.com/p/-/1095734,,,0,0,https://www.costco.com/chips-pretzels.html,,2026-10-03T03:02:17.154320+00:00
7876b12a-bcf7-523b-bbc6-f0bce20126e3,1738,4000428916,2007587,Harry's Chrome Edition Razor Set 16 Cartridges + 1 Handle,https://www.costco.com/p/-/2007587,,,0,0,https://www.costco.com/health-beauty.html,,2026-10-03T03:44:41.457947+00:00
b1b66240-09f1-524b-89aa-592c41056597,1738,4000024702,1674070,"Emergen-C 1000 mg Vitamin C Daily Immune Support Variety Pack Drink Mix, 120 Packets",https://www.costco.com/p/-/1674070,,,0,0,https://www.costco.com/health-beauty.html,,2026-10-03T03:44:41.457947+00:00
62ddb81c-856f-5723-bba3-27e1368c33e1,1738,4000401195,1985130,"youtheory Concentrated Effect Verisol Collagen with Biotin, 345 Count",https://www.costco.com/p/-/1985130,,,0,0,https://www.costco.com/health-beauty.html,,2026-10-03T03:44:41.457947+00:00
94a69f27-715e-5137-b2cf-aec0e3d556d7,1738,4201000175,2049977,"youtheory Total Body Turmeric, 90 Vegetarian Capsules",https://www.costco.com/p/-/2049977,,,0,0,https://www.costco.com/health-beauty.html,,2026-10-03T03:44:41.457947+00:00
a753cf36-aff0-572e-8288-1471547d91a0,1738,4201023855,2011581,Sharper Image Power Percussion Duo Max Deep Tissue Massager,https://www.costco.com/p/-/2011581,,,0,0,https://www.costco.com/health-beauty.html,,2026-10-03T03:44:41.457947+00:00
4f662e4b-bc50-5683-8a5d-bc17c81c1bd6,1738,100353011,1148964,"PreserVision AREDS 2 Formula, 210 Soft Gels",https://www.costco.com/p/-/1148964,,,0,0,https://www.costco.com/adult-multi-letter-vitamins.html,,2026-10-03T02:46:01.226191+00:00
dc4aee8c-e649-58b5-8f35-a0b8511dc79f,1738,100483575,1327667,"Nature Made CoQ10 400 mg., 90 Softgels",https://www.costco.com/p/-/1327667,,,0,0,https://www.costco.com/health-beauty.html,,2026-10-03T03:44:41.457947+00:00
779000a9-d346-5e6f-802d-92ffcd965171,1738,100422894,1252365,"Ensure Original Nutrition Shake, 8 fl. oz, 30-pack, Vanilla",https://www.costco.com/p/-/1252365,,,0,0,https://www.costco.com/diet-nutrition.html,,2026-10-03T03:17:39.913373+00:00
937de304-5d0a-54b4-a8af-09f24b3c0827,1738,4201023902,2949962,Sharper Image Motorized Handheld Rolling Massager,https://www.costco.com/p/-/2949962,,,0,0,https://www.costco.com/health-beauty.html,,2026-10-03T03:44:41.457947+00:00
b12bfd35-789b-5038-8572-3026035295b9,1738,4000434121,2021189,"Olay Essential Botanical Body Wash, 23.6 fl oz, 3-pack",https://www.costco.com/p/-/2021189,,,0,0,https://www.costco.com/health-beauty.html,,2026-10-03T03:44:41.457947+00:00
12341c2c-ef46-5c6d-9d16-570c235de366,1738,4000387562,1959671,"Mr. Hyde Signature Pre-Workout Multi-flavor with Creatine, 72 Servings",https://www.costco.com/p/-/1959671,,,0,0,https://www.costco.com/diet-nutrition.html,,2026-10-03T03:17:39.913373+00:00
7ba3e1de-5a34-5404-bd71-a0f363531f72,1738,4000427430,2025322,"Grüns Adult Greens Gummies, 35 Daily Packs",https://www.costco.com/p/-/2025322,,,0,0,https://www.costco.com/adult-multi-letter-vitamins.html,,2026-10-03T02:46:01.226191+00:00
e2b8b47b-6b2f-56c3-8a35-f9eb120b806d,1738,100358150,667448,NeilMed Sinus Rinse Kit,https://www.costco.com/p/-/667448,,,0,0,https://www.costco.com/allergy-sinus.html,,2026-10-03T02:47:56.043476+00:00
8e3dc85e-76f5-5ddf-9a5a-fb352d22fa92,1738,4000141950,3907391,"Oral-B iO Series 2 Complete Clean Rechargeable Electric Toothbrush, 2-pack",https://www.costco.com/p/-/3907391,,,0,0,https://www.costco.com/health-beauty.html,,2026-10-03T03:44:41.457947+00:00
2fd35f18-1e2f-5232-8132-171adcb9462a,1738,4201023576,2075999,"FEELGOOD NAD+ NMN, 120 Vegan Capsules",https://www.costco.com/p/-/2075999,,,0,0,https://www.costco.com/health-beauty.html,,2026-10-03T03:44:41.457947+00:00
99c722b4-bd0b-5569-99e4-bf8fd2d7ca78,1738,4201023596,2076005,"FEELGOOD Magnesium Glycinate, 180 Vegan Capsules",https://www.costco.com/p/-/2076005,,,0,0,https://www.costco.com/health-beauty.html,,2026-10-03T03:44:41.457947+00:00
3f0ea954-1cfb-5d9e-b4fd-c889a623b707,1738,100001184,553486,"Nature's Bounty Hair, Skin and Nails, 250 Softgels",https://www.costco.com/p/-/553486,,,0,0,https://www.costco.com/adult-multi-letter-vitamins.html,,2026-10-03T02:46:01.226191+00:00
32a70cb1-19e8-5e57-87b7-ffbd2cb55fca,1738,11312465,311676,"Kirkland Signature Aller-Tec, 365 Tablets",https://www.costco.com/p/-/311676,,,0,0,https://www.costco.com/allergy-sinus.html,,2026-10-03T02:47:56.043476+00:00
a95fcf32-79b1-5915-8b89-deab97364016,1738,4000100002,1711799,"Kirkland Signature Extra Strength Energy Shot, 48 Bottles, 2 Ounces Each",https://www.costco.com/p/-/1711799,,,0,0,https://www.costco.com/health-beauty.html,,2026-10-03T03:44:41.457947+00:00
5e591c7c-88e6-5c42-a25b-4b5fcb267352,1738,4000105235,1702153,"Crest Pro Health Advanced Toothpaste, 5.9 oz, 5-pack",https://www.costco.com/p/-/1702153,,,0,0,https://www.costco.com/health-beauty.html,,2026-10-03T03:44:41.457947+00:00
f3bcaa71-abbb-5163-99c0-055569dadfee,1738,100736527,1303463,"Vital Proteins Collagen Peptides, Unflavored, 1.5 lbs",https://www.costco.com/p/-/1303463,,,0,0,https://www.costco.com/diet-nutrition.html,,2026-10-03T03:17:39.913373+00:00
2f3e2adc-e4fe-56e0-90b0-a615183db58a,1738,11661893,580664,"Nature Made Prenatal Folic Acid + DHA, 150 Softgels",https://www.costco.com/p/-/580664,,,0,0,https://www.costco.com/adult-multi-letter-vitamins.html,,2026-10-03T02:46:01.226191+00:00
64919b0e-20e1-5408-a4e6-b82876881301,1738,4201008704,2032156,"SmartyPants Kids Plus Multivitamin & Omegas, 180 Gummies",https://www.costco.com/p/-/2032156,,,0,0,https://www.costco.com/adult-multi-letter-vitamins.html,,2026-10-03T02:46:01.226191+00:00
6257deb9-4581-5ee4-ab51-288e1860462f,1738,4000266418,1830585,"Airborne Gummy Immune Support Supplement, 90 Gummies",https://www.costco.com/p/-/1830585,,,0,0,https://www.costco.com/health-beauty.html,,2026-10-03T03:44:49.257228+00:00
d694967a-a87b-52bc-a759-2f1382ef0055,1738,4000444814,2033364,OFF! Clean Feel Mosquito Repellent Picaridin DEET-free Bug Spray Set,https://www.costco.com/p/-/2033364,,,0,0,https://www.costco.com/health-beauty.html,,2026-10-03T03:44:49.257228+00:00
f5ee4f23-2caf-57ec-b1f1-ad9b6a6f4fb8,1738,4000374415,1896208,"Q-tips Cotton Swabs, 1875-count",https://www.costco.com/p/-/1896208,,,0,0,https://www.costco.com/health-beauty.html,,2026-10-03T03:44:49.257228+00:00
2da265fb-d797-50a9-9352-801f28e509f6,1738,100405668,897980,"Kirkland Signature Children's Multivitamin, 320 Gummies",https://www.costco.com/p/-/897980,,,0,0,https://www.costco.com/health-beauty.html,,2026-10-03T03:44:49.257228+00:00
c960b4a7-f116-560f-bb12-9b58d9556969,1738,4201026692,7161149,Philips Norelco All-in-One Electric Shaver and Trimmer with 24 Attachments,https://www.costco.com/p/-/7161149,,,0,0,https://www.costco.com/health-beauty.html,,2026-10-03T03:44:49.257228+00:00
741113ce-90ed-5026-afd1-07a50bf33e77,1738,4000256329,1820576,"eos Natural USDA Organic Lip Balm, 9 Sticks",https://www.costco.com/p/-/1820576,,,0,0,https://www.costco.com/health-beauty.html,,2026-10-03T03:44:49.257228+00:00
afedd6b5-5da8-5a7e-95b2-9cbefae55a6c,1738,100654716,1423302,"trunature Women's Daily Probiotic, 90 Vegetarian Capsules",https://www.costco.com/p/-/1423302,,,0,0,https://www.costco.com/health-beauty.html,,2026-10-03T03:44:49.257228+00:00
c16c3f43-8923-51a9-8246-78acde4e11be,1738,4000061877,1698212,"Nature Made Fish Oil 2400 mg, 300 Softgels",https://www.costco.com/p/-/1698212,,,0,0,https://www.costco.com/health-beauty.html,,2026-10-03T03:44:49.257228+00:00
a1769d56-77b2-5da2-8e22-a645b83f2ae0,1738,4201004860,2027490,"Orgain 30g Ultra Filtered A2 Milk Protein Shake, Chocolate, 11 fl oz, 15-count",https://www.costco.com/p/-/2027490,,,0,0,https://www.costco.com/diet-nutrition.html,,2026-10-03T03:17:39.913373+00:00
e1d25665-52dc-5c74-ba14-ae666db7545c,1738,4000317780,1886852,"Sports Research Magtein Magnesium L-Threonate, 2000 mg, 135 Veggie Capsules",https://www.costco.com/p/-/1886852,,,0,0,https://www.costco.com/health-beauty.html,,2026-10-03T03:44:49.257228+00:00
f5b94de1-8171-59db-bb9d-badfde3b4dea,1738,4000181013,1742398,"youtheory Ashwagandha 1000 mg, 180 Vegetarian Capsules",https://www.costco.com/p/-/1742398,,,0,0,https://www.costco.com/health-beauty.html,,2026-10-03T03:44:49.257228+00:00
6a2ca0c4-9d3e-53a6-b587-84c9c3846fd3,1738,100338967,1060126,"Terra Kai USDA Organic Juce Super Fruit & Veggie Powder, 12.2 Ounces",https://www.costco.com/p/-/1060126,,,0,0,https://www.costco.com/adult-multi-letter-vitamins.html,,2026-10-03T02:46:01.226191+00:00
a307d1aa-6d59-526b-94a5-f805afa43986,1738,4000251346,1814790,"Zena USDA Organic Supergreens Fruits & Vegetables Powder, 45 Stick Packets",https://www.costco.com/p/-/1814790,,,0,0,https://www.costco.com/dietary-supplements.html,,2026-10-03T03:18:20.173006+00:00
77e209d3-c055-5369-bfcf-5fd68f30e83b,1738,4000051981,1692715,"Qunol Magnesium Extra Strength 250 mg, 150 Gummies",https://www.costco.com/p/-/1692715,,,0,0,https://www.costco.com/health-beauty.html,,2026-10-03T03:44:49.257228+00:00
61ae7978-a611-58f9-ae30-ff45d01a3519,1738,100727293,1485984,"Fairlife Nutrition Plan, 30g Protein Shake, Chocolate, 11.5 fl oz, 18-pack",https://www.costco.com/p/-/1485984,,,0,0,https://www.costco.com/diet-nutrition.html,,2026-10-03T03:17:39.913373+00:00
2754dabf-b242-50d6-b564-2872154b27fc,1738,100376963,572220,"Nature Made Iron, 65 mg, 365 Tablets",https://www.costco.com/p/-/572220,,,0,0,https://www.costco.com/health-beauty.html,,2026-10-03T03:44:49.257228+00:00
ddb94d62-2232-5cb6-acc0-14e1eebc2877,1738,4000362373,1932071,"Liquid I.V. Hydration Multiplier, 30 Individual Serving Stick Packs in Resealable Pouch, Variety Pack",https://www.costco.com/p/-/1932071,,,0,0,https://www.costco.com/diet-nutrition.html,,2026-10-03T03:17:39.913373+00:00
6c116660-241b-5821-869f-83d73f0270af,1738,100422901,1252372,"Ensure Plus Nutrition Shake, Vanilla, 8 fl. oz, 30-pack",https://www.costco.com/p/-/1252372,,,0,0,https://www.costco.com/diet-nutrition.html,,2026-10-03T03:17:39.913373+00:00
533cd30a-baab-5efa-9ad3-cd87c8fff96e,1738,100448789,691740,"Ricola Sugar Free Lemon Mint Drops, 210 Drops",https://www.costco.com/p/-/691740,,,0,0,https://www.costco.com/cough-cold.html,,2026-10-03T03:12:27.780654+00:00
3422ad52-1bc3-5e1e-845d-3120bf501f38,1738,4201005850,2056983,"Force Factor Hair Growth Accelerator, 90 Soft Chews",https://www.costco.com/p/-/2056983,,,0,0,https://www.costco.com/adult-multi-letter-vitamins.html,,2026-10-03T02:46:01.226191+00:00
1335352d-9458-56bd-92a7-859bf035884b,1738,4000324979,1863995,"TheraBreath Icy Mint Oral Rinse, 1 Liter, 2-pack",https://www.costco.com/p/-/1863995,,,0,0,https://www.costco.com/health-beauty.html,,2026-10-03T03:44:49.257228+00:00
b6084db0-7bc7-5f4a-b39e-8f0325e4b6da,1738,100143565,853472,"One A Day Women's Multivitamin, 300 Tablets",https://www.costco.com/p/-/853472,,,0,0,https://www.costco.com/adult-multi-letter-vitamins.html,,2026-10-03T02:46:01.226191+00:00
3958ea7d-1c50-5e22-b69a-c8c8391e1866,1738,4000430343,2837566,Braun Series 9 Sport + Electric Shaver with Clean and Charge Station and Travel Case,https://www.costco.com/p/-/2837566,,,0,0,https://www.costco.com/health-beauty.html,,2026-10-03T03:45:05.049607+00:00
701d32de-16e1-535e-8779-8ea0a374e36d,1738,4000449839,2033366,Flamingo by Harry's Moisture Plus Razor Set 11 Cartridges + 1 Handle,https://www.costco.com/p/-/2033366,,,0,0,https://www.costco.com/health-beauty.html,,2026-10-03T03:45:05.049607+00:00
e9934a08-8bbc-59fe-8428-049b5f6fa687,1738,4000388338,1969459,"OLLY Kids Multivitamin & Probiotic, 160 Gummies",https://www.costco.com/p/-/1969459,,,0,0,https://www.costco.com/health-beauty.html,,2026-10-03T03:45:05.049607+00:00
3d570fc9-a29b-5f14-bdaa-e2c0d0d46d72,1738,4000413193,1998494,"SuperBeets Heart Gummies, Strawberry, 150ct",https://www.costco.com/p/-/1998494,,,0,0,https://www.costco.com/health-beauty.html,,2026-10-03T03:45:05.049607+00:00
3ca8c6d9-d1fa-5fe7-81f2-2099f0f9c06d,1738,4201005086,2017037,"Orgain 35g Dairy Free Protein Shake, Creamy Chocolate 14 fl oz, 12-count",https://www.costco.com/p/-/2017037,,,0,0,https://www.costco.com/diet-nutrition.html,,2026-10-03T03:17:39.913373+00:00
0225f717-563e-521d-bdcb-1a7f053eb867,1738,4201030133,2067295,"Native Body Wash Coconut & Vanilla, 34 fl oz, 2-pack",https://www.costco.com/p/-/2067295,,,0,0,https://www.costco.com/health-beauty.html,,2026-10-03T03:45:05.049607+00:00
b1e8d72d-ea0a-5b75-b880-fc1a436b7e32,1738,100494097,1308590,"Nature Made Extra Strength Magnesium 400 mg., 180 Softgels",https://www.costco.com/p/-/1308590,,,0,0,https://www.costco.com/health-beauty.html,,2026-10-03T03:45:05.049607+00:00
b34b219f-315c-52eb-8511-116a38225057,1738,4000377574,1957813,"Sports Research Multi Collagen, 180 Capsules",https://www.costco.com/p/-/1957813,,,0,0,https://www.costco.com/health-beauty.html,,2026-10-03T03:45:05.049607+00:00
ab11f8f6-e4f9-5097-8b11-774958256e0b,1738,4201001406,2049358,"Liquid I.V. Hydration Multiplier, 30 Individual Serving Stick Packs in Resealable Pouch, Sugar Free, Variety Pack",https://www.costco.com/p/-/2049358,,,0,0,https://www.costco.com/diet-nutrition.html,,2026-10-03T03:17:39.913373+00:00
fd68d4fe-27dd-5d45-b031-04fdf557bf44,1738,4000238412,1798586,"eos Super Balm 24 Hour Moisture, 5 Tubes",https://www.costco.com/p/-/1798586,,,0,0,https://www.costco.com/health-beauty.html,,2026-10-03T03:45:05.049607+00:00
f0534520-35c4-5ddb-a69e-0691e760a862,1738,100393228,1195611,"Orgain Organic Protein and Superfoods Plant Based Protein Powder, Vanilla Bean, 2.7 lbs",https://www.costco.com/p/-/1195611,,,0,0,https://www.costco.com/diet-nutrition.html,,2026-10-03T03:17:39.913373+00:00
c09b276f-cfa6-5ead-9c4a-a315b25ec4b0,1738,4000419100,2009618,"MaryRuth's Liquid Morning Multivitamin + Hair Growth, Peach Mango, 22 fl. oz., 2-pack",https://www.costco.com/p/-/2009618,,,0,0,https://www.costco.com/adult-multi-letter-vitamins.html,,2026-10-03T02:46:01.226191+00:00
daff6768-2cee-54fe-9fbb-1233953d6a54,1738,100143268,853467,"One A Day Men's Multivitamin, 300 Tablets",https://www.costco.com/p/-/853467,,,0,0,https://www.costco.com/adult-multi-letter-vitamins.html,,2026-10-03T02:46:01.226191+00:00
db12f16c-632e-59e4-b7ba-2c2d73bfa7d4,1738,4000387163,1968128,"youtheory Ashwagandha, 180 Gummies, Mixed Berry Flavor",https://www.costco.com/p/-/1968128,,,0,0,https://www.costco.com/health-beauty.html,,2026-10-03T03:45:05.049607+00:00
0ba2a7f3-7ec0-5d91-b116-60c6fcad59b1,1738,4201035519,2046269,"Mrs. Meyer's Falliday Hand Soap, 16 fl oz, 4-pack",https://www.costco.com/p/-/2046269,,,0,0,https://www.costco.com/health-beauty.html,,2026-10-03T03:45:05.049607+00:00
63e54da0-7805-5c3b-beb5-8a75ead5a58e,1738,4000383963,1953411,"Old Spice Swagger Scent Boosted Aluminum Free Deodorant, 3 oz, 4-pack",https://www.costco.com/p/-/1953411,,,0,0,https://www.costco.com/health-beauty.html,,2026-10-03T03:45:05.049607+00:00
c945b8f4-ef81-5c9c-9bb2-c978ea5eeaba,1738,100656001,1446055,"Nature's Truth Organic Apple Cider Vinegar 500 mg., 120 Gummies",https://www.costco.com/p/-/1446055,,,0,0,https://www.costco.com/dietary-supplements.html,,2026-10-03T03:18:20.173006+00:00
5f54efe8-4ebd-5b28-a518-dd04f52a8523,1738,100678859,1169865,"Nature Made Super C with Vitamin D3 and Zinc, 200 Tablets",https://www.costco.com/p/-/1169865,,,0,0,https://www.costco.com/adult-multi-letter-vitamins.html,,2026-10-03T02:46:01.226191+00:00
c16d9fb3-caa2-5078-9a96-800c5e686ff7,1738,11245398,249375,"Kirkland Signature Glucosamine with MSM, 375 Tablets",https://www.costco.com/p/-/249375,,,0,0,https://www.costco.com/glucosamine-joint-supplements.html,,2026-10-03T03:35:27.605285+00:00
726016d8-86d0-5c9f-a82c-2a87e1063204,1738,4000382902,1908284,"Design Optics by Foster Grant #666 Classic Plastic Rectangle Reading Glasses, 3-pack",https://www.costco.com/p/-/1908284,,,0,0,https://www.costco.com/health-beauty.html,,2026-10-03T03:45:05.049607+00:00
cada3af6-c71c-5dca-a1e1-6c7788c23172,1738,100387855,1187500,"trunature Advanced Digestive Probiotic, 100 Capsules",https://www.costco.com/p/-/1187500,,,0,0,https://www.costco.com/health-beauty.html,,2026-10-03T03:45:05.049607+00:00
21cde798-b10f-5da7-82c9-cc9e789931ab,1738,4000334373,1906773,"OLLY Women's Multivitamin Gummy, 200 Gummies",https://www.costco.com/p/-/1906773,,,0,0,https://www.costco.com/adult-multi-letter-vitamins.html,,2026-10-03T02:46:01.226191+00:00
737e9347-a6f4-556b-86d8-cc1254f93a3f,1738,11672433,588153,"Kirkland Signature Calcium Citrate, Magnesium and Zinc, 500 Tablets",https://www.costco.com/p/-/588153,,,0,0,https://www.costco.com/health-beauty.html,,2026-10-03T03:45:05.049607+00:00
832523b6-08d7-54bf-bdfb-151b2926dd5e,1738,100316316,1051972,"Kirkland Signature Calcium 500 mg with D3 & Zinc, 240 Adult Gummies",https://www.costco.com/p/-/1051972,,,0,0,https://www.costco.com/health-beauty.html,,2026-10-03T03:45:13.033108+00:00
00d585ef-a268-5dfc-ac48-7332e65bd932,1738,4000441192,1931211,Kirkland Signature Micellar Facial Cleansing Wipes 180-count,https://www.costco.com/p/-/1931211,,,0,0,https://www.costco.com/grocery-health-beauty.html,,2026-10-03T03:36:45.467719+00:00
af102abf-3f26-5151-8b2d-f4c2a5e795f5,1738,100711261,1504495,"Crest + Scope Cavity Protection Toothpaste, 8.2 oz, 5-pack",https://www.costco.com/p/-/1504495,,,0,0,https://www.costco.com/grocery-health-beauty.html,,2026-10-03T03:36:45.467719+00:00
b7cef657-da06-50cd-8ed6-3fb6bfa7cb73,1738,100644611,1408247,"Trunature Ginkgo Biloba 120mg, 340 Softgels",https://www.costco.com/p/-/1408247,,,0,0,https://www.costco.com/adult-multi-letter-vitamins.html,,2026-10-03T02:46:01.226191+00:00
4eaccf09-84c8-5c72-90c6-9a23796ef5f6,1738,100003048,681272,"trunature Vision Complex Lutein & Zeaxanthin, 140 Softgels",https://www.costco.com/p/-/681272,,,0,0,https://www.costco.com/health-beauty.html,,2026-10-03T03:45:13.033108+00:00
437a65ae-dc7a-5ba6-8511-13aa55ca729a,1738,100643940,1397147,"Kirkland Signature Bar Soap with Shea Butter, 15 Bars",https://www.costco.com/p/-/1397147,,,0,0,https://www.costco.com/grocery-health-beauty.html,,2026-10-03T03:36:45.467719+00:00
a77b1922-aad2-5502-95cb-55ec421e0054,1738,4000405500,1968803,"GUM Professional Clean Floss Picks, 150-count, 3-pack",https://www.costco.com/p/-/1968803,,,0,0,https://www.costco.com/health-beauty.html,,2026-10-03T03:45:13.033108+00:00
3990cd28-f6b1-5553-82bf-2a04922fb92f,1738,100733023,1492769,"Gillette Venus Sensitive Plus Disposable Razor, 15-count",https://www.costco.com/p/-/1492769,,,0,0,https://www.costco.com/grocery-health-beauty.html,,2026-10-03T03:36:45.467719+00:00
1b537eaa-2c69-5bba-be47-dc4c2c130c19,1738,100029983,648220,"Kirkland Signature CoQ10 300 mg., 100 Softgels",https://www.costco.com/p/-/648220,,,0,0,https://www.costco.com/health-beauty.html,,2026-10-03T03:45:13.033108+00:00
c1aef894-d093-5d41-81b1-136b4ffa8afb,1738,100581539,1392697,"Nature's Bounty Sleep3 10 mg. Melatonin, 120 Tablets",https://www.costco.com/p/-/1392697,,,0,0,https://www.costco.com/health-beauty.html,,2026-10-03T03:45:13.033108+00:00
b8314ef1-858d-5e81-bea6-20f4d335312d,1738,4000250809,1806584,"Gillette Custom Plus3 Disposable Razors Sensitive, 30-count",https://www.costco.com/p/-/1806584,,,0,0,https://www.costco.com/health-beauty.html,,2026-10-03T03:45:13.033108+00:00
4f72f153-4e7f-50e6-b847-c21e84350d2e,1738,100736451,1502205,"Orgain Organic Protein and Superfoods Plant Based Protein Powder, Creamy Chocolate Fudge, 2.64 lbs",https://www.costco.com/p/-/1502205,,,0,0,https://www.costco.com/diet-nutrition.html,,2026-10-03T03:17:39.913373+00:00
a97ff125-36ab-50fd-9247-312fae0ec699,1738,4000062546,1695152,"Cetaphil Gentle Skin Cleanser, Dry to Normal Sensitive Skin, 20 fl oz, 2-count",https://www.costco.com/p/-/1695152,,,0,0,https://www.costco.com/grocery-health-beauty.html,,2026-10-03T03:36:45.467719+00:00
0efa6935-d9cc-57cd-9385-38a39e6e1b1c,1738,100118306,864024,"Nature Made CoQ10 200 mg., 140 Softgels",https://www.costco.com/p/-/864024,,,0,0,https://www.costco.com/health-beauty.html,,2026-10-03T03:45:13.033108+00:00
9e867de8-b609-5737-865f-9d6ce4be6935,1738,100500603,1320303,"Centrum Silver Men's 50+ Multivitamin, 275 Tablets",https://www.costco.com/p/-/1320303,,,0,0,https://www.costco.com/adult-multi-letter-vitamins.html,,2026-10-03T02:46:01.226191+00:00
5c3c4026-4bcb-55df-b64a-763ef009ec51,1738,100777760,1566153,"Mucinex Maximum Strength, 56 Tablets",https://www.costco.com/p/-/1566153,,,0,0,https://www.costco.com/cough-cold.html,,2026-10-03T03:12:27.780654+00:00
de9b0a3f-580b-5912-9bb2-313b883e470b,1738,11318658,40310,"Refresh Plus Preservative-Free Lubricant Eye Drops, 100 Single Use Containers",https://www.costco.com/p/-/40310,,,0,0,https://www.costco.com/eye-care.html,,2026-10-03T03:27:36.401071+00:00
2f7e1abd-8bdf-5cbd-9ab7-6b3fe2633e16,1738,4201024843,2077790,"Grüns Immün Daily Defense 13-in-1 Sour Pineapple Gummies, 35 Daily Packs",https://www.costco.com/p/-/2077790,,,0,0,https://www.costco.com/adult-multi-letter-vitamins.html,,2026-10-03T02:46:01.226191+00:00
6f5fb3ae-9f60-5773-a605-ff39fd602d59,1738,11467951,393914,"Kirkland Signature Extra Strength D3 50 mcg., 600 Softgels",https://www.costco.com/p/-/393914,,,0,0,https://www.costco.com/adult-multi-letter-vitamins.html,,2026-10-03T02:46:01.226191+00:00
5df4b811-b0df-5199-98b6-8b341cd47678,1738,4201016216,2069070,"Physician's Choice Advanced 60 Billion Probiotic, 75 Capsules",https://www.costco.com/p/-/2069070,,,0,0,https://www.costco.com/health-beauty.html,,2026-10-03T03:45:13.033108+00:00
084fdbc5-695f-5c9a-b8a0-9300d0833346,1738,4201014200,2067097,"Degree Men Max Protection+ Antiperspirant Deodorant, 2.6 oz, 6-pack",https://www.costco.com/p/-/2067097,,,0,0,https://www.costco.com/grocery-health-beauty.html,,2026-10-03T03:36:53.906378+00:00
c9bd50e1-386b-58a0-b926-8e397f650adf,1738,100452562,935195,"Ultra Strength BENGAY, Non-Greasy Topical Pain Relieving Cream, 8 Ounces",https://www.costco.com/p/-/935195,,,0,0,https://www.costco.com/health-beauty.html,,2026-10-03T03:45:13.033108+00:00
f4384601-1eb8-59b4-92d2-029a7cc6641f,1738,11602332,529688,"Kirkland Signature Non-Drowsy AllerClear Antihistamine 10 mg., 365 Tablets",https://www.costco.com/p/-/529688,,,0,0,https://www.costco.com/allergy-sinus.html,,2026-10-03T02:47:56.043476+00:00
f236d5f1-5a09-5041-8580-c378ffc7a961,1738,100499650,1355176,"Lumify Redness Reliever Eye Drops, 15 ml.",https://www.costco.com/p/-/1355176,,,0,0,https://www.costco.com/eye-care.html,,2026-10-03T03:27:36.401071+00:00
61618133-e965-5008-9ed8-e1e1129c44eb,1738,100483780,1316229,"Biotrue Multi-Purpose Solution, 34 Ounces",https://www.costco.com/p/-/1316229,,,0,0,https://www.costco.com/eye-care.html,,2026-10-03T03:27:36.401071+00:00
095886cf-fa1d-54ab-8006-f193c2ed085b,1738,100344345,1069850,"Salonpas Pain Relieving Patch, 140 Patches",https://www.costco.com/p/-/1069850,,,0,0,https://www.costco.com/health-beauty.html,,2026-10-03T03:44:57.232231+00:00
e308206e-5598-5896-b68e-49eff22eb3a5,1738,100517315,1349614,"Kirkland Signature OPTIFIBER, 26.8 Ounces 190 Servings",https://www.costco.com/p/-/1349614,,,0,0,https://www.costco.com/non-prescription-remedies.html,,2026-10-03T04:09:16.431886+00:00
bcf5ac42-53ec-51f2-9b88-0f48a5ce34b2,1738,100213623,383241,"Kirkland Signature Extra Strength Acetaminophen 500 mg., 1,000 Caplets",https://www.costco.com/p/-/383241,,,0,0,https://www.costco.com/non-prescription-remedies.html,,2026-10-03T04:09:16.431886+00:00
445f9c69-a3cd-5b30-9056-42b86b2de652,1738,100793746,1586629,"Kirkland Signature Aller-Flo 50 mcg Allergy Spray, 720 Metered Sprays",https://www.costco.com/p/-/1586629,,,0,0,https://www.costco.com/allergy-sinus.html,,2026-10-03T02:47:56.043476+00:00
d8686af6-8de1-51df-b05b-97036b81f762,1738,100989077,1669785,"Kirkland Signature Omeprazole 20 mg., 42 Tablets",https://www.costco.com/p/-/1669785,,,0,0,https://www.costco.com/acid-relief.html,,2026-10-03T02:45:23.845896+00:00
3e5e745b-76b9-5ee7-8d02-b94225c2b654,1738,11756709,657187,"Amlactin Moisturizing Body Lotion with 12% Lactic Acid, 20 oz",https://www.costco.com/p/-/657187,,,0,0,https://www.costco.com/non-prescription-remedies.html,,2026-10-03T04:09:16.431886+00:00
78ca849d-5d93-5331-b3cf-4ea1737ae30a,1738,11748462,504882,"Tylenol Extra Strength Acetaminophen 500 mg, Pain & Fever Relief, 290 Rapid Release Gelcap Tablets",https://www.costco.com/p/-/504882,,,0,0,https://www.costco.com/non-prescription-remedies.html,,2026-10-03T04:09:16.431886+00:00
37d0e89e-83f7-5a68-861c-511184ac346f,1738,100096107,83829,"Tylenol 8 Hour Arthritis & Joint Pain Extended-Release Acetaminophen 650 mg, 290 Caplets",https://www.costco.com/p/-/83829,,,0,0,https://www.costco.com/non-prescription-remedies.html,,2026-10-03T04:09:16.431886+00:00
269884c4-8687-50d6-984d-156cf5d4998f,1738,100299849,987677,"Kirkland Signature Aller-Fex Antihistamine 180 mg., 180 Tablets",https://www.costco.com/p/-/987677,,,0,0,https://www.costco.com/allergy-sinus.html,,2026-10-03T02:47:56.043476+00:00
e64b8a01-b3da-5cb3-8bbc-df541a71f456,1738,100431799,1264311,"Vicks VapoRub Cough Suppressant & Topical Analgesic, 7.06 Ounces",https://www.costco.com/p/-/1264311,,,0,0,https://www.costco.com/cough-cold.html,,2026-10-03T03:12:27.780654+00:00
9e53d8d0-ef4c-5bd1-8cab-a4be2404b9c4,1738,100006172,667287,"Aleve Naproxen Sodium 220 mg. Pain Reliever/Fever Reducer, 320 Caplets",https://www.costco.com/p/-/667287,,,0,0,https://www.costco.com/non-prescription-remedies.html,,2026-10-03T04:09:23.943914+00:00
e43a942e-9efb-5d8e-bc9f-44504a7cf6c9,1738,100384648,1043487,"Neosporin + Max Strength Pain Relief Dual Action Topical Antibiotic Ointment, 2 Ounces",https://www.costco.com/p/-/1043487,,,0,0,https://www.costco.com/home-health-care-first-aid.html,,2026-10-03T03:47:57.274196+00:00
40dd0abb-fd04-51af-851c-490856ea5ddf,1738,4000439899,2038523,"Garden of Life Advanced Women's Daily Care Probiotic, 60 Capsules",https://www.costco.com/p/-/2038523,,,0,0,https://www.costco.com/non-prescription-remedies.html,,2026-10-03T04:09:23.943914+00:00
b72ae978-c4d0-501e-ac80-f0e83e76c498,1738,100688631,1481822,"Allegra Allergy Non-Drowsy, 110 Tablets",https://www.costco.com/p/-/1481822,,,0,0,https://www.costco.com/allergy-sinus.html,,2026-10-03T02:47:56.043476+00:00
1379f685-43c1-5d8e-a407-87f65ef8c8b6,1738,4201001442,2051218,"Tylenol Extra Strength Caplets, Fever Reducer & Pain Reliever, 500 mg, 320 ct.",https://www.costco.com/p/-/2051218,,,0,0,https://www.costco.com/non-prescription-remedies.html,,2026-10-03T04:09:23.943914+00:00
03aa7b19-0ee3-5829-be0f-4aaff49258fe,1738,11590056,529110,"Refresh Tears Lubricant Eye Drops Multi-Pack, 65 ml.",https://www.costco.com/p/-/529110,,,0,0,https://www.costco.com/eye-care.html,,2026-10-03T03:27:36.401071+00:00
8ededdfd-89f9-5aa0-a23d-0ab44645b001,1738,100676929,1469910,"Biofreeze Pain Reliever, 6 Fluid Ounces Pack",https://www.costco.com/p/-/1469910,,,0,0,https://www.costco.com/non-prescription-remedies.html,,2026-10-03T04:09:23.943914+00:00
f1a8f58c-0768-551a-87b2-7fa6534e21c2,1738,100096414,561532,"Kirkland Signature Fast Acting Lactase, 180 Caplets",https://www.costco.com/p/-/561532,,,0,0,https://www.costco.com/non-prescription-remedies.html,,2026-10-03T04:09:23.943914+00:00
acb69b43-8edc-5bdd-a2ca-5b01a29d369e,1738,100242951,1014328,"MiraLAX Powder Laxative, 68 Doses",https://www.costco.com/p/-/1014328,,,0,0,https://www.costco.com/non-prescription-remedies.html,,2026-10-03T04:09:23.943914+00:00
072b8303-723e-5af4-bb8e-ba6f8d697c48,1738,100536835,1089974,"Xyzal Allergy 24 Hour Antihistamine 5 mg., 110 Tablets",https://www.costco.com/p/-/1089974,,,0,0,https://www.costco.com/allergy-sinus.html,,2026-10-03T02:47:56.043476+00:00
351fef24-274e-59c4-b839-19f98b525896,1738,100645138,1428912,"Zyrtec 24 Hour Allergy Relief Antihistamine Cetirizine HCl 10 mg, 120 Tablets",https://www.costco.com/p/-/1428912,,,0,0,https://www.costco.com/allergy-sinus.html,,2026-10-03T02:47:56.043476+00:00
eea7eac1-94f3-5e30-8f3d-37a6d2fa6ba6,1738,100529948,1398241,"Nature's Way Sambucus Elderberry with Vitamin C and Zinc, 120 Gummies",https://www.costco.com/p/-/1398241,,,0,0,https://www.costco.com/cough-cold.html,,2026-10-03T03:12:27.780654+00:00
44569c28-43af-5fb2-a121-3cf5735057bc,1738,100364526,1129909,"Kirkland Signature LaxaClear, 100 Doses",https://www.costco.com/p/-/1129909,,,0,0,https://www.costco.com/non-prescription-remedies.html,,2026-10-03T04:09:23.943914+00:00
2b6859bf-7af2-5a1f-bf6c-40bff2d690fc,1738,100323843,901165,"Arm & Hammer Simply Saline Nasal Mist, 13.5 Ounces",https://www.costco.com/p/-/901165,,,0,0,https://www.costco.com/allergy-sinus.html,,2026-10-03T02:47:56.043476+00:00
fcb51e0c-3410-57d4-9117-27c3d9b43f1d,1738,4000411433,1998559,"Natrol Melatonin 10mg Gummies, 200ct",https://www.costco.com/p/-/1998559,,,0,0,https://www.costco.com/non-prescription-remedies.html,,2026-10-03T04:09:23.943914+00:00
706f8734-cd68-5dae-b0c7-f2478993318a,1738,100777841,1487435,"Kirkland Signature Arthritis Pain Relief Gel, Diclofenac Sodium Topical Gel 1%, 15.87 Ounces",https://www.costco.com/p/-/1487435,,,0,0,https://www.costco.com/non-prescription-remedies.html,,2026-10-03T04:09:23.943914+00:00
63bccbe6-530e-5f1e-98d4-0e433a71689a,1738,4000406817,1987193,"Aleve Naproxen Sodium 220 mg Pain Reliever, Fever Reducer, 180 Liquid Gel Capsules",https://www.costco.com/p/-/1987193,,,0,0,https://www.costco.com/non-prescription-remedies.html,,2026-10-03T04:09:23.943914+00:00
7e19f5cc-9dee-5f97-917a-b26d22aae6bd,1738,100501351,1347960,"Claritin RediTabs 10 mg 24 Hour Non-Drowsy, 70 Disintegrating Tablets",https://www.costco.com/p/-/1347960,,,0,0,https://www.costco.com/allergy-sinus.html,,2026-10-03T02:47:56.043476+00:00
5c5afa3d-c932-560d-a80c-85a54a08cbeb,1738,4000409796,1996833,"Metamucil Fiber Gummies, 150 Gummies",https://www.costco.com/p/-/1996833,,,0,0,https://www.costco.com/non-prescription-remedies.html,,2026-10-03T04:09:23.943914+00:00
b56d5454-3072-51ff-b1d5-46c1f4ad0672,1738,4000160155,1697407,"TUMS Antacid Chewy Bites Assorted Berries, 108 Chewable Tablets",https://www.costco.com/p/-/1697407,,,0,0,https://www.costco.com/acid-relief.html,,2026-10-03T02:45:23.845896+00:00
cd542b94-2b03-5a49-8583-5cd00d43e39e,1738,100309160,1089847,"Metamucil Fiber Supplement, Orange Sugar Free, 260 Servings",https://www.costco.com/p/-/1089847,,,0,0,https://www.costco.com/non-prescription-remedies.html,,2026-10-03T04:09:23.943914+00:00
b9c2e8b2-407c-5866-9d9c-feeed7770711,1738,4000307143,1875027,"Refresh Optive MEGA-3 Preservative-Free Lubricating Eye Drop, 70 Vials",https://www.costco.com/p/-/1875027,,,0,0,https://www.costco.com/eye-care.html,,2026-10-03T03:27:36.401071+00:00
39768170-5ffc-54c8-b28e-b5c2aee969e7,1738,4000109647,1719200,"Country Farms FiberCare Fiber Gummies, 240 Gummies",https://www.costco.com/p/-/1719200,,,0,0,https://www.costco.com/non-prescription-remedies.html,,2026-10-03T04:09:33.041532+00:00
14c1e4b2-8c28-5033-b498-4339de50a07d,1738,100774118,1561942,"Nasacort Allergy 24 HR, 480 Metered Sprays",https://www.costco.com/p/-/1561942,,,0,0,https://www.costco.com/allergy-sinus.html,,2026-10-03T02:47:56.043476+00:00
fea45390-2aba-5fd1-ae99-c802e40eb2b2,1738,100358709,1144335,"Flonase Non-Drowsy 24 Hour Allergy Relief Nasal Spray, 432 Metered Sprays",https://www.costco.com/p/-/1144335,,,0,0,https://www.costco.com/allergy-sinus.html,,2026-10-03T02:47:56.043476+00:00
77d6152c-1b8d-59c2-9d3e-f0559d442690,1738,4201024373,2077334,"Mucinex 12HR Cold & Fever Multi-Symptom, 50 Extended Release Tablets",https://www.costco.com/p/-/2077334,,,0,0,https://www.costco.com/cough-cold.html,,2026-10-03T03:12:27.780654+00:00
9d94eebe-f563-50ef-b67e-81c57da9079f,1738,4000343162,1917880,"Salonpas LIDOCAINE 4% Pain Relieving Gel-Patch, 30 Patches",https://www.costco.com/p/-/1917880,,,0,0,https://www.costco.com/non-prescription-remedies.html,,2026-10-03T04:09:33.041532+00:00
74fc6ea2-520c-516f-ac9a-c168deb3b0b6,1738,100775649,1563168,"Children's Motrin Dye-Free Berry Flavor Suspension, Fever Reducer & Pain Relief, 12 Fluid Ounces",https://www.costco.com/p/-/1563168,,,0,0,https://www.costco.com/non-prescription-remedies.html,,2026-10-03T04:09:33.041532+00:00
1a8c99a4-dfd5-5e9e-b9f3-f7a0c172c993,1738,100474184,1231411,"Pepto Bismol Ultra, 5 Symptom Digestive Relief Liquid, 36 Fluid Ounces",https://www.costco.com/p/-/1231411,,,0,0,https://www.costco.com/acid-relief.html,,2026-10-03T02:45:23.845896+00:00
9d670fce-5806-560c-a8e5-46692ce9ec17,1738,100792352,1585071,"Claritin 10 mg Non-Drowsy 24 Hour, 115 Tablets",https://www.costco.com/p/-/1585071,,,0,0,https://www.costco.com/allergy-sinus.html,,2026-10-03T02:47:56.043476+00:00
92d0f61d-2911-53c1-80f9-28aef633af7b,1738,100400551,502046,"Zyrtec 24 Hour Allergy Relief Antihistamine Cetirizine HCl 10 mg, 65 Liquid Gels",https://www.costco.com/p/-/502046,,,0,0,https://www.costco.com/allergy-sinus.html,,2026-10-03T02:47:56.043476+00:00
17a6b276-3f75-589b-9a05-830cd0c47165,1738,100109249,855643,"Advil Liqui-Gels Ibuprofen 200 mg., Pain Reliever, Fever Reducer, 240 Liqui-Gel Capsules",https://www.costco.com/p/-/855643,,,0,0,https://www.costco.com/non-prescription-remedies.html,,2026-10-03T04:09:33.041532+00:00
72ca5b84-9590-5193-8e21-bedac2d306bb,1738,4000318673,1862992,"Pepto Bismol Chews, Berry Mint Flavor, 70 Chewable Tablets",https://www.costco.com/p/-/1862992,,,0,0,https://www.costco.com/acid-relief.html,,2026-10-03T02:45:23.845896+00:00
ed86f0e6-f4dd-5299-98fb-c80bca385498,1738,100774505,1548657,"Florastor Daily Probiotic with Vitamin D3, 120 Vegetarian Capsules",https://www.costco.com/p/-/1548657,,,0,0,https://www.costco.com/non-prescription-remedies.html,,2026-10-03T04:09:33.041532+00:00
a7f06c3d-a06a-54e3-b3d1-06234a3d44aa,1738,100142101,402463,"Systane ULTRA Lubricant Eye Drops, 30 ml.",https://www.costco.com/p/-/402463,,,0,0,https://www.costco.com/eye-care.html,,2026-10-03T03:27:36.401071+00:00
737d729c-7ee0-5313-aea7-057606d83fba,1738,100376145,681421,"Dulcolax Overnight Laxative, 200 Tablets",https://www.costco.com/p/-/681421,,,0,0,https://www.costco.com/non-prescription-remedies.html,,2026-10-03T04:09:33.041532+00:00
9e44239e-fdc7-5306-a0a4-8ece48c8ee43,1738,100312669,1095721,"Flonase Sensimist Allergy Relief Nasal Spray, 360 Metered Sprays",https://www.costco.com/p/-/1095721,,,0,0,https://www.costco.com/allergy-sinus.html,,2026-10-03T02:47:56.043476+00:00
d8c199f6-d451-5146-b7ca-dca513e49c73,1738,100667433,1459734,"Nature's Bounty Ultra Strength Probiotic 10, 70 Capsules",https://www.costco.com/p/-/1459734,,,0,0,https://www.costco.com/non-prescription-remedies.html,,2026-10-03T04:09:33.041532+00:00
596c314b-16bd-59bb-8495-ad3cfb30eeda,1738,100398738,1214224,"Clear Care Plus Cleaning & Disinfecting Solution, 32 Fluid Ounces",https://www.costco.com/p/-/1214224,,,0,0,https://www.costco.com/eye-care.html,,2026-10-03T03:27:36.401071+00:00
abe3e587-c751-5c73-a73e-0c43ec72bc7b,1738,100221613,851753,"Nexium 24HR Acid Reducer 20 mg., 42 Capsules",https://www.costco.com/p/-/851753,,,0,0,https://www.costco.com/acid-relief.html,,2026-10-03T02:45:23.845896+00:00
79b97cdb-0331-55a8-b4fc-bc130b05b77b,1738,4000435912,2034508,"Bayer Aspirin Regimen Low Dose 81 mg., 365 Enteric Coated Tablets",https://www.costco.com/p/-/2034508,,,0,0,https://www.costco.com/non-prescription-remedies.html,,2026-10-03T04:09:33.041532+00:00
32abe761-9343-5dcd-9333-07421457ba22,1738,100796883,1590808,"Pataday Extra Strength Once Daily Antihistamine Eye Drops, 7.5 ml",https://www.costco.com/p/-/1590808,,,0,0,https://www.costco.com/allergy-sinus.html,,2026-10-03T02:47:56.043476+00:00
21a6435e-33e4-5530-8560-69a3bf8f84b5,1738,4000353639,1930184,"Flents Wipe 'N Clear Lens Wipes, 4 Boxes, 75 Wipes Each",https://www.costco.com/p/-/1930184,,,0,0,https://www.costco.com/eye-care.html,,2026-10-03T03:27:36.401071+00:00
ece15e8e-cd22-5cea-a777-b9dbabf6b872,1738,100775243,1562581,"Mucinex DM Maximum Strength, 56 Tablets",https://www.costco.com/p/-/1562581,,,0,0,https://www.costco.com/cough-cold.html,,2026-10-03T03:12:27.780654+00:00
1b80ca16-7a7a-5602-824c-14c90a55c7f3,1738,4000253039,1816477,"Digestive Advantage Probiotic, 120 Gummies",https://www.costco.com/p/-/1816477,,,0,0,https://www.costco.com/non-prescription-remedies.html,,2026-10-03T04:09:41.021313+00:00
520f6032-5b16-5170-b146-c6f32c0dd03f,1738,4000381357,1882051,"Kirkland Signature Mini Ibuprofen, 200 mg, 500 Liquid-Filled Capsules",https://www.costco.com/p/-/1882051,,,0,0,https://www.costco.com/non-prescription-remedies.html,,2026-10-03T04:09:41.021313+00:00
57fcaaba-8c8d-5f43-815c-536d49b24fec,1738,4000438670,2036982,"MiraFAST Soft Chews, 100 Soft Chews",https://www.costco.com/p/-/2036982,,,0,0,https://www.costco.com/non-prescription-remedies.html,,2026-10-03T04:09:33.041532+00:00
f4d5a6d6-d62a-5623-a500-271ba27c3c38,1738,11543755,573015,"Advil Ibuprofen 200 mg., Pain Reliever/Fever Reducer, 360 Tablets",https://www.costco.com/p/-/573015,,,0,0,https://www.costco.com/non-prescription-remedies.html,,2026-10-03T04:09:41.021313+00:00
5c89aa2a-c9b2-5db3-8b5a-54ed6fcce767,1738,100431806,1259303,"Vicks Severe DayQuil and NyQuil Cough, Cold & Flu Relief, 72 LiquiCaps",https://www.costco.com/p/-/1259303,,,0,0,https://www.costco.com/cough-cold.html,,2026-10-03T03:12:27.780654+00:00
dca3d197-37ad-53b6-b856-81b2503010b3,1738,4000249186,1811669,"Benefiber Fiber Supplement Powder, 410 Teaspoons",https://www.costco.com/p/-/1811669,,,0,0,https://www.costco.com/non-prescription-remedies.html,,2026-10-03T04:09:41.021313+00:00
4296994c-2861-52a4-9b44-b52692aeb2e9,1738,100129590,355476,"Kirkland Signature Extra Strength Acetaminophen 500 mg., 400 Gelcaps",https://www.costco.com/p/-/355476,,,0,0,https://www.costco.com/non-prescription-remedies.html,,2026-10-03T04:09:41.021313+00:00
2da055ce-9bdd-5d5c-abd5-e4921367a1b0,1738,100480660,561527,"Kirkland Signature Psyllium Fiber Sugar-Free Powder, 2x180 Teaspoons",https://www.costco.com/p/-/561527,,,0,0,https://www.costco.com/non-prescription-remedies.html,,2026-10-03T04:09:41.021313+00:00
3e061e24-4c18-56e8-a0aa-4579dcb42d0f,1738,100854758,1648450,"Afrin No Drip Severe Congestion 12 Hour Nasal Pump Mist, 60 mL",https://www.costco.com/p/-/1648450,,,0,0,https://www.costco.com/allergy-sinus.html,,2026-10-03T02:47:56.043476+00:00
9355e6de-7b14-5f81-986f-62e2b62480d2,1738,100422594,1086592,"Kirkland Signature Acid Controller 20 mg., 250 Tablets",https://www.costco.com/p/-/1086592,,,0,0,https://www.costco.com/acid-relief.html,,2026-10-03T02:45:23.845896+00:00
081da340-7f51-5bef-abd0-3369cc79464f,1738,11738176,301341,"Gas-X Extra Strength, 120 Softgels",https://www.costco.com/p/-/301341,,,0,0,https://www.costco.com/acid-relief.html,,2026-10-03T02:45:23.845896+00:00
99fabf07-0081-5d9c-9e2e-b5e104ccbdfb,1738,100220625,197197,"Kirkland Signature Naproxen Sodium, 220 mg, 400 Caplets",https://www.costco.com/p/-/197197,,,0,0,https://www.costco.com/non-prescription-remedies.html,,2026-10-03T04:09:41.021313+00:00
c439dcb4-e657-53f3-b403-e551d524e32d,1738,100017033,427053,Delsym 12 Hour Cough Relief,https://www.costco.com/p/-/427053,,,0,0,https://www.costco.com/cough-cold.html,,2026-10-03T03:12:27.780654+00:00
5504d67b-fa8e-5db8-95d7-64fb51ec54ee,1738,4000234678,1794121,"Children's Zyrtec Allergy Cetirizine HCl 10 mg Dye-Free Grape Flavored Chewables, 72 Tablets",https://www.costco.com/p/-/1794121,,,0,0,https://www.costco.com/allergy-sinus.html,,2026-10-03T02:47:56.043476+00:00
bd10e6ac-b250-5503-9326-4675e2f2a1a2,1738,4000064788,1700279,"Zarbee's Children's Cough Daytime / Nighttime, Two 4 Ounce Daytime + One 4 Ounce Nighttime",https://www.costco.com/p/-/1700279,,,0,0,https://www.costco.com/cough-cold.html,,2026-10-03T03:12:27.780654+00:00
88c61513-0bfd-5cd6-922b-5a3068257aec,1738,100029984,598848,"Kirkland Signature Psyllium Fiber, 720 Capsules",https://www.costco.com/p/-/598848,,,0,0,https://www.costco.com/non-prescription-remedies.html,,2026-10-03T04:09:41.021313+00:00
6b7b6f64-cd69-50d5-96d8-2420954277d4,1738,100774343,1561932,"Vicks Dayquil & Nyquil Severe Cold & Flu, 3 Bottles, 12 Ounces Each",https://www.costco.com/p/-/1561932,,,0,0,https://www.costco.com/cough-cold.html,,2026-10-03T03:12:27.780654+00:00
479748b2-3659-55e6-95ac-6a4c0c75595a,1738,100397737,1076988,"Robitussin DM Maximum Strength Day & Night Cough Relief, 20 Ounces",https://www.costco.com/p/-/1076988,,,0,0,https://www.costco.com/cough-cold.html,,2026-10-03T03:12:27.780654+00:00
e128494e-ff32-57ec-8539-d83c731d0ca1,1738,100518610,1369089,"Voltaren Arthritis Pain Gel, 12.34 Ounces",https://www.costco.com/p/-/1369089,,,0,0,https://www.costco.com/non-prescription-remedies.html,,2026-10-03T04:09:41.021313+00:00
219b257c-a5cb-5997-8949-dbb1275ebf54,1738,100224371,720393,"Excedrin Migraine for Migraine Relief, 300 Caplets",https://www.costco.com/p/-/720393,,,0,0,https://www.costco.com/non-prescription-remedies.html,,2026-10-03T04:09:41.021313+00:00
d024bca8-8f6a-5107-b6c9-bb598f57e2ac,1738,4201027863,2080753,"TUMS Antacid Chewy Bites Assorted Wintermint & Vanilla Cream, 108 Chewable Tablets",https://www.costco.com/p/-/2080753,,,0,0,https://www.costco.com/acid-relief.html,,2026-10-03T02:45:23.845896+00:00
efc1dbe9-d875-543b-b8d3-d6a7c82ad6e8,1738,100007464,594518,"Culturelle Digestive Health Probiotic, 80 Vegetarian Capsules",https://www.costco.com/p/-/594518,,,0,0,https://www.costco.com/non-prescription-remedies.html,,2026-10-03T04:09:41.021313+00:00
1432fb3b-4d53-5d86-b0fc-6f51b824a626,1738,100428484,547204,Zyrtec-D Allergy & Sinus Medicine & Nasal Decongestant Tablets,https://www.costco.com/p/-/547204,,,0,0,https://www.costco.com/allergy-sinus.html,,2026-10-03T02:47:56.043476+00:00
9b1e6404-94f8-5c05-a2cb-dd559d9b28a5,1738,4000291062,1856902,"Theraflu Severe Cold Relief Medicine Powder, 24 Packets",https://www.costco.com/p/-/1856902,,,0,0,https://www.costco.com/cough-cold.html,,2026-10-03T03:12:27.780654+00:00
bc97b413-27ba-5031-a042-6ad95db5b01a,1738,100777759,1566060,"Mucinex Children's Multi-Symptom Day/Nighttime, 12 Ounces",https://www.costco.com/p/-/1566060,,,0,0,https://www.costco.com/cough-cold.html,,2026-10-03T03:12:27.780654+00:00
df71ecbf-b187-558e-8869-2a930fee05e0,1738,100800499,1594459,"Vicks VapoInhaler Soothing Vapors, 4 Scented Sticks",https://www.costco.com/p/-/1594459,,,0,0,https://www.costco.com/cough-cold.html,,2026-10-03T03:12:27.780654+00:00
08cc9614-adfc-5488-9f7a-42ccf296cb89,1738,100376325,261574,Kirkland Signature Aller-Tec D Indoor/Outdoor Allergy Tablets,https://www.costco.com/p/-/261574,,,0,0,https://www.costco.com/allergy-sinus.html,,2026-10-03T02:47:56.043476+00:00
a50051d3-9c7c-51eb-8c96-fb03f55d2964,1738,100376312,699770,Kirkland Signature AllerClear-D Indoor/Outdoor Allergy Tablets,https://www.costco.com/p/-/699770,,,0,0,https://www.costco.com/allergy-sinus.html,,2026-10-03T02:47:56.043476+00:00
9ceac678-ed2d-5b9c-b78c-6ffe465a7f0b,1738,100214358,719940,"Kirkland Signature Nighttime Sleep Aid, 192 Tablets",https://www.costco.com/p/-/719940,,,0,0,https://www.costco.com/non-prescription-remedies.html,,2026-10-03T04:09:48.966633+00:00
63aa4383-67bc-5b09-ab71-5e21c76b9b18,1738,100375370,482358,"Tylenol PM Extra Strength Acetaminophen 500 mg Pain Reliever & Sleep Aid, 225 Caplets",https://www.costco.com/p/-/482358,,,0,0,https://www.costco.com/non-prescription-remedies.html,,2026-10-03T04:09:48.966633+00:00
31ce09b5-5864-532b-aa0a-58dfa2b796f2,1738,100365165,837291,"Pepcid Complete Dual Action Acid Reducer + Antacid, 100 Chewable Berry Tablets",https://www.costco.com/p/-/837291,,,0,0,https://www.costco.com/acid-relief.html,,2026-10-03T02:45:23.845896+00:00
75f1f719-c6a4-5834-a3be-b90b6e15294a,1738,10031413,72147,"TUMS Antacid Ultra Strength, 265 Chewable Tablets",https://www.costco.com/p/-/72147,,,0,0,https://www.costco.com/acid-relief.html,,2026-10-03T02:45:23.845896+00:00
87c43dd2-053f-56ca-a46b-02a51ce3cde5,1738,100376940,805287,"Kirkland Signature Lansoprazole 15 mg. Acid Reducer, 42 Capsules",https://www.costco.com/p/-/805287,,,0,0,https://www.costco.com/acid-relief.html,,2026-10-03T02:45:23.845896+00:00
d62e8164-2712-5d8d-a717-d1802f6150a2,1738,100214394,596759,"Kirkland Signature Acetaminophen PM, 500 mg, 375 Gelcaps",https://www.costco.com/p/-/596759,,,0,0,https://www.costco.com/non-prescription-remedies.html,,2026-10-03T04:09:48.966633+00:00
374dd219-6092-5ebd-a0d8-b88621d74a81,1738,100301684,638603,"Kirkland Signature Multi-Purpose Disinfecting Solution, 48 Ounces",https://www.costco.com/p/-/638603,,,0,0,https://www.costco.com/eye-care.html,,2026-10-03T03:27:36.401071+00:00
bb3ac048-b46d-5f4a-943e-7b33d4afbeaa,1738,100415639,1220987,"Breathe Right Extra Strength Nasal Strips, 72 Strips",https://www.costco.com/p/-/1220987,,,0,0,https://www.costco.com/allergy-sinus.html,,2026-10-03T02:47:56.043476+00:00
11a0fece-d542-5136-8260-e1f7199b1443,1738,100382995,1140422,"Kirkland Signature Esomeprazole 20 mg., 42 Capsules",https://www.costco.com/p/-/1140422,,,0,0,https://www.costco.com/acid-relief.html,,2026-10-03T02:45:23.845896+00:00
fcf7d3cf-50c4-571c-8fdb-b7c34914fdc2,1738,100376961,629240,"Kirkland Signature Stool Softener, 100 mg, 400 Softgels",https://www.costco.com/p/-/629240,,,0,0,https://www.costco.com/non-prescription-remedies.html,,2026-10-03T04:09:48.966633+00:00
6e4dcb1e-0c6b-54c0-ad28-471b505b5103,1738,100155525,650377,"Kirkland Signature Quit 2 mg or 4mg, Original Gum, 380 Pieces",https://www.costco.com/p/-/650377,,,0,0,https://www.costco.com/non-prescription-remedies.html,,2026-10-03T04:09:48.966633+00:00
c99cc70a-0db7-5c62-a2c9-cf335f4ab563,1738,100344335,1140951,"Kirkland Signature Quit 2 mg or 4 mg, Ice Mint Gum, 300 Pieces",https://www.costco.com/p/-/1140951,,,0,0,https://www.costco.com/non-prescription-remedies.html,,2026-10-03T04:09:48.966633+00:00
a5150293-5748-5cef-85d0-01356560db6c,1738,100155526,906476,"Kirkland Signature Quit, 2mg or 4mg, Mint Lozenges, 270 Pieces",https://www.costco.com/p/-/906476,,,0,0,https://www.costco.com/non-prescription-remedies.html,,2026-10-03T04:09:48.966633+00:00
eb64b92c-2ded-5deb-8b23-c635fa63242a,1738,100812038,1578895,"Band-Aid Adhesive Bandages, Assorted, 198-count",https://www.costco.com/p/-/1578895,,,0,0,https://www.costco.com/grocery-health-beauty.html,,2026-10-03T03:36:53.906378+00:00
abe2a511-55f7-5b7e-8041-99bd5cef4464,1738,4201010016,2040581,Osaki Pro Quest 3D Massage Chair with Flexible SL-Track Stretch,https://www.costco.com/p/-/2040581,,,0,0,https://www.costco.com/massage-relaxation.html,,2026-10-03T04:02:39.612805+00:00
9ab04023-8d3a-56f4-9cb0-f993bd873b38,1738,100428750,1243880,"Optimum Nutrition Gold Standard 100% Whey Protein Powder, Extreme Milk Chocolate, 5.64 lbs",https://www.costco.com/p/-/1243880,,,0,0,https://www.costco.com/diet-nutrition.html,,2026-10-03T03:17:39.913373+00:00
6eaa3bcb-1119-5d9f-b91d-04b58b5993f9,1738,4000177608,1243864,"Optimum Nutrition Gold Standard 100% Whey Protein Powder, Vanilla Ice Cream, 5.47 lbs",https://www.costco.com/p/-/1243864,,,0,0,https://www.costco.com/diet-nutrition.html,,2026-10-03T03:17:39.913373+00:00
02124388-475f-513b-9f36-62a88717a31d,1738,4000430710,2007062,"Premier 30g Protein PLUS Energy and Immune Support Shakes, Chocolate, 11 fl oz, 18-pack",https://www.costco.com/p/-/2007062,,,0,0,https://www.costco.com/diet-nutrition.html,,2026-10-03T03:17:39.913373+00:00
cc5c4283-d4a2-56e4-b41c-42564fd5c93d,1738,4000177679,1667705,"Ascent 100% Whey, Native Whey Protein Blend, Vanilla Bean, 4.25 lbs",https://www.costco.com/p/-/1667705,,,0,0,https://www.costco.com/diet-nutrition.html,,2026-10-03T03:17:39.913373+00:00
70ff2a9e-bdff-5615-a9a5-94d22b8a1b6d,1738,4201024413,2068077,"Fairlife Nutrition Plan, 30g Protein Shake, Vanilla, 11.5 fl oz, 18-pack",https://www.costco.com/p/-/2068077,,,0,0,https://www.costco.com/diet-nutrition.html,,2026-10-03T03:17:39.913373+00:00
c16c2ff6-64b5-5927-a2f9-cd9ddaeaf0ea,1738,4000430814,2007063,"Premier 30g Protein PLUS Energy and Immune Support Shakes, Vanilla, 11 fl oz, 18-pack",https://www.costco.com/p/-/2007063,,,0,0,https://www.costco.com/diet-nutrition.html,,2026-10-03T03:17:39.913373+00:00
2faef498-45b8-5adb-9c47-5e6e9e633409,1738,4000430749,2007064,"Premier 30g Protein PLUS Energy and Immune Support Shakes, Cafe Latte, 11 fl oz, 18-pack",https://www.costco.com/p/-/2007064,,,0,0,https://www.costco.com/diet-nutrition.html,,2026-10-03T03:17:39.913373+00:00
4099a782-cd6b-5ab6-9eb5-f1b84ad1fde5,1738,4000079755,1694426,"Orgain Collagen Peptides + Probiotics, Unflavored, 1.6 lbs",https://www.costco.com/p/-/1694426,,,0,0,https://www.costco.com/diet-nutrition.html,,2026-10-03T03:17:39.913373+00:00
08b994e2-5c21-55cc-a126-721e933fdb09,1738,4000371939,1945057,"Oikos 30g Protein Shake, Vanilla, 12 fl oz, 18-pack",https://www.costco.com/p/-/1945057,,,0,0,https://www.costco.com/diet-nutrition.html,,2026-10-03T03:17:39.913373+00:00
74069c55-be3e-5387-8b06-f6a0b83d9588,1738,4000373637,1927215,"Orgain, Micronized Creatine Monohydrate, Unflavored, 1.48lbs",https://www.costco.com/p/-/1927215,,,0,0,https://www.costco.com/diet-nutrition.html,,2026-10-03T03:17:39.913373+00:00
8b5f1f94-7534-58de-90a0-368dc8d16232,1738,4000445080,2027551,"Muscle Milk 33g Protein Ultra-Filtered Milk Shake, Cookies 'N Crème, 11 fl oz, 18-pack",https://www.costco.com/p/-/2027551,,,0,0,https://www.costco.com/diet-nutrition.html,,2026-10-03T03:17:39.913373+00:00
2bd82ed0-05ac-5dcc-ad91-48cf8513f3e8,1738,4000439027,2037515,"Nurri 30g Protein Shake, Vanilla, 11 fl oz, 15-pack",https://www.costco.com/p/-/2037515,,,0,0,https://www.costco.com/diet-nutrition.html,,2026-10-03T03:17:47.944676+00:00
1373f2f5-abfc-5a0a-bfa6-ba06395157e8,1738,4000438931,2037453,"Nurri 30g Protein Shake, Chocolate, 11 fl oz , 15-pack",https://www.costco.com/p/-/2037453,,,0,0,https://www.costco.com/diet-nutrition.html,,2026-10-03T03:17:47.944676+00:00
1363e63a-09f3-59cb-8944-7b29c0e242a2,1738,4000438933,2037470,"Nurri 30g Protein Shake, Coffee, 11 fl oz, 15-pack",https://www.costco.com/p/-/2037470,,,0,0,https://www.costco.com/diet-nutrition.html,,2026-10-03T03:17:47.944676+00:00
d81e0a2b-bbfb-5d85-b272-c735f31e3f4d,1738,4000425768,555744,"Glucerna Original Diabetic Nutrition Shake, 8 fl oz, 24-pack, Vanilla",https://www.costco.com/p/-/555744,,,0,0,https://www.costco.com/diet-nutrition.html,,2026-10-03T03:17:47.944676+00:00
6b6fa91b-3715-571b-87ae-c25ec77dc3af,1738,4000415903,1972488,"Oats Overnight Variety Pack, 30g Protein Shake, Fudge Brownie, Cookies & Cream, 14-pack",https://www.costco.com/p/-/1972488,,,0,0,https://www.costco.com/diet-nutrition.html,,2026-10-03T03:17:47.944676+00:00
e6142e57-39bd-5873-b29b-a21e857ec886,1738,4201001405,2049359,"Liquid I.V. Hydration Multiplier, 30 Individual Serving Stick Packs in Resealable Pouch, Sugar Free, Ring Pop Cherry",https://www.costco.com/p/-/2049359,,,0,0,https://www.costco.com/diet-nutrition.html,,2026-10-03T03:17:47.944676+00:00
7f7d2e4c-7eb3-5d79-97a5-9fb26c796a02,1738,100385266,617686,"Softsoap Advanced Clean Liquid Hand Soap Refill 80 oz, 2-pack",https://www.costco.com/p/-/617686,,,0,0,https://www.costco.com/grocery-health-beauty.html,,2026-10-03T03:36:45.467719+00:00
49e52071-f185-5fa3-bffb-6c8af7e0f846,1738,100844502,2028787,"Poise Advanced Ultimate Absorbency Incontinence and Postpartum Long Pads, 108-Count",https://www.costco.com/p/-/2028787,,,0,0,https://www.costco.com/health-beauty.html,,2026-10-03T03:44:57.232231+00:00
032c8980-b2d8-5899-bd0e-114821bb8ae6,1738,100799464,1366250,"Kirkland Signature Liquid Body Wash, Natural Citrus, 27 fl oz, 2-count",https://www.costco.com/p/-/1366250,,,0,0,https://www.costco.com/health-beauty.html,,2026-10-03T03:44:57.232231+00:00
dfdb9c88-166c-52f3-adc4-1d911cfdc53f,1738,4000340299,1908880,"Gillette Venus Ultra Smooth Razor, 11-count",https://www.costco.com/p/-/1908880,,,0,0,https://www.costco.com/health-beauty.html,,2026-10-03T03:44:57.232231+00:00
4d5fba42-c3d5-5ab5-9dd1-07d1da08f205,1738,100745514,1281762,"Kirkland Signature Moisture Shampoo, 33.8 fl oz, 1-count",https://www.costco.com/p/-/1281762,,,0,0,https://www.costco.com/grocery-health-beauty.html,,2026-10-03T03:36:45.467719+00:00
40cf53eb-3d23-594f-9fee-07b8ebfb0378,1738,4000266579,1800413,"Dove Advanced Care Invisible+ Deodorant, 2.6 oz, 4-pack",https://www.costco.com/p/-/1800413,,,0,0,https://www.costco.com/grocery-health-beauty.html,,2026-10-03T03:36:45.467719+00:00
a07497e0-bc66-5f07-8246-5ff1133f8230,1738,11745724,1121864,"Neutrogena Rainbath Shower Gel, 40 fl oz",https://www.costco.com/p/-/1121864,,,0,0,https://www.costco.com/personal-care.html,,2026-10-03T04:17:13.191144+00:00
3f7726a7-592e-5f42-ac2c-daeb22c667ce,1738,100746247,1418060,"Kirkland Signature Moisture Conditioner, 33.8 fl oz, 1-count",https://www.costco.com/p/-/1418060,,,0,0,https://www.costco.com/grocery-health-beauty.html,,2026-10-03T03:36:45.467719+00:00
5a3729d2-3c5c-5542-a7db-28c3f70d227f,1738,4201008957,2054350,"Crest 3D White Brilliant Mint Whitening Toothpaste, 5.2 oz, 5-pack",https://www.costco.com/p/-/2054350,,,0,0,https://www.costco.com/grocery-health-beauty.html,,2026-10-03T03:36:45.467719+00:00
8770d8ae-cd4c-5c02-9955-808a17bcae9b,1738,4000331278,3399074,"Oral-B iO Series 5 All-in-One Clean Rechargeable Electric Toothbrush, 2-pack",https://www.costco.com/p/-/3399074,,,0,0,https://www.costco.com/personal-care.html,,2026-10-03T04:17:13.191144+00:00
728f0747-864c-5924-99fb-eacba8f1c468,1738,4000308293,1810858,"SENSODYNE Pronamel Gentle Whitening Advanced Toothpaste, 6.5 oz, 4-pack",https://www.costco.com/p/-/1810858,,,0,0,https://www.costco.com/personal-care.html,,2026-10-03T04:17:13.191144+00:00
f1fa50b1-1ae0-55ad-b64f-8b841b2e1111,1738,4201007493,2047386,Lume Whole Body Soft Powder Deodorant Set,https://www.costco.com/p/-/2047386,,,0,0,https://www.costco.com/health-beauty.html,,2026-10-03T03:45:13.033108+00:00
35b5369a-b9e8-5640-b5c7-1af66cded249,1738,100737979,1516973,"Gillette Ultimate Protection 6-in-1 Antiperspirant, 3.8 oz, 5-pack",https://www.costco.com/p/-/1516973,,,0,0,https://www.costco.com/grocery-health-beauty.html,,2026-10-03T03:36:53.906378+00:00
c0560b59-c92a-58e5-be0e-c463c6881238,1738,4000283624,1837002,Crest 3D Whitestrips 20 Professional Treatments with 10 Bonus Brightening Treatments,https://www.costco.com/p/-/1837002,,,0,0,https://www.costco.com/health-beauty.html,,2026-10-03T03:44:57.232231+00:00
c63cc3b9-1ec9-580f-8b5d-aede5790dca1,1738,100702598,1458438,"GUM Soft-Picks Advanced Mint, 180-count",https://www.costco.com/p/-/1458438,,,0,0,https://www.costco.com/personal-care.html,,2026-10-03T04:17:13.191144+00:00
38f007f7-6bbb-51ee-91be-483881a272f1,1738,100104327,685586,"Listerine UltraClean Coolmint Mouthwash, 1.5 Liter, 2-count",https://www.costco.com/p/-/685586,,,0,0,https://www.costco.com/grocery-health-beauty.html,,2026-10-03T03:36:45.467719+00:00
aead87b9-22c1-503b-86e5-967c5b17d028,1738,4000151041,1731104,"Crest Pro-Health Advanced Mouthwash, 33.8 fl oz, 3-pack",https://www.costco.com/p/-/1731104,,,0,0,https://www.costco.com/grocery-health-beauty.html,,2026-10-03T03:36:45.467719+00:00
7f73d565-67de-59f6-a458-7ea2caaeded5,1738,4000322532,1886106,"Oral-B Glide Advanced Deep Clean Floss, 6-pack",https://www.costco.com/p/-/1886106,,,0,0,https://www.costco.com/grocery-health-beauty.html,,2026-10-03T03:36:45.467719+00:00
46ac7cf7-fbed-5369-a3b6-052cabd1beab,1738,100447863,664635,"Swisspers Premium Hypoallergenic Cotton Rounds, 900-count",https://www.costco.com/p/-/664635,,,0,0,https://www.costco.com/grocery-health-beauty.html,,2026-10-03T03:36:53.906378+00:00
b7883454-5aa1-59b9-bf95-15ac4394d03f,1738,100650384,1421933,"Dove Moisturizing Beauty Bar Soap Sensitive Skin, 3.75 oz, 16 Bars",https://www.costco.com/p/-/1421933,,,0,0,https://www.costco.com/grocery-health-beauty.html,,2026-10-03T03:36:45.467719+00:00
3a12a2f3-fa87-591b-acdd-11a4d609e856,1738,100650348,1421932,"Dove Moisturizing Beauty Bar Soap Original, 3.75 oz, 16 Bars",https://www.costco.com/p/-/1421932,,,0,0,https://www.costco.com/grocery-health-beauty.html,,2026-10-03T03:36:45.467719+00:00
487dd2e7-ff2d-5f2b-9748-0a2ed78218f0,1738,4000307156,1810859,"SENSODYNE Advanced Whitening Toothpaste, 6.5 oz, 4-pack",https://www.costco.com/p/-/1810859,,,0,0,https://www.costco.com/personal-care.html,,2026-10-03T04:17:20.514335+00:00
9152bb0b-18c1-5891-a511-d65818b8da27,1738,4201020464,2067452,"Olay Advanced Repair Serum Body Wash, 35 fl oz, 2-pack",https://www.costco.com/p/-/2067452,,,0,0,https://www.costco.com/personal-care.html,,2026-10-03T04:17:20.514335+00:00
24f9b7a1-8e89-5765-9280-b85894de34a6,1738,4000392769,1975676,"Dove Sensitive Body Wash, 23 fl oz, 3-pack",https://www.costco.com/p/-/1975676,,,0,0,https://www.costco.com/personal-care.html,,2026-10-02T13:54:39.651483+00:00
acd315d0-dc2e-514d-87dd-27f84435db10,1738,4000403639,1965989,"Aveeno Skin Relief Body Wash, 18 fl oz, 3-pack",https://www.costco.com/p/-/1965989,,,0,0,https://www.costco.com/personal-care.html,,2026-10-03T04:17:20.514335+00:00
b6793d9b-4a95-5cc4-b620-c7a76e77b50d,1738,4000352107,1928295,"Dove Deep Moisture Body Wash, 23 fl oz, 3-pack",https://www.costco.com/p/-/1928295,,,0,0,https://www.costco.com/grocery-health-beauty.html,,2026-10-03T03:36:45.467719+00:00
269665d8-7243-5786-8f5e-d8bc32e60f9d,1738,100473402,1285702,"Colgate Total Active Prevention Plus Advanced Whitening Toothpaste, 6.4 oz, 5-pack",https://www.costco.com/p/-/1285702,,,0,0,https://www.costco.com/grocery-health-beauty.html,,2026-10-03T03:36:45.467719+00:00
ecc6d1bd-f50d-5910-962e-3d648643162a,1738,100809908,1587186,"Gillette Proglide Plus Razor Cartridge Refills, 16-count",https://www.costco.com/p/-/1587186,,,0,0,https://www.costco.com/grocery-health-beauty.html,,2026-10-03T03:36:53.906378+00:00
0d2581d6-7655-539c-8a4a-a65cec211550,1738,4201027362,4640862,"Philips Norelco Shaver 9000, Wet & Dry Electric Shaver, with SenseIQ",https://www.costco.com/p/-/4640862,,,0,0,https://www.costco.com/personal-care.html,,2026-10-03T04:17:20.514335+00:00
133d3a3d-bd46-53b8-bf61-e784eaf2e40c,1738,4000434521,2032764,"Dove Men +Care Body & Face Wash, 32 fl oz, 2-pack",https://www.costco.com/p/-/2032764,,,0,0,https://www.costco.com/personal-care.html,,2026-10-03T04:17:20.514335+00:00
a3124fbe-685d-511c-b709-4c116899f02b,1738,4201001268,2008132,"Always Infinity FlexFoam Pads, 72-count",https://www.costco.com/p/-/2008132,,,0,0,https://www.costco.com/grocery-health-beauty.html,,2026-10-03T03:36:53.906378+00:00
c13525f4-b906-5d28-a95e-67572fff233e,1738,4201020428,2032153,"Tree Hut Body Scrub, Vanilla and Coco Colada, 21 fl oz, 2-pack",https://www.costco.com/p/-/2032153,,,0,0,https://www.costco.com/personal-care.html,,2026-10-03T04:17:20.514335+00:00
57380d3d-8d13-59a9-b944-814e233cf555,1738,4000331592,1904353,"Colgate Bluey Toothbrush, 6-count",https://www.costco.com/p/-/1904353,,,0,0,https://www.costco.com/personal-care.html,,2026-10-03T04:17:20.514335+00:00
6194fb6d-12e5-566b-af3b-166bedba0b73,1738,100520262,1368591,"Always Ultra Thin Advanced Overnight Pads, 76-count",https://www.costco.com/p/-/1368591,,,0,0,https://www.costco.com/grocery-health-beauty.html,,2026-10-03T03:36:53.906378+00:00
72de72eb-f758-57bd-9b4a-f3b40918ae24,1738,4000033243,1616284,"Irish Spring Bar Soap, 4.5 oz, 20-count",https://www.costco.com/p/-/1616284,,,0,0,https://www.costco.com/personal-care.html,,2026-10-03T04:17:20.514335+00:00
bcabcfca-36c5-500f-9d4a-f79f594d6195,1738,100853676,1613181,"Degree Men UltraClear+ Antiperspirant Deodorant, Black & White, 2.7 oz, 5-pack",https://www.costco.com/p/-/1613181,,,0,0,https://www.costco.com/grocery-health-beauty.html,,2026-10-03T03:36:53.906378+00:00
adfba90d-c4ed-5d81-bbba-2235876b470f,1738,4000298430,1842854,"Tampax Pearl Advanced Duopack, 87-count",https://www.costco.com/p/-/1842854,,,0,0,https://www.costco.com/grocery-health-beauty.html,,2026-10-03T03:36:53.906378+00:00
1d410869-2dcb-5d3e-9b6e-0017ffe92f5f,1738,4000382852,1908257,"Design Optics by Foster Grant #811 Fashion Cateye Reading Glasses, 3-pack",https://www.costco.com/p/-/1908257,,,0,0,https://www.costco.com/reading-glasses.html,,2026-10-03T04:25:30.025190+00:00
dcf5a1e7-7fe5-53e9-ae17-9c98988af01e,1738,4000382849,1908250,"Design Optics by Foster Grant #668 Metal Square Reading Glasses, 3-pack",https://www.costco.com/p/-/1908250,,,0,0,https://www.costco.com/reading-glasses.html,,2026-10-03T04:25:30.025190+00:00
f01bb7bd-86f5-52a0-aef3-8d548a61a485,1738,4000382914,1908270,"Design Optics by Foster Grant #815 Classic Plastic Square Reading Glasses, 3-pack",https://www.costco.com/p/-/1908270,,,0,0,https://www.costco.com/reading-glasses.html,,2026-10-03T04:25:30.025190+00:00
50ed1567-5104-5e00-9207-5c58fcbc3315,1738,4000382918,1908277,"Design Optics by Foster Grant #809 Classic Plastic Round Reading Glasses, 3-pack",https://www.costco.com/p/-/1908277,,,0,0,https://www.costco.com/reading-glasses.html,,2026-10-03T04:25:30.025190+00:00
bc803214-3aba-50f1-a494-b6e52771f55a,1738,4000432274,2027851,"Design Optics by Foster Grant #669 Upsweep Cateye Reading Glasses, 3- pack",https://www.costco.com/p/-/2027851,,,0,0,https://www.costco.com/reading-glasses.html,,2026-10-03T04:25:30.025190+00:00
535b0ea9-6ee7-5220-9c6e-72ec862fd9e6,1738,4201023286,4748527,Homedics SereneScent Ceramic Diffuser Set,https://www.costco.com/p/-/4748527,,,0,0,https://www.costco.com/health-beauty-spa-gifts.html,,2026-10-03T03:44:03.289750+00:00
b80cdc94-c0ff-5c72-8582-93700ba1a0aa,1738,100393793,135576,"Zipfizz Multi-Vitamin Energy Hydration Drink Mix, Variety Pack, 30 Tubes",https://www.costco.com/p/-/135576,,,0,0,https://www.costco.com/adult-multi-letter-vitamins.html,,2026-10-03T02:46:01.226191+00:00
d47aee68-b093-5558-8376-e52d1be6c5cb,1738,4000408849,1995727,"Nello Supercalm Drink Mix, Variety Pack, 26-ct",https://www.costco.com/p/-/1995727,,,0,0,https://www.costco.com/health-beauty.html,,2026-10-03T03:44:57.232231+00:00
c1ec309b-bd4c-5261-a926-7a9786d8f4ec,1738,100121461,870735,"Kirkland Signature Adult Multivitamin, 320 Gummies",https://www.costco.com/p/-/870735,,,0,0,https://www.costco.com/adult-multi-letter-vitamins.html,,2026-10-03T02:46:01.226191+00:00
a9a97df2-5aab-5222-8313-66385a0e537e,1738,100118287,864070,"Nature Made Vitamin B12 1000 mcg., 400 Softgels",https://www.costco.com/p/-/864070,,,0,0,https://www.costco.com/adult-multi-letter-vitamins.html,,2026-10-03T02:46:01.226191+00:00
2b260a1e-9e40-53f7-a361-da8ee040d979,1738,100214136,572310,"Nature Made Vitamin D3 25 mcg., 650 Softgels",https://www.costco.com/p/-/572310,,,0,0,https://www.costco.com/adult-multi-letter-vitamins.html,,2026-10-03T02:46:01.226191+00:00
e4cacb18-fc42-563f-9487-a58447eb37a3,1738,100056608,370945,"Ocuvite Adult 50+, 150 Soft Gels",https://www.costco.com/p/-/370945,,,0,0,https://www.costco.com/adult-multi-letter-vitamins.html,,2026-10-03T02:46:01.226191+00:00
be0aa381-1b49-5f33-a688-993ba4814be7,1738,4201023342,2075676,"Celsius Sparkling Energy Drink, Variety Pack, 12 fl oz, 18-count",https://www.costco.com/p/-/2075676,,,0,0,https://www.costco.com/health-beauty.html,,2026-10-03T03:44:57.232231+00:00
543c701f-a031-5973-878d-7a2caf25e9bd,1738,100232207,886740,"Weider Prime Testosterone Support, 120 Capsules",https://www.costco.com/p/-/886740,,,0,0,https://www.costco.com/dietary-supplements.html,,2026-10-03T03:18:20.173006+00:00
71d15bc5-6754-5c25-9997-44017274ae30,1738,100381380,1181284,"Weider Red Yeast Rice Plus 1200 mg, 240 Tablets",https://www.costco.com/p/-/1181284,,,0,0,https://www.costco.com/vitamins-herbals-dietary-supplements.html,,2026-10-03T04:52:02.483608+00:00
61027bc9-ec7a-580f-a46d-7a296bd027d5,1738,4000444539,2043904,"Nello Superfocus Drink Mix, 26-ct, Variety Pack",https://www.costco.com/p/-/2043904,,,0,0,https://www.costco.com/vitamins-herbals-dietary-supplements.html,,2026-10-03T04:52:02.483608+00:00
6ee55ac3-8ebd-5e73-8a23-76c23550998a,1738,4000043309,1665191,"Kirkland Signature Glucosamine & Chondroitin, 280 Tablets",https://www.costco.com/p/-/1665191,,,0,0,https://www.costco.com/glucosamine-joint-supplements.html,,2026-10-03T03:35:27.605285+00:00
92745675-f61d-53f3-86bc-03139de1367d,1738,4000257742,1820336,"Kirkland Signature Turmeric 1000 mg, 320 Vegetarian Capsules",https://www.costco.com/p/-/1820336,,,0,0,https://www.costco.com/vitamins-herbals-dietary-supplements.html,,2026-10-03T04:52:02.483608+00:00
53baebf1-e924-530c-8318-df1786936d08,1738,4000236133,1796097,"FEELGOOD Berberine Phytosome, 120 Vegan Capsules",https://www.costco.com/p/-/1796097,,,0,0,https://www.costco.com/vitamins-herbals-dietary-supplements.html,,2026-10-03T04:52:02.483608+00:00
5bdf02cf-a0dc-52ee-8d05-7840f22bd5cf,1738,100812103,1607417,"Qunol Turmeric Plus Ginger, 200 Gummies, Tangerine",https://www.costco.com/p/-/1607417,,,0,0,https://www.costco.com/vitamins-herbals-dietary-supplements.html,,2026-10-03T04:52:02.483608+00:00
a5eb917c-5eb5-5573-9ff5-b2e150aeff22,1738,4000250846,1813892,"Nature Made Extra Strength Vitamin D3 125 mcg, 200 Gummies",https://www.costco.com/p/-/1813892,,,0,0,https://www.costco.com/adult-multi-letter-vitamins.html,,2026-10-03T02:46:01.226191+00:00
7f103d4f-ee2c-5c98-b0c6-6b1d910d40af,1738,4201023578,2076158,"FEELGOOD Glutathione Phystosome, 120 Vegan Capsules",https://www.costco.com/p/-/2076158,,,0,0,https://www.costco.com/vitamins-herbals-dietary-supplements.html,,2026-10-03T04:52:02.483608+00:00
e2ec5d0e-3463-5a1e-93b6-e0c9bf07f7c0,1738,4201002165,2036501,"Nordic Naturals Ultimate Omega Fish Oil, 110 Mini Softgels, Lemon Flavor",https://www.costco.com/p/-/2036501,,,0,0,https://www.costco.com/vitamins-herbals-dietary-supplements.html,,2026-10-03T04:52:02.483608+00:00
a733a15a-e187-568b-81ef-f44c34923369,1738,4000146524,1729692,"Nature's Bounty Optimal Solutions Hair Growth, 90 Capsules",https://www.costco.com/p/-/1729692,,,0,0,https://www.costco.com/adult-multi-letter-vitamins.html,,2026-10-03T02:46:01.226191+00:00
c8d1d98f-4277-5a2c-827a-77f76e71e648,1738,4201002645,2052615,"Zena Creatine Gummies + D3/K2, Variety Pack",https://www.costco.com/p/-/2052615,,,0,0,https://www.costco.com/vitamins-herbals-dietary-supplements.html,,2026-10-03T04:52:02.483608+00:00
311d0b96-72af-5ea7-90ad-f0aac5b5048d,1738,4201001942,2052093,"FEELGOOD Creatine+, 120 Vegan Capsules",https://www.costco.com/p/-/2052093,,,0,0,https://www.costco.com/vitamins-herbals-dietary-supplements.html,,2026-10-03T04:52:02.483608+00:00
759c7686-3e01-5937-94eb-e353ef9d44a5,1738,100328995,1102928,"Centrum Silver Adults 50+ Multivitamin, 325 Tablets",https://www.costco.com/p/-/1102928,,,0,0,https://www.costco.com/adult-multi-letter-vitamins.html,,2026-10-03T02:46:01.226191+00:00
0079a8a7-dec4-5934-9240-3cca8ad58266,1738,100693875,1486041,"Estroven Complete Multi-Symptom Menopause Relief, 84 Caplets",https://www.costco.com/p/-/1486041,,,0,0,https://www.costco.com/vitamins-herbals-dietary-supplements.html,,2026-10-03T04:52:02.483608+00:00
ffc8d44d-e254-5368-ab44-16e84a875615,1738,11661861,580655,"Nature Made Super B-Complex, 460 Tablets",https://www.costco.com/p/-/580655,,,0,0,https://www.costco.com/adult-multi-letter-vitamins.html,,2026-10-03T02:46:09.280826+00:00
55459ec0-ecb4-559e-9ea0-26482335450e,1738,100163149,989874,"Caltrate Bone Health Advanced Calcium 600+D3 Plus Minerals, 320 Tablets",https://www.costco.com/p/-/989874,,,0,0,https://www.costco.com/vitamins-herbals-dietary-supplements.html,,2026-10-03T04:52:02.483608+00:00
1bb4bfe4-083a-5407-a5a6-c3b75fc1408c,1738,100403392,1199824,"Nature Made CholestOFF Plus, 210 Softgels",https://www.costco.com/p/-/1199824,,,0,0,https://www.costco.com/vitamins-herbals-dietary-supplements.html,,2026-10-03T04:52:02.483608+00:00
dff6497e-f926-5451-a5c1-4f30fd66dfaf,1738,4000388263,1969480,"OLLY Sleep Gummy, 110 Gummies",https://www.costco.com/p/-/1969480,,,0,0,https://www.costco.com/vitamins-herbals-dietary-supplements.html,,2026-10-03T04:52:11.676689+00:00
61526f80-484a-5255-8f35-18299ab98286,1738,4000249674,1812167,"Qunol Turmeric 1500 mg, 220 Capsules",https://www.costco.com/p/-/1812167,,,0,0,https://www.costco.com/vitamins-herbals-dietary-supplements.html,,2026-10-03T04:52:11.676689+00:00
55e994e1-4797-5d45-9ce8-72325f9a84cf,1738,4201010446,2063186,"Kids Grüns Superfood Greens Strawberry Burst Flavored Gummies, 35 Daily Packs",https://www.costco.com/p/-/2063186,,,0,0,https://www.costco.com/immune-support.html,,2026-10-03T03:53:16.102980+00:00
0dac5748-dc10-57a0-bad6-37054bd746e1,1738,100309168,1050777,"Kirkland Signature Vitamin C 250 mg., 360 Adult Gummies",https://www.costco.com/p/-/1050777,,,0,0,https://www.costco.com/adult-multi-letter-vitamins.html,,2026-10-03T02:46:09.280826+00:00
15b36994-dc52-5035-829d-d31490076b60,1738,4000205398,1763447,"Emergen-C Immune+ 1000 mg Vitamin C + Vitamin D & Zinc, 90 Packets",https://www.costco.com/p/-/1763447,,,0,0,https://www.costco.com/adult-multi-letter-vitamins.html,,2026-10-03T02:46:09.280826+00:00
ca2fa961-014a-5456-86c9-54b5c89d4d0f,1738,100458954,1174112,"Kirkland Signature USDA Organic Multivitamin, 80 Coated Tablets",https://www.costco.com/p/-/1174112,,,0,0,https://www.costco.com/adult-multi-letter-vitamins.html,,2026-10-03T02:46:09.280826+00:00
20e204a1-f499-56d2-8afc-63d72007be05,1738,100500584,1320304,"Centrum Silver Women's 50+ Multivitamin, 275 Tablets",https://www.costco.com/p/-/1320304,,,0,0,https://www.costco.com/adult-multi-letter-vitamins.html,,2026-10-03T02:46:09.280826+00:00
c3b2efc3-2655-5b3c-9b60-619349240ddf,1738,100851161,1644223,"Nature's Bounty Magnesium Glycinate 240 mg, 180 Capsules",https://www.costco.com/p/-/1644223,,,0,0,https://www.costco.com/adult-multi-letter-vitamins.html,,2026-10-03T02:46:09.280826+00:00
c5f243f2-e71d-5619-a07c-115fa4835432,1738,4000428043,2025437,"Force Factor Total Beets Chews, 90 Soft Chews",https://www.costco.com/p/-/2025437,,,0,0,https://www.costco.com/vitamins-herbals-dietary-supplements.html,,2026-10-03T04:52:11.676689+00:00
61d57fc2-88fb-54fa-9e1d-188b16c8aa26,1738,100113587,869100,"vitafusion Women's Multivitamin, 220 Gummies",https://www.costco.com/p/-/869100,,,0,0,https://www.costco.com/adult-multi-letter-vitamins.html,,2026-10-03T02:46:09.280826+00:00
78fc94a8-f4a3-5c87-aa27-65a8c2385fbe,1738,4000319422,1888647,"Sports Research L-Theanine Suntheanine 200 mg, 150 Softgels",https://www.costco.com/p/-/1888647,,,0,0,https://www.costco.com/vitamins-herbals-dietary-supplements.html,,2026-10-03T04:52:11.676689+00:00
60cf6fef-e3b0-54ff-9839-04e85cb32dcf,1738,4000025085,1674847,"Sports Research D3 + K2, 160 Veggie Softgels",https://www.costco.com/p/-/1674847,,,0,0,https://www.costco.com/adult-multi-letter-vitamins.html,,2026-10-03T02:46:09.280826+00:00
fd7976db-a37c-5270-b959-315c123a7341,1738,4000038003,1683859,"Sports Research Triple Strength Omega-3 Fish Oil, 150 Fish Softgels",https://www.costco.com/p/-/1683859,,,0,0,https://www.costco.com/vitamins-herbals-dietary-supplements.html,,2026-10-03T04:52:11.676689+00:00
62e68e32-3a44-51fa-88d3-0e0321e3df00,1738,4000386542,1962753,"Qunol Brain Health Memory Plus, 100 Count",https://www.costco.com/p/-/1962753,,,0,0,https://www.costco.com/adult-multi-letter-vitamins.html,,2026-10-03T02:46:09.280826+00:00
24420839-313f-56f1-99be-24edcdd7e75d,1738,100523145,1351728,"trunature Cinnamon Concentrate Cinsulin 500mg, 200 Vegetarian Capsules",https://www.costco.com/p/-/1351728,,,0,0,https://www.costco.com/vitamins-herbals-dietary-supplements.html,,2026-10-03T04:52:11.676689+00:00
7aa0237b-8774-5c12-83a1-81373e522d80,1738,4000405875,1991633,"Sports Research CoQ10 200mg, 150ct",https://www.costco.com/p/-/1991633,,,0,0,https://www.costco.com/vitamins-herbals-dietary-supplements.html,,2026-10-03T04:52:11.676689+00:00
a3511641-a15f-5812-8e3e-6e91a80ef317,1738,100485804,1332345,"Natural Vitality Calm Magnesium Citrate + Glycinate Powder, 20 Ounces",https://www.costco.com/p/-/1332345,,,0,0,https://www.costco.com/adult-multi-letter-vitamins.html,,2026-10-03T02:46:09.280826+00:00
2195b14f-0ec8-5381-a65a-b7a982df2a46,1738,100455659,1274751,"One A Day Men's 50+ Healthy Advantage Multivitamin, 300 Tablets",https://www.costco.com/p/-/1274751,,,0,0,https://www.costco.com/adult-multi-letter-vitamins.html,,2026-10-03T02:46:09.280826+00:00
acd29a2d-6d09-5401-8467-21efcf30ab7f,1738,4000406201,1992278,"Sports Research Omega-3 Krill Oil Superba2 1000mg, 90ct Softgels",https://www.costco.com/p/-/1992278,,,0,0,https://www.costco.com/adult-multi-letter-vitamins.html,,2026-10-03T02:46:09.280826+00:00
080e3227-57e9-5341-8970-12666eb41dc6,1738,4000405878,1991797,"Sports Research Vitamin C Liposomal, 1000 mg, 180 Veggie Capsules",https://www.costco.com/p/-/1991797,,,0,0,https://www.costco.com/adult-multi-letter-vitamins.html,,2026-10-03T02:46:09.280826+00:00
60cc73fc-af45-555c-9e9e-ef134b9e3b69,1738,100406405,1226620,"Pure Alaska Omega Wild Salmon Oil 1000 mg, 210 Softgels",https://www.costco.com/p/-/1226620,,,0,0,https://www.costco.com/vitamins-herbals-dietary-supplements.html,,2026-10-03T04:52:11.676689+00:00
9b4099ad-b004-5c4c-952a-4eeed72c12cf,1738,4000409092,1991395,"OLLY Men's Multivitamin Gummy, 200 Gummies",https://www.costco.com/p/-/1991395,,,0,0,https://www.costco.com/adult-multi-letter-vitamins.html,,2026-10-03T02:46:09.280826+00:00
accb6826-a838-5d7b-bf19-4ace9054de94,1738,100081146,808620,"Citracal Maximum Plus Calcium Citrate + D3, 280 Caplets",https://www.costco.com/p/-/808620,,,0,0,https://www.costco.com/vitamins-herbals-dietary-supplements.html,,2026-10-03T04:52:20.553340+00:00
5a99ad15-87ec-5ee4-8b69-e7b8b4b3b41f,1738,100022642,690843,"Kirkland Signature Quick Dissolve B-12 5000 mcg., 300 Tablets",https://www.costco.com/p/-/690843,,,0,0,https://www.costco.com/adult-multi-letter-vitamins.html,,2026-10-03T02:46:09.280826+00:00
66c5b300-bd6b-5ed3-8c8b-4621ee32698f,1738,100685331,1478260,"Nature's Bounty Hair, Skin and Nails Advanced, 230 Gummies",https://www.costco.com/p/-/1478260,,,0,0,https://www.costco.com/vitamins-herbals-dietary-supplements.html,,2026-10-03T04:52:20.553340+00:00
a724df93-4b57-5e2b-8a95-66b362bc0bba,1738,100455658,1274752,"One A Day Women's 50+ Healthy Advantage Multivitamin, 300 Tablets",https://www.costco.com/p/-/1274752,,,0,0,https://www.costco.com/adult-multi-letter-vitamins.html,,2026-10-03T02:46:09.280826+00:00
128b2853-465b-542b-8104-d6daf08ae4b7,1738,100416094,1209115,"Qunol Liquid Turmeric 1000 mg, 30.4 fl oz",https://www.costco.com/p/-/1209115,,,0,0,https://www.costco.com/vitamins-herbals-dietary-supplements.html,,2026-10-03T04:52:20.553340+00:00
4e35dad3-c70c-592d-a315-5feeeb4136b4,1738,100644756,1416181,"Zena Liquid Collagen + Biotin, 30 Fluid Ounces",https://www.costco.com/p/-/1416181,,,0,0,https://www.costco.com/dietary-supplements.html,,2026-10-03T03:18:20.173006+00:00
d571e7b4-9643-5737-8b53-bbbb8b5a9e39,1738,11601590,644585,"trunature Prostate Plus Health Complex, 250 Softgels",https://www.costco.com/p/-/644585,,,0,0,https://www.costco.com/vitamins-herbals-dietary-supplements.html,,2026-10-03T04:52:20.553340+00:00
cfeea22f-0a5d-53e5-bb92-898dfe95dc69,1738,4000152601,1734412,"Nature Made Extra Strength Vitamin C 500 mg, 180 Gummies",https://www.costco.com/p/-/1734412,,,0,0,https://www.costco.com/adult-multi-letter-vitamins.html,,2026-10-03T02:46:09.280826+00:00
959c992e-d472-52ba-8cb5-3175f560a94a,1738,100646462,942620,"vitafusion Men's Multivitamin Gummies, 220 Gummies",https://www.costco.com/p/-/942620,,,0,0,https://www.costco.com/adult-multi-letter-vitamins.html,,2026-10-03T02:46:09.280826+00:00
e2adc1a1-b1e9-5f19-8c05-b062a78c52d9,1738,100350194,1105926,"Nature's Bounty Vitamin B-12 2500 mcg, 300 Quick Dissolve Tablets",https://www.costco.com/p/-/1105926,,,0,0,https://www.costco.com/adult-multi-letter-vitamins.html,,2026-10-03T02:46:09.280826+00:00
e2cf2240-3c6e-52ab-b256-53f1c7957448,1738,4000377517,1957823,"Sports Research Vitamin B Complex, 180 Veggie Soft Gels",https://www.costco.com/p/-/1957823,,,0,0,https://www.costco.com/adult-multi-letter-vitamins.html,,2026-10-03T02:46:09.280826+00:00
4c96b26c-6ca2-58a9-b54c-5a0ef64a7e7a,1738,100468580,1241036,"Nature's Truth Apple Cider Vinegar 1200 mg., 180 Capsules",https://www.costco.com/p/-/1241036,,,0,0,https://www.costco.com/dietary-supplements.html,,2026-10-03T03:18:20.173006+00:00
ebee16de-541b-5fba-813e-1f1d3f6329f6,1738,100293064,1017650,"Kirkland Signature Triple Action Joint Health, 110 Coated Tablets",https://www.costco.com/p/-/1017650,,,0,0,https://www.costco.com/glucosamine-joint-supplements.html,,2026-10-03T03:35:27.605285+00:00
eace7021-3d0d-52f5-a2ef-051ab2a335f7,1738,100463241,1235761,"trunature Cranberry 650 mg, 140 Vegetarian Capsules",https://www.costco.com/p/-/1235761,,,0,0,https://www.costco.com/grocery-health-beauty.html,,2026-10-03T03:36:53.906378+00:00
f41bf018-9248-5bf7-a58d-bf50e184125f,1738,100149465,887498,"Kirkland Signature Wild Alaskan Fish Oil 1400 mg, 230 Softgels",https://www.costco.com/p/-/887498,,,0,0,https://www.costco.com/vitamins-herbals-dietary-supplements.html,,2026-10-03T04:52:20.553340+00:00
23fb94d1-0fdb-5fd5-a43a-c7135a80dca0,1738,100375487,1176584,"Qunol Liquid CoQ10 100 mg., 30.4 Fluid Ounces",https://www.costco.com/p/-/1176584,,,0,0,https://www.costco.com/vitamins-herbals-dietary-supplements.html,,2026-10-03T04:52:20.553340+00:00
813f7be3-00c8-5b9a-bdf7-7bee5fa740d7,1738,11072245,926628,"Kirkland Signature Fish Oil 1000 mg, 400 Softgels",https://www.costco.com/p/-/926628,,,0,0,https://www.costco.com/vitamins-herbals-dietary-supplements.html,,2026-10-03T04:52:20.553340+00:00
73eb6f38-0f4a-5a78-9b7f-674c3b77f5c3,1738,4000413059,1991771,"Sports Research Advanced Multivitamin, 180 Veggie Capsules",https://www.costco.com/p/-/1991771,,,0,0,https://www.costco.com/adult-multi-letter-vitamins.html,,2026-10-03T02:46:09.280826+00:00
e348e851-c286-5b05-b7b7-294ddf78bdd2,1738,100416097,1233864,"Nature Made Magnesium Citrate 250 mg., 180 Softgels",https://www.costco.com/p/-/1233864,,,0,0,https://www.costco.com/vitamins-herbals-dietary-supplements.html,,2026-10-03T04:52:20.553340+00:00
926a7dc9-3550-561e-9c7d-904e18a282d6,1738,4000249930,1813019,"Neuriva Brain Supplement Original, 50 Capsules",https://www.costco.com/p/-/1813019,,,0,0,https://www.costco.com/dietary-supplements.html,,2026-10-03T03:18:20.173006+00:00
057a0c4d-ab05-5b75-884b-f5027a3d5d8c,1738,100351325,1106007,"Nature's Bounty Vitamin D3 125 mcg, 400 Softgels",https://www.costco.com/p/-/1106007,,,0,0,https://www.costco.com/adult-multi-letter-vitamins.html,,2026-10-03T02:46:09.280826+00:00
ee145f43-c41d-5759-bf53-2e3c2350f856,1738,10015954,98268,"Kirkland Signature Vitamin C 1000 mg., 500 Tablets",https://www.costco.com/p/-/98268,,,0,0,https://www.costco.com/adult-multi-letter-vitamins.html,,2026-10-03T02:46:16.800181+00:00
2b60d957-4b53-58b7-9500-6abf9954b0ad,1738,100112668,238120,"Kirkland Signature Super B-Complex with Electrolytes, 500 Tablets",https://www.costco.com/p/-/238120,,,0,0,https://www.costco.com/adult-multi-letter-vitamins.html,,2026-10-03T02:46:16.800181+00:00
1863d78c-2707-537f-9359-c068e3bcb8e0,1738,100369190,98501,"Kirkland Signature Chewable Vitamin C 500 mg., 500 Tablets",https://www.costco.com/p/-/98501,,,0,0,https://www.costco.com/adult-multi-letter-vitamins.html,,2026-10-03T02:46:16.800181+00:00
d7bb657f-a94a-567c-b4bc-82538124d842,1738,19954,98211,"Kirkland Signature Vitamin E 180 mg., 500 Softgels",https://www.costco.com/p/-/98211,,,0,0,https://www.costco.com/adult-multi-letter-vitamins.html,,2026-10-03T02:46:16.800181+00:00
10aa116c-167b-564e-aea0-82701d9b004f,1738,4000412817,2001199,"Ritual Prenatal Multivitamin, 120 Capsules",https://www.costco.com/p/-/2001199,,,0,0,https://www.costco.com/adult-multi-letter-vitamins.html,,2026-10-03T02:46:16.800181+00:00
28c44d39-ef2f-5a86-8d93-536452730d35,1738,100401613,1197931,"Osteo Bi-Flex Triple Strength, 200 Tablets",https://www.costco.com/p/-/1197931,,,0,0,https://www.costco.com/glucosamine-joint-supplements.html,,2026-10-03T03:35:27.605285+00:00
8015e2d0-1d91-5085-a3ea-e2ee93724e3d,1738,11487038,389194,"Kirkland Signature Calcium 600 mg. with Vitamin D3, 500 Tablets",https://www.costco.com/p/-/389194,,,0,0,https://www.costco.com/all-vitamins-supplements.html,,2026-10-02T14:04:06.583331+00:00
945bedde-169b-58ad-8778-5af56ee303eb,1738,100666229,1458383,"Nature's Bounty Zinc 50 mg, 400 Caplets",https://www.costco.com/p/-/1458383,,,0,0,https://www.costco.com/all-vitamins-supplements.html,,2026-10-02T14:04:06.583331+00:00
9af19c97-1b0d-59a7-b45a-3e82981ea90b,1738,100338957,1116624,"Schiff Move Free Advanced Joint Supplement, 200 Tablets",https://www.costco.com/p/-/1116624,,,0,0,https://www.costco.com/glucosamine-joint-supplements.html,,2026-10-03T03:35:27.605285+00:00
f02cc486-9eca-5d8a-b37b-fb1685e7e05b,1738,4000042766,1687275,"Qunol Ultra CoQ10 100 mg., 180 Softgels",https://www.costco.com/p/-/1687275,,,0,0,https://www.costco.com/all-vitamins-supplements.html,,2026-10-02T14:04:14.880962+00:00
b1924882-7c9d-514e-86d9-8b3ef2d88d92,1738,100235314,1003144,"Schiff Move Free Ultra Triple Action Joint Supplement, 75 Tablets",https://www.costco.com/p/-/1003144,,,0,0,https://www.costco.com/glucosamine-joint-supplements.html,,2026-10-03T03:35:27.605285+00:00
5db6959b-6759-5975-a460-2c125be76e65,1738,100006067,536672,"Nature's Bounty Fish Oil 1400 mg, 130 Coated Softgels",https://www.costco.com/p/-/536672,,,0,0,https://www.costco.com/all-vitamins-supplements.html,,2026-10-02T14:04:14.880962+00:00
bd2d8b8c-15ac-5084-b3d2-7250c72d6fd3,1738,4201007975,2059615,"Neuro Energy & Focus Gum, Peppermint and Spearmint, 12-packs, 72 Total Pieces",https://www.costco.com/p/-/2059615,,,0,0,https://www.costco.com/dietary-supplements.html,,2026-10-03T03:18:20.173006+00:00
2a339770-1407-59ef-8ee4-339bdb20642f,1738,4000257142,1820338,"Kirkland Signature Krill Oil 500mg, 180 Softgels",https://www.costco.com/p/-/1820338,,,0,0,https://www.costco.com/fish-oil-omega-3.html,,2026-10-02T14:07:27.865584+00:00
21708f10-47a7-524e-9181-dcade4553933,1738,100683391,1476391,"Nature's Bounty Immune 24 Hour +, 120 Softgels",https://www.costco.com/p/-/1476391,,,0,0,https://www.costco.com/immune-support.html,,2026-10-03T03:53:16.102980+00:00
d3010386-004c-5ffc-9055-146111923d60,1738,4201013299,1851698,"Kirkland Signature Nativity Set, 14-piece",https://www.costco.com/p/-/1851698,,,0,0,https://www.costco.com/seasonal.html,,2026-10-02T14:11:46.915775+00:00
4c22c6ca-57ac-52c9-b66c-6b41a570d3d3,1738,4000359602,1739980,7.5' Pre-Lit Radiant Micro LED with Twinkle Artificial Christmas Tree,https://www.costco.com/p/-/1739980,,,0,0,https://www.costco.com/seasonal.html,,2026-10-02T14:11:46.915775+00:00
aa06dfdc-7efd-56d4-a30c-89a9f18d8f9e,1738,4201010017,1929673,Pokémon Holiday Calendar,https://www.costco.com/p/-/1929673,,,0,0,https://www.costco.com/seasonal.html,,2026-10-02T14:11:46.915775+00:00
cd89389a-a46f-57e7-bb32-efaf462b9ff4,1738,4000213634,1729162,BARK Winter Wooferland Toy and Treat Dog Advent Calendar,https://www.costco.com/p/-/1729162,,,0,0,https://www.costco.com/pet-supplies.html,,2026-10-03T04:17:43.486544+00:00
c26d064a-eda6-5f89-95dc-4d06de6401e9,1738,4201004863,1929671,"Boxed Pine Trees with Twinkle Lights, Set of 2",https://www.costco.com/p/-/1929671,,,0,0,https://www.costco.com/seasonal.html,,2026-10-02T14:11:46.915775+00:00
73fce2f4-e325-5ad0-a887-1d2961660480,1738,4201003961,1929667,4.5' Pre-Lit Whimsical Tree with LED Lights,https://www.costco.com/p/-/1929667,,,0,0,https://www.costco.com/seasonal.html,,2026-10-02T14:11:46.915775+00:00
7a3a1285-d78e-51e4-8e7b-cc380da8789f,1738,4000364564,1784954,"Disney Holiday Village, 13-piece Set",https://www.costco.com/p/-/1784954,,,0,0,https://www.costco.com/seasonal.html,,2026-10-02T14:11:46.915775+00:00
2af05c8f-0fd3-5311-9ef1-3a7b63ef535c,1738,4000365323,1784947,7’ Triple Lamp Post with LED Lights,https://www.costco.com/p/-/1784947,,,0,0,https://www.costco.com/seasonal.html,,2026-10-02T14:11:46.915775+00:00
5022a122-e6e6-5fc0-8a02-be7b2d01982d,1738,4000359360,1785051,9' Pre-Lit Radiant Micro LED with Twinkle Artificial Christmas Tree,https://www.costco.com/p/-/1785051,,,0,0,https://www.costco.com/seasonal.html,,2026-10-02T14:11:46.915775+00:00
ac117bf5-b53a-55a2-9c54-4e74f78de106,1738,100404247,262092,"USPS First-Class Holiday Forever Stamp, 100-count",https://www.costco.com/p/-/262092,,,0,0,https://www.costco.com/seasonal.html,,2026-10-02T14:11:46.915775+00:00
958d617b-7534-581b-abd8-8639b3e9e112,1738,4201017752,1929775,"Holiday Greeting Cards, 40-count",https://www.costco.com/p/-/1929775,,,0,0,https://www.costco.com/seasonal.html,,2026-10-02T14:11:46.915775+00:00
bac4f4a1-1a2f-51c5-9051-88a8b542c93b,1738,4000359330,1785052,12' Pre-Lit Radiant Micro LED with Twinkle Artificial Christmas Tree,https://www.costco.com/p/-/1785052,,,0,0,https://www.costco.com/seasonal.html,,2026-10-02T14:11:46.915775+00:00
a7f37bdc-2fd3-5edf-8742-822992137c3f,1738,4201001962,1929678,"12"" Color Changing Candy Cane LED Pathway Lights, Set of 6",https://www.costco.com/p/-/1929678,,,0,0,https://www.costco.com/seasonal.html,,2026-10-02T14:11:46.915775+00:00
182a28d6-88f2-5623-9d33-27f5933ce753,1738,4201008671,1929706,9' Pre-Lit LED with Twinkle Norfolk Mixed Artificial Garland,https://www.costco.com/p/-/1929706,,,0,0,https://www.costco.com/seasonal.html,,2026-10-02T14:11:46.915775+00:00
60f0f2c0-2922-592e-b1a6-0fab1e3d6c70,1738,4201000681,1851480,"18.5"" Snowy Woodland Village with Lights and Music",https://www.costco.com/p/-/1851480,,,0,0,https://www.costco.com/seasonal.html,,2026-10-02T14:11:54.448740+00:00
6251fe93-2493-525b-983f-09726cf51179,1738,4201006990,1929696,"BOO Wooden Light Up Letters, Set of 3",https://www.costco.com/p/-/1929696,,,0,0,https://www.costco.com/seasonal.html,,2026-10-02T14:11:54.448740+00:00
8b96b20a-ee67-58de-8df5-77401ee127cd,1738,4000364616,1784949,9.5' Star Arch with LED Twinkle Lights,https://www.costco.com/p/-/1784949,,,0,0,https://www.costco.com/seasonal.html,,2026-10-02T14:11:54.448740+00:00
7aace8c5-5405-5cad-9b4c-e2337944b091,1738,4201004387,2008742,"Kirkland Signature Gift Bows, 50ct",https://www.costco.com/p/-/2008742,,,0,0,https://www.costco.com/seasonal.html,,2026-10-02T14:11:54.448740+00:00
185ae089-1fe3-5c73-ba38-f0ed80a09ccf,1738,4000364543,1851488,7' Potted Tree with LED Lights,https://www.costco.com/p/-/1851488,,,0,0,https://www.costco.com/seasonal.html,,2026-10-02T14:11:54.448740+00:00
3924c74f-80b3-5a83-bfb2-8f47d0676f72,1738,4201004034,1851677,9' Pre-Lit Radiant Micro LED with Twinkle Artificial Greenery Garland,https://www.costco.com/p/-/1851677,,,0,0,https://www.costco.com/seasonal.html,,2026-10-02T14:11:54.448740+00:00
a1685951-0118-5d9c-bedc-84174ac06120,1738,4201009279,1851574,"20.25"" Dr. Seuss Grinch with Ugly Sweater Statue by Jim Shore",https://www.costco.com/p/-/1851574,,,0,0,https://www.costco.com/seasonal.html,,2026-10-02T14:11:54.448740+00:00
56b35d9c-2924-5dfc-9177-3b1ab16667c3,1738,4000359351,1784931,7.5' Pre-Lit Glitter Flocked Micro LED with Twinkle Artificial Christmas Tree,https://www.costco.com/p/-/1784931,,,0,0,https://www.costco.com/seasonal.html,,2026-10-02T14:11:54.448740+00:00
d0b7862a-678a-5f1e-ba4f-891f75468d2e,1738,100756567,2002026,Swarovski Annual Edition Ornament 2026,https://www.costco.com/p/-/2002026,,,0,0,https://www.costco.com/seasonal.html,,2026-10-02T14:11:54.448740+00:00
4c0e1fca-2230-537e-a67f-c804f73e1ba7,1738,4201013776,1851622,3.6' LED Mickey Pumpkin with Infinity LED Lights,https://www.costco.com/p/-/1851622,,,0,0,https://www.costco.com/seasonal.html,,2026-10-02T14:11:54.448740+00:00
39be7079-ede5-5ea2-a0a1-8bde53809bfc,1738,4201007961,1929704,"72"" Candy Canes with LED Twinkle Lights",https://www.costco.com/p/-/1929704,,,0,0,https://www.costco.com/seasonal.html,,2026-10-02T14:11:54.448740+00:00
2a0b2867-46e6-52e8-a3f8-e22a6c80d7b4,1738,4201004799,1929676,9' Pre-Lit Radiant Micro LED with Twinkle Artificial Flocked Greenery Garland,https://www.costco.com/p/-/1929676,,,0,0,https://www.costco.com/seasonal.html,,2026-10-02T14:11:54.448740+00:00
721c03bd-460e-5573-b97f-1faeb79047cd,1738,4201005378,1929710,"9"" Infinity Mirror LED Pathway Lights, Set of 6",https://www.costco.com/p/-/1929710,,,0,0,https://www.costco.com/hardware.html,,2026-10-03T03:42:59.759815+00:00
5698ca8d-e96d-54c7-a3a0-963961d35ac4,1738,4201008855,1929705,"30"" Pre-Lit LED with Twinkle Mixed Pine Artificial Wreath",https://www.costco.com/p/-/1929705,,,0,0,https://www.costco.com/seasonal.html,,2026-10-02T14:11:54.448740+00:00
9363515e-3e9c-5a98-8372-031548215591,1738,4000365630,1851630,"42"" Color Changing LED Tree",https://www.costco.com/p/-/1851630,,,0,0,https://www.costco.com/seasonal.html,,2026-10-02T14:11:54.448740+00:00
183aba95-c8a0-5456-b18c-bcefe1d33690,1738,4000376434,1898552,"Ninja Crispi 5-in-1 Portable Glass Air Fry Cooking System, 3 Containers & Cover",https://www.costco.com/p/-/1898552,,,0,0,https://www.costco.com/air-fryers.html,,2026-10-03T02:47:17.479740+00:00
de844556-a656-53d7-9ef0-cf915200d796,1738,100358145,1103106,Snapware Pyrex 18-piece Glass Food Storage Set,https://www.costco.com/p/-/1103106,,,0,0,https://www.costco.com/food-preparation-and-preservation.html,,2026-10-03T03:29:32.215537+00:00
12c26aad-f22c-526d-883e-48a5b1834b0d,1738,4201001015,2012125,"15"" Skylight Calendar 2 Touchscreen Display and Organizer Classic Bundle",https://www.costco.com/p/-/2012125,,,0,0,https://www.costco.com/home-and-decor.html,,2026-10-02T14:32:12.781220+00:00
d483c5aa-152c-5b71-9179-ebea745bf4cc,1738,4201011528,2050373,Pyrex 8-piece Glass Mixing Bowls with Lids,https://www.costco.com/p/-/2050373,,,0,0,https://www.costco.com/food-preparation-and-preservation.html,,2026-10-03T03:29:32.215537+00:00
da16cbc3-e61c-5410-9acc-259ef78795ef,1738,4000434974,2004079,Ello 10-piece Glass Meal Prep Container Set.,https://www.costco.com/p/-/2004079,,,0,0,https://www.costco.com/food-preparation-and-preservation.html,,2026-10-03T03:29:32.215537+00:00
c05b956c-7740-57ba-bb8c-9f332a39acba,1738,4000447452,1901847,Trudeau 12-piece Glass Airtight Food Containers,https://www.costco.com/p/-/1901847,,,0,0,https://www.costco.com/food-preparation-and-preservation.html,,2026-10-03T03:29:32.215537+00:00
0a47770a-c0c9-5f1d-90d8-91a942039cc0,1738,4000441246,1901822,MIU 3-piece Wood Fiber Cutting Board,https://www.costco.com/p/-/1901822,,,0,0,https://www.costco.com/home-and-decor.html,,2026-10-02T14:32:12.781220+00:00
134d51d4-6574-517f-8d6c-7f9c2fe38ab1,1738,4000322199,1873241,"T-fal Ceramic Non-Stick Frypan Set, 3-piece",https://www.costco.com/p/-/1873241,,,0,0,https://www.costco.com/bakeware-cookware.html,,2026-10-03T02:50:29.055652+00:00
86319385-d25c-54ce-b73b-48495fbc9e48,1738,4000361281,1928743,"SINGER Heavy Duty 8832 Sewing Machine, Black",https://www.costco.com/p/-/1928743,,,0,0,https://www.costco.com/home-and-decor.html,,2026-10-02T14:32:12.781220+00:00
ab1ee32d-80d9-5e55-b06b-04c32388e933,1738,4000449464,2041964,"Yankee Candle Small Tumbler Candle Set, 6-pack",https://www.costco.com/p/-/2041964,,,0,0,https://www.costco.com/home-and-decor.html,,2026-10-02T14:32:12.781220+00:00
9b372d06-a8f6-56fc-a08d-fedb1a5823f0,1738,100703882,6982991,Hotel Grand White Down Comforter,https://www.costco.com/p/-/6982991,,,0,0,https://www.costco.com/home-and-decor.html,,2026-10-02T14:32:12.781220+00:00
560b32af-577e-5bb5-bebd-6a2e64c9bcba,1738,100502268,1298037,Snapware 38-piece Plastic Food Storage Set,https://www.costco.com/p/-/1298037,,,0,0,https://www.costco.com/food-preparation-and-preservation.html,,2026-10-03T03:29:32.215537+00:00
f7f345d6-a7db-57a0-ae49-b8496c67219d,1738,4000448743,2040897,"USA Pan Half Baking Sheets, Set of 2",https://www.costco.com/p/-/2040897,,,0,0,https://www.costco.com/bakeware-cookware.html,,2026-10-03T02:50:29.055652+00:00
d4b829e7-aa2b-5408-9eba-68ad137608ff,1738,4201004909,1901867,T-fal 12-piece Tri-Ply Stainless Steel Cookware Set,https://www.costco.com/p/-/1901867,,,0,0,https://www.costco.com/bakeware-cookware.html,,2026-10-03T02:50:29.055652+00:00
6c205acc-f5c5-5b40-8dc9-d100badf2b3a,1738,4000359830,1513024,Ninja Flip 10-in-1 Toaster Oven & Air Fryer with Added Broil Rack,https://www.costco.com/p/-/1513024,,,0,0,https://www.costco.com/appliances.html,,2026-10-03T02:48:49.804693+00:00
e88b1005-4b8a-57b1-a8b2-aaea3e78e94f,1738,4000384289,1956341,Skylight 27” Calendar Max Classic Bundle,https://www.costco.com/p/-/1956341,,,0,0,https://www.costco.com/home-and-decor.html,,2026-10-02T14:32:21.946072+00:00
55d37cd0-7aca-56ca-8f2e-924ac18fe638,1738,4000394757,1901727,Henckels Paradigm Ceramic 11-piece Cookware Set,https://www.costco.com/p/-/1901727,,,0,0,https://www.costco.com/bakeware-cookware.html,,2026-10-03T02:50:29.055652+00:00
c096a46a-e31c-57e7-9dd3-9eb4556e6920,1738,4201003394,2028273,"Bellevue Luxury 11 oz. Glass Candle, Set of 4",https://www.costco.com/p/-/2028273,,,0,0,https://www.costco.com/home-and-decor.html,,2026-10-02T14:32:21.946072+00:00
058ef9ba-1f77-5610-b2a6-3e2276772e8c,1738,100497360,1276702,"Kirkland Signature Water Filter Cartridge, 10-pack set",https://www.costco.com/p/-/1276702,,,0,0,https://www.costco.com/hardware-kitchen.html,,2026-10-03T03:42:05.229926+00:00
a2bd9f70-eb14-5a2f-8b6e-b889128914f5,1738,4000356069,1806226,Kohler HydroRail 3-in-1 Multifunction Showerhead and Column Kit,https://www.costco.com/p/-/1806226,,,0,0,https://www.costco.com/hardware.html,,2026-10-03T03:42:43.863001+00:00
926ed691-1425-5dac-bf73-9f4acb7b7802,1738,4201005862,1901757,"Signature Housewares Figural Christmas Mugs, 4-piece Set",https://www.costco.com/p/-/1901757,,,0,0,https://www.costco.com/home-and-decor.html,,2026-10-02T14:32:21.946072+00:00
b6f5ed9b-681f-59dc-8ca4-41e88bbf276b,1738,4000422340,1901805,Tramontina 8-Quart Stainless Steel Tri-ply Base Multicooker with Pasta Insert,https://www.costco.com/p/-/1901805,,,0,0,https://www.costco.com/bakeware-cookware.html,,2026-10-03T02:50:29.055652+00:00
5411c80c-1c6b-52b7-94b9-f70f784cb460,1738,4000382105,1806317,Kohler Assert Multifunction 1.75GPM Handshower,https://www.costco.com/p/-/1806317,,,0,0,https://www.costco.com/hardware.html,,2026-10-03T03:42:43.863001+00:00
58c920b7-5972-55fe-a207-ec5ec1107fd5,1738,4000404636,4543452,Conair 3-in-1 ExtremeSteam Garment Steamer,https://www.costco.com/p/-/4543452,,,0,0,https://www.costco.com/home-and-decor.html,,2026-10-02T14:32:21.946072+00:00
24053079-dc22-5909-96db-ecc776ab51b5,1738,4201006161,1881829,Bergner 16.9-quart Stainless Steel Stock Pot with Lid,https://www.costco.com/p/-/1881829,,,0,0,https://www.costco.com/bakeware-cookware.html,,2026-10-03T02:50:29.055652+00:00
847859d5-7862-50a5-8e23-4acbcc3f9216,1738,100504550,1310002,"Hotel Grand Feather & Down Pillow, 2-pack",https://www.costco.com/p/-/1310002,,,0,0,https://www.costco.com/home-and-decor.html,,2026-10-02T14:32:21.946072+00:00
7a2139c3-29ce-524f-ad50-6eb186b5d07f,1738,4201005757,2031978,"Home & Body Toile Fleur Reed Diffuser, Set of 3",https://www.costco.com/p/-/2031978,,,0,0,https://www.costco.com/home-and-decor.html,,2026-10-02T14:32:21.946072+00:00
c1668e36-466a-5663-b7cf-2e27cd727f08,1738,4000326645,1867814,"Sealy Sterling Huggable Pillow Standard, 2-pack",https://www.costco.com/p/-/1867814,,,0,0,https://www.costco.com/home-and-decor.html,,2026-10-02T14:32:21.946072+00:00
689719ae-27bd-54ba-8063-108c86ad478b,1738,4201008675,2034213,Smart Design Acacia Couch Console,https://www.costco.com/p/-/2034213,,,0,0,https://www.costco.com/kitchen-dining.html,,2026-10-03T04:00:04.359596+00:00
6eacc500-cdd3-5914-b20a-562008aa8f08,1738,4201005563,1901845,GreenPan 3-Piece Spectra Hybrid Frypan Set,https://www.costco.com/p/-/1901845,,,0,0,https://www.costco.com/bakeware-cookware.html,,2026-10-03T02:50:29.055652+00:00
50cc1596-f291-5689-88bd-f9839648b02b,1738,4000424476,2002510,Serenity by Tempur-Pedic Frost Cooling Memory Foam Pillow,https://www.costco.com/p/-/2002510,,,0,0,https://www.costco.com/home-and-decor.html,,2026-10-02T14:32:31.177933+00:00
4dea094c-0d72-55bc-8262-26a3d96b560c,1738,4201007792,1856257,Teakhaus Teak Bench,https://www.costco.com/p/-/1856257,,,0,0,https://www.costco.com/hardware.html,,2026-10-03T03:42:59.759815+00:00
9eeb427c-8854-51ab-bac5-2532f35f92cc,1738,4201006186,2034237,"Trudeau Structure Muffin Pans, 2-pack",https://www.costco.com/p/-/2034237,,,0,0,https://www.costco.com/bakeware-cookware.html,,2026-10-03T02:50:29.055652+00:00
4868758c-8221-5b8d-868f-b6402177f189,1738,100131571,987554,"Brita Replacement Water Filters, 10-pack",https://www.costco.com/p/-/987554,,,0,0,https://www.costco.com/hardware-kitchen.html,,2026-10-03T03:42:05.229926+00:00
91f99c68-a9e7-5ee1-a6e7-da3e1332fc37,1738,100688338,4874102,"Sealy Sterling Collection Down-Alternative Pillow, 2-pack",https://www.costco.com/p/-/4874102,,,0,0,https://www.costco.com/home-and-decor.html,,2026-10-02T14:32:31.177933+00:00
69bf3763-6f3b-54e7-bdb5-6fa0cf68a657,1738,4000335610,1806250,TOTO Washlet Elongated Bidet Seat with SoftClose Lid,https://www.costco.com/p/-/1806250,,,0,0,https://www.costco.com/hardware.html,,2026-10-03T03:42:52.175920+00:00
6dc240c2-c89a-5b8a-9222-8354ec8be777,1738,4201008396,1901868,"Trudeau Nesting Serving Bowls, 2-piece",https://www.costco.com/p/-/1901868,,,0,0,https://www.costco.com/kitchen-dining.html,,2026-10-03T04:00:04.359596+00:00
c9f771d1-b43a-5cf9-ae1e-c66aa03d7c77,1738,4000372072,1889825,Delta Adjustable Shower Head with Hand Shower,https://www.costco.com/p/-/1889825,,,0,0,https://www.costco.com/hardware.html,,2026-10-03T03:42:59.759815+00:00
29c31f8b-092f-5345-870a-34adfa7769be,1738,4000436803,2016277,"Beautyrest Cooling Memory Foam Cluster Pillow, 2-pack",https://www.costco.com/p/-/2016277,,,0,0,https://www.costco.com/home-and-decor.html,,2026-10-02T14:32:40.576760+00:00
c8292ba4-e377-523b-abda-546703088847,1738,4000358838,1887516,"Chef iQ Smart Thermometer and Hub, 2-probe Set",https://www.costco.com/p/-/1887516,,,0,0,https://www.costco.com/home-and-decor.html,,2026-10-02T14:32:40.576760+00:00
988dad8d-f00f-54c2-bd11-506660c91eef,1738,4201024427,2066493,Parker Stone Collection by Aura Wi-Fi Digital Photo Frame,https://www.costco.com/p/-/2066493,,,0,0,https://www.costco.com/home-and-decor.html,,2026-10-02T14:32:40.576760+00:00
fccb8e35-b7fe-511c-b28b-178339f833af,1738,4000445408,1938012,Kohler 8L Step Trash Can,https://www.costco.com/p/-/1938012,,,0,0,https://www.costco.com/home-and-decor.html,,2026-10-02T14:32:40.576760+00:00
9335ee5e-9e31-5ec6-a6a2-640a75583617,1738,4000196717,1745468,Henckels Forged Elite 15-piece Knife Set,https://www.costco.com/p/-/1745468,,,0,0,https://www.costco.com/home-and-decor.html,,2026-10-02T14:32:40.576760+00:00
11ce0537-a26b-5f7b-8fc9-e529f15fbb2b,1738,4201024377,2068911,Summit Gravel By Aura Wi-Fi Digital Photo Frame,https://www.costco.com/p/-/2068911,,,0,0,https://www.costco.com/home-and-decor.html,,2026-10-02T14:32:40.576760+00:00
b5bb92c9-c3fc-5f9a-835f-8349ecba39cf,1738,4000374144,1953158,Ingersoll Rand Edge 155-piece Master Mechanic's Tool Set,https://www.costco.com/p/-/1953158,,,0,0,https://www.costco.com/hardware.html,,2026-10-03T03:42:43.863001+00:00
f0cf5351-5a78-52cf-a338-bf06ee2298e2,1738,4000112513,540003,First Alert Rechargeable Heavy Duty Fire Extinguisher UL Rated 3-A:40-BC,https://www.costco.com/p/-/540003,,,0,0,https://www.costco.com/hardware.html,,2026-10-03T03:42:43.863001+00:00
5810293c-cf44-5d2c-81a4-0107068b8ed2,1738,100976583,2322029,Greenmade 5-Tier Utility Rack,https://www.costco.com/p/-/2322029,,,0,0,https://www.costco.com/hardware.html,,2026-10-03T03:42:43.863001+00:00
44f696f1-5fb7-5a20-b183-e2b3b42413aa,1738,4000266385,1806569,Mohawk Home 6MM Thick 9.4in X 47.8in 22 MIL Waterproof Luxury Vinyl Plank Flooring (15.65 sq ft/ctn),https://www.costco.com/p/-/1806569,,,0,0,https://www.costco.com/hardware.html,,2026-10-03T03:42:43.863001+00:00
fcda5d73-d546-51c2-a09a-a84db1fb26fb,1738,4000218743,1758910,"First Alert Precision Detection, 10-year Battery Smoke and Carbon Monoxide Alarm, 2-pack",https://www.costco.com/p/-/1758910,,,0,0,https://www.costco.com/hardware.html,,2026-10-03T03:42:43.863001+00:00
4e3a0b9d-edb4-5adb-ace0-c7fd8dfe87df,1738,4000421002,1938018,Artika Bowen Solar LED Address Wall Light,https://www.costco.com/p/-/1938018,,,0,0,https://www.costco.com/hardware.html,,2026-10-03T03:42:43.863001+00:00
2a3b51e7-0868-5e68-bc7f-8e95dd6309be,1738,4000439630,2004793,Mohawk Home 6MM Thick x 9.43in x 47.8in 22 mil Waterproof Luxury Vinyl Plank Flooring (15.65 sq ft/ctn),https://www.costco.com/p/-/2004793,,,0,0,https://www.costco.com/hardware.html,,2026-10-03T03:42:43.863001+00:00
7f2747ee-b72c-56b4-85bf-a5da160e58c0,1738,4000292011,1600212,"Gorilla Rack Z-Beam 5-shelf Steel Storage Rack, 48“ x 24“ x 72""",https://www.costco.com/p/-/1600212,,,0,0,https://www.costco.com/hardware.html,,2026-10-03T03:42:43.863001+00:00
47decfdd-2efa-5574-8142-fdd4be6c3e4e,1738,4000419023,2009560,"Little Giant Ladders Megalite M18 Telescoping Multi-position Ladder with Ladder Rack, 18-ft Reach",https://www.costco.com/p/-/2009560,,,0,0,https://www.costco.com/hardware.html,,2026-10-03T03:42:43.863001+00:00
96aa6c7a-f559-52ee-b1e1-aefad41820d8,1738,4000404952,1806289,Kohler Rodean Kitchen Sink Faucet,https://www.costco.com/p/-/1806289,,,0,0,https://www.costco.com/hardware-kitchen.html,,2026-10-03T03:42:05.229926+00:00
3ddbe381-bda1-554b-a86c-55f81df33a3c,1738,4000411792,1996984,Jackery Explorer 1500 v2 Solar Generator with Solar Panel 100Air,https://www.costco.com/p/-/1996984,,,0,0,https://www.costco.com/hardware.html,,2026-10-03T03:42:43.863001+00:00
acf7d258-4c4b-5ede-a74e-47a7c00c8cc4,1738,4000390930,1959104,HOTO Flexi Cordless Spin Scrubber,https://www.costco.com/p/-/1959104,,,0,0,https://www.costco.com/hardware.html,,2026-10-03T03:42:43.863001+00:00
aec9a2d8-8e61-5df9-b09e-ff52f33658b9,1738,100677580,1558000,"SafeRacks Storage Bin Rack, 5 Tote Capacity, NSF Certified",https://www.costco.com/p/-/1558000,,,0,0,https://www.costco.com/hardware.html,,2026-10-03T03:42:43.863001+00:00
ae673ca5-7b85-52b4-940e-d8466eee7fe2,1738,4000412583,1806325,"Firman Tri Fuel Portable Generator 7850/6300W Electric Start, Gas, CO Alert",https://www.costco.com/p/-/1806325,,,0,0,https://www.costco.com/hardware.html,,2026-10-03T03:42:43.863001+00:00
7cebe40e-8398-5fcc-93c4-9dbf48a56d14,1738,4000392180,1974257,"Fanttik W10 APEX 4"" Mini Chainsaw",https://www.costco.com/p/-/1974257,,,0,0,https://www.costco.com/hardware.html,,2026-10-03T03:42:43.863001+00:00
58171d63-da37-5e7e-955a-3a93a755f737,1738,4000403893,1937955,"GTX Solar LED Pathway Lights, 4-pack",https://www.costco.com/p/-/1937955,,,0,0,https://www.costco.com/hardware.html,,2026-10-03T03:42:43.863001+00:00
22effb51-7e88-50b3-8e6e-50bcf05a8cf4,1738,4000385994,1806359,Feit 48' LED String Light,https://www.costco.com/p/-/1806359,,,0,0,https://www.costco.com/hardware.html,,2026-10-03T03:42:43.863001+00:00
994e4107-4485-519c-a92f-d141b338abf2,1738,4201017782,2070429,Jackery FridgeGuard Smart Fridge Backup Power Station,https://www.costco.com/p/-/2070429,,,0,0,https://www.costco.com/hardware.html,,2026-10-03T03:42:43.863001+00:00
69951651-e14e-55e6-aeda-209296a4864b,1738,4000411063,1938099,Artika Eclipse Solar String Light with Remote,https://www.costco.com/p/-/1938099,,,0,0,https://www.costco.com/hardware.html,,2026-10-03T03:42:43.863001+00:00
b88ccd19-ac05-56df-9873-cd5e1e2bdeaa,1738,4000397241,2040502,Jackery Explorer 600 v2 Solar Generator,https://www.costco.com/p/-/2040502,,,0,0,https://www.costco.com/hardware.html,,2026-10-03T03:42:52.175920+00:00
e7e3185f-7d35-501d-8d6c-8c2527f996b2,1738,4000448497,1938060,"TRINITY PRO EcoTuff 6-Tier Wire Shelving Rack, 48” x 18” x “72” NSF, Includes Wheels",https://www.costco.com/p/-/1938060,,,0,0,https://www.costco.com/hardware.html,,2026-10-03T03:42:52.175920+00:00
65ba3697-da53-55c2-85f9-bfde678238bd,1738,4000320081,1806215,Artika Sonolok Sound-Absorbing Slatted Panel Kit,https://www.costco.com/p/-/1806215,,,0,0,https://www.costco.com/hardware.html,,2026-10-03T03:42:52.175920+00:00
48a0ffa4-997c-505a-aed3-67360777457d,1738,4000385781,1961920,HOTO Cordless Auto-Dispensing Glue Gun,https://www.costco.com/p/-/1961920,,,0,0,https://www.costco.com/hardware.html,,2026-10-03T03:42:52.175920+00:00
54f0242a-fbbb-59b7-a503-5a86c2021879,1738,4000420691,1937919,Artika Royce 32” x 24” LED Wall Mirror with Defogger,https://www.costco.com/p/-/1937919,,,0,0,https://www.costco.com/hardware.html,,2026-10-03T03:42:52.175920+00:00
a4bcf8ea-ea79-5de6-9440-cf6f7554a8dd,1738,4000350998,1806222,"Kohler Provo 33"" Dual Mount Single-bowl Workstation Kitchen Sink Kit",https://www.costco.com/p/-/1806222,,,0,0,https://www.costco.com/hardware-kitchen.html,,2026-10-03T03:42:05.229926+00:00
af32ea90-104e-5909-a3a7-45743e1f2972,1738,4000438243,1937997,COSCO 5-in-1 Convertible Hand Truck with 3 Position Extendable Handle,https://www.costco.com/p/-/1937997,,,0,0,https://www.costco.com/hardware.html,,2026-10-03T03:42:52.175920+00:00
7dcd59bb-d9c2-5daf-b74c-6cc6e7b16750,1738,4000392789,1806313,Artika Sunnyvale 28” Fandelier with Remote,https://www.costco.com/p/-/1806313,,,0,0,https://www.costco.com/hardware.html,,2026-10-03T03:42:52.175920+00:00
f3014ef5-a7b9-514d-a67a-c0ffc286de2e,1738,4000319673,1878939,American Standard Slim-Line 1.25HP Garbage Disposer,https://www.costco.com/p/-/1878939,,,0,0,https://www.costco.com/hardware-kitchen.html,,2026-10-03T03:42:05.229926+00:00
1b996c01-48cb-5895-9353-f18f09966aa0,1738,4000360679,1936026,HOTO Wand Cordless Spin Scrubber,https://www.costco.com/p/-/1936026,,,0,0,https://www.costco.com/hardware.html,,2026-10-03T03:42:52.175920+00:00
90637f7c-75cd-5338-96c5-629644163fdc,1738,4000412083,1938000,Feit Electric 15” Round Ceiling Fixture with Night Light,https://www.costco.com/p/-/1938000,,,0,0,https://www.costco.com/hardware.html,,2026-10-03T03:42:52.175920+00:00
551719c1-3f21-5227-b597-04a60bec0c10,1738,4000366387,1806351,"Excello Global Products 10 ft. String Light Pole, 2-pack",https://www.costco.com/p/-/1806351,,,0,0,https://www.costco.com/hardware.html,,2026-10-03T03:42:52.175920+00:00
26fd3c46-19c4-519e-966a-2021674a3661,1738,4000450030,1937993,KODA Hardwire Motion Activated LED Security Floodlight,https://www.costco.com/p/-/1937993,,,0,0,https://www.costco.com/hardware.html,,2026-10-03T03:42:52.175920+00:00
c0d8cc25-afb2-52b1-9335-b642ba7570a4,1738,4000340301,1859466,"Globe Electric 14"" Matte Black Outdoor Wall Light with GFCI Outlet",https://www.costco.com/p/-/1859466,,,0,0,https://www.costco.com/hardware.html,,2026-10-03T03:42:52.175920+00:00
e2ef6365-4e2b-57ad-a418-637b420e2ac1,1738,4000422253,2012412,"United Weavers Urban Impressions WPC Flooring 8 MM Thick with 22 Mil Wear Layer, 14.74 sq.ft/ctn",https://www.costco.com/p/-/2012412,,,0,0,https://www.costco.com/hardware.html,,2026-10-03T03:42:52.175920+00:00
a62e227d-9de8-5b9d-ab94-df7c815f4099,1738,4201024127,1937994,Damara Semi-professional Kitchen Sink Faucet with Four-function Sprayhead,https://www.costco.com/p/-/1937994,,,0,0,https://www.costco.com/hardware-kitchen.html,,2026-10-03T03:42:05.229926+00:00
b25f8128-cfa0-5ef7-ba92-1a089a8db779,1738,4000375159,1904701,Mohawk Home 6MM Thick x 8.9in x 46.5in 22 mil Waterproof Luxury Vinyl Plank Flooring (14.35 sq ft/ctn),https://www.costco.com/p/-/1904701,,,0,0,https://www.costco.com/hardware.html,,2026-10-03T03:42:52.175920+00:00
fb473be0-050a-532f-a3b4-a89f1ce287f0,1738,4201007825,1938065,Kohler Haku Dual Mount Workstation Kitchen Sink Kit,https://www.costco.com/p/-/1938065,,,0,0,https://www.costco.com/hardware-kitchen.html,,2026-10-03T03:42:05.229926+00:00
f233f926-ad60-538d-8bca-0e344b301b32,1738,4000412525,1975695,Mohawk Home 12MM Thick 9.4in X 47.2in AC4 Waterproof Surface Laminate Wood Plank Flooring (18.6 sq ft/ctn),https://www.costco.com/p/-/1975695,,,0,0,https://www.costco.com/hardware.html,,2026-10-03T03:42:59.759815+00:00
e700a131-811f-5c41-945a-04ec35ab29a6,1738,4201012827,1996039,Artika Sonokit Wall Panel Accessory Kit,https://www.costco.com/p/-/1996039,,,0,0,https://www.costco.com/hardware.html,,2026-10-03T03:42:59.759815+00:00
f7d28553-2de0-5833-bb31-f39169ced3cf,1738,4000355070,1806320,Lutec Craftsman Style Outdoor LED Wall Lantern,https://www.costco.com/p/-/1806320,,,0,0,https://www.costco.com/hardware.html,,2026-10-03T03:42:59.759815+00:00
a9fe5962-f905-569a-8c94-f9b3c13bdf9f,1738,4000411477,1975773,"Feit Electric 100W Replacement 5-CCT LED Classic Glass A19 Bulbs, 4-pack",https://www.costco.com/p/-/1975773,,,0,0,https://www.costco.com/hardware.html,,2026-10-03T03:42:59.759815+00:00
4143182d-5d0b-552e-804e-58fbbfa23c74,1738,4000443169,1937952,Energetic Lighting 14” Arcadia Flush Mount with Selectable CCT & Halo Accent Light,https://www.costco.com/p/-/1937952,,,0,0,https://www.costco.com/hardware.html,,2026-10-03T03:42:59.759815+00:00
682b03ca-e600-5855-9e70-a2af161ca129,1738,4000449524,1938066,"Duracell 1600 Lumen Hybrid Power LED Flashlight, 3-pack",https://www.costco.com/p/-/1938066,,,0,0,https://www.costco.com/hardware.html,,2026-10-03T03:42:59.759815+00:00
6b148707-8eb4-53c1-b8bf-1711afd52cc6,1738,100237478,440031,"Round Brilliant 0.23 ctw VS2 Clarity, I Color Diamond 14kt Gold Screwback Stud Earrings",https://www.costco.com/p/-/440031,,,0,0,https://www.costco.com/jewelry.html,,2026-10-02T16:05:09.778823+00:00
d47001e3-57ee-5551-9c30-664eb220af33,1738,100704815,1505087,14kt Yellow Gold Paperclip Bracelet,https://www.costco.com/p/-/1505087,,,0,0,https://www.costco.com/jewelry.html,,2026-10-02T16:05:09.778823+00:00
094ad676-202b-5316-8bc5-76629d81723b,1738,4000184414,1745992,14kt Gold Diamond Cut Box Chain,https://www.costco.com/p/-/1745992,,,0,0,https://www.costco.com/jewelry.html,,2026-10-02T16:05:09.778823+00:00
a2eaeb80-9fcd-5289-9396-1c27b2f7eaf6,1738,4000375475,1956868,14kt Yellow Gold Puffed Heart Necklace,https://www.costco.com/p/-/1956868,,,0,0,https://www.costco.com/jewelry.html,,2026-10-02T16:05:09.778823+00:00
d6977257-fd68-5085-bbd8-70238e6d8b1b,1738,4000191177,1750833,"Seiko Essentials Two Tone Mother of Pearl Dial Women's Quartz Watch, 29.8mm",https://www.costco.com/p/-/1750833,,,0,0,https://www.costco.com/jewelry.html,,2026-10-02T16:05:09.778823+00:00
a99685d1-87d4-5f9c-b2c8-a5aed9c9d135,1738,4000276983,1839752,"Bulova Two Tone Stainless Steel Quartz Women's Watch, 28mm",https://www.costco.com/p/-/1839752,,,0,0,https://www.costco.com/jewelry.html,,2026-10-02T16:05:09.778823+00:00
0af229fc-7599-5357-baa8-3aba194212e6,1738,100705430,1497761,Gemstone 14kt Yellow Gold Dangle Earrings,https://www.costco.com/p/-/1497761,,,0,0,https://www.costco.com/jewelry.html,,2026-10-02T16:05:09.778823+00:00
1a64c3a6-2aac-542e-a266-3f9c3205ea53,1738,4000300492,1867968,Gemstone and Diamond 14kt Gold Flower Earrings,https://www.costco.com/p/-/1867968,,,0,0,https://www.costco.com/jewelry.html,,2026-10-02T16:05:09.778823+00:00
df321df6-0880-5d1c-afdf-cc1df6eb2071,1738,4000021858,1672667,"Round Brilliant 0.75 ctw VS2 Clarity, G Color Diamond 14kt White Gold Ring",https://www.costco.com/p/-/1672667,,,0,0,https://www.costco.com/jewelry.html,,2026-10-02T16:05:09.778823+00:00
dfcb16f5-2e2d-5bf2-b892-a1c102fc4b98,1738,4000267135,1831417,Freshwater Cultured 5-9mm Graduated Pearl Strand with 14kt Yellow Gold Bead and Clasp,https://www.costco.com/p/-/1831417,,,0,0,https://www.costco.com/jewelry.html,,2026-10-02T16:05:09.778823+00:00
ceb71acb-bc13-5911-ba78-78d4d58386d5,1738,100734254,1526630,"Casio G-Shock Mudmaster Men's Quartz Watch, 54.9mm",https://www.costco.com/p/-/1526630,,,0,0,https://www.costco.com/jewelry.html,,2026-10-02T16:05:09.778823+00:00
8d1f26b0-9635-5cc5-9d46-8ea92f99f564,1738,4000279561,1841843,14kt Yellow Gold Teardrop Necklace,https://www.costco.com/p/-/1841843,,,0,0,https://www.costco.com/jewelry.html,,2026-10-02T16:05:09.778823+00:00
8d136579-042d-5963-8da2-173cf84b495c,1738,4000095951,1708833,"Invicta Bolt Stainless Steel Women's Quartz Watch, 36.5mm",https://www.costco.com/p/-/1708833,,,0,0,https://www.costco.com/jewelry.html,,2026-10-02T16:05:09.778823+00:00
e21b3ee3-c03e-5cb2-96ee-323d842f7cea,1738,4000229278,1804646,14kt Gold Hoop Earrings,https://www.costco.com/p/-/1804646,,,0,0,https://www.costco.com/jewelry.html,,2026-10-02T16:05:09.778823+00:00
4663b89b-5dd6-5bb6-9e68-81ccf5ac530e,1738,100983956,1665457,"Seiko Essentials Green Sunray Dial Men's Quartz Watch, 40.2mm",https://www.costco.com/p/-/1665457,,,0,0,https://www.costco.com/jewelry.html,,2026-10-02T16:05:09.778823+00:00
405a70f1-c870-5e0b-9ae2-4caf96c795f6,1738,4000188332,1745991,14kt Gold Diamond Cut Round Box Chain,https://www.costco.com/p/-/1745991,,,0,0,https://www.costco.com/jewelry.html,,2026-10-02T16:05:09.778823+00:00
05b1d59d-f4c3-54f4-85f9-4025ee1f8e4d,1738,4000176414,1740072,Black Onyx Bead 14kt Yellow Gold Necklace,https://www.costco.com/p/-/1740072,,,0,0,https://www.costco.com/jewelry.html,,2026-10-02T16:05:09.778823+00:00
92aae9c6-e9f0-5d6f-bab6-9073e5021be0,1738,4000437994,2036427,"Bulova Classic Stainless Steel Diamond Rectangle Blue Dial Women's Quartz Watch, 21mm",https://www.costco.com/p/-/2036427,,,0,0,https://www.costco.com/jewelry.html,,2026-10-02T16:05:09.778823+00:00
5b5d07af-9659-569c-bb3b-c6945215948d,1738,4000322307,1891451,"Philipp Plein Spectre Chronograph Gold Tone Quartz Men's Watch, 44mm",https://www.costco.com/p/-/1891451,,,0,0,https://www.costco.com/jewelry.html,,2026-10-02T16:05:09.778823+00:00
fb664c15-ceb3-591d-9349-08ea9308bf5c,1738,100792925,1606018,Freshwater Cultured 8-8.5mm Multi-Pink Pearl Strand With 14kt Rose Gold Clasp,https://www.costco.com/p/-/1606018,,,0,0,https://www.costco.com/jewelry.html,,2026-10-02T16:05:09.778823+00:00
432f0524-375f-5ac4-9622-535035031a39,1738,4000326871,1896944,14kt Yellow Gold Cross Bolo Bracelet,https://www.costco.com/p/-/1896944,,,0,0,https://www.costco.com/jewelry.html,,2026-10-02T16:05:09.778823+00:00
38402c0f-4e2b-5eee-9df1-707b544a4c9c,1738,4000308699,1876159,White Topaz 14kt Yellow Gold Necklace,https://www.costco.com/p/-/1876159,,,0,0,https://www.costco.com/jewelry.html,,2026-10-02T16:05:09.778823+00:00
423fc715-6265-5ae9-a43b-16fb234b9bcb,1738,100301863,1082650,"Round Brilliant 1.10 ctw VS2 Clarity, I Color Diamond 14kt White Gold Wedding Set",https://www.costco.com/p/-/1082650,,,0,0,https://www.costco.com/jewelry.html,,2026-10-02T16:05:09.778823+00:00
d902b4ea-9f9b-5fea-bd66-653f4dcd0691,1738,100762810,1565663,London Blue Topaz and Diamond 14kt White Gold Ring,https://www.costco.com/p/-/1565663,,,0,0,https://www.costco.com/jewelry.html,,2026-10-02T16:05:16.701003+00:00
d323161b-bae7-5b2e-886d-0dfa4bf3efb0,1738,100698014,1525252,Freshwater Cultured 6.5-7mm Pearl 14kt Yellow Gold Clasp,https://www.costco.com/p/-/1525252,,,0,0,https://www.costco.com/jewelry.html,,2026-10-02T16:05:16.701003+00:00
9f51d72f-97c9-58cf-b03a-b7a3a39e45b0,1738,100506719,1365159,Lab Created Emerald and Diamond 14kt White Gold Ring,https://www.costco.com/p/-/1365159,,,0,0,https://www.costco.com/jewelry.html,,2026-10-02T16:05:16.701003+00:00
dbdfe109-b733-5a8f-ab0c-8a73b9413bd0,1738,100704457,1505003,"14kt Two-Tone Gold Diamond Cut Crucifix on an 18-20"" Chain",https://www.costco.com/p/-/1505003,,,0,0,https://www.costco.com/jewelry.html,,2026-10-02T16:05:16.701003+00:00
ed34ba36-72e6-5a85-8588-f33595c541e2,1738,4000334369,1906829,14kt Yellow Gold Huggie Hoop Earrings,https://www.costco.com/p/-/1906829,,,0,0,https://www.costco.com/jewelry.html,,2026-10-02T16:05:16.701003+00:00
fd90e650-0147-59a8-9783-985863aac338,1738,4000221583,1777506,14kt Gold High Polish Rope Chain,https://www.costco.com/p/-/1777506,,,0,0,https://www.costco.com/jewelry.html,,2026-10-02T16:05:16.701003+00:00
3fc8eb3e-ea23-5962-ad41-f63e6459c09b,1738,4000281005,1843607,"Invicta Racing Black Stainless Steel Case Men's Quartz Watch, 47mm",https://www.costco.com/p/-/1843607,,,0,0,https://www.costco.com/jewelry.html,,2026-10-02T16:05:16.701003+00:00
f8c915c1-2d40-5171-a5a5-34347090b6dd,1738,4000187605,1748492,"Round Brilliant 0.70 ctw VS2 Clarity, I Color Diamond 14kt Gold Clover Necklace",https://www.costco.com/p/-/1748492,,,0,0,https://www.costco.com/jewelry.html,,2026-10-02T16:05:16.701003+00:00
e98894bf-6de1-56db-a972-dd264296302b,1738,100497496,995073,Freshwater Cultured 9-10 mm Pearl 14kt Yellow Gold Bezel Pendant,https://www.costco.com/p/-/995073,,,0,0,https://www.costco.com/jewelry.html,,2026-10-02T16:05:16.701003+00:00
a6810a0a-c275-54e6-b80e-d2b1dcca5746,1738,4000176397,1740065,Green Malachite 14kt Yellow Gold Necklace,https://www.costco.com/p/-/1740065,,,0,0,https://www.costco.com/jewelry.html,,2026-10-02T16:05:16.701003+00:00
c0e15588-1836-5e13-b0ef-3c9f11dec49a,1738,4000408506,1999292,14kt Yellow Gold Paperclip Necklace,https://www.costco.com/p/-/1999292,,,0,0,https://www.costco.com/jewelry.html,,2026-10-02T16:05:16.701003+00:00
1ce1f5b4-2949-51b9-a642-d7314f1c341f,1738,4000187946,1748831,"Round Brilliant 0.50 ctw VS2 Clarity, I Color Diamond 14kt Yellow Gold Band",https://www.costco.com/p/-/1748831,,,0,0,https://www.costco.com/jewelry.html,,2026-10-02T16:05:16.701003+00:00
8c98903e-3c25-507a-a031-e90ceccde211,1738,4000343984,1919455,14kt Yellow Gold High Polish & Diamond Cut Round Box Chain,https://www.costco.com/p/-/1919455,,,0,0,https://www.costco.com/jewelry.html,,2026-10-02T16:05:16.701003+00:00
cae3059d-0598-58eb-949e-1e219067cfa4,1738,100387239,1195132,"14kt Gold 22"" Adjustable Spiga Chain",https://www.costco.com/p/-/1195132,,,0,0,https://www.costco.com/jewelry.html,,2026-10-02T16:05:16.701003+00:00
df5e155a-8a28-53d5-8c5a-b41c493ca5b4,1738,4000269735,1833226,14kt Yellow Gold Oval Hoop Earrings,https://www.costco.com/p/-/1833226,,,0,0,https://www.costco.com/jewelry.html,,2026-10-02T16:05:16.701003+00:00
111ed6e2-468e-5398-bda6-dc6267c048fe,1738,4000375485,1956161,18kt Yellow Gold High Polish Love Knot Pendant,https://www.costco.com/p/-/1956161,,,0,0,https://www.costco.com/jewelry.html,,2026-10-02T16:05:16.701003+00:00
6acb8bb6-b5ea-5fac-ae34-00b3a64ab9e8,1738,4000269151,1833009,Freshwater Cultured 7-7.5mm Pearl Bracelet with 14kt Yellow Gold Clasp,https://www.costco.com/p/-/1833009,,,0,0,https://www.costco.com/jewelry.html,,2026-10-02T16:05:16.701003+00:00
ca7a2cae-32bc-56a1-9d3a-618a1e7476bb,1738,4000361556,1940204,14kt Gold High Polish Rosary,https://www.costco.com/p/-/1940204,,,0,0,https://www.costco.com/jewelry.html,,2026-10-02T16:05:16.701003+00:00
03c7d00d-7ebf-5ac9-bc70-8948288c0fb3,1738,4000282203,1848511,Freshwater Cultured 8-8.5mm Pearl 14kt Yellow Gold Necklace,https://www.costco.com/p/-/1848511,,,0,0,https://www.costco.com/jewelry.html,,2026-10-02T16:05:16.701003+00:00
49a172aa-ee7c-5617-b948-e7b2d2c30721,1738,4000186988,1748260,"Versace Hellenyium Green Sunray Dial Quartz Men's Watch, 42mm",https://www.costco.com/p/-/1748260,,,0,0,https://www.costco.com/jewelry.html,,2026-10-02T16:05:16.701003+00:00
5cfeb016-8586-549f-99f8-a01131d90961,1738,100792277,1585113,Madeira Citrine and Diamond 14kt Rose Gold Ring,https://www.costco.com/p/-/1585113,,,0,0,https://www.costco.com/jewelry.html,,2026-10-02T16:05:16.701003+00:00
d2c6b979-f5dc-5ae8-997e-7c3bf74cf332,1738,4000300337,1867788,Aquamarine and Diamond 14kt White Gold Halo Ring,https://www.costco.com/p/-/1867788,,,0,0,https://www.costco.com/jewelry.html,,2026-10-02T16:05:16.701003+00:00
79ac027d-5729-5a96-b56c-01bc77c9b7dd,1738,100780568,1609601,"Round Brilliant 0.35 ctw VS2 Clarity, I Color Diamond 14kt Gold Hoop Earrings",https://www.costco.com/p/-/1609601,,,0,0,https://www.costco.com/jewelry.html,,2026-10-02T16:05:16.701003+00:00
cf9db43d-ef2f-51a9-a3e1-aa31740502e3,1738,4000369677,1948787,14kt Yellow Gold Forzatina Chain Necklace,https://www.costco.com/p/-/1948787,,,0,0,https://www.costco.com/jewelry.html,,2026-10-02T16:05:16.701003+00:00
9a72de77-225e-5fbb-864b-fa207e8af6a8,1738,4000218323,1769638,"Round Brilliant 0.14 ct VS2 Clarity, I Color Diamond 14kt White Gold Heart Pendant",https://www.costco.com/p/-/1769638,,,0,0,https://www.costco.com/jewelry.html,,2026-10-02T16:05:23.284962+00:00
22a8dd5d-cedf-53f3-b731-b0bb3d6a57a5,1738,4000229166,1786050,"Frederique Constant Classic Carree Diamond Quartz Women's Watch, 23 x 21mm",https://www.costco.com/p/-/1786050,,,0,0,https://www.costco.com/jewelry.html,,2026-10-02T16:05:23.284962+00:00
de69c413-8f83-565f-8e1c-970b4fedab73,1738,100812595,1637777,"Round Brilliant 0.25 ctw VS2 Clarity, I Color Diamond Band",https://www.costco.com/p/-/1637777,,,0,0,https://www.costco.com/jewelry.html,,2026-10-02T16:05:23.284962+00:00
95607fb5-4672-524f-b0ec-0d88c6c137eb,1738,4000142909,1728220,"Round Brilliant 5.00 ctw VS2 Clarity, G Color Diamond 14kt Gold Strand Necklace",https://www.costco.com/p/-/1728220,,,0,0,https://www.costco.com/jewelry.html,,2026-10-02T16:05:23.284962+00:00
8d7067a3-8939-5c87-99f8-69428947ac1d,1738,4000212572,1768090,Nephrite Green Jade 18kt Yellow Gold Pendant,https://www.costco.com/p/-/1768090,,,0,0,https://www.costco.com/jewelry.html,,2026-10-02T16:05:23.284962+00:00
12c6fc90-9920-5e9b-a482-4f2c79a02f05,1738,100799601,1594440,14kt Gold High Polish Cross Pendant,https://www.costco.com/p/-/1594440,,,0,0,https://www.costco.com/jewelry.html,,2026-10-02T16:05:23.284962+00:00
cbcddd00-354f-5458-9ca9-46c1873159dc,1738,4000189320,1749713,"Round Brilliant 0.50 ctw VS2 Clarity, I Color Diamond 14kt White Gold Necklace",https://www.costco.com/p/-/1749713,,,0,0,https://www.costco.com/jewelry.html,,2026-10-02T16:05:23.284962+00:00
eff7eed0-3685-50e4-96c1-57fd7a383caa,1738,4000320061,1889176,Morganite and Diamond 14kt Yellow Gold Flower Necklace,https://www.costco.com/p/-/1889176,,,0,0,https://www.costco.com/jewelry.html,,2026-10-02T16:05:23.284962+00:00
f31a9932-0d91-5438-9b7b-4499b429110d,1738,4000239178,1797555,14kt Yellow Gold Double Rope Necklace,https://www.costco.com/p/-/1797555,,,0,0,https://www.costco.com/jewelry.html,,2026-10-02T16:05:23.284962+00:00
55248f53-b1aa-57c0-a3e5-fc3faa897a1d,1738,4000215513,1771842,"Round Brilliant 0.24 ctw VS2 Clarity, I Color Diamond 14kt Gold Two Tone Band",https://www.costco.com/p/-/1771842,,,0,0,https://www.costco.com/jewelry.html,,2026-10-02T16:05:23.284962+00:00
0259befe-68a4-524c-ba85-4b5dcfbdfc61,1738,100491909,1227760,"Round Brilliant 0.50 ctw VS2 Clarity, I Color Diamond 14kt Gold Stud Earrings",https://www.costco.com/p/-/1227760,,,0,0,https://www.costco.com/jewelry.html,,2026-10-02T16:05:23.284962+00:00
460a48b8-aec5-5692-94d5-6f44d7a0ba28,1738,4000417937,2009004,14kt Yellow Gold High Polish Clover Stud Earrings,https://www.costco.com/p/-/2009004,,,0,0,https://www.costco.com/jewelry.html,,2026-10-02T16:05:23.284962+00:00
9174c7da-e12b-546b-a968-c5c14bf2992f,1738,100493040,1345012,"Round Brilliant 5.00 ctw VS2 Clarity, I Color Diamond 14kt Gold Tennis Bracelet",https://www.costco.com/p/-/1345012,,,0,0,https://www.costco.com/jewelry.html,,2026-10-02T16:05:23.284962+00:00
c32373c5-62d5-5fbe-a914-9753f7535dca,1738,100816657,1613683,"Invicta Bolt Stainless Steel Chronograph Men's Quartz Watch, 51mm",https://www.costco.com/p/-/1613683,,,0,0,https://www.costco.com/jewelry.html,,2026-10-02T16:05:23.284962+00:00
651c1b8f-6e0c-50c2-8669-1ab20e2494cf,1738,100772160,1559698,London Blue Topaz and Diamond 14kt White Gold Necklace,https://www.costco.com/p/-/1559698,,,0,0,https://www.costco.com/jewelry.html,,2026-10-02T16:05:23.284962+00:00
932bb523-b123-5247-b3f7-bbd29ac48950,1738,4000344034,1919460,18kt Yellow Gold Love Knot Earrings,https://www.costco.com/p/-/1919460,,,0,0,https://www.costco.com/jewelry.html,,2026-10-02T16:05:23.284962+00:00
11980f5b-64db-56de-8338-70698a90c69b,1738,4000252119,1815757,Freshwater Cultured 6.5-7mm 14kt Gold Hoop Earrings,https://www.costco.com/p/-/1815757,,,0,0,https://www.costco.com/jewelry.html,,2026-10-02T16:05:23.284962+00:00
e9d2cf48-9211-5a96-b8d2-84bcf8b6377e,1738,4000276565,1844421,"Round Brilliant 0.75 ctw VS2 Clarity, I Color Diamond 14kt White Gold Flower Necklace",https://www.costco.com/p/-/1844421,,,0,0,https://www.costco.com/jewelry.html,,2026-10-02T16:05:23.284962+00:00
75d6d00a-796f-5066-ae78-0812c8527ead,1738,4000188074,1748977,"Round Brilliant 0.70 ctw VS2 Clarity, I Color Diamond 14kt Gold Band",https://www.costco.com/p/-/1748977,,,0,0,https://www.costco.com/jewelry.html,,2026-10-02T16:05:23.284962+00:00
02535207-59a3-5d18-a26e-3e9a70405c83,1738,4000266608,1830833,14kt Yellow Gold Serpentine Chain Bracelet,https://www.costco.com/p/-/1830833,,,0,0,https://www.costco.com/jewelry.html,,2026-10-02T16:05:23.284962+00:00
cfbc6658-f331-56c3-a1e8-79e4b30a0291,1738,4000188033,1748940,London Blue Topaz & Swiss Blue Topaz 14kt White Gold Earrings,https://www.costco.com/p/-/1748940,,,0,0,https://www.costco.com/jewelry.html,,2026-10-02T16:05:23.284962+00:00
ead9707e-d5d7-5f96-b700-7d3df3c22b15,1738,4000176325,1740069,Green Malachite 14kt Yellow Gold Oval Hoop Earrings,https://www.costco.com/p/-/1740069,,,0,0,https://www.costco.com/jewelry.html,,2026-10-02T16:05:23.284962+00:00
3270fcd6-e8be-5bd4-b066-1c7efb688794,1738,4000346741,1922359,"Round Brilliant 1.00 ctw VS2 Clarity, I Color Diamond 14kt White Gold Smile Necklace",https://www.costco.com/p/-/1922359,,,0,0,https://www.costco.com/jewelry.html,,2026-10-02T16:05:23.284962+00:00
399215ea-0c00-56a0-aafa-d4f1d49d416c,1738,4000275820,1844400,"Casio Pro Trek Men's Quartz Watch, 51.5mm",https://www.costco.com/p/-/1844400,,,0,0,https://www.costco.com/jewelry.html,,2026-10-02T16:05:23.284962+00:00
4507fced-6c01-5469-abeb-755139ff6c38,1738,4000252817,1954447,"Round Brilliant 0.50 ctw VS2 Clarity, I Color Diamond Platinum Halo Ring",https://www.costco.com/p/-/1954447,,,0,0,https://www.costco.com/jewelry.html,,2026-10-02T16:05:30.816507+00:00
409b5d76-5a6d-5a0e-88c9-63ba41006d5b,1738,4000218386,1769683,"Round Brilliant 0.10 ctw VS2 Clarity, I Color Diamond 14kt White Gold Heart Earrings",https://www.costco.com/p/-/1769683,,,0,0,https://www.costco.com/jewelry.html,,2026-10-02T16:05:30.816507+00:00
b4e8f22c-285d-5fb8-925c-7d64c7e5b74c,1738,100509750,1367902,"Round Brilliant 1.00 ctw VS2 Clarity, I Color Diamond 14kt White Gold Earrings",https://www.costco.com/p/-/1367902,,,0,0,https://www.costco.com/jewelry.html,,2026-10-02T16:05:30.816507+00:00
00560389-2342-50dc-bf64-837f61f04e8b,1738,4000183496,1746233,"Round Brilliant 0.50 ctw VS2 Clarity, I Color Diamond 14kt Yellow Gold Flower Pendant",https://www.costco.com/p/-/1746233,,,0,0,https://www.costco.com/jewelry.html,,2026-10-02T16:05:30.816507+00:00
4a52f142-c1ff-5bad-b87a-425dcb581ce7,1738,4000042946,1687180,14kt Yellow Gold Rope Chain Bracelet,https://www.costco.com/p/-/1687180,,,0,0,https://www.costco.com/jewelry.html,,2026-10-02T16:05:30.816507+00:00
1539f9ec-bfd2-5a34-9523-56a4886bb1d1,1738,4000195523,1754219,"Round Brilliant 1.41 ctw VS2 Clarity, I Color Diamond Platinum Halo Ring",https://www.costco.com/p/-/1754219,,,0,0,https://www.costco.com/jewelry.html,,2026-10-02T16:05:30.816507+00:00
f5ad14a2-529e-5c90-a836-0929465db7c0,1738,100468774,1283891,Freshwater Cultured 8-9mm Pearl & Diamond 14kt White Gold Earrings,https://www.costco.com/p/-/1283891,,,0,0,https://www.costco.com/jewelry.html,,2026-10-02T16:05:30.816507+00:00
e54b1378-3a0c-512c-86c0-e181d5162908,1738,4000217395,1773519,"Round Brilliant 0.50 ctw VS2 Clarity, I Color Diamond 14kt Yellow Gold Bar Pendant Necklace",https://www.costco.com/p/-/1773519,,,0,0,https://www.costco.com/jewelry.html,,2026-10-02T16:05:30.816507+00:00
b81364f4-f063-5173-b79b-ea5bcf6755e6,1738,100054054,383667,"Round Brilliant 1.30 ctw VS2 Clarity, I Color Diamond 14kt White Gold Teardrop Necklace",https://www.costco.com/p/-/383667,,,0,0,https://www.costco.com/jewelry.html,,2026-10-02T16:05:30.816507+00:00
de10b8d0-7d2b-5582-890c-29430fd9b9f2,1738,4000269804,1833010,Freshwater Cultured 8-8.5mm Pearl & Diamond 14kt Yellow Gold Pendant,https://www.costco.com/p/-/1833010,,,0,0,https://www.costco.com/jewelry.html,,2026-10-02T16:05:30.816507+00:00
d8b672d4-853b-59dd-849f-53f19bccf207,1738,4000366312,1895504,Freshwater Cultured 8-8.5mm Pearl 14kt Gold Pendant,https://www.costco.com/p/-/1895504,,,0,0,https://www.costco.com/jewelry.html,,2026-10-02T16:05:30.816507+00:00
43aade68-2688-5025-8904-bd9cecb7ad68,1738,4000331635,1904317,"Emerald Cut & Round Brilliant 1.17 ctw VS2 Clarity, G Color Diamond Platinum Three Stone Ring",https://www.costco.com/p/-/1904317,,,0,0,https://www.costco.com/jewelry.html,,2026-10-02T16:05:30.816507+00:00
10a69ed6-7d45-5722-a895-1b5a651271ee,1738,100419077,600961,Freshwater Cultured 8-8.5 mm Pearl 14kt White Gold Earrings,https://www.costco.com/p/-/600961,,,0,0,https://www.costco.com/jewelry.html,,2026-10-02T16:05:30.816507+00:00
0d7f1a90-c3ad-5569-9e12-c159f9b5cc52,1738,4000276544,1844419,"Round Brilliant 0.60 ctw VS2 Clarity, I Color Diamond 14kt White Gold Flower Earrings",https://www.costco.com/p/-/1844419,,,0,0,https://www.costco.com/jewelry.html,,2026-10-02T16:05:30.816507+00:00
64e0af4f-9fa9-5bfd-add4-0ea2cbfb1913,1738,100847634,1640278,Lab Created Emerald and Diamond 14kt White Gold Pendant,https://www.costco.com/p/-/1640278,,,0,0,https://www.costco.com/jewelry.html,,2026-10-02T16:05:30.816507+00:00
39a558fd-3a23-5728-9b1d-eeb54d0f5add,1738,4000199926,1758645,"Round Brilliant 0.25 ctw VS2 Clarity, I Color Diamond 14kt Gold Hoop Earrings",https://www.costco.com/p/-/1758645,,,0,0,https://www.costco.com/jewelry.html,,2026-10-02T16:05:30.816507+00:00
2feb1649-46bd-57b9-b380-a6512b20c8db,1738,4000118775,600950,Freshwater Cultured 7-7.5mm Pearl 14kt White Gold Stud Earrings,https://www.costco.com/p/-/600950,,,0,0,https://www.costco.com/jewelry.html,,2026-10-02T16:05:30.816507+00:00
0c8219c2-d797-5fdc-9e59-f4168e5828b0,1738,100760659,1550691,"Round Brilliant 0.50 ct VS2 Clarity, I Color Diamond 14kt Gold Solitaire Pendant",https://www.costco.com/p/-/1550691,,,0,0,https://www.costco.com/jewelry.html,,2026-10-02T16:05:30.816507+00:00
cae50c14-027a-57fb-bcf7-889e96ea3361,1738,100784455,1574931,London Blue and Swiss Blue Topaz 14kt White Gold Butterfly Necklace,https://www.costco.com/p/-/1574931,,,0,0,https://www.costco.com/jewelry.html,,2026-10-02T16:05:30.816507+00:00
fd61a9d4-dff6-5740-9c1b-48f987e719d5,1738,4000226905,1782414,"Bulova Classic Two Tone Stainless Steel Quartz Men's Watch, 39mm",https://www.costco.com/p/-/1782414,,,0,0,https://www.costco.com/jewelry.html,,2026-10-02T16:05:30.816507+00:00
b29858be-fc2d-5d74-a118-5fc9debaa8bd,1738,4000195517,1754195,"Round Brilliant 1.50 ctw VS2 Clarity, I Color Diamond Platinum Three Stone Halo Ring",https://www.costco.com/p/-/1754195,,,0,0,https://www.costco.com/jewelry.html,,2026-10-02T16:05:30.816507+00:00
1b6903a8-5f55-50ba-8426-8eb7c8b2aa2f,1738,100520133,1386314,"Round Brilliant 1.00 ctw VS2 Clarity, I Color Diamond 14kt Gold Three Stone Pendant",https://www.costco.com/p/-/1386314,,,0,0,https://www.costco.com/jewelry.html,,2026-10-02T16:05:37.917588+00:00
4e66a33e-693f-5bc5-becd-9fee9e6493f6,1738,4000269171,1833855,"Round Brilliant 0.80 ctw VS2 Clarity, G Color Diamond 14kt White Gold Dangle Earrings",https://www.costco.com/p/-/1833855,,,0,0,https://www.costco.com/jewelry.html,,2026-10-02T16:05:37.917588+00:00
79fae7bd-1f00-5dc1-ab53-efa4f300b670,1738,100350452,657092,"Round Brilliant 0.43 ctw VS2 Clarity, I Color Diamond 14kt White Gold Cross Pendant",https://www.costco.com/p/-/657092,,,0,0,https://www.costco.com/jewelry.html,,2026-10-02T16:05:37.917588+00:00
32a502bd-5a4e-5909-a52e-c6a8b8d842d1,1738,100491651,1342638,"Round Brilliant 1.00 ctw VS2 Clarity, I Color Diamond 14kt Gold Stud Earrings",https://www.costco.com/p/-/1342638,,,0,0,https://www.costco.com/jewelry.html,,2026-10-02T16:05:37.917588+00:00
0162749f-d989-5ea4-b37b-c251a1b55372,1738,100675101,1468143,"Round Brilliant 1.00 ctw VS2 Clarity, G Color Diamond 14kt White Gold Cross Pendant",https://www.costco.com/p/-/1468143,,,0,0,https://www.costco.com/jewelry.html,,2026-10-02T16:05:37.917588+00:00
171117e5-5092-5b6f-a628-ca81e5b9527b,1738,100772589,1560353,"Round Brilliant 3.00 ctw VS2 Clarity, G Color Diamond Cluster 14kt White Gold Tennis Bracelet",https://www.costco.com/p/-/1560353,,,0,0,https://www.costco.com/jewelry.html,,2026-10-02T16:05:37.917588+00:00
01c36955-dd29-557b-8024-52c3f9851533,1738,100414110,1247956,"Round Brilliant & Baguette 1.68 ctw VS2 Clarity, I Color Diamond Platinum Ring",https://www.costco.com/p/-/1247956,,,0,0,https://www.costco.com/jewelry.html,,2026-10-02T16:05:37.917588+00:00
f9fb8f10-51b1-529a-bc02-4fa60318f612,1738,100772263,1559697,London Blue Topaz and Diamond 14kt White Gold Earrings,https://www.costco.com/p/-/1559697,,,0,0,https://www.costco.com/jewelry.html,,2026-10-02T16:05:37.917588+00:00
ea89ea41-55f3-5d19-9ecd-0a843aaafedb,1738,4000301292,1869292,Akoya Cultured 7.5-8mm Pearl & Diamond 14kt White Gold Pendant,https://www.costco.com/p/-/1869292,,,0,0,https://www.costco.com/jewelry.html,,2026-10-02T16:05:37.917588+00:00
e7dd6243-043a-51a6-b68f-b050f45206b5,1738,4000187059,1748383,"Round Brilliant 1.00 ctw VS2 Clarity, I Color Diamond 14kt Gold Hoop Earrings",https://www.costco.com/p/-/1748383,,,0,0,https://www.costco.com/jewelry.html,,2026-10-02T16:05:37.917588+00:00
8b3406bb-d7b0-5f0d-bab6-e75487a30e83,1738,4000293351,1811884,Ruby and Diamond 14kt White Gold Ring,https://www.costco.com/p/-/1811884,,,0,0,https://www.costco.com/jewelry.html,,2026-10-02T16:05:37.917588+00:00
20ab07e8-786a-58ef-95f9-7a110e8823fe,1738,4000188751,1749377,Morganite and Diamond 14kt White Gold Ring,https://www.costco.com/p/-/1749377,,,0,0,https://www.costco.com/jewelry.html,,2026-10-02T16:05:37.917588+00:00
017a5b96-a420-5c20-91fe-c8d4f9dc8772,1738,100146590,187207,"Round Brilliant 0.63 ctw VS2 Clarity, I Color Diamond Band",https://www.costco.com/p/-/187207,,,0,0,https://www.costco.com/jewelry.html,,2026-10-02T16:05:37.917588+00:00
6d9f75d6-66e9-5d82-8c0f-ef79127990cf,1738,4000268676,1833072,"Round Brilliant 1.50 ctw VS2 Clarity, G Color Diamond 14kt White Gold Hoop Earrings",https://www.costco.com/p/-/1833072,,,0,0,https://www.costco.com/jewelry.html,,2026-10-02T16:05:37.917588+00:00
37f790ca-9d74-5ac3-88cf-827d988735aa,1738,4000209362,1766657,"Round Brilliant 1.40 ctw VS2 Clarity, I Color Diamond 14kt White Gold Wedding Set",https://www.costco.com/p/-/1766657,,,0,0,https://www.costco.com/jewelry.html,,2026-10-02T16:05:37.917588+00:00
629e6cea-2ecf-5127-8c9a-9195fe78ea67,1738,100290364,995084,Freshwater Cultured 9-10mm Pearl 14kt Yellow Gold Bezel Earrings,https://www.costco.com/p/-/995084,,,0,0,https://www.costco.com/jewelry.html,,2026-10-02T16:05:37.917588+00:00
eef2f658-2027-5a56-82e2-f6f199cd659a,1738,4000216444,1772551,Ruby and Diamond 14kt White Gold Earrings,https://www.costco.com/p/-/1772551,,,0,0,https://www.costco.com/jewelry.html,,2026-10-02T16:05:37.917588+00:00
57c92145-ddac-500a-bf94-6fa536b277db,1738,4000042932,1687601,Tahitian Cultured 8-9mm Pearl & Diamond 14kt White Gold Necklace,https://www.costco.com/p/-/1687601,,,0,0,https://www.costco.com/jewelry.html,,2026-10-02T16:05:37.917588+00:00
5caff351-fc11-5ec6-b8b1-938693086838,1738,4000258628,1822857,"Emerald & Round Brilliant 1.39 ctw VS2 Clarity, I Color Diamond 14kt White Gold Ring",https://www.costco.com/p/-/1822857,,,0,0,https://www.costco.com/jewelry.html,,2026-10-02T16:05:37.917588+00:00
01238cea-b493-5b62-b44a-8f47469053ed,1738,4000276531,1844420,"Round Brilliant 1.00 ctw VS2 Clarity, I Color Diamond 14kt White Gold Dangle Earrings",https://www.costco.com/p/-/1844420,,,0,0,https://www.costco.com/jewelry.html,,2026-10-02T16:05:37.917588+00:00
1a842aa1-51fb-5cd2-bd09-7e7ac8a99b2e,1738,100225471,335047,"Round Brilliant 0.45 ctw VS2 Clarity, I Color Diamond 14kt White Gold Halo Earrings",https://www.costco.com/p/-/335047,,,0,0,https://www.costco.com/earrings.html,,2026-10-02T16:08:54.864907+00:00
7ba7ac6a-d7a9-5b6a-87db-f8135678ad31,1738,100756366,1483941,"Round Brilliant 1.50 ctw VS2 Clarity, I Color Diamond 14kt White Gold Dangle Earrings",https://www.costco.com/p/-/1483941,,,0,0,https://www.costco.com/earrings.html,,2026-10-02T16:08:54.864907+00:00
99cd86db-7acd-5c80-bc4c-d5ee99959966,1738,100847673,1640416,Lab Created Emerald and Diamond 14kt White Gold Earrings,https://www.costco.com/p/-/1640416,,,0,0,https://www.costco.com/earrings.html,,2026-10-02T16:08:54.864907+00:00
7e8b95ad-d924-5cfc-84cd-94b80bab30f2,1738,4000242669,1804624,"Round Brilliant 1.00 ctw VS2 Clarity, I Color Diamond 14kt White Gold Stud Earrings",https://www.costco.com/p/-/1804624,,,0,0,https://www.costco.com/earrings.html,,2026-10-02T16:08:54.864907+00:00
b18308d5-da13-577f-9244-7de5af27b8ba,1738,100491630,1342771,"Princess Cut 0.50 ctw VS2 Clarity, I Color Diamond 14kt Gold Stud Earrings",https://www.costco.com/p/-/1342771,,,0,0,https://www.costco.com/earrings.html,,2026-10-02T16:08:54.864907+00:00
ace53f5b-3bed-5534-b11b-78c8b162bd77,1738,100491593,1342772,"Princess Cut 1.00 ctw VS2 Clarity, I Color Diamond 14kt Gold Stud Earrings",https://www.costco.com/p/-/1342772,,,0,0,https://www.costco.com/earrings.html,,2026-10-02T16:08:54.864907+00:00
af284332-3f91-542a-b594-c29e9bd9471c,1738,4000187587,1748473,"Round Brilliant 0.80 ctw VS2 Clarity, I Color Solitaire Diamond 14kt White Gold Stud Earrings",https://www.costco.com/p/-/1748473,,,0,0,https://www.costco.com/earrings.html,,2026-10-02T16:08:54.864907+00:00
c8568697-7f67-52ac-a894-2dd64514799d,1738,4000231504,1789311,"Princess Cut 0.73 ctw VS2 Clarity, G Color Diamond 14kt Gold Stud Earrings",https://www.costco.com/p/-/1789311,,,0,0,https://www.costco.com/earrings.html,,2026-10-02T16:08:54.864907+00:00
61929c8f-4e94-5a80-bd39-6a9829889c62,1738,100713183,1507287,"Round Brilliant 1.40 ctw VS2 Clarity, I Color Diamond 14kt White Gold Push Lock Stud Earrings",https://www.costco.com/p/-/1507287,,,0,0,https://www.costco.com/earrings.html,,2026-10-02T16:08:54.864907+00:00
9d5f75a2-c6cd-52fd-9e39-5debeec91d13,1738,4000188770,1749531,"Round Brilliant 1.00 ctw VS2 Clarity, I Color Diamond 14kt Yellow Gold Huggie Hoop Earrings",https://www.costco.com/p/-/1749531,,,0,0,https://www.costco.com/earrings.html,,2026-10-02T16:08:54.864907+00:00
ebc7c018-d857-5f13-bf00-daa226a4e47e,1738,4000023859,1673330,14kt Yellow Gold Hoop Earrings,https://www.costco.com/p/-/1673330,,,0,0,https://www.costco.com/earrings.html,,2026-10-02T16:08:54.864907+00:00
4a184444-78d7-5e81-9ec8-171383b5665f,1738,4000317145,1886268,14kt Yellow Gold High Polish Cross Stud Earrings,https://www.costco.com/p/-/1886268,,,0,0,https://www.costco.com/earrings.html,,2026-10-02T16:08:54.864907+00:00
062ea7b3-4079-5b30-a0f6-aac545137d5e,1738,4000332507,1905590,14kt Yellow Gold Rectangular Hoop Earrings,https://www.costco.com/p/-/1905590,,,0,0,https://www.costco.com/earrings.html,,2026-10-02T16:08:54.864907+00:00
0831a491-18c1-5633-a2de-055f273b2f52,1738,4000269222,1834021,"Round Brilliant 1.00 ctw VS2 Clarity, I Color Diamond 14kt White Gold Heart Pendant",https://www.costco.com/p/-/1834021,,,0,0,https://www.costco.com/necklaces.html,,2026-10-02T16:13:06.564507+00:00
83a066dc-79ca-5ea4-85e6-6526be0460a8,1738,4000188857,1749548,"Round Brilliant 0.57 ctw VS2 Clarity, I Color Diamond 14kt White Gold Pendant",https://www.costco.com/p/-/1749548,,,0,0,https://www.costco.com/necklaces.html,,2026-10-02T16:13:06.564507+00:00
b6a72521-1eea-558a-9b31-e586635d1d4b,1738,100823401,1615946,"Oval Cut and Round Brilliant 1.52 ctw VS2 Clarity, I Color Diamond 14kt White Gold Ring",https://www.costco.com/p/-/1615946,,,0,0,https://www.costco.com/rings.html,,2026-10-02T16:17:12.827611+00:00
bcdfc9b6-0aae-5f6d-b136-7b3e6c9c6585,1738,4000311525,1888555,Blue Sapphire and Diamond 14kt White Gold Ring,https://www.costco.com/p/-/1888555,,,0,0,https://www.costco.com/rings.html,,2026-10-02T16:17:12.827611+00:00
b79430f3-caf2-5f14-b0ea-b12ea9fc5f9c,1738,4000230797,1792227,"Round Brilliant 1.00 ctw VS2 Clarity, I Color Diamond Channel Set Band",https://www.costco.com/p/-/1792227,,,0,0,https://www.costco.com/rings.html,,2026-10-02T16:17:12.827611+00:00
88297436-8f62-53ef-8a66-471bddaaca21,1738,4000116714,1698562,"Novaform DreamAway 8"" Gel Memory Foam Mattress",https://www.costco.com/p/-/1698562,,,0,0,https://www.costco.com/mattresses.html,,2026-10-03T04:03:19.382139+00:00
487b81f2-1613-5697-b07d-63b47c8ce24c,1738,100382542,509768,"3M Scotch Precision Ultra Edge 8"" Scissor, 3-count",https://www.costco.com/p/-/509768,,,0,0,https://www.costco.com/household.html,,2026-10-03T03:51:17.062376+00:00
59844123-66c6-5958-90bc-c2ed1f59be33,1738,100643825,1395061,"Advantage Premium Bright Ink Jet and Laser Paper, 8.5""x11"" Letter, White, 24lb, 97 Bright, 1 Ream of 800 Sheets",https://www.costco.com/p/-/1395061,,,0,0,https://www.costco.com/household.html,,2026-10-03T03:51:17.062376+00:00
9514c31a-177e-571d-9a81-91f3b5c5b4c5,1738,11748454,415022,Scotch Heavy Duty Shipping Tape 8-pack,https://www.costco.com/p/-/415022,,,0,0,https://www.costco.com/household.html,,2026-10-03T03:51:17.062376+00:00
dddecc0f-afbe-5749-88de-1060c89ae0fa,1738,100382526,675749,"3M Scotch Magic Tape/Gift Wrap Tape, 6600"" Total, 6-pack",https://www.costco.com/p/-/675749,,,0,0,https://www.costco.com/office-products.html,,2026-10-02T16:27:23.858601+00:00
5bcfaa7e-9f54-5d7b-a6ce-e428e520c3dc,1738,100540273,1370476,"Command Large Picture Hanging Strips, 34 Pairs, 68 Strips",https://www.costco.com/p/-/1370476,,,0,0,https://www.costco.com/office-products.html,,2026-10-02T16:27:23.858601+00:00
2ef5c95f-d279-5502-a3e0-fcaaa52a73f4,1738,100396951,75838,"Marathon Paper Towels , Premium Multifold, 150 Towels, 20-count",https://www.costco.com/p/-/75838,,,0,0,https://www.costco.com/janitorial-supplies.html,,2026-10-03T03:54:40.544048+00:00
f39810df-88a0-5a56-9641-01b8f2c8c6de,1738,4000281387,1843137,Copper Bullet Pocket-hose,https://www.costco.com/p/-/1843137,,,0,0,https://www.costco.com/patio-lawn-garden.html,,2026-10-03T04:15:45.759785+00:00
c9307eca-450f-5e7b-97e3-e068117e8567,1738,4000389928,1872192,SaluSpa Santa Monica Energy-Efficient AirJet Inflatable 5-7 Person Spa,https://www.costco.com/p/-/1872192,,,0,0,https://www.costco.com/patio-lawn-garden.html,,2026-10-03T04:15:45.759785+00:00
fb650798-3a19-5e8f-8aa6-5199425bc393,1738,4000421602,1978507,Greenworks 80V 730 CFM Blower & 17” String Trimmer,https://www.costco.com/p/-/1978507,,,0,0,https://www.costco.com/patio-lawn-garden.html,,2026-10-03T04:15:45.759785+00:00
586e2e5d-b288-5a4b-92b6-25cb8ac4b24b,1738,4000399353,1968869,TIKI Brand 25 Inch Celebration Smokeless Fire Pit,https://www.costco.com/p/-/1968869,,,0,0,https://www.costco.com/patio-lawn-garden.html,,2026-10-03T04:15:45.759785+00:00
0556850c-38ee-5c8c-a2bb-2d01046153aa,1738,4000193139,1750832,"Zevo Flying Insect Trap Starter Kit, 2 Devices + 6 Refills",https://www.costco.com/p/-/1750832,,,0,0,https://www.costco.com/household.html,,2026-10-03T03:51:17.062376+00:00
da42777c-c937-5708-9368-9debc3a70836,1738,4000392764,1934203,Blackstone 22” Griddle with Hard Cover and Carry Bag Bundle,https://www.costco.com/p/-/1934203,,,0,0,https://www.costco.com/patio-lawn-garden.html,,2026-10-03T04:15:45.759785+00:00
101f67e8-0c8b-5d3c-81f6-2ccdc9eacc20,1738,4000415010,1934126,Dynatrap Solar Outdoor Bug Trap 1/4 Acre,https://www.costco.com/p/-/1934126,,,0,0,https://www.costco.com/patio-lawn-garden.html,,2026-10-03T04:15:45.759785+00:00
51898514-8d73-5ef6-8649-1182cbfa8d75,1738,4000406458,1940345,Ninja Fireside360 Outdoor Heater & Fire Pit and Top Cover Bundle,https://www.costco.com/p/-/1940345,,,0,0,https://www.costco.com/patio-lawn-garden.html,,2026-10-03T04:15:45.759785+00:00
fdb83244-502d-5ab2-b790-48cd7fa99965,1738,4000225756,1872183,CORE 13 ft. x 13 ft. Instant Pop-up Canopy,https://www.costco.com/p/-/1872183,,,0,0,https://www.costco.com/patio-lawn-garden.html,,2026-10-03T04:15:45.759785+00:00
8350b0a5-b317-50e8-bf11-8ce3b842c58a,1738,100980516,1610159,"Kirkland Signature Premium Blend BBQ Hardwood Pellets, 40 lb",https://www.costco.com/p/-/1610159,,,0,0,https://www.costco.com/patio-lawn-garden.html,,2026-10-03T04:15:45.759785+00:00
9e5798a0-b9f3-5a91-92b5-d32bfe47100e,1738,4000393086,1933884,"Solar LED Flamingo Pair, Set of 2",https://www.costco.com/p/-/1933884,,,0,0,https://www.costco.com/patio-lawn-garden.html,,2026-10-03T04:15:45.759785+00:00
7c2f3000-78b0-519d-8308-c3dab9bb4b13,1738,4000248754,1781272,"HTH 3"" Chlorine Tablets for Pool Sanitization, 40 lbs.",https://www.costco.com/p/-/1781272,,,0,0,https://www.costco.com/patio-lawn-garden.html,,2026-10-03T04:15:45.759785+00:00
3150b486-81de-5c81-8d49-0e84287d69e0,1738,4000240239,1774617,"Scotts MAX Southern Weed & Feed, 12,000 Sq. Ft.",https://www.costco.com/p/-/1774617,,,0,0,https://www.costco.com/patio-lawn-garden.html,,2026-10-03T04:15:45.759785+00:00
0ebff163-29de-55f5-850e-0861e33fcdc7,1738,4000418001,1999436,Weber Genesis C-435S Gas Grill,https://www.costco.com/p/-/1999436,,,0,0,https://www.costco.com/patio-lawn-garden.html,,2026-10-03T04:15:45.759785+00:00
cf10e779-1e96-5fac-86c7-cf4ee2eb1b65,1738,4000434450,2024351,LifeTrend Classic Cold Plunge with Chiller System,https://www.costco.com/p/-/2024351,,,0,0,https://www.costco.com/patio-lawn-garden.html,,2026-10-03T04:15:45.759785+00:00
08c3d93d-cfe0-59c2-992f-7d9afa5292fc,1738,4201000378,1994222,HTH Pool Care Shock Advanced All-in-one,https://www.costco.com/p/-/1994222,,,0,0,https://www.costco.com/patio-lawn-garden.html,,2026-10-03T04:15:45.759785+00:00
eb307bc9-e677-540b-a528-a05eceae7e83,1738,4000419757,1933941,SPIRE 550X 6 Burner Gas Grill,https://www.costco.com/p/-/1933941,,,0,0,https://www.costco.com/patio-lawn-garden.html,,2026-10-03T04:15:45.759785+00:00
908c1bda-bc53-568c-877b-74a8735c16fd,1738,100838393,1618249,"Scotts EZ Seed Patch & Repair Bermudagrass, 25 lb",https://www.costco.com/p/-/1618249,,,0,0,https://www.costco.com/patio-lawn-garden.html,,2026-10-03T04:15:53.760981+00:00
87704ad6-bb8a-5a90-a539-93e093f21136,1738,4000116300,1714846,Roundup Dual Action Weed and Grass Killer Plus 4 Month Preventer with Easy Mix Refill,https://www.costco.com/p/-/1714846,,,0,0,https://www.costco.com/patio-lawn-garden.html,,2026-10-03T04:15:53.760981+00:00
e0c86974-cde1-5e0f-b7f4-ca545cbd5818,1738,4000250894,1744538,"Kirkland Signature Pate Wet Dog Food Variety Pack, 3.5 oz, 45-count",https://www.costco.com/p/-/1744538,,,0,0,https://www.costco.com/pet-supplies.html,,2026-10-03T04:17:43.486544+00:00
b05b9e8b-335d-5160-a7e1-edc3368d27dd,1738,100246288,1007880,Top Chews Chicken & Apple Recipe 100% Natural Dog Treats,https://www.costco.com/p/-/1007880,,,0,0,https://www.costco.com/pet-supplies.html,,2026-10-03T04:17:43.486544+00:00
59faf8ca-9de6-508d-96b2-afed506ead0a,1738,100986874,1647381,"Kirkland Signature Pate Cat Food Variety Pack, 3.5 oz, 45-count",https://www.costco.com/p/-/1647381,,,0,0,https://www.costco.com/pet-supplies.html,,2026-10-03T04:17:43.486544+00:00
eaa7e4d1-3a06-5823-a62b-cf303f29d4a0,1738,4000225058,1734859,"Kirkland Signature Chunks in Gravy, Canned Cat Food Variety Pack, 3 oz, 48-count",https://www.costco.com/p/-/1734859,,,0,0,https://www.costco.com/pet-supplies.html,,2026-10-03T04:17:43.486544+00:00
206bef0c-2ea5-5ec4-8e94-f93569bfc67c,1738,4000437479,2035569,"Purina Friskies Pate Wet Cat Food Variety Pack, 5.5 oz, 60-count",https://www.costco.com/p/-/2035569,,,0,0,https://www.costco.com/pet-supplies.html,,2026-10-03T04:17:43.486544+00:00
6ce98cc7-aa8d-5995-a6d2-d2c5df03e717,1738,4000328476,1899232,"Temptations Cat Treats Variety Pack, 16 oz, 3-count",https://www.costco.com/p/-/1899232,,,0,0,https://www.costco.com/pet-supplies.html,,2026-10-03T04:17:43.486544+00:00
42adab60-a68e-5a30-802b-14e0305f079e,1738,100451760,895073,"Kirkland Signature Nature's Domain Canned Dog Food, Turkey & Pea Stew, 13.2 oz, 24-count",https://www.costco.com/p/-/895073,,,0,0,https://www.costco.com/pet-supplies.html,,2026-10-03T04:17:43.486544+00:00
f2156422-cd01-5847-b5d1-9bf1fec4aea4,1738,4000225384,1780093,"Freshpet Deli Fresh Dog Food, Chicken Recipe, 1.5 lbs, 6-rolls",https://www.costco.com/p/-/1780093,,,0,0,https://www.costco.com/pet-supplies.html,,2026-10-03T04:17:43.486544+00:00
c5978a8e-ed68-5f50-8a0d-31d8072176b6,1738,100354281,1101794,Kirkland Signature Nature's Domain Puppy Formula Chicken & Pea Dog Food 20 lb.,https://www.costco.com/p/-/1101794,,,0,0,https://www.costco.com/pet-supplies.html,,2026-10-03T04:17:43.486544+00:00
ce9f6345-5e76-5f5d-84a6-ef389d618031,1738,100439956,137423,"Freshpet Deli Fresh Dog Food, Chicken Recipe, 6 lbs",https://www.costco.com/p/-/137423,,,0,0,https://www.costco.com/pet-supplies.html,,2026-10-03T04:17:43.486544+00:00
d58ad22d-589d-5945-a538-be62298d9fe9,1738,4000446166,1511996,"Pokémon Squeaky Dog Toys, 3-count",https://www.costco.com/p/-/1511996,,,0,0,https://www.costco.com/pet-supplies.html,,2026-10-03T04:17:43.486544+00:00
6e4cbd3e-e339-5b98-825b-0c2a9ca1bacf,1738,4000027517,1676442,"Herodog Outer Armor Durable Dog Toys, 3-pack",https://www.costco.com/p/-/1676442,,,0,0,https://www.costco.com/pet-supplies.html,,2026-10-03T04:17:43.486544+00:00
25dbfc3f-543e-5914-bba2-25d04e3d79e2,1738,100456537,1250582,"Blue Buffalo Top Chews Pork & Chicken Sausage Dog Treats, 36 oz.",https://www.costco.com/p/-/1250582,,,0,0,https://www.costco.com/pet-supplies.html,,2026-10-03T04:17:43.486544+00:00
5a82d146-e433-5942-aa31-8c6eb1417a19,1738,4000206526,1344105,"Blue Buffalo Life Protection Formula Chicken and Brown Rice Recipe Dog Food, 38 lbs",https://www.costco.com/p/-/1344105,,,0,0,https://www.costco.com/pet-supplies.html,,2026-10-03T04:17:43.486544+00:00
0cf212ef-d4be-5292-8afa-ce18179cc8d7,1738,4000373211,1872142,Sealy Air Mattress Queen with Built-in Headboard,https://www.costco.com/p/-/1872142,,,0,0,https://www.costco.com/sports-fitness.html,,2026-10-03T04:39:10.700237+00:00
9144503c-b1fb-5062-8a51-2044fd969462,1738,4201018330,2066550,Dynamic Tuscany Elite 2-Person Ultra Low EMF Infrared Sauna,https://www.costco.com/p/-/2066550,,,0,0,https://www.costco.com/sports-fitness.html,,2026-10-03T04:39:10.700237+00:00
fad2910a-c556-58b5-8007-436d36a050cd,1738,4000291493,1819440,"Kirkland Signature V3.0 Golf Ball, 2-dozen",https://www.costco.com/p/-/1819440,,,0,0,https://www.costco.com/sports-fitness.html,,2026-10-03T04:39:10.700237+00:00
66e3f3e7-6f20-5e1b-a48f-4ffb12f45253,1738,4000309209,1819400,Phantom A10 Smart Electric Scooter,https://www.costco.com/p/-/1819400,,,0,0,https://www.costco.com/sports-fitness.html,,2026-10-03T04:39:10.700237+00:00
06d8b22f-f348-5656-8afc-bb5b596079b6,1738,4000431664,2028780,Almost Heaven Arcadia 2-person Outdoor Barrel Sauna,https://www.costco.com/p/-/2028780,,,0,0,https://www.costco.com/sports-fitness.html,,2026-10-03T04:39:10.700237+00:00
6488511e-7656-5d82-ad2d-deea8ad3e88f,1738,4000325610,1819487,Tetris Tumble XL,https://www.costco.com/p/-/1819487,,,0,0,https://www.costco.com/sports-fitness.html,,2026-10-03T04:39:10.700237+00:00
3c28b83e-6aad-5276-a727-03ecaa38b3bd,1738,4000236767,1740556,"Kirkland Signature 7-piece Players Iron Set, Right Handed",https://www.costco.com/p/-/1740556,,,0,0,https://www.costco.com/sports-fitness.html,,2026-10-03T04:39:10.700237+00:00
694471de-25a3-537e-b6a7-d0d7af500bfe,1738,4000375179,1954413,Nautilus Vibratone Fitness Vibration Board,https://www.costco.com/p/-/1954413,,,0,0,https://www.costco.com/sports-fitness.html,,2026-10-03T04:39:10.700237+00:00
c337bcac-8605-51e9-9dad-1890cb66ab0d,1738,4000412306,1896109,Hiboy C1 Electric Bike,https://www.costco.com/p/-/1896109,,,0,0,https://www.costco.com/sports-fitness.html,,2026-10-03T04:39:10.700237+00:00
067a4940-5254-5982-9a92-28c7f5dc1b49,1738,4000432481,1985324,Duracell 5000L Tri-Powered Lantern,https://www.costco.com/p/-/1985324,,,0,0,https://www.costco.com/sports-fitness.html,,2026-10-03T04:39:10.700237+00:00
31189b12-401b-5d5b-9a6e-7fc924d720b6,1738,4000402707,1987067,Aigo E3 Rainbow Kids Electric Scooter,https://www.costco.com/p/-/1987067,,,0,0,https://www.costco.com/sports-fitness.html,,2026-10-03T04:39:10.700237+00:00
f5eac0f6-cce5-53d1-bc05-be4883266f54,1738,4000331846,1819441,"Kirkland Signature V3.0 Yellow Golf Ball, 2-dozen",https://www.costco.com/p/-/1819441,,,0,0,https://www.costco.com/sports-fitness.html,,2026-10-03T04:39:10.700237+00:00
972d3311-789f-5c82-bae5-d8040658b57f,1738,4000424429,1985333,RinseKit Pro 2.0 Portable Shower,https://www.costco.com/p/-/1985333,,,0,0,https://www.costco.com/sports-fitness.html,,2026-10-02T17:35:17.569390+00:00
71ce9317-f026-505c-b080-a1f07dab5c8a,1738,4201009388,2049073,Axil MX II Pro SE + X30i Earplug Bundle,https://www.costco.com/p/-/2049073,,,0,0,https://www.costco.com/sports-fitness.html,,2026-10-03T04:39:10.700237+00:00
bc1ef2c2-8188-5d8c-ab2d-8c825a20d3e8,1738,4201049924,2088417,AXIL XCOR PRO II SE Hearing Protection with Bluetooth Audio,https://www.costco.com/p/-/2088417,,,0,0,https://www.costco.com/sports-fitness.html,,2026-10-03T04:39:10.700237+00:00
91927910-213f-54ba-8803-504bb0fa1473,1738,4000260362,1825280,"Selkirk Pro S1 Pickleball Ball, 24-pack",https://www.costco.com/p/-/1825280,,,0,0,https://www.costco.com/sports-fitness.html,,2026-10-03T04:39:10.700237+00:00
516ca6a0-ff98-570c-9f17-82a50e992f3f,1738,4000433207,2013862,BFGoodrich Premium Front and Rear Beam Wiper Blades,https://www.costco.com/p/-/2013862,,,0,0,https://www.costco.com/auto-tires.html,,2026-10-02T18:21:19.341177+00:00
24853222-bdd4-5b00-8b6b-074f5a38e709,1738,4000418526,1973500,Adam's Polishes Ultimate 12-piece Detailing Kit,https://www.costco.com/p/-/1973500,,,0,0,https://www.costco.com/auto-tires.html,,2026-10-02T18:21:19.341177+00:00
142a11cb-558d-5ff1-8c67-3e712afd72b3,1738,100527865,997930,"Kirkland Signature 5W-30 Full Synthetic Motor Oil, 5-quart, 2-pack",https://www.costco.com/p/-/997930,,,0,0,https://www.costco.com/auto-tires.html,,2026-10-02T18:21:19.341177+00:00
7d66ba7a-43a7-5a49-8563-fb0a04c06ea3,1738,100356999,133839,"Kirkland Signature Ultra Plush Microfiber Towel,16 in x 16 in, 36-count",https://www.costco.com/p/-/133839,,,0,0,https://www.costco.com/auto-tires.html,,2026-10-02T18:21:19.341177+00:00
d1d076f3-f5d2-59c7-a611-ba995b0193ae,1738,4000346461,1915056,Nextbase Piqo 2K Dashcam with 64GB MicroSD Card and Piqo Quick Connect Cable,https://www.costco.com/p/-/1915056,,,0,0,https://www.costco.com/auto-tires.html,,2026-10-02T18:21:19.341177+00:00
5d058fee-ffc5-5bae-a9bc-40d9d8cca69d,1738,4000433284,3510120,TYPE S Portable Jump Starter with Powerguide Assistance & Flashlight,https://www.costco.com/p/-/3510120,,,0,0,https://www.costco.com/auto-tires.html,,2026-10-02T18:21:19.341177+00:00
5915c563-a612-5edd-a539-7e21e8892838,1738,4000346686,997931,"Kirkland Signature 5W-30 High Mileage Full Synthetic Motor Oil, 5-Quart 2-pack",https://www.costco.com/p/-/997931,,,0,0,https://www.costco.com/auto-tires.html,,2026-10-02T18:21:19.341177+00:00
7a605757-2e2c-505d-96f6-65dae4bcec57,1738,4000432058,1680353,DeWalt Lithium Jump Starter with Compressor and USB Power Bank,https://www.costco.com/p/-/1680353,,,0,0,https://www.costco.com/auto-tires.html,,2026-10-02T18:21:19.341177+00:00
7cebd242-dcb0-5bbd-99c5-f8553889860e,1738,4000346776,1890281,"Kirkland Signature Heavy Duty Diesel 15W40 Synblen, 1 gal, 3-count",https://www.costco.com/p/-/1890281,,,0,0,https://www.costco.com/auto-tires.html,,2026-10-02T18:21:19.341177+00:00
60f291fc-b455-5dd1-ac17-f56c66e141db,1738,4000315371,1922992,Meguiar's Classic Tire Shine Shine 15oz 3-Pack,https://www.costco.com/p/-/1922992,,,0,0,https://www.costco.com/auto-tires.html,,2026-10-02T18:21:19.341177+00:00
6afa5790-ec9c-530e-9d72-3b7f2016b8a1,1738,4000361733,1241491,"Vulcan Nitrile Gloves, Medium, Indigo",https://www.costco.com/p/-/1241491,,,0,0,https://www.costco.com/auto-tires.html,,2026-10-02T18:21:19.341177+00:00
38e7c7fc-a942-5846-a8f2-673c42b03c9a,1738,4000361758,1241492,"Vulcan Nitrile Gloves, Large, Indigo",https://www.costco.com/p/-/1241492,,,0,0,https://www.costco.com/auto-tires.html,,2026-10-02T18:21:19.341177+00:00
5142fbdf-efd1-557e-9362-22e12da99484,1738,4000361814,1241493,"Vulcan Nitrile Gloves, XL, Indigo",https://www.costco.com/p/-/1241493,,,0,0,https://www.costco.com/auto-tires.html,,2026-10-02T18:21:19.341177+00:00
2caf2022-bcfc-5272-bfee-6c2faba80635,1738,4201006878,1929769,Gui Gui Tropical Set,https://www.costco.com/p/-/1929769,,,0,0,https://www.costco.com/toys.html,,2026-10-02T18:37:05.561783+00:00
b2faf8e1-48eb-5f8d-8c4e-3fe47d29391d,1738,4201016943,1929716,Mini Brands Mini Vinyls Playset with Three Capsules,https://www.costco.com/p/-/1929716,,,0,0,https://www.costco.com/toys.html,,2026-10-02T18:37:05.561783+00:00
b6e2ce71-5e91-5566-bd35-0c5550241847,1738,4201006210,2049570,Level Readers - 10 book Packs,https://www.costco.com/p/-/2049570,,,0,0,https://www.costco.com/toys.html,,2026-10-02T18:37:05.561783+00:00
1ea9c9d2-9166-5926-ae63-c742a4e1f582,1738,4201013741,2036911,Jetson Halos 3-Wheel Light-Up Kick Scooter,https://www.costco.com/p/-/2036911,,,0,0,https://www.costco.com/toys.html,,2026-10-02T18:37:05.561783+00:00
bca020df-0929-5ff0-af40-eb70c22f290c,1738,4201015338,2213964,Trifold Coloring and Activity Set,https://www.costco.com/p/-/2213964,,,0,0,https://www.costco.com/toys.html,,2026-10-02T18:37:05.561783+00:00
c13742ba-24b6-5e55-a0e3-7e15125380cc,1738,4201023345,2037490,Halloween Board Book,https://www.costco.com/p/-/2037490,,,0,0,https://www.costco.com/toys.html,,2026-10-02T18:37:05.561783+00:00
11dac169-1189-50de-b2db-558603917924,1738,4201013324,2065849,My Big Wipe Clean: Spiral Floor Pad,https://www.costco.com/p/-/2065849,,,0,0,https://www.costco.com/toys.html,,2026-10-02T18:37:05.561783+00:00
8ba1d702-a627-5c6e-86e4-262871ef2c92,1738,4201023328,2071117,Quiz It Book & Set / Book & Talking Flash Card Set,https://www.costco.com/p/-/2071117,,,0,0,https://www.costco.com/toys.html,,2026-10-02T18:37:05.561783+00:00
ad716122-1f9b-5d4c-a4dc-25f4aed2d8b5,1738,4201012507,2064924,Googly Eyes Sound Book,https://www.costco.com/p/-/2064924,,,0,0,https://www.costco.com/toys.html,,2026-10-02T18:37:05.561783+00:00
6097366d-f51c-5d98-972c-c986e46010d2,1738,4000380579,1927496,2025 Topps Baseball Flagship Collection 2,https://www.costco.com/p/-/1927496,,,0,0,https://www.costco.com/toys.html,,2026-10-02T18:37:05.561783+00:00
a023aadb-2764-5848-833e-41195b005283,1738,4000379649,1919858,"Kirkland Signature Favorites Candy Variety, 90 oz",https://www.costco.com/p/-/1919858,,,0,0,https://www.costco.com/easter.html,,2026-10-02T18:49:13.433129+00:00
26a2284d-cac2-5d0f-a1a9-735589308605,1738,4000361228,1939916,"LaCroix Sparkling Water, Spring Variety Pack, 12 fl oz, 24-count",https://www.costco.com/p/-/1939916,,,0,0,https://www.costco.com/easter.html,,2026-10-02T18:49:13.433129+00:00
e111bebf-213b-588c-8a7b-71dc9a742e3f,1738,100644634,1415519,"Propel Fitness Water Variety Pack, 16.9 fl oz, 24-count",https://www.costco.com/p/-/1415519,,,0,0,https://www.costco.com/beverages.html,,2026-10-03T02:53:50.470806+00:00
5c9f41bc-95f7-5626-9a30-e3d70d5e151a,1738,4201001800,2051862,"LMNT Sparkling Electrolyte Drink, Variety Pack, 12 fl oz, 15-count",https://www.costco.com/p/-/2051862,,,0,0,https://www.costco.com/beverages.html,,2026-10-03T02:53:50.470806+00:00
cacf5843-d83a-5d27-9dcf-4b47d4a0d77e,1738,100709443,1498286,"Gatorade Thirst Quencher, Core Variety Pack, 12 fl oz, 28-count",https://www.costco.com/p/-/1498286,,,0,0,https://www.costco.com/beverages.html,,2026-10-03T02:53:50.470806+00:00
32ee076a-b4a9-5031-be9a-11401bbabfda,1738,100841513,1495250,"Kirkland Signature, Organic Coconut Water, 33.8 fl oz, 9-count",https://www.costco.com/p/-/1495250,,,0,0,https://www.costco.com/beverages.html,,2026-10-03T02:53:50.470806+00:00
eea4aa6b-1d77-5fb0-b46f-d4a82141d5f8,1738,100456512,1242342,"Kirkland Signature, Almond Milk, 1 qt, 12-count",https://www.costco.com/p/-/1242342,,,0,0,https://www.costco.com/beverages.html,,2026-10-03T02:53:50.470806+00:00
c9386efa-e599-5212-9d64-308bcddde966,1738,100795656,975416,"S.Pellegrino Sparkling Natural Mineral Water, 16.9 fl oz, 24-count",https://www.costco.com/p/-/975416,,,0,0,https://www.costco.com/beverages.html,,2026-10-03T02:53:50.470806+00:00
caba9672-708a-5d6e-af48-750e61303e5e,1738,100461841,1242231,"Swiss Miss, Hot Cocoa Mix, 1.38 oz, 50-Count",https://www.costco.com/p/-/1242231,,,0,0,https://www.costco.com/beverages.html,,2026-10-03T02:53:50.470806+00:00
878eb619-7fcd-5bd7-9d88-2e813bd1e6a0,1738,4000269836,1833411,"Alani Nu Energy Drink, Variety Pack, 12 fl oz, 18-count",https://www.costco.com/p/-/1833411,,,0,0,https://www.costco.com/beverages.html,,2026-10-03T02:53:50.470806+00:00
262ee83e-4a3b-5ece-9c59-1d0691f4110d,1738,4000412420,1999716,"Sparkling Ice Zero Sugar Sparkling Water Purple Variety Pack, 17 fl oz, 24-count",https://www.costco.com/p/-/1999716,,,0,0,https://www.costco.com/beverages.html,,2026-10-03T02:53:50.470806+00:00
f90c7f4a-27af-5533-8598-e0853b3793a5,1738,4201003687,1820893,"Kirkland Signature A2 Chocolate Milk, 8 fl oz, 24-count",https://www.costco.com/p/-/1820893,,,0,0,https://www.costco.com/beverages.html,,2026-10-03T02:53:50.470806+00:00
8467cee1-659d-527a-8df9-38aa1db48111,1738,100381588,118652,"Carnation, Evaporated Milk, 12 fl oz, 12-Count",https://www.costco.com/p/-/118652,,,0,0,https://www.costco.com/beverages.html,,2026-10-03T02:53:50.470806+00:00
03682803-e41f-5450-866a-477d281ed11b,1738,4000443229,1845080,"Kirkland Signature Sport Drink, Variety Pack, 12 fl oz, 24-count",https://www.costco.com/p/-/1845080,,,0,0,https://www.costco.com/beverages.html,,2026-10-03T02:53:50.470806+00:00
2d37e397-709e-550a-b254-e7693701c175,1738,4000365658,1937492,"Alani Nu Energy Drink, Witch's Brew, 12 fl oz, 18-count",https://www.costco.com/p/-/1937492,,,0,0,https://www.costco.com/beverages.html,,2026-10-03T02:53:50.470806+00:00
9dba27d0-48bf-53a8-ab8b-bcba479ab66a,1738,100314147,1002373,"Kirkland Signature, Organic Almond Beverage, Vanilla, 32 fl oz, 6-Count",https://www.costco.com/p/-/1002373,,,0,0,https://www.costco.com/beverages.html,,2026-10-03T02:53:50.470806+00:00
d9e863a1-b7e9-5dca-b68b-6488faeac5e1,1738,100765799,1532150,"La Croix Sparkling Water, Beach Plum, Guava Sao Paulo and Black Razz Berry Variety Pack, 12 fl oz, 24-count",https://www.costco.com/p/-/1532150,,,0,0,https://www.costco.com/beverages.html,,2026-10-03T02:53:50.470806+00:00
437e3d68-b777-58b0-b9ae-f15ec8c0064e,1738,4000387897,1966529,"Celsius Sparkling Energy Drink, Core Variety Pack, 12 fl oz, 18-count",https://www.costco.com/p/-/1966529,,,0,0,https://www.costco.com/beverages.html,,2026-10-03T02:53:50.470806+00:00
64c0cd09-14bf-5cd1-b2e9-f934fc5b223e,1738,4000439916,2009964,"Gatorade Lower Sugar, Variety Pack, 12 fl oz, 24-count",https://www.costco.com/p/-/2009964,,,0,0,https://www.costco.com/beverages.html,,2026-10-03T02:53:50.470806+00:00
9af0f9bf-0f59-5970-9261-a9b762b5db56,1738,4000141369,1717856,"Scotch-Brite Zero Scratch Sponge, 24-count",https://www.costco.com/p/-/1717856,,,0,0,https://www.costco.com/cleaning-supplies.html,,2026-10-03T03:04:14.631746+00:00
e048ee36-629c-5987-a6f5-2f1cedf995f1,1738,4000092361,2218587,"Swiffer Duster Heavy Duty Dusting Kit, 1 Handle + 17 Refills",https://www.costco.com/p/-/2218587,,,0,0,https://www.costco.com/cleaning-supplies.html,,2026-10-03T03:04:14.631746+00:00
f50086bf-b60e-59e0-9e6f-dc464715e2f2,1738,4000141368,1717853,"Scotch-Brite Heavy Duty Sponge, 24-count",https://www.costco.com/p/-/1717853,,,0,0,https://www.costco.com/cleaning-supplies.html,,2026-10-03T03:04:14.631746+00:00
c9b71954-90e3-5b94-902e-4fd1ff480885,1738,4000370724,1907127,"Swiffer Sweep + Mop Deluxe Sweeping Kit, 1 Sweeper + 30 Refills",https://www.costco.com/p/-/1907127,,,0,0,https://www.costco.com/cleaning-supplies.html,,2026-10-03T03:04:14.631746+00:00
17b7b47d-7e65-5c87-9c6e-1f95624e6411,1738,100689013,1456660,"Swiffer Sweeper Heavy Duty Dry Sweeping Cloth Refills, 50-count",https://www.costco.com/p/-/1456660,,,0,0,https://www.costco.com/cleaning-supplies.html,,2026-10-03T03:04:14.631746+00:00
52785022-9807-57ab-9ccf-67a8b5230967,1738,100816543,1509965,"Scott Shop Towels, Original Multi-Purpose, Blue, 10-count",https://www.costco.com/p/-/1509965,,,0,0,https://www.costco.com/cleaning-supplies.html,,2026-10-03T03:04:14.631746+00:00
3ceffeb1-5d16-5956-89fc-36e864020921,1738,4201048745,2076515,"Sports Research Sugar Free Creatine + Electrolytes, 30 Individual Serving Stick Packs, Variety Pack",https://www.costco.com/p/-/2076515,,,0,0,https://www.costco.com/diet-nutrition.html,,2026-10-03T03:17:47.944676+00:00
6acdf2d7-3eb2-53dc-8d18-3dc5183b8c94,1738,4000430800,2007065,"Premier 30g Protein PLUS Energy and Immune Support Shakes, Strawberries & Cream, 11 fl oz, 18-pack",https://www.costco.com/p/-/2007065,,,0,0,https://www.costco.com/diet-nutrition.html,,2026-10-03T03:17:47.944676+00:00
d1a8516f-7104-5ec9-8b2d-01528d86f9ff,1738,4201003385,2048096,"Genius Gourmet Sparkling Clear 30g Protein Variety Pack, 12 fl oz, 15-pack",https://www.costco.com/p/-/2048096,,,0,0,https://www.costco.com/diet-nutrition.html,,2026-10-03T03:17:47.944676+00:00
afe1d736-097c-577b-830e-4e050eebd455,1738,4201038452,9632320,Polaroid Go Generation 3 Instant Camera Bundle,https://www.costco.com/p/-/9632320,,,0,0,https://www.costco.com/electronics.html,,2026-10-03T03:23:36.115636+00:00
9aeaca24-9381-59d3-ab6f-54bd34e5df63,1738,4201006537,2040216,Ring Battery Doorbell Pro with Extra Battery and Chime,https://www.costco.com/p/-/2040216,,,0,0,https://www.costco.com/electronics.html,,2026-10-03T03:23:51.988933+00:00
d1eb5b4e-05e5-5f11-b66e-4d49d99259a7,1738,100540181,2662877,"Lysol Advanced Toilet Bowl Cleaner, 32 fl oz, 4-count",https://www.costco.com/p/-/2662877,,,0,0,https://www.costco.com/floor-bathroom-cleaners.html,,2026-10-03T03:28:54.375876+00:00
a662d8dd-c91b-5fb4-9147-d00259145907,1738,100146130,913437,"Clorox Clean-Up All Purpose Cleaner with Bleach, Original, 32 fl oz Spray & 180 fl oz Refill",https://www.costco.com/p/-/913437,,,0,0,https://www.costco.com/floor-bathroom-cleaners.html,,2026-10-03T03:28:54.375876+00:00
ffeb4360-2182-585b-94d5-e5d5f0274021,1738,4000120581,1988113,"Fabuloso Multi-Purpose Cleaner, Lavender, 210 fl oz",https://www.costco.com/p/-/1988113,,,0,0,https://www.costco.com/floor-bathroom-cleaners.html,,2026-10-03T03:28:54.375876+00:00
61fafd2d-ae99-5c5b-a47d-864394774548,1738,4000248680,1805039,"Pine-Sol Multi-Surface Cleaner, Original, 60 fl oz, 2-count",https://www.costco.com/p/-/1805039,,,0,0,https://www.costco.com/floor-bathroom-cleaners.html,,2026-10-03T03:28:54.375876+00:00
2d87c3ca-e731-501a-a646-bb9d0c6ce39a,1738,100721568,2533324,"Lysol Disinfectant Spray, Crisp Linen, 19 oz, 3-count",https://www.costco.com/p/-/2533324,,,0,0,https://www.costco.com/floor-bathroom-cleaners.html,,2026-10-03T03:28:54.375876+00:00
2e873836-8c2f-59db-b30a-29f0b161ab82,1738,4000160436,2308572,"Mrs. Meyers Multi-Surface Variety Pack, 24 fl oz, 3-count",https://www.costco.com/p/-/2308572,,,0,0,https://www.costco.com/floor-bathroom-cleaners.html,,2026-10-03T03:28:54.375876+00:00
cadf0826-9e0b-59e6-a462-8d3486e6c7ca,1738,4000058742,1695155,"Cetaphil Moisturizing Cream Ultimate with Prebiotic Aloe, Very Dry to Dry Sensitive Skin, 20 oz + 16 oz, 2-pack",https://www.costco.com/p/-/1695155,,,0,0,https://www.costco.com/grocery-health-beauty.html,,2026-10-03T03:36:45.467719+00:00
e0f6229b-97ef-5329-8c06-02d68b69c4b4,1738,4000257190,1806649,"Neutrogena Makeup Remover Wipes, 125-count",https://www.costco.com/p/-/1806649,,,0,0,https://www.costco.com/grocery-health-beauty.html,,2026-10-03T03:36:53.906378+00:00
60380e1c-dbf3-50b9-b3be-beb92b236d04,1738,100805475,1538359,"Kirkland Signature, Organic Fruit and Vegetable Pouches, Variety Pack, 3.17 oz, 24-count",https://www.costco.com/p/-/1538359,,,0,0,https://www.costco.com/grocery-household.html,,2026-10-03T03:37:59.278849+00:00
a042d5c5-784e-5a61-a23f-705efaa9c3a2,1738,100664878,1450796,"Just Bare Lightly Breaded Chicken Breast Chunks, Boneless Skinless, 4 lbs",https://www.costco.com/p/-/1450796,,,0,0,https://www.costco.com/grocery-household.html,,2026-10-03T03:37:59.278849+00:00
f20be532-74b8-5ea2-aa7a-35eaea91f36b,1738,4000339188,1913150,"Frito Lay Simply Variety Pack, 30-count",https://www.costco.com/p/-/1913150,,,0,0,https://www.costco.com/household.html,,2026-10-03T03:51:17.062376+00:00
8af699ba-62f4-58dd-a032-916a5689064d,1738,100438553,1178969,"Kirkland Signature, Almond Flour, 3 lbs",https://www.costco.com/p/-/1178969,,,0,0,https://www.costco.com/kirkland-signature-groceries.html,,2026-10-03T03:59:38.438306+00:00
2b52ad02-c71d-550b-b80d-325749e40329,1738,100410832,88744,"Kirkland Signature Meatballs, 6 lbs",https://www.costco.com/p/-/88744,,,0,0,https://www.costco.com/kirkland-signature-groceries.html,,2026-10-03T03:59:38.438306+00:00
a3b3cf17-1144-5213-a2dd-8a32ab32db09,1738,100639328,1294443,"Kirkland Signature Chicken Tenderloins, Boneless Skinless, 6 lbs",https://www.costco.com/p/-/1294443,,,0,0,https://www.costco.com/kirkland-signature-groceries.html,,2026-10-03T03:59:47.519905+00:00
10f2a235-cbcf-58a3-bf46-5f2f6f86aacf,1738,100508756,1304236,"Kirkland Signature Grass-Fed Beef Patties, 1/3 lb Patty, 15-count",https://www.costco.com/p/-/1304236,,,0,0,https://www.costco.com/kirkland-signature-groceries.html,,2026-10-03T03:59:47.519905+00:00
88094756-f81b-532a-be9f-3bd71dea13d1,1738,100441201,221177,"Kirkland Signature Wild Alaskan Sockeye Salmon, 5 oz - 7 oz Portion, 3 lbs",https://www.costco.com/p/-/221177,,,0,0,https://www.costco.com/kirkland-signature-groceries.html,,2026-10-03T03:59:47.519905+00:00
bec487e2-7d01-538f-b163-921e7ec0de7c,1738,4000222494,1723203,Novaform 14” ComfortGrande Advanced Gel Memory Foam Mattress,https://www.costco.com/p/-/1723203,,,0,0,https://www.costco.com/mattresses.html,,2026-10-03T04:03:19.382139+00:00
6c0251aa-18a3-587c-8dd8-f65f8d2fdf87,1738,4000203417,1748800,"Casper Cooling Select 12"" Memory Foam Mattress",https://www.costco.com/p/-/1748800,,,0,0,https://www.costco.com/mattresses.html,,2026-10-03T04:03:19.382139+00:00
d3c59445-2d66-596e-95b2-4a0c9380cae4,1738,4000363508,1900478,"Sealy Posturepedic Pro Highland Manor 13"" Medium Mattress",https://www.costco.com/p/-/1900478,,,0,0,https://www.costco.com/mattresses.html,,2026-10-03T04:03:19.382139+00:00
2600e660-4160-5e5f-ad97-260a5fcbb671,1738,100371265,879520,"Nutella Hazelnut Spread with Cocoa, 33.5 oz, 2-count",https://www.costco.com/p/-/879520,,,0,0,https://www.costco.com/pantry.html,,2026-10-03T04:13:56.738596+00:00
