id,warehouse_id,sku,item_number,product_name,product_url,aisle,bay,is_wrong,is_discontinued,category_url,updated_at
84f2f2d1-407a-5dbf-82de-4ad8c4e40de8,1738,9643888,9643888,"Samsung 43"" Class - U8000H Crystal UHD Series - 4K Smart TV",https://www.costco.com/.product.9643888.html,,,0,0,https://www.costco.com/39-inch-tvs-through-43-inch-tvs.html,2026-09-28T00:48:40.819518+00:00
f69ba718-9d6b-59cf-80b9-56a7e2a18e9f,1738,9643650,9643650,"Hisense 43"" Class - QD65 Series - 4K Hi-QLED Smart TV - Allstate 3-Year Protection Plan Bundle Included for 5 Years of Total Coverage*",https://www.costco.com/.product.9643650.html,,,0,0,https://www.costco.com/39-inch-tvs-through-43-inch-tvs.html,2026-09-28T00:48:40.819518+00:00
d1f8273d-bde9-5791-bc08-9c73f68c33f3,1738,9650888,9650888,"Samsung 50"" Class - U8000H Crystal UHD Series - 4K Smart TV",https://www.costco.com/.product.9650888.html,,,0,0,https://www.costco.com/44-inch-tvs-through-54-inch-tvs.html,2026-09-28T00:49:34.971675+00:00
cd2aed8d-258a-5103-a26c-55e013abf2d0,1738,9550677,9550677,"TCL 50"" Class - Q77K Series - 4K UHD QLED Smart TV - Allstate 3-Year Protection Plan Bundle Included for 5 Years of Total Coverage*",https://www.costco.com/.product.9550677.html,,,0,0,https://www.costco.com/44-inch-tvs-through-54-inch-tvs.html,2026-09-28T00:49:34.971675+00:00
09cad286-2b58-508c-9f09-6bd017e736b4,1738,9650075,9650075,"LG 50"" Class - QNED AI Mini LED QNED75B Series - 4K Smart TV - Allstate 3-Year Protection Plan Bundle Included For 5 Years of Total Coverage*",https://www.costco.com/.product.9650075.html,,,0,0,https://www.costco.com/44-inch-tvs-through-54-inch-tvs.html,2026-09-28T00:49:34.971675+00:00
ac802170-cb9a-5a44-9fc5-d40082491740,1738,9548045,9548045,"LG 48"" Class - OLED evo AI G5 Series - 4K Smart TV - Allstate 3-Year Protection Plan Bundle Included For 5 Years of Total Coverage*",https://www.costco.com/.product.9548045.html,,,0,0,https://www.costco.com/44-inch-tvs-through-54-inch-tvs.html,2026-09-28T00:49:34.971675+00:00
aeb984c0-ec39-5060-ae86-760b85ea6c8f,1738,9655700,9655700,Samsung 55” Class - M70H Series - 4K Mini LED - Smart TV,https://www.costco.com/.product.9655700.html,,,0,0,https://www.costco.com/55-inch-tvs-through-64-inch-tvs.html,2026-09-28T00:49:59.586320+00:00
dcb62dc4-d43d-5025-a16e-ba62337145c4,1738,9655750,9655750,"Hisense 55"" Class - QD7 Series - 4K Hi-QLED Smart TV - Allstate 3-Year Protection Plan Bundle Included for 5 Years of Total Coverage*",https://www.costco.com/.product.9655750.html,,,0,0,https://www.costco.com/55-inch-tvs-through-64-inch-tvs.html,2026-09-28T00:49:59.586320+00:00
4d0f1f60-2c96-5828-936f-aa839c3f6cb8,1738,9655888,9655888,"Samsung 55"" Class - U8000H Crystal UHD Series - 4K Smart TV",https://www.costco.com/.product.9655888.html,,,0,0,https://www.costco.com/55-inch-tvs-through-64-inch-tvs.html,2026-09-28T00:49:59.586320+00:00
0adfb107-54b9-5ddb-bacd-f67cc091b443,1738,9555677,9555677,"TCL 55"" Class - Q77K Series - 4K UHD QLED Smart TV - Allstate 3-Year Protection Plan Bundle Included for 5 Years of Total Coverage*",https://www.costco.com/.product.9555677.html,,,0,0,https://www.costco.com/55-inch-tvs-through-64-inch-tvs.html,2026-09-28T00:49:59.586320+00:00
526214b0-8dfa-57d0-8136-7441b03aadc8,1738,9655075,9655075,"LG 55"" Class - QNED AI Mini LED QNED75B Series - 4K Smart TV - Allstate 3-Year Protection Plan Bundle Included For 5 Years of Total Coverage*",https://www.costco.com/.product.9655075.html,,,0,0,https://www.costco.com/55-inch-tvs-through-64-inch-tvs.html,2026-09-28T00:49:59.586320+00:00
e31db0fb-f6b2-5ebe-a37d-896c726ab143,1738,9655035,9655035,"LG 55"" Class - OLED evo AI C6 Series - 4K Smart TV - Allstate 3-Year Protection Plan Bundle Included For 5 Years of Total Coverage*",https://www.costco.com/.product.9655035.html,,,0,0,https://www.costco.com/55-inch-tvs-through-64-inch-tvs.html,2026-09-28T00:49:59.586320+00:00
da170f03-9784-5b41-8904-dd17f73a1e40,1738,9655091,9655091,"Samsung 55"" Class - S90H OLED Series - 4K Vision AI Smart TV - Allstate 3-Year Protection Plan Bundle Included For 5 Years of Total Coverage*",https://www.costco.com/.product.9655091.html,,,0,0,https://www.costco.com/55-inch-tvs-through-64-inch-tvs.html,2026-09-28T00:49:59.586320+00:00
84956585-7d19-549e-85db-a3e2e5fae8e4,1738,9665888,9665888,"Samsung 65"" Class - U8000H Crystal UHD Series - 4K Smart TV",https://www.costco.com/.product.9665888.html,,,0,0,https://www.costco.com/65-inch-tvs-through-69-inch-tvs.html,2026-09-28T00:50:23.129175+00:00
e596f1a8-0c9d-516c-9119-1aad79ae2d76,1738,9665700,9665700,Samsung 65” Class - M70H Series - 4K Mini LED - Smart TV,https://www.costco.com/.product.9665700.html,,,0,0,https://www.costco.com/65-inch-tvs-through-69-inch-tvs.html,2026-09-28T00:50:23.129175+00:00
127877c1-4d30-521f-870a-2b39c7cb7408,1738,9665035,9665035,"LG 65"" Class - OLED evo AI C6 Series - 4K Smart TV   - Allstate 3-Year Protection Plan Bundle Included For 5 Years of Total Coverage*",https://www.costco.com/.product.9665035.html,,,0,0,https://www.costco.com/65-inch-tvs-through-69-inch-tvs.html,2026-09-28T00:50:23.129175+00:00
da4ac955-496c-5ba5-b185-326287a6c7b1,1738,9665065,9665065,"Hisense 65"" Class - U65 Pro Series - 4K ULED MiniLED Smart TV - Allstate 3-Year Protection Plan Bundle Included for 5 Years of Total Coverage*",https://www.costco.com/.product.9665065.html,,,0,0,https://www.costco.com/65-inch-tvs-through-69-inch-tvs.html,2026-09-28T00:50:23.129175+00:00
85523805-5442-5940-8e52-8fd2b4a2538d,1738,9665025,9665025,"LG 65"" Class - OLED AI B6E Series - 4K Smart TV - Allstate 3-Year Protection Plan Bundle Included For 5 Years of Total Coverage*",https://www.costco.com/.product.9665025.html,,,0,0,https://www.costco.com/65-inch-tvs-through-69-inch-tvs.html,2026-09-28T00:50:23.129175+00:00
4a53e3ee-2fc7-5c8b-b03c-116d2e4f3285,1738,9665075,9665075,"LG 65"" Class - QNED AI Mini LED QNED75B Series - 4K Smart TV - Allstate 3-Year Protection Plan Bundle Included For 5 Years of Total Coverage*",https://www.costco.com/.product.9665075.html,,,0,0,https://www.costco.com/65-inch-tvs-through-69-inch-tvs.html,2026-09-28T00:50:23.129175+00:00
0d32e1b5-8f3f-5b74-bf1c-9a2f4b40d2c3,1738,9665007,9665007,"TCL 65"" Class - QM7L Pro Series - 4K UHD SQD-Mini LED Smart TV - Allstate 3-Year Protection Plan Bundle Included for 5 Years of Total Coverage*",https://www.costco.com/.product.9665007.html,,,0,0,https://www.costco.com/65-inch-tvs-through-69-inch-tvs.html,2026-09-28T00:50:23.129175+00:00
8949bf19-7f75-586b-9b5f-247cdaa7ee47,1738,9565091,9565091,"Samsung 65"" Class - S90F OLED Series - 4K Vision AI Smart TV - Allstate 3-Year Protection Plan Bundle Included For 5 Years of Total Coverage*",https://www.costco.com/.product.9565091.html,,,0,0,https://www.costco.com/65-inch-tvs-through-69-inch-tvs.html,2026-09-28T00:50:23.129175+00:00
496927b0-227a-5028-9a74-131ee092a47b,1738,9565676,9565676,"TCL 65"" Class - QM6K Pro Series - 4K UHD QD-Mini LED Smart TV - Allstate 3-Year Protection Plan Bundle Included for 5 Years of Total Coverage*",https://www.costco.com/.product.9565676.html,,,0,0,https://www.costco.com/65-inch-tvs-through-69-inch-tvs.html,2026-09-28T00:50:23.129175+00:00
d8f0ca2e-6a1a-541d-bbd7-53b5da5c9ab5,1738,9465080,9465080,"Sony 65"" Class - BRAVIA 8 OLED Series - 4K Smart TV - Allstate 3-Year Protection Plan Bundle Included for 5 Years of Total Coverage*",https://www.costco.com/.product.9465080.html,,,0,0,https://www.costco.com/65-inch-tvs-through-69-inch-tvs.html,2026-09-28T00:50:23.129175+00:00
9b41f6d0-1c51-5d1b-ac9c-759a24560c04,1738,9670888,9670888,"Samsung 70"" Class - U8000H Crystal UHD Series - 4K Smart TV",https://www.costco.com/.product.9670888.html,,,0,0,https://www.costco.com/75-inch-tvs-through-84-inch-tvs.html,2026-09-28T00:51:01.581768+00:00
2f9f0447-31ab-5351-9ce5-013d61e6d6c3,1738,9675700,9675700,Samsung 75” Class - M70H Series - 4K Mini LED - Smart TV,https://www.costco.com/.product.9675700.html,,,0,0,https://www.costco.com/75-inch-tvs-through-84-inch-tvs.html,2026-09-28T00:51:01.581768+00:00
2100af71-8364-5bbd-96b3-3db57168c4bf,1738,9675065,9675065,"Hisense 75"" Class - U65 Pro Series - 4K ULED MiniLED Smart TV - Allstate 3-Year Protection Plan Bundle Included for 5 Years of Total Coverage*",https://www.costco.com/.product.9675065.html,,,0,0,https://www.costco.com/75-inch-tvs-through-84-inch-tvs.html,2026-09-28T00:51:01.581768+00:00
4689e238-d966-5143-b291-e6a76217a820,1738,9575676,9575676,"TCL 75"" Class - QM6K Pro Series - 4K UHD QD-Mini LED Smart TV  - Allstate 3-Year Protection Plan Bundle Included for 5 Years of Total Coverage*",https://www.costco.com/.product.9575676.html,,,0,0,https://www.costco.com/75-inch-tvs-through-84-inch-tvs.html,2026-09-28T00:51:01.581768+00:00
6a0c2883-ea09-586c-949d-c3ee45403960,1738,9575677,9575677,"TCL 75"" Class - Q77K Series - 4K UHD QLED Smart TV - Allstate 3-Year Protection Plan Bundle Included for 5 Years of Total Coverage*",https://www.costco.com/.product.9575677.html,,,0,0,https://www.costco.com/75-inch-tvs-through-84-inch-tvs.html,2026-09-28T00:51:01.581768+00:00
374ebfde-a6e1-5419-b3ea-4074d201fc52,1738,9575080,9575080,"Samsung 75"" Class - QN80F Neo QLED Series - 4K Mini LED - Vision AI Smart TV - Allstate 3-Year Protection Plan Bundle Included For 5 Years of Total Coverage*",https://www.costco.com/.product.9575080.html,,,0,0,https://www.costco.com/75-inch-tvs-through-84-inch-tvs.html,2026-09-28T00:51:01.581768+00:00
3f1fd8f6-189e-5011-b424-885278503f19,1738,9677091,9677091,"Samsung 77"" Class - S90H OLED Series - 4K Vision AI Smart TV - Allstate 3-Year Protection Plan Bundle Included For 5 Years of Total Coverage*",https://www.costco.com/.product.9677091.html,,,0,0,https://www.costco.com/75-inch-tvs-through-84-inch-tvs.html,2026-09-28T00:51:01.581768+00:00
b8ca9a1d-5636-518a-ad44-110a408c25b9,1738,9677035,9677035,"LG 77"" Class - OLED evo AI C6H Series - 4K Smart TV - Allstate 3-Year Protection Plan Bundle Included For 5 Years of Total Coverage*",https://www.costco.com/.product.9677035.html,,,0,0,https://www.costco.com/75-inch-tvs-through-84-inch-tvs.html,2026-09-28T00:51:01.581768+00:00
947e330c-7a14-53d2-bf54-7a131df7c063,1738,9677025,9677025,"LG 77"" Class - OLED AI B6E Series - 4K Smart TV - Allstate 3-Year Protection Plan Bundle Included For 5 Years of Total Coverage*",https://www.costco.com/.product.9677025.html,,,0,0,https://www.costco.com/75-inch-tvs-through-84-inch-tvs.html,2026-09-28T00:51:01.581768+00:00
4ce46318-73f2-5ce0-8fd9-f127c5ada62d,1738,9477080,9477080,"Sony 77"" Class - BRAVIA 8 OLED Series - 4K Smart TV - Allstate 3-Year Protection Plan Bundle Included for 5 Years of Total Coverage*",https://www.costco.com/.product.9477080.html,,,0,0,https://www.costco.com/75-inch-tvs-through-84-inch-tvs.html,2026-09-28T00:51:01.581768+00:00
cad9c924-c159-5672-b6ba-fd7cad172a9b,1738,9685870,9685870,"LG 85"" Class - NANO 4K UHD AI NU87 Series - 4K Smart TV - Allstate 3-Year Protection Plan Bundle Included For 5 Years of Total Coverage*",https://www.costco.com/.product.9685870.html,,,0,0,https://www.costco.com/85-inch-tvs-through-97-inch-tvs.html,2026-09-28T00:51:26.094026+00:00
78d60729-4986-5152-ba03-e95dd39ea195,1738,9585676,9585676,"TCL 85"" Class - QM6K Pro Series - 4K UHD QD-Mini LED Smart TV  - Allstate 3-Year Protection Plan Bundle Included for 5 Years of Total Coverage*",https://www.costco.com/.product.9585676.html,,,0,0,https://www.costco.com/85-inch-tvs-through-97-inch-tvs.html,2026-09-28T00:51:26.094026+00:00
0e0ceea7-244e-5748-9dc4-6ea2848235d9,1738,9585677,9585677,"TCL 85"" Class - Q77K Series - 4K UHD QLED Smart TV - Allstate 3-Year Protection Plan Bundle Included for 5 Years of Total Coverage*",https://www.costco.com/.product.9585677.html,,,0,0,https://www.costco.com/85-inch-tvs-through-97-inch-tvs.html,2026-09-28T00:51:26.094026+00:00
c0076e1b-9004-5060-8762-3facae30a8b7,1738,9698900,9698900,"Samsung 98"" Class - U9000H Crystal UHD Series - 4K Smart TV - Allstate 3 -Year Protection Plan Bundle Included For 5 Years of Total Coverage*",https://www.costco.com/.product.9698900.html,,,0,0,https://www.costco.com/98-inch-or-larger-tvs.html,2026-09-28T00:51:50.214442+00:00
80f5f439-a9a7-55c9-b8bd-48be51c35a2a,1738,9610750,9610750,"Hisense 100"" Class - QD7 Series - 4K Hi-QLED Smart TV - Allstate 3-Year Protection Plan Bundle Included for 5 Years of Total Coverage*",https://www.costco.com/.product.9610750.html,,,0,0,https://www.costco.com/98-inch-or-larger-tvs.html,2026-09-28T00:51:50.214442+00:00
9d80b4ef-ea8d-5cdc-8372-4659c93c4fba,1738,9598676,9598676,"TCL 98"" Class - QM6K Pro Series - 4K UHD QD-Mini LED Smart TV  - Allstate 3-Year Protection Plan Bundle Included for 5 Years of Total Coverage*",https://www.costco.com/.product.9598676.html,,,0,0,https://www.costco.com/98-inch-or-larger-tvs.html,2026-09-28T00:51:50.214442+00:00
e2239580-bf98-5957-85f9-c16439d4b8d9,1738,1853011,1853011,Playstation DualSense Wireless Controller and Charging Station - White,https://www.costco.com/.product.1853011.html,,,0,0,https://www.costco.com/accessories-games.html,2026-09-28T00:53:06.672319+00:00
8c73d7af-bfe9-5883-95de-d3864c6df238,1738,1831183,1831183,"Sony PlayStation Portal Remote Player Bundle, White",https://www.costco.com/.product.1831183.html,,,0,0,https://www.costco.com/accessories-games.html,2026-09-28T00:53:06.672319+00:00
48301c59-facd-559a-828a-171b4019418b,1738,1831180,1831180,"Sony PlayStation Portal Remote Player Bundle, Black",https://www.costco.com/.product.1831180.html,,,0,0,https://www.costco.com/accessories-games.html,2026-09-28T00:53:06.672319+00:00
4c8f7a9b-78df-5e47-8788-86e1e4985e2d,1738,1853013,1853013,PlayStation DualSense Wireless Controller and Charging Station - Starlight Blue,https://www.costco.com/.product.1853013.html,,,0,0,https://www.costco.com/accessories-games.html,2026-09-28T00:53:06.672319+00:00
18ca4f00-4c91-5ed0-a162-a1eda8307540,1738,2031749,2031749,Joy-Con 2 (L)/(R) Light Purple/Light Green - Nintendo Switch 2,https://www.costco.com/.product.2031749.html,,,0,0,https://www.costco.com/accessories-games.html,2026-09-28T00:53:06.672319+00:00
e2b051bf-7467-54c0-85ee-fa55bbb3c684,1738,2424148,2424148,Joy-Con 2 (L)/(R) Light Blue/Light Red - Nintendo Switch 2,https://www.costco.com/.product.2424148.html,,,0,0,https://www.costco.com/accessories-games.html,2026-09-28T00:53:06.672319+00:00
8aa5ffbb-a2ae-57e2-80a7-0d68fa72c577,1738,1669785,1669785,"Kirkland Signature Omeprazole 20 mg., 42 Tablets",https://www.costco.com/.product.1669785.html,,,0,0,https://www.costco.com/acid-relief.html,2026-09-28T00:53:41.935483+00:00
ae1a3108-40cb-5a39-8f43-22c97fc9c2e2,1738,1697407,1697407,"TUMS Chewy Bites, 108ct",https://www.costco.com/.product.1697407.html,,,0,0,https://www.costco.com/acid-relief.html,2026-09-28T00:53:41.935483+00:00
bdcb1917-a9ce-5f4a-8dc1-a62f7e8178be,1738,1231411,1231411,"Pepto Bismol Ultra, 5 Symptom Digestive Relief Liquid, 36 Fluid Ounces",https://www.costco.com/.product.1231411.html,,,0,0,https://www.costco.com/acid-relief.html,2026-09-28T00:53:41.935483+00:00
e968d1b6-a799-50a0-a714-e474ba70b2dc,1738,1086592,1086592,"Kirkland Signature Acid Controller 20 mg, 250-count",https://www.costco.com/.product.1086592.html,,,0,0,https://www.costco.com/acid-relief.html,2026-09-28T00:53:41.935483+00:00
0583bcfa-425a-5781-ba59-1ee895cb1b7a,1738,805287,805287,"Kirkland Signature Lansoprazole 15 mg. Acid Reducer, 42 Capsules",https://www.costco.com/.product.805287.html,,,0,0,https://www.costco.com/acid-relief.html,2026-09-28T00:53:41.935483+00:00
ae1a55f9-b1f4-57c6-9175-3155e22cb025,1738,851753,851753,"Nexium 24HR Acid Reducer 20 mg., 42 Capsules",https://www.costco.com/.product.851753.html,,,0,0,https://www.costco.com/acid-relief.html,2026-09-28T00:53:41.935483+00:00
cfacd661-cba4-54e7-a0ca-38eabdaaff6a,1738,1862992,1862992,"Pepto Bismol Chews, Berry Mint Flavor, 70 Chewable Tablets",https://www.costco.com/.product.1862992.html,,,0,0,https://www.costco.com/acid-relief.html,2026-09-28T00:53:41.935483+00:00
a5ffce8b-a99a-52cb-ae0c-27fb059d6691,1738,72147,72147,"TUMS Antacid Ultra Strength, 265 Chewable Tablets",https://www.costco.com/.product.72147.html,,,0,0,https://www.costco.com/acid-relief.html,2026-09-28T00:53:41.935483+00:00
dc869648-9ebb-594d-8389-3ebb6cc0e677,1738,2080753,2080753,TUMS CHEWY BITES ASSORTED WNTRMNT VNL CRM T9H6MPK20,https://www.costco.com/.product.2080753.html,,,0,0,https://www.costco.com/acid-relief.html,2026-09-28T00:53:41.935483+00:00
8e7d50d4-b5a4-5eb0-bda9-0639b2ec5375,1738,301341,301341,"Gas-X Extra Strength, 120 Softgels",https://www.costco.com/.product.301341.html,,,0,0,https://www.costco.com/acid-relief.html,2026-09-28T00:53:41.935483+00:00
7bb945b3-4373-5661-911e-9d17ff05cde6,1738,1140422,1140422,"Kirkland Signature Esomeprazole 20 mg, 42 count",https://www.costco.com/.product.1140422.html,,,0,0,https://www.costco.com/acid-relief.html,2026-09-28T00:53:41.935483+00:00
efb5f87c-c486-5e93-aee7-907267774e78,1738,837291,837291,"Pepcid Complete Dual Action Acid Reducer + Antacid, 100 Chewable Berry Tablets",https://www.costco.com/.product.837291.html,,,0,0,https://www.costco.com/acid-relief.html,2026-09-28T00:53:41.935483+00:00
2c908254-3123-5d64-8ae0-df98cb0aedce,1738,9536007,9536007,Insta360 Luna Ultra Dual-Lens 8K Gimbal Camera,https://www.costco.com/.product.9536007.html,,,0,0,https://www.costco.com/action-cameras.html,2026-09-28T00:54:23.981029+00:00
53dd5d2e-6a9a-5038-9cb8-25ce24fd6252,1738,6094012,6094012,"GoPro HERO13 Black Action Camera Bundle with Additional Enduro Battery, 128GB microSD Card and Carrying Case",https://www.costco.com/.product.6094012.html,,,0,0,https://www.costco.com/action-cameras.html,2026-09-28T00:54:23.981029+00:00
59dd8c42-c4e9-5283-9513-11550851a4f5,1738,9536005,9536005,Insta360 X5 - 8K 360° Action Camera Bundle,https://www.costco.com/.product.9536005.html,,,0,0,https://www.costco.com/action-cameras.html,2026-09-28T00:54:23.981029+00:00
716c382c-23ae-54e8-ac49-a7896beb44e6,1738,9501001,9501001,HOVERAir X1 PROMAX 8K Self-Flying Camera Bundle,https://www.costco.com/.product.9501001.html,,,0,0,https://www.costco.com/action-cameras.html,2026-09-28T00:54:23.981029+00:00
2140e938-178c-549c-b9b7-351d963d0013,1738,2025322,2025322,"Grüns Adult Greens Gummies, 35 Daily Packs",https://www.costco.com/.product.2025322.html,,,0,0,https://www.costco.com/adult-multi-letter-vitamins.html,2026-09-28T00:55:34.681139+00:00
ec5fd128-6476-556b-936c-ecbd347a3a6a,1738,1060126,1060126,"Terra Kai USDA Organic Juce Super Fruit & Veggie Powder, 12.2 oz",https://www.costco.com/.product.1060126.html,,,0,0,https://www.costco.com/adult-multi-letter-vitamins.html,2026-09-28T00:55:34.681139+00:00
4a12d8ae-2d53-5916-ab7c-2bd2ff5ec562,1738,1148964,1148964,"PreserVision AREDS2 Formula, 210 Soft Gels",https://www.costco.com/.product.1148964.html,,,0,0,https://www.costco.com/adult-multi-letter-vitamins.html,2026-09-28T00:55:34.681139+00:00
2c60874d-9cdf-513e-a94f-cc29c9d042a6,1738,135576,135576,"Zipfizz Multi-Vitamin Energy Hydration Drink Mix, Variety Pack, 30-count",https://www.costco.com/.product.135576.html,,,0,0,https://www.costco.com/adult-multi-letter-vitamins.html,2026-09-28T00:55:34.681139+00:00
21ffab56-5fb2-5ed9-864d-dee243602eb8,1738,2032156,2032156,"SmartyPants Kids Plus Multivitamin & Omegas, 180 Gummies",https://www.costco.com/.product.2032156.html,,,0,0,https://www.costco.com/adult-multi-letter-vitamins.html,2026-09-28T00:55:34.681139+00:00
5150ad5a-ea22-50ea-bff0-708b4626272c,1738,393914,393914,"Kirkland Signature Vitamin D3, 2000 IU, 600-count",https://www.costco.com/.product.393914.html,,,0,0,https://www.costco.com/adult-multi-letter-vitamins.html,2026-09-28T00:55:34.681139+00:00
41c72558-4cda-5d5b-8cb2-f802ebcab8a9,1738,1102928,1102928,"Centrum Silver Adults 50+, 325 Tablets",https://www.costco.com/.product.1102928.html,,,0,0,https://www.costco.com/adult-multi-letter-vitamins.html,2026-09-28T00:55:34.681139+00:00
c392b382-f712-5064-a221-ac72a3fb10d5,1738,1408247,1408247,"Trunature Ginkgo Biloba 120mg, 340 Softgels",https://www.costco.com/.product.1408247.html,,,0,0,https://www.costco.com/adult-multi-letter-vitamins.html,2026-09-28T00:55:34.681139+00:00
1226caab-43e0-52c8-b10f-086ac2135333,1738,2009618,2009618,"MaryRuth's Morning Multivitamin + Hair Growth, Peach Mango, 22 fl. oz., 2-pack",https://www.costco.com/.product.2009618.html,,,0,0,https://www.costco.com/adult-multi-letter-vitamins.html,2026-09-28T00:55:34.681139+00:00
b45b906f-855d-5af3-945a-e03ef24daa4e,1738,864070,864070,"Nature Made Vitamin B12 1000 mcg, 400 Softgels",https://www.costco.com/.product.864070.html,,,0,0,https://www.costco.com/adult-multi-letter-vitamins.html,2026-09-28T00:55:34.681139+00:00
eecb513e-db15-58de-ba63-6c1b9db0225e,1738,536970,536970,"Natrol JuiceFestiv, 240 Capsules",https://www.costco.com/.product.536970.html,,,0,0,https://www.costco.com/adult-multi-letter-vitamins.html,2026-09-28T00:55:34.681139+00:00
bcebcca2-41a0-54d4-a035-dc90d8997800,1738,1674847,1674847,"Sports Research Plant-Based D3 + K2, 160-count",https://www.costco.com/.product.1674847.html,,,0,0,https://www.costco.com/adult-multi-letter-vitamins.html,2026-09-28T00:55:34.681139+00:00
483b1633-b166-5e65-b68d-004fb58bc4a2,1738,1763447,1763447,"Emergen-C Immune+ 1000 mg Vitamin C + Vitamin D & Zinc, 90 Packets",https://www.costco.com/.product.1763447.html,,,0,0,https://www.costco.com/adult-multi-letter-vitamins.html,2026-09-28T00:55:34.681139+00:00
0ae80ef1-0327-50c0-844e-18e0e7ce4522,1738,690843,690843,"Kirkland Signature Quick Dissolve B-12 5000 mcg, 300 Tablets",https://www.costco.com/.product.690843.html,,,0,0,https://www.costco.com/adult-multi-letter-vitamins.html,2026-09-28T00:55:34.681139+00:00
07c1880f-3ddc-5227-93e5-4179cb64d509,1738,98501,98501,"Kirkland Signature Chewable Vitamin C 500 mg, 500 Tablets",https://www.costco.com/.product.98501.html,,,0,0,https://www.costco.com/adult-multi-letter-vitamins.html,2026-09-28T00:55:34.681139+00:00
62811443-a7bd-58f7-9de6-1301a88bb84e,1738,870735,870735,"Kirkland Signature Adult Multivitamin, 320 Gummies",https://www.costco.com/.product.870735.html,,,0,0,https://www.costco.com/adult-multi-letter-vitamins.html,2026-09-28T00:55:34.681139+00:00
db1e8c1b-6396-5f99-88ec-2b06030e3b8b,1738,1320303,1320303,"Centrum Silver Men 50+ Immune Support Multivitamin, 275 Tablets",https://www.costco.com/.product.1320303.html,,,0,0,https://www.costco.com/adult-multi-letter-vitamins.html,2026-09-28T00:55:34.681139+00:00
c2256a70-d57b-5d1e-9017-9951c07092e9,1738,1917654,1917654,"AG1 Daily Foundational Nutrition, 40-count",https://www.costco.com/.product.1917654.html,,,0,0,https://www.costco.com/adult-multi-letter-vitamins.html,2026-09-28T00:55:34.681139+00:00
3c76d8d7-98d1-5343-bd2f-adac96833b0f,1738,853467,853467,"One A Day Men's Multivitamin, 300 Tablets",https://www.costco.com/.product.853467.html,,,0,0,https://www.costco.com/adult-multi-letter-vitamins.html,2026-09-28T00:55:34.681139+00:00
906b3249-6241-5f4d-b6b1-d732d52bff21,1738,1957823,1957823,"Sports Research Vitamin B Complex, 180 Veggie Soft Gels",https://www.costco.com/.product.1957823.html,,,0,0,https://www.costco.com/adult-multi-letter-vitamins.html,2026-09-28T00:55:34.681139+00:00
e9ab738d-70c8-5e0d-ba87-51ed733b7eb4,1738,553486,553486,"Nature's Bounty Optimal Solutions Hair, Skin and Nails, 250 Softgels",https://www.costco.com/.product.553486.html,,,0,0,https://www.costco.com/adult-multi-letter-vitamins.html,2026-09-28T00:55:34.681139+00:00
ed52b8be-7006-561a-87f5-d09e89dd6f59,1738,1906773,1906773,"OLLY Women's Multivitamin Gummy, 200 Gummies",https://www.costco.com/.product.1906773.html,,,0,0,https://www.costco.com/adult-multi-letter-vitamins.html,2026-09-28T00:55:34.681139+00:00
f9240e93-2c7c-567b-9424-b9e562cdecfa,1738,1274751,1274751,"One A Day Men's 50+ Multivitamin Tablets, 300 count",https://www.costco.com/.product.1274751.html,,,0,0,https://www.costco.com/adult-multi-letter-vitamins.html,2026-09-28T00:55:34.681139+00:00
64e9dd30-3241-57ad-b2d8-f567bbaf3a2b,1738,853472,853472,"One A Day Women's Multivitamin, 300 Tablets",https://www.costco.com/.product.853472.html,,,0,0,https://www.costco.com/adult-multi-letter-vitamins.html,2026-09-28T00:55:34.681139+00:00
5c941701-0758-5d98-a0a2-71de834969b5,1738,1050777,1050777,"Kirkland Signature Vitamin C 250 mg, 360 Adult Gummies",https://www.costco.com/.product.1050777.html,,,0,0,https://www.costco.com/adult-multi-letter-vitamins.html,2026-09-28T00:55:45.408250+00:00
c91bf99b-f77a-55d7-a9eb-d7e6813ac8eb,1738,1962753,1962753,"Qunol Brain Health Memory Plus, 100 Count",https://www.costco.com/.product.1962753.html,,,0,0,https://www.costco.com/adult-multi-letter-vitamins.html,2026-09-28T00:55:45.408250+00:00
127954c7-998b-5bdf-abfe-b7ccb204a99c,1738,1991395,1991395,"OLLY Men's Multivitamin Gummy, 200 Gummies",https://www.costco.com/.product.1991395.html,,,0,0,https://www.costco.com/adult-multi-letter-vitamins.html,2026-09-28T00:55:45.408250+00:00
eea0d7dc-a3f7-532d-bb6e-e95e5f96601e,1738,572310,572310,"Nature Made Vitamin D3 25 mcg, 650 Softgels",https://www.costco.com/.product.572310.html,,,0,0,https://www.costco.com/adult-multi-letter-vitamins.html,2026-09-28T00:55:45.408250+00:00
06064cc7-71c4-5494-8ec2-7418a0a855d1,1738,942620,942620,"vitafusion Men's Multivitamin Gummies, 220 Gummies",https://www.costco.com/.product.942620.html,,,0,0,https://www.costco.com/adult-multi-letter-vitamins.html,2026-09-28T00:55:45.408250+00:00
ada44b87-a267-53be-b43d-ebfa49c01731,1738,1106007,1106007,"Nature's Bounty Vitamin D3 125 mcg, 400 Softgels",https://www.costco.com/.product.1106007.html,,,0,0,https://www.costco.com/adult-multi-letter-vitamins.html,2026-09-28T00:55:45.408250+00:00
608e5038-0866-5ebc-a0bd-bca637fe01d6,1738,370945,370945,"Ocuvite Eye Vitamin Adult 50+ Formula, 150 Soft Gels",https://www.costco.com/.product.370945.html,,,0,0,https://www.costco.com/adult-multi-letter-vitamins.html,2026-09-28T00:55:45.408250+00:00
3a47cd51-a678-5d75-b3e3-08ce458d7d5d,1738,1169865,1169865,"Nature Made Super C with Vitamin D3 and Zinc, 200 Tablets",https://www.costco.com/.product.1169865.html,,,0,0,https://www.costco.com/adult-multi-letter-vitamins.html,2026-09-28T00:55:45.408250+00:00
351e59f2-6f3d-5e2b-a2b4-b3808903e2d3,1738,98268,98268,"Kirkland Signature Vitamin C 1000 mg, 500 Tablets",https://www.costco.com/.product.98268.html,,,0,0,https://www.costco.com/adult-multi-letter-vitamins.html,2026-09-28T00:55:45.408250+00:00
113280ca-4857-58ee-b964-c7f52eacccbe,1738,238120,238120,"Kirkland Signature Super B-Complex with Electrolytes, 500 Tablets",https://www.costco.com/.product.238120.html,,,0,0,https://www.costco.com/adult-multi-letter-vitamins.html,2026-09-28T00:55:45.408250+00:00
1f07c5c8-4b9d-5142-a40b-790181207066,1738,1105926,1105926,"Nature's Bounty B-12 2500 mcg, 300 Quick Dissolve Tablets",https://www.costco.com/.product.1105926.html,,,0,0,https://www.costco.com/adult-multi-letter-vitamins.html,2026-09-28T00:55:45.408250+00:00
dd58cca5-dcea-5061-b717-41fda1245197,1738,1320304,1320304,"Centrum Silver Women 50+ Immune Support Multivitamin, 275 Tablets",https://www.costco.com/.product.1320304.html,,,0,0,https://www.costco.com/adult-multi-letter-vitamins.html,2026-09-28T00:55:45.408250+00:00
6b2f0d6d-7bda-56d6-b9a9-890f99abdbcb,1738,580655,580655,"Nature Made Super B-Complex, 460 Tablets",https://www.costco.com/.product.580655.html,,,0,0,https://www.costco.com/adult-multi-letter-vitamins.html,2026-09-28T00:55:45.408250+00:00
e7a919d8-d28e-52ca-87be-8cc5e6dd3f9f,1738,1991771,1991771,"Sports Research Advanced Multivitamin, 180 Veggie Capsules",https://www.costco.com/.product.1991771.html,,,0,0,https://www.costco.com/adult-multi-letter-vitamins.html,2026-09-28T00:55:45.408250+00:00
d19443da-f392-5eeb-9dc4-9150d69e0e03,1738,98211,98211,"Kirkland Signature Vitamin E 400 IU, 500 Softgels",https://www.costco.com/.product.98211.html,,,0,0,https://www.costco.com/adult-multi-letter-vitamins.html,2026-09-28T00:55:45.408250+00:00
bd52f88a-ef53-5138-a3c7-f35a338b0aef,1738,580664,580664,"Nature Made Prenatal Folic Acid + DHA, 150 Softgels",https://www.costco.com/.product.580664.html,,,0,0,https://www.costco.com/adult-multi-letter-vitamins.html,2026-09-28T00:55:45.408250+00:00
50e79b08-ee56-5654-928e-d67793e79753,1738,1734412,1734412,"Nature Made Extra Strength Vitamin C 500 mg, 180 Gummies",https://www.costco.com/.product.1734412.html,,,0,0,https://www.costco.com/adult-multi-letter-vitamins.html,2026-09-28T00:55:45.408250+00:00
a485cde4-9da5-5be0-b480-824e76aac9a9,1738,2056983,2056983,"Force Factor Hair Growth Accelerator, 90-count",https://www.costco.com/.product.2056983.html,,,0,0,https://www.costco.com/adult-multi-letter-vitamins.html,2026-09-28T00:55:45.408250+00:00
d0a2096b-6e23-5cc6-ad4e-fa9cf123e5e8,1738,1644223,1644223,"Nature's Bounty Magnesium Glycinate 240 mg, 180 Capsules",https://www.costco.com/.product.1644223.html,,,0,0,https://www.costco.com/adult-multi-letter-vitamins.html,2026-09-28T00:55:45.408250+00:00
9ff2ae93-9a3e-574a-9bea-707369afc204,1738,1332345,1332345,"Natural Vitality Calm Magnesium Citrate Powder, 20 Ounces",https://www.costco.com/.product.1332345.html,,,0,0,https://www.costco.com/adult-multi-letter-vitamins.html,2026-09-28T00:55:45.408250+00:00
1834e1ff-224c-5d55-9715-b5c124fe0126,1738,1991797,1991797,"Sports Research Vitamin C Liposomal, 1000 mg, 180 Veggie Capsules",https://www.costco.com/.product.1991797.html,,,0,0,https://www.costco.com/adult-multi-letter-vitamins.html,2026-09-28T00:55:45.408250+00:00
8144eb1a-e92d-50ee-b295-970e29e015cf,1738,1729692,1729692,"Nature's Bounty Optimal Solutions Hair Growth, 90 Capsules",https://www.costco.com/.product.1729692.html,,,0,0,https://www.costco.com/adult-multi-letter-vitamins.html,2026-09-28T00:55:45.408250+00:00
c5add068-f754-5804-bf9c-1776106cfd50,1738,1274752,1274752,"One A Day Women's 50+ Multivitamin Tablets, 300-count",https://www.costco.com/.product.1274752.html,,,0,0,https://www.costco.com/adult-multi-letter-vitamins.html,2026-09-28T00:55:45.408250+00:00
f4c1ae3c-06c0-5443-aada-b3ae92767aee,1738,1992278,1992278,"Sports Research Omega-3 Krill Oil Superba2 1000mg, 90ct Softgels",https://www.costco.com/.product.1992278.html,,,0,0,https://www.costco.com/adult-multi-letter-vitamins.html,2026-09-28T00:55:45.408250+00:00
c6a633f3-d9b4-5e2b-810b-20e0e109bd10,1738,2077790,2077790,"Grüns Immün Daily Defense 13-in-1 Sour Pineapple Gummies, 35 Daily Packs",https://www.costco.com/.product.2077790.html,,,0,0,https://www.costco.com/adult-multi-letter-vitamins.html,2026-09-28T00:55:56.889638+00:00
577695c9-edda-5a61-9c54-4fb81505e3d2,1738,869100,869100,"vitafusion Women's Multivitamin, 220 Gummies",https://www.costco.com/.product.869100.html,,,0,0,https://www.costco.com/adult-multi-letter-vitamins.html,2026-09-28T00:55:56.889638+00:00
35aea441-edbf-5954-9d05-155e422e1906,1738,1813892,1813892,"Nature Made Extra Strength Vitamin D3 125 mcg, 200 Gummies",https://www.costco.com/.product.1813892.html,,,0,0,https://www.costco.com/adult-multi-letter-vitamins.html,2026-09-28T00:55:56.889638+00:00
0fa6ec7a-aba7-5944-867a-5f3bf328a1ab,1738,1174112,1174112,"Kirkland Signature USDA Organic Multivitamin, 80 Coated Tablets",https://www.costco.com/.product.1174112.html,,,0,0,https://www.costco.com/adult-multi-letter-vitamins.html,2026-09-28T00:55:56.889638+00:00
c15a68f9-6ec0-53ea-9183-43b3da0c56f2,1738,2001199,2001199,"Ritual Prenatal Multivitamin, 120 Capsules",https://www.costco.com/.product.2001199.html,,,0,0,https://www.costco.com/adult-multi-letter-vitamins.html,2026-09-28T00:55:56.889638+00:00
a93188f7-30ea-58e2-9672-3331cf0283a0,1738,1929673,1929673,Pokémon Holiday Calendar,https://www.costco.com/.product.1929673.html,,,0,0,https://www.costco.com/advent-calendars.html,2026-09-28T00:56:31.670241+00:00
8cb471af-a4b0-55c9-96f9-f71b659876f1,1738,1729162,1729162,BARK Winter Wooferland Toy and Treat Dog Advent Calendar,https://www.costco.com/.product.1729162.html,,,0,0,https://www.costco.com/advent-calendars.html,2026-09-28T00:56:31.670241+00:00
2f1ef474-0e1d-5d18-bafb-e44184789144,1738,9533333,9533333,"Potensic ATOM 2 4K Drone Bundle with 128GB MicroSD Card, Remote Lanyard and 2 Spare Propeller Kits.",https://www.costco.com/.product.9533333.html,,,0,0,https://www.costco.com/aerial-cameras.html,2026-09-28T00:57:06.541193+00:00
9b2563f6-65a7-54e8-9ecd-92b323dd1758,1738,1872142,1872142,Sealy Air Mattress Queen with Built-in Headboard,https://www.costco.com/.product.1872142.html,,,0,0,https://www.costco.com/air-beds.html,2026-09-28T00:57:51.491321+00:00
0cbadd3b-260a-5793-8285-ad1df51c2be4,1738,1871118,1871118,"Hisense 8,000 BTU Smart Inverter Window Air Conditioner with Easy Install Bracket",https://www.costco.com/.product.1871118.html,,,0,0,https://www.costco.com/air-conditioners.html,2026-09-28T00:58:52.627489+00:00
e9e21189-b6cd-5fc9-b55d-fa794f8a8886,1738,1950298,1950298,Atomi Smart 12K BTU Tempestas Inverter Ductless Mini-Split Air Conditioner and Heat Pump,https://www.costco.com/.product.1950298.html,,,0,0,https://www.costco.com/air-conditioners.html,2026-09-28T00:58:52.627489+00:00
192dfb0d-1c1a-53b3-945d-71f13b5e164a,1738,6234400,6234400,Gourmia XL 13-In-1 French Door Countertop Oven with Air Fry and Temperature Probe,https://www.costco.com/.product.6234400.html,,,0,0,https://www.costco.com/air-fryers.html,2026-09-28T00:59:25.415154+00:00
bf7f080f-7607-5fc4-b5ad-1c87716b6bb7,1738,2048113,2048113,Ninja CRISPi DualZone 2-Basket Glass Air Fryer,https://www.costco.com/.product.2048113.html,,,0,0,https://www.costco.com/air-fryers.html,2026-09-28T00:59:25.415154+00:00
37959082-93b7-5b6e-8190-507b88be67d1,1738,1965335,1965335,Cuisinart Extra-Large 26L 10-in-1 Digital Air Fryer Oven,https://www.costco.com/.product.1965335.html,,,0,0,https://www.costco.com/air-fryers.html,2026-09-28T00:59:25.415154+00:00
fb15f2ea-483b-5a45-8271-fbc8b88b3503,1738,4449587,4449587,WINIX C710 4-Stage True HEPA Air Purifier with Wi-Fi and Additional Filter,https://www.costco.com/.product.4449587.html,,,0,0,https://www.costco.com/air-purifiers.html,2026-09-28T01:00:05.201453+00:00
6e7640c6-f5db-520b-be48-b7cfd7b0d980,1738,4639087,4639087,Shark BreatheClear MAX With NeverChange Air Purifier,https://www.costco.com/.product.4639087.html,,,0,0,https://www.costco.com/air-purifiers.html,2026-09-28T01:00:05.201453+00:00
00fab6ae-51d1-5dc9-9a8f-c8afdbb4d7ee,1738,2043903,2043903,"Blueair Blue Signature Mini Air Purifier, 2-pack",https://www.costco.com/.product.2043903.html,,,0,0,https://www.costco.com/air-purifiers.html,2026-09-28T01:00:05.201453+00:00
4b82480f-5704-5ad3-87d5-ca036c735cd0,1738,1905061,1905061,Dyson Purifier Hot+Cool HP11,https://www.costco.com/.product.1905061.html,,,0,0,https://www.costco.com/air-purifiers.html,2026-09-28T01:00:05.201453+00:00
8ad9e534-2fbd-599b-a3c9-2259c8515d3b,1738,2021451,2021451,Dyson HushJet Compact Pure Control Air Purifier,https://www.costco.com/.product.2021451.html,,,0,0,https://www.costco.com/air-purifiers.html,2026-09-28T01:00:05.201453+00:00
12990241-1637-527d-ba99-4568acf4496e,1738,1758910,1758910,"First Alert Precision Detection, 10-year Battery Smoke and Carbon Monoxide Alarm, 2-pack",https://www.costco.com/.product.1758910.html,,,0,0,https://www.costco.com/alarms-detectors.html,2026-09-28T01:00:29.342012+00:00
73dd84d4-bc2c-5481-b973-42fa0fe86a87,1738,2056363,2056363,"HP OmniStudio 27"" Touchscreen All-in-One Desktop - Intel Core Ultra 5 325 - Copilot+ PC - FHD (1920 x 1080) - 16GB RAM - 1TB SSD - Windows 11 Home",https://www.costco.com/.product.2056363.html,,,0,0,https://www.costco.com/all-in-one-desktop-computers.html,2026-09-28T01:01:12.833014+00:00
2544d6cd-a587-57d7-a20a-bb2ea809ce3d,1738,1780758,1780758,"iMac All-in-One Desktop Computer (24-inch) - Apple M4 chip, Built for Apple Intelligence, 8-core CPU, 8-core GPU, 16GB Memory, 256GB SSD Storage, Silver",https://www.costco.com/.product.1780758.html,,,0,0,https://www.costco.com/all-in-one-desktop-computers.html,2026-09-28T01:01:12.833014+00:00
c3fd886d-98ed-50f9-98a3-3728401b307a,1738,1742398,1742398,"youtheory Ashwagandha 1000 mg, 180 Vegetarian Capsules",https://www.costco.com/.product.1742398.html,,,0,0,https://www.costco.com/all-vitamins-supplements.html,2026-09-28T01:01:37.902494+00:00
4a9a220f-a36d-54a5-9d02-991e92629f0f,1738,2075999,2075999,"FEELGOOD NAD+ NMN, 120 Vegan Capsules",https://www.costco.com/.product.2075999.html,,,0,0,https://www.costco.com/all-vitamins-supplements.html,2026-09-28T01:01:37.902494+00:00
78eacc42-4e60-5504-8928-a00b6b6c72e9,1738,588153,588153,"Kirkland Signature Calcium Citrate, Magnesium and Zinc, 500 Tablets",https://www.costco.com/.product.588153.html,,,0,0,https://www.costco.com/all-vitamins-supplements.html,2026-09-28T01:01:37.902494+00:00
8825cf4a-24f7-5547-9646-9d9f5dd7be0f,1738,1985130,1985130,"youtheory Concentrated Effect Verisol Collagen with Biotin, 345 Count",https://www.costco.com/.product.1985130.html,,,0,0,https://www.costco.com/all-vitamins-supplements.html,2026-09-28T01:01:37.902494+00:00
f013d427-bac3-5a6d-81d1-c8ec40ba0d77,1738,648220,648220,"Kirkland Signature CoQ10 300 mg., 100 Softgels",https://www.costco.com/.product.648220.html,,,0,0,https://www.costco.com/all-vitamins-supplements.html,2026-09-28T01:01:37.902494+00:00
34936eaf-6d24-5151-9bd1-34161abb0193,1738,1308590,1308590,"Nature Made Extra Strength Magnesium 400 mg, 180 Softgels",https://www.costco.com/.product.1308590.html,,,0,0,https://www.costco.com/all-vitamins-supplements.html,2026-09-28T01:01:37.902494+00:00
cb347ffd-5ebe-5a0f-b304-d13920c2d6d9,1738,2076005,2076005,"FEELGOOD Magnesium Glycinate, 180 Vegan Capsules",https://www.costco.com/.product.2076005.html,,,0,0,https://www.costco.com/all-vitamins-supplements.html,2026-09-28T01:01:37.902494+00:00
214f5096-13e8-50e7-babc-e66edc003202,1738,1226620,1226620,"Pure Alaska Omega Wild Salmon Oil 1000 mg, 210 Softgels",https://www.costco.com/.product.1226620.html,,,0,0,https://www.costco.com/all-vitamins-supplements.html,2026-09-28T01:01:37.902494+00:00
7a79e5a6-3ee1-5cb3-a3cb-6ac05a011b4d,1738,864024,864024,"Nature Made CoQ10 200 mg, 140 Softgels",https://www.costco.com/.product.864024.html,,,0,0,https://www.costco.com/all-vitamins-supplements.html,2026-09-28T01:01:37.902494+00:00
3104acf2-d299-573b-b589-c3d7c219a5c9,1738,402146,402146,"Nature's Way Joint Movement Glucosamine Extra Strength, 33.8 Fluid Ounces",https://www.costco.com/.product.402146.html,,,0,0,https://www.costco.com/all-vitamins-supplements.html,2026-09-28T01:01:37.902494+00:00
297c9253-5698-50f7-afcb-c008059977f9,1738,887498,887498,"Kirkland Signature Wild Alaskan Fish Oil 1400 mg, 230 Softgels",https://www.costco.com/.product.887498.html,,,0,0,https://www.costco.com/all-vitamins-supplements.html,2026-09-28T01:01:37.902494+00:00
486add7b-374e-5ff4-9156-ebfa182e0816,1738,572220,572220,"Nature Made Iron, 65 mg, 365 Tablets",https://www.costco.com/.product.572220.html,,,0,0,https://www.costco.com/all-vitamins-supplements.html,2026-09-28T01:01:37.902494+00:00
525854ad-15a8-5a38-8cfe-67c9dafc2fea,1738,1995727,1995727,"Nello Supercalm Drink Mix, Variety Pack, 26-ct",https://www.costco.com/.product.1995727.html,,,0,0,https://www.costco.com/all-vitamins-supplements.html,2026-09-28T01:01:37.902494+00:00
3a947873-9171-5ab8-a08d-dafd641fd8b0,1738,1957813,1957813,"Sports Research Multi Collagen, 180 Capsules",https://www.costco.com/.product.1957813.html,,,0,0,https://www.costco.com/all-vitamins-supplements.html,2026-09-28T01:01:37.902494+00:00
5441b70d-273b-5bac-b514-dbe38f0dd807,1738,1051972,1051972,"Kirkland Signature Calcium 500 mg with D3 & Zinc, 240 Adult Gummies",https://www.costco.com/.product.1051972.html,,,0,0,https://www.costco.com/all-vitamins-supplements.html,2026-09-28T01:01:37.902494+00:00
31de8c1d-0b45-5d86-bbf7-ccf52e141b1c,1738,2049977,2049977,"youtheory Total Body Turmeric, 90 Vegetarian Capsules",https://www.costco.com/.product.2049977.html,,,0,0,https://www.costco.com/all-vitamins-supplements.html,2026-09-28T01:01:37.902494+00:00
27804d1d-ef8b-5872-a67b-8e8dd76f01a6,1738,1548657,1548657,"Florastor Daily Probiotic with Vitamin D3, 120 Vegetarian Capsules",https://www.costco.com/.product.1548657.html,,,0,0,https://www.costco.com/all-vitamins-supplements.html,2026-09-28T01:01:48.588936+00:00
30915aa1-a69c-5a23-8a72-d5f359b213c0,1738,1998494,1998494,"SuperBeets Heart Gummies, Strawberry, 150ct",https://www.costco.com/.product.1998494.html,,,0,0,https://www.costco.com/all-vitamins-supplements.html,2026-09-28T01:01:48.588936+00:00
451327d2-a7d9-5663-b468-21cffcf723fe,1738,1181284,1181284,"Weider Red Yeast Rice Plus 1200 mg, 240 count",https://www.costco.com/.product.1181284.html,,,0,0,https://www.costco.com/all-vitamins-supplements.html,2026-09-28T01:01:48.588936+00:00
ed6f0227-0b2d-5561-b75b-21be3bee3f04,1738,897980,897980,"Kirkland Signature Children's Multivitamin, 320 Gummies",https://www.costco.com/.product.897980.html,,,0,0,https://www.costco.com/all-vitamins-supplements.html,2026-09-28T01:01:48.588936+00:00
dfc82743-e40f-5305-9a15-459101c73258,1738,536672,536672,"Nature's Bounty Fish Oil 1,400 mg, 130 Coated Softgels",https://www.costco.com/.product.536672.html,,,0,0,https://www.costco.com/all-vitamins-supplements.html,2026-09-28T01:01:48.588936+00:00
7a0ee731-2e8c-577e-9e4f-3320f298e09e,1738,886740,886740,"Weider Prime Testosterone Support, 120 Capsules",https://www.costco.com/.product.886740.html,,,0,0,https://www.costco.com/all-vitamins-supplements.html,2026-09-28T01:01:48.588936+00:00
ff7b8df2-62f4-5423-a04b-83b4c59c6e8f,1738,2052615,2052615,"Zena Creatine + D3/K2 Gummies 180ct, Variety Pack",https://www.costco.com/.product.2052615.html,,,0,0,https://www.costco.com/all-vitamins-supplements.html,2026-09-28T01:01:48.588936+00:00
1bd8e938-fad8-5d9f-be48-a5d81104ba3b,1738,681272,681272,"trunature Vision Complex Lutein & Zeaxanthin, 140 Softgels",https://www.costco.com/.product.681272.html,,,0,0,https://www.costco.com/all-vitamins-supplements.html,2026-09-28T01:01:48.588936+00:00
45dc1a5b-6bd3-5e0f-b9a6-9343eced9a8e,1738,2052093,2052093,"FeelGood Creatine+, 120 Capsules",https://www.costco.com/.product.2052093.html,,,0,0,https://www.costco.com/all-vitamins-supplements.html,2026-09-28T01:01:48.588936+00:00
d1174e6a-5e81-5501-bd6d-7ee821695d6a,1738,1796097,1796097,"FEELGOOD Berberine Phytosome, 120 Vegan Capsules",https://www.costco.com/.product.1796097.html,,,0,0,https://www.costco.com/all-vitamins-supplements.html,2026-09-28T01:01:48.588936+00:00
951c08bf-f95d-5d20-8a38-f6edef979827,1738,389194,389194,"Kirkland Signature Calcium 600 mg + D3, 500-count",https://www.costco.com/.product.389194.html,,,0,0,https://www.costco.com/all-vitamins-supplements.html,2026-09-28T01:01:48.588936+00:00
aef1d676-283c-59a8-bba4-9b536b47eb0a,1738,926628,926628,"Kirkland Signature Omega-3 Fish Oil Concentrate 1000 mg, 400 Softgels",https://www.costco.com/.product.926628.html,,,0,0,https://www.costco.com/all-vitamins-supplements.html,2026-09-28T01:01:48.588936+00:00
90fbbbff-3b0e-5e77-98e3-bb2d46d55d0c,1738,1687275,1687275,"Qunol Ultra CoQ10 100 mg, 180 Softgels",https://www.costco.com/.product.1687275.html,,,0,0,https://www.costco.com/all-vitamins-supplements.html,2026-09-28T01:01:48.588936+00:00
3377d333-f5ea-5410-8e95-a1a039ed966a,1738,1665191,1665191,"Kirkland Signature Glucosamine & Chondroitin, 280 Tablets",https://www.costco.com/.product.1665191.html,,,0,0,https://www.costco.com/all-vitamins-supplements.html,2026-09-28T01:01:48.588936+00:00
d5f56029-a739-52e1-b22c-a0369d9f9677,1738,2043904,2043904,"Nello Superfocus Drink Mix, 26-ct, Variety Pack",https://www.costco.com/.product.2043904.html,,,0,0,https://www.costco.com/all-vitamins-supplements.html,2026-09-28T01:01:48.588936+00:00
5e315e6a-c7bc-55a6-b9b3-758892200f29,1738,1241036,1241036,"Nature's Truth Apple Cider Vinegar 1200 mg, 180 Capsules",https://www.costco.com/.product.1241036.html,,,0,0,https://www.costco.com/all-vitamins-supplements.html,2026-09-28T01:01:58.086501+00:00
0e5b2cc6-613e-56f6-bd66-1f11360629d6,1738,644585,644585,"trunature Prostate Plus Health Complex, 250 Softgels",https://www.costco.com/.product.644585.html,,,0,0,https://www.costco.com/all-vitamins-supplements.html,2026-09-28T01:01:58.086501+00:00
33ff7518-6197-5940-ac41-adef6114c1b4,1738,2076158,2076158,FEELGOOD Glutathione Phytosome 120 Vegan Capsules,https://www.costco.com/.product.2076158.html,,,0,0,https://www.costco.com/all-vitamins-supplements.html,2026-09-28T01:01:58.086501+00:00
1bf066a1-ae19-55a8-83ff-671f6983dd3d,1738,1235761,1235761,"trunature Cranberry 650 mg, 140 Vegetarian Capsules",https://www.costco.com/.product.1235761.html,,,0,0,https://www.costco.com/all-vitamins-supplements.html,2026-09-28T01:01:58.086501+00:00
2d9422bd-e98e-559c-b862-da5bcc555d61,1738,1888647,1888647,"Sports Research L-Theanine Suntheanine 200 mg, 150 Softgels",https://www.costco.com/.product.1888647.html,,,0,0,https://www.costco.com/all-vitamins-supplements.html,2026-09-28T01:01:58.086501+00:00
65f524b2-f186-546a-b0bf-3bced787966a,1738,1327667,1327667,"Nature Made CoQ10 400 mg, 90 Softgels",https://www.costco.com/.product.1327667.html,,,0,0,https://www.costco.com/all-vitamins-supplements.html,2026-09-28T01:01:58.086501+00:00
8bbcb59c-4627-5c97-86f2-b522666b920f,1738,2063186,2063186,"Kids Grüns Superfood Greens Strawberry Burst Flavored Gummies, 35 Daily Packs",https://www.costco.com/.product.2063186.html,,,0,0,https://www.costco.com/all-vitamins-supplements.html,2026-09-28T01:01:58.086501+00:00
041dfe5d-8fd5-5fb4-a22a-8df0b218ab64,1738,1969459,1969459,"OLLY Kids Multivitamin & Probiotic, 160 Gummies",https://www.costco.com/.product.1969459.html,,,0,0,https://www.costco.com/all-vitamins-supplements.html,2026-09-28T01:01:58.086501+00:00
c6a53382-aa5a-5727-98c7-ebba57575a09,1738,1423302,1423302,"trunature Women's Daily Probiotic, 90 Vegetarian Capsules",https://www.costco.com/.product.1423302.html,,,0,0,https://www.costco.com/all-vitamins-supplements.html,2026-09-28T01:01:58.086501+00:00
d4040468-3e74-5890-b3ff-188b598d4a36,1738,249375,249375,"Kirkland Signature Extra Strength Glucosamine with MSM, 375 Tablets",https://www.costco.com/.product.249375.html,,,0,0,https://www.costco.com/all-vitamins-supplements.html,2026-09-28T01:01:58.086501+00:00
ae62f669-44eb-5c3a-95f8-1d00a660c3cd,1738,1812167,1812167,"Qunol Turmeric 1,500 mg., 220 Capsules",https://www.costco.com/.product.1812167.html,,,0,0,https://www.costco.com/all-vitamins-supplements.html,2026-09-28T01:01:58.086501+00:00
37652eb5-5f8c-5745-aea8-6d42245ee2fd,1738,2025437,2025437,"Force Factor Total Beets Chews, 90 Soft Chews",https://www.costco.com/.product.2025437.html,,,0,0,https://www.costco.com/all-vitamins-supplements.html,2026-09-28T01:01:58.086501+00:00
40b322db-d8b3-5536-89a0-5599baabb0fa,1738,1199824,1199824,"Nature Made CholestOFF Plus, 210 Softgels",https://www.costco.com/.product.1199824.html,,,0,0,https://www.costco.com/all-vitamins-supplements.html,2026-09-28T01:01:58.086501+00:00
a7238008-1729-5fc4-a36b-a501b4b7507f,1738,2007527,2007527,"Vital Proteins Collagen Gummies, Raspberry 256 Count",https://www.costco.com/.product.2007527.html,,,0,0,https://www.costco.com/all-vitamins-supplements.html,2026-09-28T01:02:07.864019+00:00
1d505a87-0082-53d9-a527-b301f741ea06,1738,1459734,1459734,"Nature's Bounty Ultra Strength Probiotic 10, 70 Capsules",https://www.costco.com/.product.1459734.html,,,0,0,https://www.costco.com/all-vitamins-supplements.html,2026-09-28T01:02:07.864019+00:00
bf5ad963-5d02-5877-aaa1-b387bd2a091c,1738,1416181,1416181,"Zena Liquid Collagen + Biotin, 30 Fluid Ounces",https://www.costco.com/.product.1416181.html,,,0,0,https://www.costco.com/all-vitamins-supplements.html,2026-09-28T01:02:07.864019+00:00
1b8d351e-64e4-5c48-a7bd-de7f81a2cf0f,1738,1197931,1197931,"Osteo Bi-Flex Triple Strength, 200 Tablets",https://www.costco.com/.product.1197931.html,,,0,0,https://www.costco.com/all-vitamins-supplements.html,2026-09-28T01:02:07.864019+00:00
ba1f5fda-5f70-530a-97c6-d14e30b27e46,1738,808620,808620,"Citracal Maximum Plus Calcium Citrate + D3, 280 Caplets",https://www.costco.com/.product.808620.html,,,0,0,https://www.costco.com/all-vitamins-supplements.html,2026-09-28T01:02:07.864019+00:00
25d825da-1d53-5219-88e0-f30b9bd25035,1738,1017650,1017650,"Kirkland Signature Triple Action Joint Health, 110 Coated Tablets",https://www.costco.com/.product.1017650.html,,,0,0,https://www.costco.com/all-vitamins-supplements.html,2026-09-28T01:02:07.864019+00:00
ffaa9428-df9b-59c7-97b9-a3383faade24,1738,1209115,1209115,"Qunol Liquid Turmeric 1000 mg, 30.4 fl oz",https://www.costco.com/.product.1209115.html,,,0,0,https://www.costco.com/all-vitamins-supplements.html,2026-09-28T01:02:07.864019+00:00
c2ac37c7-127c-5bd0-8ea9-fc0e0399a30b,1738,594518,594518,"Culturelle Digestive Health Probiotic, 80 Vegetarian Capsules",https://www.costco.com/.product.594518.html,,,0,0,https://www.costco.com/all-vitamins-supplements.html,2026-09-28T01:02:07.864019+00:00
dd253d05-0bcd-5f79-a34a-4cef887f925f,1738,1233864,1233864,"Nature Made Magnesium Citrate 250 mg., 180 Softgels",https://www.costco.com/.product.1233864.html,,,0,0,https://www.costco.com/all-vitamins-supplements.html,2026-09-28T01:02:07.864019+00:00
058ba0ed-f98d-57a3-b6bf-8dbf660bc9f6,1738,1813019,1813019,"Neuriva Brain Supplement Original, 50 Capsules",https://www.costco.com/.product.1813019.html,,,0,0,https://www.costco.com/all-vitamins-supplements.html,2026-09-28T01:02:07.864019+00:00
9aa39564-e653-52c9-ac3b-4634346b3477,1738,1486041,1486041,"Estroven Complete Multi-Symptom Menopause Relief, 84 Caplets",https://www.costco.com/.product.1486041.html,,,0,0,https://www.costco.com/all-vitamins-supplements.html,2026-09-28T01:02:07.864019+00:00
ec2c4081-e490-51e4-bc20-8a57eb8aad34,1738,1991633,1991633,"Sports Research CoQ10 200mg, 150ct",https://www.costco.com/.product.1991633.html,,,0,0,https://www.costco.com/all-vitamins-supplements.html,2026-09-28T01:02:07.864019+00:00
2100e163-9faf-5890-98cc-7f6146bc96e2,1738,1176584,1176584,"Qunol Liquid CoQ10 100 mg., 30.4 Fluid Ounces",https://www.costco.com/.product.1176584.html,,,0,0,https://www.costco.com/all-vitamins-supplements.html,2026-09-28T01:02:07.864019+00:00
0a4421c7-ec91-5997-9b6b-b8d6409fc034,1738,1969480,1969480,"OLLY Sleep Gummy, 110 Gummies",https://www.costco.com/.product.1969480.html,,,0,0,https://www.costco.com/all-vitamins-supplements.html,2026-09-28T01:02:07.864019+00:00
3b148a16-406f-5edc-9bed-ffa2ee50d93c,1738,573854,573854,"Qunol Mega CoQ10 100 mg., 120 Softgels",https://www.costco.com/.product.573854.html,,,0,0,https://www.costco.com/all-vitamins-supplements.html,2026-09-28T01:02:07.864019+00:00
913f2aaf-b3a9-592e-a2f1-ccb2d68b5e80,1738,1116624,1116624,"Schiff Move Free Advanced Joint Supplement, 200 Tablets",https://www.costco.com/.product.1116624.html,,,0,0,https://www.costco.com/all-vitamins-supplements.html,2026-09-28T01:02:07.864019+00:00
328edc91-056c-567b-b047-1988ea0eeddd,1738,1478260,1478260,"Nature's Bounty Hair, Skin and Nails Advanced, 230 Gummies",https://www.costco.com/.product.1478260.html,,,0,0,https://www.costco.com/all-vitamins-supplements.html,2026-09-28T01:02:20.313295+00:00
2fa6ecd5-4904-5aa2-98ac-156b20d0f719,1738,1458383,1458383,"Nature's Bounty Zinc 50 mg, 400 Caplets",https://www.costco.com/.product.1458383.html,,,0,0,https://www.costco.com/all-vitamins-supplements.html,2026-09-28T01:02:20.313295+00:00
b16b112d-8ed8-5e0f-8993-d5a6d1b2c581,1738,989874,989874,"Caltrate 600 + D3 Plus Minerals Tablets, 320-count",https://www.costco.com/.product.989874.html,,,0,0,https://www.costco.com/all-vitamins-supplements.html,2026-09-28T01:02:20.313295+00:00
623258af-b3d7-55eb-9142-7e94aa895ed5,1738,1003144,1003144,"Schiff Move Free Ultra Triple Action Joint Supplement, 75 Tablets",https://www.costco.com/.product.1003144.html,,,0,0,https://www.costco.com/all-vitamins-supplements.html,2026-09-28T01:02:20.313295+00:00
a5bf0179-fb75-5f99-8141-18aa0a794505,1738,100796883,100796883,"Pataday Extra Strength Once Daily Antihistamine Eye Drops, 7.5 ml",https://www.costco.com/.product.100796883.html,,,0,0,https://www.costco.com/allergy-sinus.html,2026-09-28T01:02:47.749132+00:00
3ee5cfe6-1ae6-5516-8324-f62cc3bb4aee,1738,1590808,1590808,"Pataday Extra Strength Once Daily Antihistamine Eye Drops, 7.5 ml",https://www.costco.com/.product.1590808.html,,,0,0,https://www.costco.com/allergy-sinus.html,2026-09-28T01:02:47.749132+00:00
73f4badb-3303-5db5-988c-f2ad7a928692,1738,100793746,100793746,"Kirkland Signature Aller-Flo 50 mcg Allergy Spray, 720 Metered Sprays",https://www.costco.com/.product.100793746.html,,,0,0,https://www.costco.com/allergy-sinus.html,2026-09-28T01:02:47.749132+00:00
7bbab91e-7d03-51a9-af54-6ab988cd041a,1738,1586629,1586629,"Kirkland Signature Aller-Flo 50 mcg Allergy Spray, 720 Metered Sprays",https://www.costco.com/.product.1586629.html,,,0,0,https://www.costco.com/allergy-sinus.html,2026-09-28T01:02:47.749132+00:00
41da699a-fb4e-5df1-84c2-190d50da67ea,1738,100792352,100792352,"Claritin 10 mg Non-Drowsy 24 Hour, 115 Tablets",https://www.costco.com/.product.100792352.html,,,0,0,https://www.costco.com/allergy-sinus.html,2026-09-28T01:02:47.749132+00:00
14fdc20a-2bc8-5585-9133-aa710f8d7576,1738,1585071,1585071,"Claritin 10 mg Non-Drowsy 24 Hour, 115 Tablets",https://www.costco.com/.product.1585071.html,,,0,0,https://www.costco.com/allergy-sinus.html,2026-09-28T01:02:47.749132+00:00
28a40767-c591-5989-9d3a-754fccf533ff,1738,100400551,100400551,"Zyrtec 24 Hour Allergy Relief Antihistamine Cetirizine HCl 10 mg, 65 Liquid Gels",https://www.costco.com/.product.100400551.html,,,0,0,https://www.costco.com/allergy-sinus.html,2026-09-28T01:02:47.749132+00:00
ffcf8203-6baa-50fe-bac5-11d1f098502b,1738,502046,502046,"Zyrtec 24 Hour Allergy Relief Antihistamine Cetirizine HCl 10 mg, 65 Liquid Gels",https://www.costco.com/.product.502046.html,,,0,0,https://www.costco.com/allergy-sinus.html,2026-09-28T01:02:47.749132+00:00
3c9dd34a-a32a-5dc1-9df4-d5aacf6ffba1,1738,100501351,100501351,"Claritin RediTabs 10 mg 24 Hour Non-Drowsy, 70 Disintegrating Tablets",https://www.costco.com/.product.100501351.html,,,0,0,https://www.costco.com/allergy-sinus.html,2026-09-28T01:02:47.749132+00:00
881a111a-5c54-55f3-a9b1-27e1a680afc9,1738,1347960,1347960,"Claritin RediTabs 10 mg 24 Hour Non-Drowsy, 70 Disintegrating Tablets",https://www.costco.com/.product.1347960.html,,,0,0,https://www.costco.com/allergy-sinus.html,2026-09-28T01:02:47.749132+00:00
f4e97a01-765b-5045-8861-1a9c0f3b353b,1738,100428084,100428084,"Kirkland Signature Allergy Medicine 25 mg., 600 Minitabs",https://www.costco.com/.product.100428084.html,,,0,0,https://www.costco.com/allergy-sinus.html,2026-09-28T01:02:47.749132+00:00
9aa2241b-60da-5c4e-b518-276388cd83f9,1738,536099,536099,"Kirkland Signature Allergy Medicine 25 mg, 600 Minitabs",https://www.costco.com/.product.536099.html,,,0,0,https://www.costco.com/allergy-sinus.html,2026-09-28T01:02:47.749132+00:00
619f41a9-a592-59c3-ab9c-882157e6fa1a,1738,11312465,11312465,"Kirkland Signature Aller-Tec, 365 Tablets",https://www.costco.com/.product.11312465.html,,,0,0,https://www.costco.com/allergy-sinus.html,2026-09-28T01:02:47.749132+00:00
ef0cf8de-fc4d-5f82-b123-34805264ce10,1738,311676,311676,"Kirkland Signature Aller-Tec 10 mg Tablets, 365 count",https://www.costco.com/.product.311676.html,,,0,0,https://www.costco.com/allergy-sinus.html,2026-09-28T01:02:47.749132+00:00
02540d48-2285-577a-8338-45a727423d99,1738,100854758,100854758,"Afrin No Drip Severe Congestion 12 Hour Nasal Pump Mist, 60 mL",https://www.costco.com/.product.100854758.html,,,0,0,https://www.costco.com/allergy-sinus.html,2026-09-28T01:02:47.749132+00:00
af6ab694-f568-5ddf-992a-c6ee5d09b2da,1738,1648450,1648450,"Afrin No Drip Severe Congestion 12 Hour Nasal Pump Mist, 60 ml",https://www.costco.com/.product.1648450.html,,,0,0,https://www.costco.com/allergy-sinus.html,2026-09-28T01:02:47.749132+00:00
7aee9778-72f2-59f3-a351-1c2528345339,1738,100312669,100312669,"Flonase Sensimist Allergy Relief Nasal Spray, 360 Metered Sprays",https://www.costco.com/.product.100312669.html,,,0,0,https://www.costco.com/allergy-sinus.html,2026-09-28T01:02:47.749132+00:00
54d0e96a-5c6c-56a2-9dd6-45ccc7a198bf,1738,1095721,1095721,"Flonase Sensimist Allergy Relief, 360 Sprays",https://www.costco.com/.product.1095721.html,,,0,0,https://www.costco.com/allergy-sinus.html,2026-09-28T01:02:47.749132+00:00
ed1805f7-4884-578f-a474-7f8b62e71ce1,1738,100774118,100774118,"Nasacort Allergy 24 HR, 480 Metered Sprays",https://www.costco.com/.product.100774118.html,,,0,0,https://www.costco.com/allergy-sinus.html,2026-09-28T01:02:47.749132+00:00
73eba727-128f-5477-8c77-f4309f6df477,1738,1561942,1561942,"Nasacort Allergy 24 HR, 480 Metered Sprays",https://www.costco.com/.product.1561942.html,,,0,0,https://www.costco.com/allergy-sinus.html,2026-09-28T01:02:47.749132+00:00
d0f99d03-fcba-501c-ac84-ab9af219b0d4,1738,11602332,11602332,"Kirkland Signature Non-Drowsy AllerClear Antihistamine 10 mg., 365 Tablets",https://www.costco.com/.product.11602332.html,,,0,0,https://www.costco.com/allergy-sinus.html,2026-09-28T01:02:47.749132+00:00
a4980db9-c8bf-59c8-984f-134f45ab98d5,1738,529688,529688,"Kirkland Signature NonDrowsy AllerClear Antihistamine 10 mg., 365 Tablets",https://www.costco.com/.product.529688.html,,,0,0,https://www.costco.com/allergy-sinus.html,2026-09-28T01:02:47.749132+00:00
dc34296e-79ce-5bce-a2e1-4a483f3ea909,1738,100358150,100358150,NeilMed Sinus Rinse Kit,https://www.costco.com/.product.100358150.html,,,0,0,https://www.costco.com/allergy-sinus.html,2026-09-28T01:02:47.749132+00:00
984307a4-0424-5bc4-af8b-16980c272aae,1738,667448,667448,NeilMed Sinus Rinse Kit,https://www.costco.com/.product.667448.html,,,0,0,https://www.costco.com/allergy-sinus.html,2026-09-28T01:02:47.749132+00:00
b62463ca-9ba0-5809-b622-78a3f7f1b117,1738,100645138,100645138,"Zyrtec 24 Hour Allergy Relief Antihistamine Cetirizine HCl 10 mg, 120 Tablets",https://www.costco.com/.product.100645138.html,,,0,0,https://www.costco.com/allergy-sinus.html,2026-09-28T01:02:47.749132+00:00
8189d040-c345-5a40-a4a0-6539265bf83b,1738,1428912,1428912,"Zyrtec 24 Hour Allergy Relief Antihistamine Cetirizine HCl 10 mg, 120 Tablets",https://www.costco.com/.product.1428912.html,,,0,0,https://www.costco.com/allergy-sinus.html,2026-09-28T01:02:47.749132+00:00
e80a010f-2f24-5fdd-b9ec-34f93173b525,1738,100688631,100688631,"Allegra Allergy Non-Drowsy, 110 Tablets",https://www.costco.com/.product.100688631.html,,,0,0,https://www.costco.com/allergy-sinus.html,2026-09-28T01:02:47.749132+00:00
b3e0695e-c263-5776-9db2-05166430e857,1738,1481822,1481822,"Allegra Allergy Non-Drowsy, 110 Tablets",https://www.costco.com/.product.1481822.html,,,0,0,https://www.costco.com/allergy-sinus.html,2026-09-28T01:02:47.749132+00:00
893c5865-4378-576f-b96b-6e441e61bded,1738,100299849,100299849,"Kirkland Signature Aller-Fex Antihistamine 180 mg., 180 Tablets",https://www.costco.com/.product.100299849.html,,,0,0,https://www.costco.com/allergy-sinus.html,2026-09-28T01:02:47.749132+00:00
082e25b8-c99a-52ca-97c7-630d57f09f5f,1738,987677,987677,"Kirkland Signature Aller-Fex 180mg, 180 Tablets",https://www.costco.com/.product.987677.html,,,0,0,https://www.costco.com/allergy-sinus.html,2026-09-28T01:02:47.749132+00:00
ee59470e-fd7b-5b39-a9b9-b0700ab84dbd,1738,100376312,100376312,Kirkland Signature AllerClear-D Indoor/Outdoor Allergy Tablets,https://www.costco.com/.product.100376312.html,,,0,0,https://www.costco.com/allergy-sinus.html,2026-09-28T01:02:47.749132+00:00
9407f839-7735-5fe9-92d7-3cfb63e7a3c3,1738,699770,699770,"Kirkland Signature Allerclear-D 12 Hour, 30 Extended Release Tablets",https://www.costco.com/.product.699770.html,,,0,0,https://www.costco.com/allergy-sinus.html,2026-09-28T01:02:47.749132+00:00
98e5e4ae-9c17-544d-86e4-7920faa2fa9d,1738,100447968,100447968,"Sudafed Maximum Strength 12-Hour Sinus Decongestant, 120 mg Pseudoephedrine HCl, 30 Caplets",https://www.costco.com/.product.100447968.html,,,0,0,https://www.costco.com/allergy-sinus.html,2026-09-28T01:02:47.749132+00:00
b76f27a9-7731-5d79-ab62-462875a7a6d8,1738,681391,681391,"Sudafed Maximum Strength 12-Hour Sinus Decongestant, 120 mg Pseudoephedrine HCl, 30 Caplets",https://www.costco.com/.product.681391.html,,,0,0,https://www.costco.com/allergy-sinus.html,2026-09-28T01:02:47.749132+00:00
3fd57254-735a-5ebd-97aa-4c900af01a09,1738,100358709,100358709,"Flonase Non-Drowsy 24 Hour Allergy Relief Nasal Spray, 432 Metered Sprays",https://www.costco.com/.product.100358709.html,,,0,0,https://www.costco.com/allergy-sinus.html,2026-09-28T01:02:47.749132+00:00
49e36281-dc47-55a5-98d7-58c250dfeaca,1738,1144335,1144335,"Flonase Non-Drowsy 24 Hour Allergy Relief Nasal Spray, 432 Metered Sprays",https://www.costco.com/.product.1144335.html,,,0,0,https://www.costco.com/allergy-sinus.html,2026-09-28T01:02:47.749132+00:00
1f5957d6-e283-5546-b17d-50af15047628,1738,100415639,100415639,"Breathe Right Extra Strength Nasal Strips, 72 Strips",https://www.costco.com/.product.100415639.html,,,0,0,https://www.costco.com/allergy-sinus.html,2026-09-28T01:02:47.749132+00:00
073afa50-821a-5a41-8b14-4d886b1fd729,1738,1220987,1220987,"Breathe Right Extra Strength Nasal Strips, Clear, 72 count",https://www.costco.com/.product.1220987.html,,,0,0,https://www.costco.com/allergy-sinus.html,2026-09-28T01:02:47.749132+00:00
9c5a9d2b-7d27-5ac0-b4d7-6f58ff886638,1738,1220988,1220988,"Breathe Right Extra Strength Nasal Strips, Tan, 72 count",https://www.costco.com/.product.1220988.html,,,0,0,https://www.costco.com/allergy-sinus.html,2026-09-28T01:02:47.749132+00:00
bfbbf822-e266-5bbd-a7b9-108144a2b343,1738,100536835,100536835,"Xyzal Allergy 24 Hour Antihistamine 5 mg., 110 Tablets",https://www.costco.com/.product.100536835.html,,,0,0,https://www.costco.com/allergy-sinus.html,2026-09-28T01:02:47.749132+00:00
444337a2-c17d-5a34-97a4-e23a2bed4f46,1738,1089974,1089974,"Xyzal Allergy 24 Hour Antihistamine 5 mg, 110 Tablets",https://www.costco.com/.product.1089974.html,,,0,0,https://www.costco.com/allergy-sinus.html,2026-09-28T01:02:47.749132+00:00
6ab80466-0e34-52c5-b34a-72d9da5861c5,1738,4000234678,4000234678,"Children's Zyrtec Allergy Cetirizine HCl 10 mg Dye-Free Grape Flavored Chewables, 72 Tablets",https://www.costco.com/.product.4000234678.html,,,0,0,https://www.costco.com/allergy-sinus.html,2026-09-28T01:02:47.749132+00:00
ce18e9ea-6c30-55c2-bc50-480083174540,1738,1794121,1794121,"Children's Zyrtec Allergy Cetirizine HCl 10 mg Dye-Free Grape Flavored Chewables, 72 Tablets",https://www.costco.com/.product.1794121.html,,,0,0,https://www.costco.com/allergy-sinus.html,2026-09-28T01:02:47.749132+00:00
fbe15257-69be-5041-afb7-bb2cb63a905a,1738,4000326901,4000326901,"Children's Benadryl Diphenhydramine HCl Dye-Free Allergy Bubble Gum Flavor Liquid, 16 Fluid Ounces",https://www.costco.com/.product.4000326901.html,,,0,0,https://www.costco.com/allergy-sinus.html,2026-09-28T01:02:47.749132+00:00
a29ef34d-294a-5c87-b29b-d6a6d9131f4b,1738,1897054,1897054,"Children's Benadryl Diphenhydramine HCl Dye-Free Allergy Bubble Gum Flavor Liquid, 16 Fluid Ounces",https://www.costco.com/.product.1897054.html,,,0,0,https://www.costco.com/allergy-sinus.html,2026-09-28T01:02:47.749132+00:00
ab03e353-f3a8-53b1-ae1a-18923d862996,1738,100428484,100428484,Zyrtec-D Allergy & Sinus Medicine & Nasal Decongestant Tablets,https://www.costco.com/.product.100428484.html,,,0,0,https://www.costco.com/allergy-sinus.html,2026-09-28T01:02:47.749132+00:00
1785dc00-f638-5e9e-8972-b5f5f77cb3e7,1738,547204,547204,"Zyrtec-D 12 Hour Allergy & Sinus Medicine & Nasal Decongestant, 24 Tablets",https://www.costco.com/.product.547204.html,,,0,0,https://www.costco.com/allergy-sinus.html,2026-09-28T01:02:47.749132+00:00
29b48b68-c03f-590e-b0a1-f9064a814ed8,1738,100323843,100323843,"Arm & Hammer Simply Saline Nasal Mist, 13.5 Ounces",https://www.costco.com/.product.100323843.html,,,0,0,https://www.costco.com/allergy-sinus.html,2026-09-28T01:02:47.749132+00:00
b5b7cf81-bc2d-50b2-b60e-91af8e325db6,1738,901165,901165,"Arm & Hammer Simply Saline Nasal Mist, 13.5 Ounces",https://www.costco.com/.product.901165.html,,,0,0,https://www.costco.com/allergy-sinus.html,2026-09-28T01:02:47.749132+00:00
070463db-34c2-518a-9058-1e193b5bbf7e,1738,100364942,100364942,Vintage 9' Shuffleboard Table,https://www.costco.com/.product.100364942.html,,,0,0,https://www.costco.com/arcade-darts.html,2026-09-28T01:03:46.942468+00:00
05e180f9-a1c7-5845-859b-510e5af47385,1738,1148055,1148055,Vintage 9' Shuffleboard Table,https://www.costco.com/.product.1148055.html,,,0,0,https://www.costco.com/arcade-darts.html,2026-09-28T01:03:46.942468+00:00
be5ab0da-1f33-5e81-9fac-ad040adddd38,1738,100669211,100669211,"Medal Sports EZ Fold, One On One Arcade Basketball",https://www.costco.com/.product.100669211.html,,,0,0,https://www.costco.com/arcade-darts.html,2026-09-28T01:03:46.942468+00:00
f5343411-14d6-55d8-b227-191c35623620,1738,2621028,2621028,"Medal Sports EZ Fold, One On One Arcade Basketball",https://www.costco.com/.product.2621028.html,,,0,0,https://www.costco.com/arcade-darts.html,2026-09-28T01:03:46.942468+00:00
b29f2fd9-47db-579c-894d-25d079b5b076,1738,1654510,1654510,"Medal Sports EZ Fold, One On One Arcade Basketball",https://www.costco.com/.product.1654510.html,,,0,0,https://www.costco.com/arcade-darts.html,2026-09-28T01:03:46.942468+00:00
b703d62b-e95e-5f12-ac01-0f21b6490e47,1738,1819414,1819414,"Medal Sports EZ Fold, One On One Arcade Basketball",https://www.costco.com/.product.1819414.html,,,0,0,https://www.costco.com/arcade-darts.html,2026-09-28T01:03:46.942468+00:00
990199ef-411a-5815-9d6f-1fa6c74cb4ef,1738,100467112,100467112,American Heritage Barrington Industrial Shuffleboard Table,https://www.costco.com/.product.100467112.html,,,0,0,https://www.costco.com/arcade-darts.html,2026-09-28T01:03:46.942468+00:00
da292cde-1ee5-5f27-a156-bfe140fdf53a,1738,1299156,1299156,American Heritage Industrial Shuffle Board Table,https://www.costco.com/.product.1299156.html,,,0,0,https://www.costco.com/arcade-darts.html,2026-09-28T01:03:46.942468+00:00
e54a03db-a715-5e0a-b037-7ae777909ebe,1738,4000204022,4000204022,Arcade1Up PAC-MAN Partycade 12 Games in 1,https://www.costco.com/.product.4000204022.html,,,0,0,https://www.costco.com/arcade-darts.html,2026-09-28T01:03:46.942468+00:00
081b381a-abde-51a7-ae9d-307e6d01d357,1738,1740652,1740652,Arcade1Up PAC-MAN Partycade 12 Games in 1,https://www.costco.com/.product.1740652.html,,,0,0,https://www.costco.com/arcade-darts.html,2026-09-28T01:03:46.942468+00:00
166f0a83-a5bf-57ac-9c79-4de4312fffb3,1738,4000274827,4000274827,Ms. Pac-man / Galaga Pub Table,https://www.costco.com/.product.4000274827.html,,,0,0,https://www.costco.com/arcade-darts.html,2026-09-28T01:03:46.942468+00:00
46dff8b9-3923-52f3-9437-7725728b3fd3,1738,1740626,1740626,Ms. Pac-man / Galaga Pub Table,https://www.costco.com/.product.1740626.html,,,0,0,https://www.costco.com/arcade-darts.html,2026-09-28T01:03:46.942468+00:00
dd76932d-0fbc-5da0-a37b-d268befe4b82,1738,4000214714,4000214714,Barrington Electronic Dartboard with Cabinet,https://www.costco.com/.product.4000214714.html,,,0,0,https://www.costco.com/arcade-darts.html,2026-09-28T01:03:46.942468+00:00
8e0a3082-498c-52c8-aa4b-340424fcc581,1738,1740596,1740596,Barrington Electronic Dartboard with Cabinet,https://www.costco.com/.product.1740596.html,,,0,0,https://www.costco.com/arcade-darts.html,2026-09-28T01:03:46.942468+00:00
c4b83587-3ad7-5c46-9e54-07cb296ea03f,1738,4000309116,4000309116,Skee-Ball 9' Signature Steel Home Arcade Game,https://www.costco.com/.product.4000309116.html,,,0,0,https://www.costco.com/arcade-darts.html,2026-09-28T01:03:46.942468+00:00
8056331a-5866-547b-9bd7-d6aea054c9c2,1738,1876771,1876771,Skee-Ball 9' Signature Steel Home Arcade Game,https://www.costco.com/.product.1876771.html,,,0,0,https://www.costco.com/arcade-darts.html,2026-09-28T01:03:46.942468+00:00
305c7409-26c8-58ea-82d8-f0766534ddc1,1738,4000335412,4000335412,Arcade1Up Ms. PAC-MAN Partycade 12 Games in 1,https://www.costco.com/.product.4000335412.html,,,0,0,https://www.costco.com/arcade-darts.html,2026-09-28T01:03:46.942468+00:00
d845a244-ddb7-518f-9e48-913b7fd66925,1738,1872072,1872072,Arcade1Up Ms. PAC-MAN Partycade 12 Games in 1,https://www.costco.com/.product.1872072.html,,,0,0,https://www.costco.com/arcade-darts.html,2026-09-28T01:03:46.942468+00:00
cb45f7c1-50d3-5946-b579-b61af91285de,1738,4000373320,4000373320,Stern Pinball Star Wars Home Edition Plus,https://www.costco.com/.product.4000373320.html,,,0,0,https://www.costco.com/arcade-darts.html,2026-09-28T01:03:46.942468+00:00
4bc4c8a3-4204-5e91-8545-af8ac9424c81,1738,1948384,1948384,Stern Pinball Star Wars Home Edition Plus,https://www.costco.com/.product.1948384.html,,,0,0,https://www.costco.com/arcade-darts.html,2026-09-28T01:03:46.942468+00:00
aa6203b6-460a-5036-8d67-fff827ef0bf8,1738,4000387902,4000387902,Arcade1Up PAC-MAN Pub Table Arcade Machine,https://www.costco.com/.product.4000387902.html,,,0,0,https://www.costco.com/arcade-darts.html,2026-09-28T01:03:46.942468+00:00
68c621b6-ff8c-5caa-b93b-49539cd96a8d,1738,1872159,1872159,Arcade1Up PAC-MAN Pub Table Arcade Machine,https://www.costco.com/.product.1872159.html,,,0,0,https://www.costco.com/arcade-darts.html,2026-09-28T01:03:46.942468+00:00
182fbbaf-2af4-5881-ade9-b47e6fd3e44c,1738,4201028418,4201028418,Stern Pokémon Pinball Machine,https://www.costco.com/.product.4201028418.html,,,0,0,https://www.costco.com/arcade-darts.html,2026-09-28T01:03:46.942468+00:00
fc4226d7-d0bd-5e4a-87b8-059e2981c377,1738,1985364,1985364,Stern Pokémon Pinball Machine,https://www.costco.com/.product.1985364.html,,,0,0,https://www.costco.com/arcade-darts.html,2026-09-28T01:03:46.942468+00:00
5c492424-a82e-52a2-8aa5-712d6e571df3,1738,1929716,1929716,Mini Brands Mini Vinyls Playset with Three Capsules,https://www.costco.com/.product.1929716.html,,,0,0,https://www.costco.com/arts-crafts-hobby.html,2026-09-28T01:05:22.241541+00:00
8f2ef020-3277-5276-b886-2879c76be916,1738,1961920,1961920,HOTO Cordless Auto-Dispensing Glue Gun,https://www.costco.com/.product.1961920.html,,,0,0,https://www.costco.com/arts-crafts-hobby.html,2026-09-28T01:05:22.241541+00:00
29bda162-7e4b-50b0-8ef4-4dc012df1b02,1738,2013870,2013870,"BFGoodrich Premium Front and Rear Beam Wiper Blades, 26""",https://www.costco.com/.product.2013870.html,,,0,0,https://www.costco.com/auto-tires.html,2026-09-28T01:06:55.952093+00:00
fc20822a-d8a4-534c-a26d-4f272a7bd733,1738,2013868,2013868,"BFGoodrich Premium Front and Rear Beam Wiper Blades, 22""",https://www.costco.com/.product.2013868.html,,,0,0,https://www.costco.com/auto-tires.html,2026-09-28T01:06:55.952093+00:00
69cc7996-7b55-550d-a6f9-c521a6498421,1738,2013869,2013869,"BFGoodrich Premium Front and Rear Beam Wiper Blades, 24""",https://www.costco.com/.product.2013869.html,,,0,0,https://www.costco.com/auto-tires.html,2026-09-28T01:06:55.952093+00:00
e424e577-48ec-58f8-858d-f3a2dcda9b10,1738,2013866,2013866,"BFGoodrich Premium Front and Rear Beam Wiper Blades, 20""",https://www.costco.com/.product.2013866.html,,,0,0,https://www.costco.com/auto-tires.html,2026-09-28T01:06:55.952093+00:00
cc6972f4-089a-5108-a8a2-5dff96218cd6,1738,2013862,2013862,"BFGoodrich Premium Front and Rear Beam Wiper Blades, 16""",https://www.costco.com/.product.2013862.html,,,0,0,https://www.costco.com/auto-tires.html,2026-09-28T01:06:55.952093+00:00
cfa00af9-9d7d-5127-aef1-de7fcd594cc7,1738,997930,997930,"Kirkland Signature 5W-30 Full Synthetic Motor Oil, 5-quart, 2-pack",https://www.costco.com/.product.997930.html,,,0,0,https://www.costco.com/auto-tires.html,2026-09-28T01:06:55.952093+00:00
3d95b873-e813-5044-aaa7-4f7db491bfec,1738,713160,713160,"Kirkland Signature Ultra Plush Microfiber Towel, Yellow, 16 in x 16 in, 36-count",https://www.costco.com/.product.713160.html,,,0,0,https://www.costco.com/auto-tires.html,2026-09-28T01:06:55.952093+00:00
592b479e-f83b-52eb-b722-01ab8a752b83,1738,133839,133839,"Kirkland Signature Ultra Plush Microfiber Towel, Blue, 16 in x 16 in, 36-count",https://www.costco.com/.product.133839.html,,,0,0,https://www.costco.com/auto-tires.html,2026-09-28T01:06:55.952093+00:00
e38c3afb-b166-56f7-9946-deb65ce272f7,1738,3510120,3510120,TYPE S Portable Jump Starter with Powerguide Assistance & Flashlight,https://www.costco.com/.product.3510120.html,,,0,0,https://www.costco.com/auto-tires.html,2026-09-28T01:06:55.952093+00:00
1e8f833c-a06e-5e78-a712-fe81b2641c32,1738,1973500,1973500,Adam's Polishes Ultimate 12-piece Detailing Kit,https://www.costco.com/.product.1973500.html,,,0,0,https://www.costco.com/auto-tires.html,2026-09-28T01:06:55.952093+00:00
1c5dcd09-fa07-5886-b6a8-8af2bae4e0de,1738,1680353,1680353,DeWalt Lithium Jump Starter with Compressor and USB Power Bank,https://www.costco.com/.product.1680353.html,,,0,0,https://www.costco.com/auto-tires.html,2026-09-28T01:06:55.952093+00:00
50686bcc-1aef-5306-9180-28854a1302e3,1738,1915056,1915056,Nextbase Piqo 2K Dashcam with 64GB MicroSD Card and Piqo Quick Connect Cable,https://www.costco.com/.product.1915056.html,,,0,0,https://www.costco.com/auto-tires.html,2026-09-28T01:06:55.952093+00:00
d4424c43-a3e3-54f3-b1d1-dba0fbb7f0c0,1738,997931,997931,"Kirkland Signature 5W-30 High Mileage Full Synthetic Motor Oil, 5-Quart 2-pack",https://www.costco.com/.product.997931.html,,,0,0,https://www.costco.com/auto-tires.html,2026-09-28T01:06:55.952093+00:00
801f4fe4-9be3-51aa-b0c2-c683771e958a,1738,1922992,1922992,Meguiar's Classic Tire Shine Shine 15oz 3-Pack,https://www.costco.com/.product.1922992.html,,,0,0,https://www.costco.com/auto-tires.html,2026-09-28T01:06:55.952093+00:00
771d0417-a8f1-5c2d-8a13-32d6cc9de924,1738,1890281,1890281,"Kirkland Signature Heavy Duty Diesel 15W40 Synblen, 1 gal, 3-count",https://www.costco.com/.product.1890281.html,,,0,0,https://www.costco.com/auto-tires.html,2026-09-28T01:06:55.952093+00:00
eb03ebfb-39e0-5a01-93ea-e6548589ee20,1738,1241491,1241491,"Vulcan Nitrile Gloves, Medium, Indigo",https://www.costco.com/.product.1241491.html,,,0,0,https://www.costco.com/auto-tires.html,2026-09-28T01:06:55.952093+00:00
976a8889-6d11-50ba-9101-d774fce74bc8,1738,1241492,1241492,"Vulcan Nitrile Gloves, Large, Indigo",https://www.costco.com/.product.1241492.html,,,0,0,https://www.costco.com/auto-tires.html,2026-09-28T01:06:55.952093+00:00
baac6a02-82fa-5999-a90a-2e15f886171f,1738,1241493,1241493,"Vulcan Nitrile Gloves, XL, Indigo",https://www.costco.com/.product.1241493.html,,,0,0,https://www.costco.com/auto-tires.html,2026-09-28T01:06:55.952093+00:00
5aa526b4-e0da-564b-871d-58a41752e6ac,1738,4000433207,4000433207,BFGoodrich Premium Front and Rear Beam Wiper Blades,https://www.costco.com/bfgoodrich-premium-front-and-rear-beam-wiper-blades.product.4000433207.html,,,0,0,https://www.costco.com/auto-truck-accessories.html,2026-09-28T01:07:26.567920+00:00
72da1a28-ee4f-5184-a781-7b0189415f5e,1738,4000432058,4000432058,DeWalt Lithium Jump Starter with Compressor and USB Power Bank,https://www.costco.com/dewalt-lithium-jump-starter-with-compressor-and-usb-power-bank.product.4000432058.html,,,0,0,https://www.costco.com/auto-truck-accessories.html,2026-09-28T01:07:26.567920+00:00
bf32a162-fbff-5f99-bd77-fe3bd676e833,1738,4000433284,4000433284,TYPE S Portable Jump Starter with Powerguide Assistance & Flashlight,https://www.costco.com/type-s-portable-jump-starter-with-powerguide-assistance--flashlight.product.4000433284.html,,,0,0,https://www.costco.com/auto-truck-accessories.html,2026-09-28T01:07:26.567920+00:00
d51994d9-0ca2-5acf-a1d5-caea48c17092,1738,1537922,1537922,Amara Organic Yogurt Smoothie Melts 4 (1 oz.) Bags Per Box,https://www.costco.com/.product.1537922.html,,,0,0,https://www.costco.com/baby-food.html,2026-09-28T01:08:58.448988+00:00
2ba7f6bb-174d-5720-a648-93c2546705e9,1738,1493488,1493488,"Kirkland Signature Baby Wipes Fragrance Free, 900-count",https://www.costco.com/.product.1493488.html,,,0,0,https://www.costco.com/baby-kids.html,2026-09-28T01:09:24.538540+00:00
d2953e17-9a23-518e-835c-3525cd1fd466,1738,2088958,2088958,Joie Baby Saffron SI 4-in-1 Car Seat,https://www.costco.com/.product.2088958.html,,,0,0,https://www.costco.com/baby-kids.html,2026-09-28T01:09:24.538540+00:00
ea519f5e-94f2-5964-ba6d-93ae65ceb09f,1738,1987113,1987113,"Kirkland Signature Diaper Sizes 3-7, Size Three",https://www.costco.com/.product.1987113.html,,,0,0,https://www.costco.com/baby-kids.html,2026-09-28T01:09:24.538540+00:00
f040d3e3-b992-5ed2-a325-28255b212625,1738,1987114,1987114,"Kirkland Signature Diaper Sizes 3-7, Size Four",https://www.costco.com/.product.1987114.html,,,0,0,https://www.costco.com/baby-kids.html,2026-09-28T01:09:24.538540+00:00
cb61b5be-fe84-524c-b0f1-7e289f47afbf,1738,1987115,1987115,"Kirkland Signature Diaper Sizes 3-7, Size Five",https://www.costco.com/.product.1987115.html,,,0,0,https://www.costco.com/baby-kids.html,2026-09-28T01:09:24.538540+00:00
16c39e08-fb3d-54be-b2d4-66f005b431ed,1738,1987116,1987116,"Kirkland Signature Diaper Sizes 3-7, Size Six",https://www.costco.com/.product.1987116.html,,,0,0,https://www.costco.com/baby-kids.html,2026-09-28T01:09:24.538540+00:00
0244a648-612f-54c7-9e12-b6a00114818f,1738,1987117,1987117,"Kirkland Signature Diaper Sizes 3-7, Size Seven",https://www.costco.com/.product.1987117.html,,,0,0,https://www.costco.com/baby-kids.html,2026-09-28T01:09:24.538540+00:00
a0af08db-dc3b-52e5-b46a-2ef2fd094520,1738,1914459,1914459,"Huggies Plus Diapers Size 3, 204-count",https://www.costco.com/.product.1914459.html,,,0,0,https://www.costco.com/baby-kids.html,2026-09-28T01:09:24.538540+00:00
44e4152a-1763-5342-bac0-8d05e256eec3,1738,1914460,1914460,"Huggies Plus Diapers Size 4, 180-count",https://www.costco.com/.product.1914460.html,,,0,0,https://www.costco.com/baby-kids.html,2026-09-28T01:09:24.538540+00:00
6cc6af25-3679-5030-b752-4dc3bc9aae85,1738,1914461,1914461,"Huggies Plus Diapers Size 5, 156-count",https://www.costco.com/.product.1914461.html,,,0,0,https://www.costco.com/baby-kids.html,2026-09-28T01:09:24.538540+00:00
da20d498-c546-53cc-a8bc-f3ea97c698f3,1738,1914462,1914462,"Huggies Plus Diapers Size 6, 126-count",https://www.costco.com/.product.1914462.html,,,0,0,https://www.costco.com/baby-kids.html,2026-09-28T01:09:24.538540+00:00
b92cccbb-1c5e-5529-875a-718b79d5659b,1738,1914463,1914463,"Huggies Plus Diapers Size 7, 104-count",https://www.costco.com/.product.1914463.html,,,0,0,https://www.costco.com/baby-kids.html,2026-09-28T01:09:24.538540+00:00
601eac1e-4a36-5e34-99b1-eef46a4e73ea,1738,1897215,1897215,Graco 4Ever DLX Grad 5-in-1 Car Seat,https://www.costco.com/.product.1897215.html,,,0,0,https://www.costco.com/baby-kids.html,2026-09-28T01:09:24.538540+00:00
b8bd92c3-af81-5c54-8167-fa2e03dae604,1738,2047030,2047030,Joie Orzo Mini Lightweight Compact Travel Stroller,https://www.costco.com/.product.2047030.html,,,0,0,https://www.costco.com/baby-kids.html,2026-09-28T01:09:24.538540+00:00
516258ea-1058-510f-9749-c49055bc2e64,1738,1987111,1987111,"Kirkland Signature Diaper Sizes 1-2, Size One",https://www.costco.com/.product.1987111.html,,,0,0,https://www.costco.com/baby-kids.html,2026-09-28T01:09:24.538540+00:00
c4bf36ae-fe62-5a34-ad3b-bd3bde268e8f,1738,1987112,1987112,"Kirkland Signature Diaper Sizes 1-2, Size Two",https://www.costco.com/.product.1987112.html,,,0,0,https://www.costco.com/baby-kids.html,2026-09-28T01:09:24.538540+00:00
424218fc-8fd0-5450-a5e0-4e40343b6571,1738,1692255,1692255,"RICO Baby Wipes, 720-count",https://www.costco.com/.product.1692255.html,,,0,0,https://www.costco.com/baby-kids.html,2026-09-28T01:09:24.538540+00:00
c59d911a-b245-5041-b4fd-085b28d61035,1738,2009061,2009061,"Huggies Plus Diapers Size 1, 192-count",https://www.costco.com/.product.2009061.html,,,0,0,https://www.costco.com/baby-kids.html,2026-09-28T01:09:24.538540+00:00
9227814d-08c2-5dec-a0c5-0b36ade7f2ee,1738,2009062,2009062,"Huggies Plus Diapers Size 2, 174-count",https://www.costco.com/.product.2009062.html,,,0,0,https://www.costco.com/baby-kids.html,2026-09-28T01:09:24.538540+00:00
9e83cadc-2ef0-58e1-8d20-504244a63add,1738,1680301,1680301,"Enfamil NeuroPro Care Gentlease Formula, 20 oz, 2-pack",https://www.costco.com/.product.1680301.html,,,0,0,https://www.costco.com/baby-kids.html,2026-09-28T01:09:24.538540+00:00
f24c85d4-8673-5fa5-a6b7-d9f72a397955,1738,1624039,1624039,"Similac 360 Total Care with 5 HMO's, Non-GMO Infant Formula Powder, 40 oz",https://www.costco.com/.product.1624039.html,,,0,0,https://www.costco.com/baby-kids.html,2026-09-28T01:09:24.538540+00:00
12ea316f-7878-57db-8156-ffd5395334ea,1738,1935000,1935000,"Huggies Pull-Ups Plus Training Pants Unisex, 2T - 3T",https://www.costco.com/.product.1935000.html,,,0,0,https://www.costco.com/baby-kids.html,2026-09-28T01:09:24.538540+00:00
98061aef-8535-5655-b231-b3a8ac002dbc,1738,1935001,1935001,"Huggies Pull-Ups Plus Training Pants Unisex, 3T - 4T",https://www.costco.com/.product.1935001.html,,,0,0,https://www.costco.com/baby-kids.html,2026-09-28T01:09:24.538540+00:00
cce414b9-e02e-5cfc-9753-4ff3845bea3e,1738,1935002,1935002,"Huggies Pull-Ups Plus Training Pants Unisex, 4T - 5T",https://www.costco.com/.product.1935002.html,,,0,0,https://www.costco.com/baby-kids.html,2026-09-28T01:09:24.538540+00:00
d8a9eb9f-4e11-5f9d-b4c2-02631d27dab6,1738,1935003,1935003,"Huggies Pull-Ups Plus Training Pants Unisex, 5T - 6T",https://www.costco.com/.product.1935003.html,,,0,0,https://www.costco.com/baby-kids.html,2026-09-28T01:09:24.538540+00:00
1f50ff63-01b9-5c71-9973-12b2c488097d,1738,9022010,9022010,"Orgain USDA Organic Kids Nutritional Protein Shake, Chocolate, 8 fl oz, 24-pack",https://www.costco.com/.product.9022010.html,,,0,0,https://www.costco.com/baby-kids.html,2026-09-28T01:09:24.538540+00:00
f31cad70-d2cb-5bd8-b1d3-f040c7d4d373,1738,1624032,1624032,"Similac 360 Total Care Sensitive with 5 HMO's, Non-GMO Infant Formula Powder, 40 oz",https://www.costco.com/.product.1624032.html,,,0,0,https://www.costco.com/baby-kids.html,2026-09-28T01:09:24.538540+00:00
b3899392-1a87-5554-9414-3cf2032e3d6e,1738,1861502,1861502,"Aveeno Baby Moisture Set, 2 Wash & Shampoo + Lotion, 44 oz",https://www.costco.com/.product.1861502.html,,,0,0,https://www.costco.com/baby-kids.html,2026-09-28T01:09:24.538540+00:00
5829a899-b92b-5af0-8870-dcac6471e202,1738,1268174,1268174,"PediaSure with OptiGRO Plus Kids Shake 8 fl oz., 24-count, Vanilla",https://www.costco.com/.product.1268174.html,,,0,0,https://www.costco.com/baby-kids.html,2026-09-28T01:09:24.538540+00:00
5d491680-a262-563b-893b-c7e5fd30b127,1738,620595,620595,"Nestle Nido Kinder 1+ Toddler Powdered Milk, 77.6 oz",https://www.costco.com/.product.620595.html,,,0,0,https://www.costco.com/baby-kids.html,2026-09-28T01:09:24.538540+00:00
ec53289d-4f3f-583d-8f99-d5adea72f91b,1738,1101956,1101956,"Enfagrow Premium Toddler Nutritional Drink, Non-GMO, Stage 3, 36.6oz",https://www.costco.com/.product.1101956.html,,,0,0,https://www.costco.com/baby-kids.html,2026-09-28T01:09:24.538540+00:00
a6d2c0d0-f9d7-5bf4-ada2-5145ec1f7b78,1738,1562786,1562786,"Children's Tylenol Liquid Pain Relief & Fever Medicine, Dye-Free Cherry Flavor, 12 Fluid Ounces",https://www.costco.com/.product.1562786.html,,,0,0,https://www.costco.com/baby-kids.html,2026-09-28T01:09:24.538540+00:00
24200503-1c6d-5623-b787-c48385a7ba74,1738,4000317768,4000317768,"Aveeno Baby Moisture Set, 2 Wash & Shampoo + Lotion, 44 fl oz",https://www.costco.com/aveeno-baby-moisture-set-2-wash--shampoo--lotion-44-fl-oz.product.4000317768.html,,,0,0,https://www.costco.com/baby-skin-health-care.html,2026-09-28T01:10:11.040175+00:00
9a322633-df25-560e-ac2e-1e41409ed38e,1738,1901727,1901727,Henckels Paradigm Ceramic 11-piece Cookware Set,https://www.costco.com/.product.1901727.html,,,0,0,https://www.costco.com/bakeware-cookware.html,2026-09-28T01:10:50.485376+00:00
d693c867-802c-57b3-ae4f-5ba7ecd8e5fe,1738,1901845,1901845,GreenPan 3-Piece Spectra Hybrid Frypan Set,https://www.costco.com/.product.1901845.html,,,0,0,https://www.costco.com/bakeware-cookware.html,2026-09-28T01:10:50.485376+00:00
1a432e3e-428a-52b2-87df-14bcb52fc3e0,1738,1901867,1901867,T-fal 12-piece Tri-Ply Stainless Steel Cookware Set,https://www.costco.com/.product.1901867.html,,,0,0,https://www.costco.com/bakeware-cookware.html,2026-09-28T01:10:50.485376+00:00
8ae93ae7-f783-5068-93d8-e70223824d70,1738,1998335,1998335,GreenPan Reserve Stainless Steel 12-piece Cookware Set,https://www.costco.com/.product.1998335.html,,,0,0,https://www.costco.com/bakeware-cookware.html,2026-09-28T01:10:50.485376+00:00
72b601e1-8c77-5498-b9e6-735a2b85d5ab,1738,2040897,2040897,"USA Pan Half Baking Sheets, Set of 2",https://www.costco.com/.product.2040897.html,,,0,0,https://www.costco.com/bakeware-cookware.html,2026-09-28T01:10:50.485376+00:00
f20f5e9b-126a-59be-a2bb-d8b66f768639,1738,1873241,1873241,"T-fal Ceramic Non-Stick Frypan Set, 3-piece",https://www.costco.com/.product.1873241.html,,,0,0,https://www.costco.com/bakeware-cookware.html,2026-09-28T01:10:50.485376+00:00
ca52eb9e-687c-5bff-82ec-badd3a1644b0,1738,1942260,1942260,Nordic Ware Naturals 3-piece Baking Sheet Set,https://www.costco.com/.product.1942260.html,,,0,0,https://www.costco.com/bakeware-cookware.html,2026-09-28T01:10:50.485376+00:00
f22c986b-78d7-5f20-93f0-5e8d86a749cb,1738,1901805,1901805,Tramontina 8-Quart Stainless Steel Tri-ply Base Multicooker with Pasta Insert,https://www.costco.com/.product.1901805.html,,,0,0,https://www.costco.com/bakeware-cookware.html,2026-09-28T01:10:50.485376+00:00
db0470ae-a262-5748-a69b-c395a3a51f40,1738,1881829,1881829,Bergner 16.9-quart Stainless Steel Stock Pot with Lid,https://www.costco.com/.product.1881829.html,,,0,0,https://www.costco.com/bakeware-cookware.html,2026-09-28T01:10:50.485376+00:00
cdff866a-f235-5e60-accd-01efdd0e8891,1738,2034237,2034237,"Trudeau Structure Muffin Pans, 2-pack",https://www.costco.com/.product.2034237.html,,,0,0,https://www.costco.com/bakeware-cookware.html,2026-09-28T01:10:50.485376+00:00
0ca78f5f-4b2d-55f4-93b8-8ff26a8df9ab,1738,4000448743,4000448743,"USA Pan Half Baking Sheets, Set of 2",https://www.costco.com/usa-pan-half-baking-sheets-set-of-2.product.4000448743.html,,,0,0,https://www.costco.com/bakeware.html,2026-09-28T01:11:24.870818+00:00
8d65d5d1-210b-5180-9a13-b2216085f694,1738,4000369765,4000369765,Nordic Ware Naturals 3-piece Baking Sheet Set,https://www.costco.com/nordic-ware-naturals-3-piece-baking-sheet-set.product.4000369765.html,,,0,0,https://www.costco.com/bakeware.html,2026-09-28T01:11:24.870818+00:00
8a6c85c5-fa51-5bf9-8be5-6ce258654828,1738,4201006186,4201006186,"Trudeau Structure Muffin Pans, 2-pack",https://www.costco.com/trudeau-structure-muffin-pans-2-pack.product.4201006186.html,,,0,0,https://www.costco.com/bakeware.html,2026-09-28T01:11:24.870818+00:00
03528539-be53-598e-9a9f-fdf6413db35b,1738,1485523,1485523,"Kirkland Signature Organic Unbleached All Purpose Flour, 10 lbs, 2-count",https://www.costco.com/.product.1485523.html,,,0,0,https://www.costco.com/baking.html,2026-09-28T01:11:56.823248+00:00
2bb46447-6734-5a01-a978-62c0014d3923,1738,1331846,1331846,"Kirkland Signature Semi-Sweet Chocolate Chips, 4.5 lbs",https://www.costco.com/.product.1331846.html,,,0,0,https://www.costco.com/baking.html,2026-09-28T01:11:56.823248+00:00
5307811e-f48c-5e5b-b6f1-25912ad6c6d3,1738,901991,901991,"Kirkland Signature, Organic Sugar, 10 lbs",https://www.costco.com/.product.901991.html,,,0,0,https://www.costco.com/baking.html,2026-09-28T01:11:56.823248+00:00
1ccbf28d-d6aa-5091-ab38-2756a0deeecd,1738,426292,426292,"Arm & Hammer, Pure Baking Soda, 13.5 lbs",https://www.costco.com/.product.426292.html,,,0,0,https://www.costco.com/baking.html,2026-09-28T01:11:56.823248+00:00
c4dd46ee-1eec-5352-86ba-7e48cdc0d61d,1738,32911,32911,"Kirkland Signature Pure Vanilla, 16 fl oz",https://www.costco.com/.product.32911.html,,,0,0,https://www.costco.com/baking.html,2026-09-28T01:11:56.823248+00:00
b4d73517-00ea-5d1e-b5ac-bda190a68f55,1738,118677,118677,"Nestlé Toll House, Semi-Sweet Chocolate Chip Morsels, 72 oz",https://www.costco.com/.product.118677.html,,,0,0,https://www.costco.com/baking.html,2026-09-28T01:11:56.823248+00:00
39e758cc-e037-5e0b-b9d3-ee2c1c5303b1,1738,847909,847909,"Ghirardelli, Triple Chocolate Premium Brownie Mix, 6-count",https://www.costco.com/.product.847909.html,,,0,0,https://www.costco.com/baking.html,2026-09-28T01:11:56.823248+00:00
0281d250-a290-58af-a100-9d5c335d22d9,1738,859695,859695,"Kirkland Signature Creamy Almond Butter, 27 oz",https://www.costco.com/.product.859695.html,,,0,0,https://www.costco.com/baking.html,2026-09-28T01:11:56.823248+00:00
c0c69c21-45a3-5940-b541-c4ecfde326a7,1738,1045706,1045706,"Kirkland Signature, Organic Virgin Coconut Oil, 84 fl oz",https://www.costco.com/.product.1045706.html,,,0,0,https://www.costco.com/baking.html,2026-09-28T01:11:56.823248+00:00
b6554490-851f-5fbd-9147-0ee845dc0ab5,1738,2751,2751,"Red Star, Active Dry Yeast, 32 oz",https://www.costco.com/.product.2751.html,,,0,0,https://www.costco.com/baking.html,2026-09-28T01:11:56.823248+00:00
273c9d0d-21fa-566b-b3fe-8db0cf4331f2,1738,1357244,1357244,Kirkland Signature Cranberry Walnut Round Bread,https://www.costco.com/.product.1357244.html,,,0,0,https://www.costco.com/baking.html,2026-09-28T01:11:56.823248+00:00
9390f6d2-ec77-540a-ae7b-405bcd2678d7,1738,1862009,1862009,Highland Gas-lift Adjustable Stool,https://www.costco.com/.product.1862009.html,,,0,0,https://www.costco.com/barstools.html,2026-09-28T01:12:39.202644+00:00
70e8d3ac-a801-5418-9bbd-55c65a5114db,1738,1937970,1937970,Kohler Calidus 2-piece Elongated Toilet,https://www.costco.com/.product.1937970.html,,,0,0,https://www.costco.com/bath.html,2026-09-28T01:14:05.948372+00:00
04be9086-e0ae-5476-9d29-a5632a0c4385,1738,1806226,1806226,"Kohler HydroRail 3-in-1 Multifunction Showerhead and Column Kit, in Brushed Nickel",https://www.costco.com/.product.1806226.html,,,0,0,https://www.costco.com/bath.html,2026-09-28T01:14:05.948372+00:00
782afaae-bd76-528d-b078-08c1793e3966,1738,1806250,1806250,TOTO Washlet Elongated Bidet Seat with Soft Close Lid,https://www.costco.com/.product.1806250.html,,,0,0,https://www.costco.com/bath.html,2026-09-28T01:14:05.948372+00:00
fa379272-5da5-58eb-b6ec-428f4d0987fc,1738,1806208,1806208,"Kohler Fora One-piece Elongated Smart Toilet, Dual-flush",https://www.costco.com/.product.1806208.html,,,0,0,https://www.costco.com/bath.html,2026-09-28T01:14:05.948372+00:00
671cb417-0159-5dc8-b8df-0dfce105c80d,1738,1856257,1856257,Teakhaus Teak Bench,https://www.costco.com/.product.1856257.html,,,0,0,https://www.costco.com/bath.html,2026-09-28T01:14:05.948372+00:00
eee39bb4-1943-5945-8725-d06c9ac15d56,1738,1806317,1806317,"Kohler Assert Multifunction 1.75GPM Handshower, Brushed Nickel",https://www.costco.com/.product.1806317.html,,,0,0,https://www.costco.com/bath.html,2026-09-28T01:14:05.948372+00:00
a43f2ff7-60f9-550d-a97a-d248beee0701,1738,1889825,1889825,"Delta Adjustable Shower Head with Hand Shower, Brushed Nickel",https://www.costco.com/.product.1889825.html,,,0,0,https://www.costco.com/bath.html,2026-09-28T01:14:05.948372+00:00
9ecd3d60-821b-5d61-b5dd-b5c8d8647a40,1738,1922000,1922000,"Delta Rinna Two Handle Widespread Bathroom Faucet, Brushed Nickel",https://www.costco.com/.product.1922000.html,,,0,0,https://www.costco.com/bath.html,2026-09-28T01:14:05.948372+00:00
6d1ebe79-debb-5b07-9cff-4daa98d269da,1738,1731394,1731394,Kohler Layne Quick Release Elongated Toilet Seat,https://www.costco.com/.product.1731394.html,,,0,0,https://www.costco.com/bath.html,2026-09-28T01:14:05.948372+00:00
1898f8df-b9d5-528d-8d43-70da5227172e,1738,4201007792,4201007792,Teakhaus Teak Bench,https://www.costco.com/teakhaus-teak-bench.product.4201007792.html,,,0,0,https://www.costco.com/bathroom-accessories.html,2026-09-28T01:14:34.702086+00:00
97222a5d-d876-5967-abc6-794609022979,1738,4000339320,4000339320,Delta Rinna Two Handle Widespread Bathroom Faucet,https://www.costco.com/delta-rinna-two-handle-widespread-bathroom-faucet.product.4000339320.html,,,0,0,https://www.costco.com/bathroom-faucets.html,2026-09-28T01:15:01.839930+00:00
73410759-43e8-5fd8-9b74-fac97662b88e,1738,1610159,1610159,"Kirkland Signature Premium Blend BBQ Hardwood Pellets, 40 lbs",https://www.costco.com/.product.1610159.html,,,0,0,https://www.costco.com/bbq-grill-accessories.html,2026-09-28T01:15:44.212500+00:00
ece38a1a-4a02-504b-a01d-6dae26f4624b,1738,1819487,1819487,Tetris Tumble XL,https://www.costco.com/.product.1819487.html,,,0,0,https://www.costco.com/beach-games-toys.html,2026-09-28T01:16:48.532937+00:00
bece470c-11aa-519e-a3f0-b34e533f5e56,1738,1696849,1696849,"Neutrogena Beach Defense Sunscreen Spray SPF 60+, 8.5 oz, 2-pack",https://www.costco.com/.product.1696849.html,,,0,0,https://www.costco.com/beach.html,2026-09-28T01:17:34.287507+00:00
07385379-5140-588d-b081-16622ae6c22e,1738,1877320,1877320,"Vacation Classic Sunscreen Lotion, SPF 50, 6 fl oz Duo",https://www.costco.com/.product.1877320.html,,,0,0,https://www.costco.com/beach.html,2026-09-28T01:17:34.287507+00:00
09cccccc-5329-54bc-a5d0-7d2a63b8d286,1738,1982330,1982330,"Hawaiian Tropic Sheer Touch Lotion Sunscreen SPF 30, 10.8 fl oz, 2-pack",https://www.costco.com/.product.1982330.html,,,0,0,https://www.costco.com/beach.html,2026-09-28T01:17:34.287507+00:00
442464c9-0c7f-51c2-a58e-ef7108b3d8f7,1738,841930,841930,"Kirkland Signature, Thai Hom Mali Jasmine Rice, 25 lbs",https://www.costco.com/.product.841930.html,,,0,0,https://www.costco.com/beans-grains-rice.html,2026-09-28T01:18:01.531307+00:00
9cb12513-9a74-537b-b854-a8f9ab01c6fa,1738,207,207,"Homai California Calrose Rice, 25 lbs",https://www.costco.com/.product.207.html,,,0,0,https://www.costco.com/beans-grains-rice.html,2026-09-28T01:18:01.531307+00:00
990f20a1-7c2b-512d-ae4b-a684d02a8539,1738,993449,993449,"Garofalo, Organic Pasta, Variety Pack, 17.6 oz, 6-Count",https://www.costco.com/.product.993449.html,,,0,0,https://www.costco.com/beans-grains-rice.html,2026-09-28T01:18:01.531307+00:00
41d5962b-fe9f-5618-8536-17654ebe8dff,1738,132666,132666,"Royal, Basmati Rice, 20 lbs",https://www.costco.com/.product.132666.html,,,0,0,https://www.costco.com/beans-grains-rice.html,2026-09-28T01:18:01.531307+00:00
da707486-e01a-5271-a45e-3f1524f0d87c,1738,1001368,1001368,"Kirkland Signature, Organic Quinoa, 4.5 lbs",https://www.costco.com/.product.1001368.html,,,0,0,https://www.costco.com/beans-grains-rice.html,2026-09-28T01:18:01.531307+00:00
4cdbb8f7-718a-5ab8-871e-686680092eca,1738,1685578,1685578,"Bibigo, Cooked Sticky White Rice Bowls, Medium Grain, 7.4 oz, 12-Count",https://www.costco.com/.product.1685578.html,,,0,0,https://www.costco.com/beans-grains-rice.html,2026-09-28T01:18:01.531307+00:00
688645df-21d3-5e8b-996e-8e602f7e79a8,1738,761486,761486,"Garofalo, Organic Spaghetti Noodles, 17.6 oz, 8-Count",https://www.costco.com/.product.761486.html,,,0,0,https://www.costco.com/beans-grains-rice.html,2026-09-28T01:18:01.531307+00:00
f494765b-a14f-5bea-9f78-21f393e7545f,1738,443298,443298,"Kraft, Macaroni & Cheese Dinner Cup, 2.05 oz, 12-Count",https://www.costco.com/.product.443298.html,,,0,0,https://www.costco.com/beans-grains-rice.html,2026-09-28T01:18:01.531307+00:00
aeec0b9d-0961-52cd-88c6-04a5301d3501,1738,316689,316689,"Lotus Foods, Organic Millet & Brown Rice Ramen, 2.5 oz, 12-Count",https://www.costco.com/.product.316689.html,,,0,0,https://www.costco.com/beans-grains-rice.html,2026-09-28T01:18:01.531307+00:00
c3984a36-9e76-5650-bf3b-ea3f9bb14a52,1738,2043170,2043170,"Tasty Bite Organic Madras Lentils, 10 oz, 8-count",https://www.costco.com/.product.2043170.html,,,0,0,https://www.costco.com/beans-grains-rice.html,2026-09-28T01:18:01.531307+00:00
cbfdd5c6-d267-57a7-ab58-42be7aeada62,1738,2038055,2038055,"Seeds of Change Organic Quinoa & Brown Rice with Garlic & Lentils, 6-count",https://www.costco.com/.product.2038055.html,,,0,0,https://www.costco.com/beans-grains-rice.html,2026-09-28T01:18:01.531307+00:00
e769a8a5-c30a-5a46-9480-5c3f3159ddaf,1738,1306311,1306311,"Supreme Rice Long Grain Rice, 25 lbs",https://www.costco.com/.product.1306311.html,,,0,0,https://www.costco.com/beans-grains-rice.html,2026-09-28T01:18:01.531307+00:00
c22623c9-7ae5-51fb-9c87-ee5edf03cc9d,1738,985695,985695,"Annie's Organic Macaroni & Cheese Variety Pack, 6 oz, 12-count",https://www.costco.com/.product.985695.html,,,0,0,https://www.costco.com/beans-grains-rice.html,2026-09-28T01:18:01.531307+00:00
82d028e2-f71d-5e47-95a1-5b9554922b65,1738,6982992,6982992,"Hotel Grand White Down Comforter, King",https://www.costco.com/.product.6982992.html,,,0,0,https://www.costco.com/bedding.html,2026-09-28T01:18:45.923213+00:00
97d3cdb5-7ca0-5c1d-ac24-f66722949f92,1738,6982991,6982991,"Hotel Grand White Down Comforter, Full/Queen",https://www.costco.com/.product.6982991.html,,,0,0,https://www.costco.com/bedding.html,2026-09-28T01:18:45.923213+00:00
29c0e28d-2c6c-5eaf-8172-628cb3705ce6,1738,1310002,1310002,"Hotel Grand Feather & Down Pillow, 2-pack, Standard/Queen Size",https://www.costco.com/.product.1310002.html,,,0,0,https://www.costco.com/bedding.html,2026-09-28T01:18:45.923213+00:00
6d7afcff-3964-58e5-a075-dfa4e32c0da6,1738,4874102,4874102,"Sealy Sterling Collection Down-Alternative Pillow, 2-pack, Standard/Queen Size",https://www.costco.com/.product.4874102.html,,,0,0,https://www.costco.com/bedding.html,2026-09-28T01:18:45.923213+00:00
c1e11230-ecbe-5dcf-a590-a25e577ab2cd,1738,4874103,4874103,"Sealy Sterling Collection Down-Alternative Pillow, 2-pack, King",https://www.costco.com/.product.4874103.html,,,0,0,https://www.costco.com/bedding.html,2026-09-28T01:18:45.923213+00:00
7d59e99d-54d2-519c-a5c8-5b8e85eff6af,1738,2002510,2002510,Serenity by Tempur-Pedic Frost Cooling Memory Foam Pillow,https://www.costco.com/.product.2002510.html,,,0,0,https://www.costco.com/bedding.html,2026-09-28T01:18:45.923213+00:00
070c70fb-7671-56cc-a1f3-053d0b40f716,1738,1867814,1867814,"Sealy Sterling Huggable Pillow Standard, 2-pack",https://www.costco.com/.product.1867814.html,,,0,0,https://www.costco.com/bedding.html,2026-09-28T01:18:45.923213+00:00
21aeecff-fec5-58b0-8ce7-139549640e10,1738,2016277,2016277,"Beautyrest Cooling Memory Foam Cluster Pillow, 2-pack",https://www.costco.com/.product.2016277.html,,,0,0,https://www.costco.com/bedding.html,2026-09-28T01:18:45.923213+00:00
a5a25ab4-e506-52c8-a7ff-d78838e1e7be,1738,1371188,1371188,"AllerEase Organic Cotton Top Allergy Protection Pillow, 2-pack, Jumbo",https://www.costco.com/.product.1371188.html,,,0,0,https://www.costco.com/bedding.html,2026-09-28T01:18:45.923213+00:00
f4ce01e7-8a24-56ac-8259-43f8c767e41e,1738,1861998,1861998,"Rose Universal Broadmoore Bed Frame with Storage, White, King",https://www.costco.com/.product.1861998.html,,,0,0,https://www.costco.com/bedroom-furniture-beds.html,2026-09-28T01:19:17.483445+00:00
5a621c88-eb1b-56cc-887d-c0cf1ee7e692,1738,1752902,1752902,"Hughes Storage Bed, Queen",https://www.costco.com/.product.1752902.html,,,0,0,https://www.costco.com/bedroom-furniture-beds.html,2026-09-28T01:19:17.483445+00:00
97f4e951-63e9-5779-b8de-f5426169d6d4,1738,1812682,1812682,"Anistyn Wood Bed Frame with Upholstered Headboard, Gray Finish, Queen",https://www.costco.com/.product.1812682.html,,,0,0,https://www.costco.com/bedroom-furniture-beds.html,2026-09-28T01:19:17.483445+00:00
f321e616-6afc-5c73-b7d2-8746b85b14c7,1738,1646075,1646075,Rose 6 Drawer Dresser,https://www.costco.com/.product.1646075.html,,,0,0,https://www.costco.com/bedroom-furniture-chests-dressers.html,2026-09-28T01:19:47.829260+00:00
e17bdca6-3d7a-585b-a2d7-0992a2d1b052,1738,1819400,1819400,Phantom A10 Smart Electric Scooter,https://www.costco.com/.product.1819400.html,,,0,0,https://www.costco.com/bikes-boards.html,2026-09-28T01:22:12.638722+00:00
567d2ed2-fc3c-5130-a1ee-dfd0dad30e0a,1738,1896109,1896109,"Hiboy C1 Electric Bike, Black",https://www.costco.com/.product.1896109.html,,,0,0,https://www.costco.com/bikes-boards.html,2026-09-28T01:22:12.638722+00:00
1fc46e12-58e3-5661-a15b-eefe949d4429,1738,1987067,1987067,Aigo E3 Rainbow Kids Electric Scooter,https://www.costco.com/.product.1987067.html,,,0,0,https://www.costco.com/bikes-boards.html,2026-09-28T01:22:12.638722+00:00
a85ffdb6-652a-5917-9d2b-325d02f89f7e,1738,4201008753,4201008753,"Greenmade 27 Gallon Clear Storage Bin, 8‑pack",https://www.costco.com/greenmade-27-gallon-clear-storage-bin-8pack.product.4201008753.html?preselect=bin%20color%3Abincolorredandclear,,,0,0,https://www.costco.com/black-friday-menu.html,2026-09-28T01:23:42.019993+00:00
54cb7342-d2f5-5ea5-a642-c1f4bf1f2118,1738,4201005520,4201005520,"12"" Red & White Candy Cane LED Lawn Stakes, Set of 6",https://www.costco.com/12-red--white-candy-cane-led-lawn-stakes-set-of-6.product.4201005520.html,,,0,0,https://www.costco.com/black-friday-menu.html,2026-09-28T01:23:42.019993+00:00
1aebe46f-e5c5-5fad-adc9-fd0af960c59a,1738,2009547,2009547,Pioneer PSX615 700 Watt All-In-One Party Speaker with Auracast,https://www.costco.com/.product.2009547.html,,,0,0,https://www.costco.com/bluetooth-speakers.html,2026-09-28T01:25:00.583832+00:00
7f3d6bcb-00bd-5d6b-b827-73ad20dae338,1738,1949725,1949725,JBL PartyBox 130 Portable Party Speaker with Wireless Microphone,https://www.costco.com/.product.1949725.html,,,0,0,https://www.costco.com/bluetooth-speakers.html,2026-09-28T01:25:00.583832+00:00
64333ab7-dfa8-59bf-a80c-c254708f0f96,1738,2027800,2027800,"Soundcore Boom 3i Outdoor Waterproof Bluetooth Speaker, Black",https://www.costco.com/.product.2027800.html,,,0,0,https://www.costco.com/bluetooth-speakers.html,2026-09-28T01:25:00.583832+00:00
f9fbe04d-b5e8-5a64-90db-2badd4710542,1738,2076169,2076169,"Marshall Stockwell III Portable Bluetooth Speaker, Black",https://www.costco.com/.product.2076169.html,,,0,0,https://www.costco.com/bluetooth-speakers.html,2026-09-28T01:25:00.583832+00:00
d1b19867-bc43-5c86-8c14-8200e0dfcf4c,1738,2076170,2076170,"Marshall Stockwell III Portable Bluetooth Speaker, Cream",https://www.costco.com/.product.2076170.html,,,0,0,https://www.costco.com/bluetooth-speakers.html,2026-09-28T01:25:00.583832+00:00
767232f2-b3de-5a64-95fb-3747211e0fa9,1738,2052010,2052010,"Bose SoundLink Home Bluetooth Speaker, Warm Wood",https://www.costco.com/.product.2052010.html,,,0,0,https://www.costco.com/bluetooth-speakers.html,2026-09-28T01:25:00.583832+00:00
98bf304d-5d50-5ed9-a5b1-f5a2eb9edfd6,1738,2052012,2052012,"Bose SoundLink Home Bluetooth Speaker, Cool Gray",https://www.costco.com/.product.2052012.html,,,0,0,https://www.costco.com/bluetooth-speakers.html,2026-09-28T01:25:00.583832+00:00
8a6fcbc5-92ef-5596-898f-a92c718c41c4,1738,1957640,1957640,Bose SoundLink Flex SE Gen 2 Portable Waterproof Bluetooth Speaker - Blue,https://www.costco.com/.product.1957640.html,,,0,0,https://www.costco.com/bluetooth-speakers.html,2026-09-28T01:25:00.583832+00:00
359dbef3-ff87-56d3-bfa8-ce97241786a6,1738,1731876,1731876,"Sonos Era 100 Speakers 2-pack, Black",https://www.costco.com/.product.1731876.html,,,0,0,https://www.costco.com/bluetooth-speakers.html,2026-09-28T01:25:00.583832+00:00
e9144f34-8ee8-5e17-b623-f12b269eb6c0,1738,2077439,2077439,Ultimate Ears Megaboom 4 SE Portable Bluetooth Speaker - Black,https://www.costco.com/.product.2077439.html,,,0,0,https://www.costco.com/bluetooth-speakers.html,2026-09-28T01:25:00.583832+00:00
10c36b34-746f-5140-983f-aa4773281d5a,1738,2077441,2077441,Ultimate Ears Megaboom 4 SE Portable Bluetooth Speaker - Blue,https://www.costco.com/.product.2077441.html,,,0,0,https://www.costco.com/bluetooth-speakers.html,2026-09-28T01:25:00.583832+00:00
5573f1ff-3adc-5c2b-932c-a99de7619e33,1738,2071117,2071117,Quiz It Book & Set / Book & Talking Flash Card Set,https://www.costco.com/.product.2071117.html,,,0,0,https://www.costco.com/books.html,2026-09-28T01:25:56.358459+00:00
b00abe25-fa93-5b8c-9839-8e10934d47f9,1738,2064924,2064924,Googly Eyes Sound Book,https://www.costco.com/.product.2064924.html,,,0,0,https://www.costco.com/books.html,2026-09-28T01:25:56.358459+00:00
d5f8233c-8e9c-5088-87c7-8f1161af1d33,1738,2049570,2049570,Level Readers - 10 book Packs,https://www.costco.com/.product.2049570.html,,,0,0,https://www.costco.com/books.html,2026-09-28T01:25:56.358459+00:00
451cc9b6-a5b2-5954-a46e-c633335b9bfa,1738,2037490,2037490,Halloween Board Book,https://www.costco.com/.product.2037490.html,,,0,0,https://www.costco.com/books.html,2026-09-28T01:25:56.358459+00:00
54af2e02-54dd-582a-9034-a3cdc9feea0c,1738,2065849,2065849,My Big Wipe Clean: Spiral Floor Pad,https://www.costco.com/.product.2065849.html,,,0,0,https://www.costco.com/books.html,2026-09-28T01:25:56.358459+00:00
bc48461b-fd36-58fc-a49f-e22528b31fed,1738,2213964,2213964,Trifold Coloring and Activity Set,https://www.costco.com/.product.2213964.html,,,0,0,https://www.costco.com/books.html,2026-09-28T01:25:56.358459+00:00
3b3d77a8-dba5-5d42-9ee4-920b930b14f7,1738,1792368,1792368,"Maison Perrier Sparkling Water, 16.9 fl oz, 24-count",https://www.costco.com/.product.1792368.html,,,0,0,https://www.costco.com/bottled-water.html,2026-09-28T01:26:21.376439+00:00
fe575854-e5b5-5f6c-b808-557bf0beafdb,1738,975416,975416,"San Pellegrino Sparkling Natural Mineral Water, 16.9 fl oz, 24-count",https://www.costco.com/.product.975416.html,,,0,0,https://www.costco.com/bottled-water.html,2026-09-28T01:26:21.376439+00:00
f83adf19-b3ab-5d9b-8592-8bd975ed2c49,1738,1924266,1924266,"San Pellegrino Ciao! Sparkling Water, Variety Pack, 11.15 fl oz, 24-count",https://www.costco.com/.product.1924266.html,,,0,0,https://www.costco.com/bottled-water.html,2026-09-28T01:26:21.376439+00:00
99b16805-3aac-5abb-84b3-fe9d986f45f9,1738,1394201,1394201,"Kirkland Signature, Organic Coconut Water, 11.1 fl oz, 12-count",https://www.costco.com/.product.1394201.html,,,0,0,https://www.costco.com/bottled-water.html,2026-09-28T01:26:21.376439+00:00
530f3147-6090-5fbe-8edf-1960b7b2cef9,1738,2052182,2052182,"Liquid Death Soda-Flavored Sparkling Water, Variety Pack, 24-count",https://www.costco.com/.product.2052182.html,,,0,0,https://www.costco.com/bottled-water.html,2026-09-28T01:26:21.376439+00:00
3719ebad-ac5b-53a4-b54f-47813cefffc6,1738,1495250,1495250,"Kirkland Signature, Organic Coconut Water, 33.8 fl oz, 9-count",https://www.costco.com/.product.1495250.html,,,0,0,https://www.costco.com/bottled-water.html,2026-09-28T01:26:21.376439+00:00
440d1c6d-189e-5009-8a60-c0a36d1c12e0,1738,1105983,1105983,"Glacéau Smartwater, 1 L, 15-count",https://www.costco.com/.product.1105983.html,,,0,0,https://www.costco.com/bottled-water.html,2026-09-28T01:26:21.376439+00:00
293ed792-9bba-54cf-b481-f2046dff61ad,1738,607373,607373,"San Pellegrino Sparkling Natural Mineral Water, 25.3 fl oz, 15-count",https://www.costco.com/.product.607373.html,,,0,0,https://www.costco.com/bottled-water.html,2026-09-28T01:26:21.376439+00:00
f48c1950-c3ea-5e38-b025-06e3ec78a828,1738,1532150,1532150,"La Croix Sparkling Water, Beach Plum, Guava Sao Paulo and Black Razz Berry Variety Pack, 12 fl oz, 24-count",https://www.costco.com/.product.1532150.html,,,0,0,https://www.costco.com/bottled-water.html,2026-09-28T01:26:21.376439+00:00
dcc797ab-527f-5050-ab75-7bd2d5cdb490,1738,239600,239600,"FIJI Natural Artesian Water, 16.9 fl oz, 24-count",https://www.costco.com/.product.239600.html,,,0,0,https://www.costco.com/bottled-water.html,2026-09-28T01:26:21.376439+00:00
43c98860-9b39-5eae-8b6f-7992dd1d6334,1738,1505087,1505087,14kt Yellow Gold Paperclip Bracelet,https://www.costco.com/.product.1505087.html,,,0,0,https://www.costco.com/bracelets.html,2026-09-28T01:27:04.097419+00:00
aaa6a2c1-030b-580f-bb05-d891ba4fb8d1,1738,1345012,1345012,"Round Brilliant 5.00 ctw VS2 Clarity, I Color Diamond 14kt Gold Tennis Bracelet, White Gold",https://www.costco.com/.product.1345012.html,,,0,0,https://www.costco.com/bracelets.html,2026-09-28T01:27:04.097419+00:00
883b6d9c-a6c2-5298-a900-c6e3840e3cfa,1738,1896944,1896944,14kt Yellow Gold Cross Bolo Bracelet,https://www.costco.com/.product.1896944.html,,,0,0,https://www.costco.com/bracelets.html,2026-09-28T01:27:04.097419+00:00
83f1f63c-0d6d-5e75-b989-ca0fd05001b3,1738,1830833,1830833,14kt Yellow Gold Serpentine Chain Bracelet,https://www.costco.com/.product.1830833.html,,,0,0,https://www.costco.com/bracelets.html,2026-09-28T01:27:04.097419+00:00
7102ccb5-07d9-57f8-af41-06ee0d428771,1738,1687180,1687180,14kt Yellow Gold Rope Chain Bracelet,https://www.costco.com/.product.1687180.html,,,0,0,https://www.costco.com/bracelets.html,2026-09-28T01:27:04.097419+00:00
537419cb-6dcf-59f6-9644-6238225f73de,1738,1560353,1560353,"Round Brilliant 3.00 ctw VS2 Clarity, G Color Diamond Cluster 14kt White Gold Tennis Bracelet",https://www.costco.com/.product.1560353.html,,,0,0,https://www.costco.com/bracelets.html,2026-09-28T01:27:04.097419+00:00
d0f0dcba-4d01-58ae-ac11-7b7c8802767f,1738,1833009,1833009,Freshwater Cultured 7-7.5mm Pearl Bracelet with 14kt Yellow Gold Clasp,https://www.costco.com/.product.1833009.html,,,0,0,https://www.costco.com/bracelets.html,2026-09-28T01:27:04.097419+00:00
2db9b606-4618-5ef1-aadf-73fb2ec6b874,1738,446586,446586,"Quaker Oats Old Fashioned Rolled Oats, 10 lbs",https://www.costco.com/.product.446586.html,,,0,0,https://www.costco.com/breakfast-cereal.html,2026-09-28T01:27:47.473815+00:00
1786c586-2232-52a1-bab1-fe70542f435a,1738,2222019,2222019,"Kirkland Signature Organic Ancient Grain Granola, 35.3 oz",https://www.costco.com/.product.2222019.html,,,0,0,https://www.costco.com/breakfast-cereal.html,2026-09-28T01:27:47.473815+00:00
591843f8-0061-51b7-b953-d1e88e6fcd70,1738,1462402,1462402,"Post, Honey Bunches of Oats with Almonds Cereal, 50 oz",https://www.costco.com/.product.1462402.html,,,0,0,https://www.costco.com/breakfast-cereal.html,2026-09-28T01:27:47.473815+00:00
a5e44278-8f1c-5d87-a63a-96934be3a15c,1738,734786,734786,"General Mills, Cheerios Cereal, Honey Nut, 27.5 oz, 2-count",https://www.costco.com/.product.734786.html,,,0,0,https://www.costco.com/breakfast-cereal.html,2026-09-28T01:27:47.473815+00:00
66c7d48f-2cd0-5d05-973c-018628ebee02,1738,1560969,1560969,"MadeGood Organic Granola Minis, Variety Pack, 0.85 oz, 24-count",https://www.costco.com/.product.1560969.html,,,0,0,https://www.costco.com/breakfast-cereal.html,2026-09-28T01:27:47.473815+00:00
1622d2ff-5ff9-5137-898f-5f310f352124,1738,2049779,2049779,"Nature's Path Organic Pumpkin Seed Flax Granola, 35.3 oz",https://www.costco.com/.product.2049779.html,,,0,0,https://www.costco.com/breakfast-cereal.html,2026-09-28T01:27:47.473815+00:00
0e6961ee-29aa-5952-8518-51d07c4ec55b,1738,1282504,1282504,"General Mills Morning Summit Cereal, 38 oz",https://www.costco.com/.product.1282504.html,,,0,0,https://www.costco.com/breakfast-cereal.html,2026-09-28T01:27:47.473815+00:00
885e5701-9f1d-5b90-a31f-2a02b8b07c25,1738,1974794,1974794,"Kellogg's Special K Extra Red Berries Cereal, 21.5 oz, 2-count",https://www.costco.com/.product.1974794.html,,,0,0,https://www.costco.com/breakfast-cereal.html,2026-09-28T01:27:47.473815+00:00
f8c330c4-8588-5983-8869-fd0feb35f10a,1738,664927,664927,"Cinnamon Toast Crunch Cereal, 49.5 oz",https://www.costco.com/.product.664927.html,,,0,0,https://www.costco.com/breakfast-cereal.html,2026-09-28T01:27:47.473815+00:00
b86dd966-aa63-57f7-83c1-aa2de5f5102a,1738,522107,522107,"General Mills, Cheerios Cereal, 20.35 oz, 2-count",https://www.costco.com/.product.522107.html,,,0,0,https://www.costco.com/breakfast-cereal.html,2026-09-28T01:27:47.473815+00:00
22b49bc6-2314-544c-9f59-dd13b4237954,1738,1449725,1449725,"NuTrail Nut Granola, Blueberry Cinnamon, 22 oz",https://www.costco.com/.product.1449725.html,,,0,0,https://www.costco.com/breakfast-cereal.html,2026-09-28T01:27:47.473815+00:00
c56fab05-5fe1-5b83-b225-015ce4323628,1738,834603,834603,"Kodiak Cakes Power Cakes Flapjack and Waffle Mix, 4.5 lbs",https://www.costco.com/.product.834603.html,,,0,0,https://www.costco.com/breakfast.html,2026-09-28T01:28:14.565903+00:00
6c273b30-0178-5fc1-a88a-5beba9939a25,1738,1856165,1856165,"Sunny Fruit Dried Apricots, 32 oz",https://www.costco.com/.product.1856165.html,,,0,0,https://www.costco.com/breakfast.html,2026-09-28T01:28:14.565903+00:00
498e8276-5815-5295-a1b1-f4325ec182bb,1738,1842865,1842865,HP Color LaserJet Pro MFP 3301cdw Wireless All-in-One Printer,https://www.costco.com/.product.1842865.html,,,0,0,https://www.costco.com/business-equipment.html,2026-09-28T01:30:06.635299+00:00
742cc8d0-6b0c-55e9-9d0c-3a50e2167383,1738,2063822,2063822,HP OfficeJet Pro 8138 All-in-One Color Inkjet Printer- AI Capable,https://www.costco.com/.product.2063822.html,,,0,0,https://www.costco.com/business-equipment.html,2026-09-28T01:30:06.635299+00:00
239e4a3e-fa3f-5fd8-9dbd-7c47559173ee,1738,1925449,1925449,Epson EcoTank ET-2988 Wireless SuperTank Printer - White,https://www.costco.com/.product.1925449.html,,,0,0,https://www.costco.com/business-equipment.html,2026-09-28T01:30:06.635299+00:00
53204809-5067-53b2-a5e2-7b2a788c42fa,1738,1943678,1943678,"Epson EcoTank ET-3958 Wireless All-in-One Color Supertank Printer, White",https://www.costco.com/.product.1943678.html,,,0,0,https://www.costco.com/business-equipment.html,2026-09-28T01:30:06.635299+00:00
e30dc81b-a2a6-51cd-aadc-2951e9de3d9c,1738,9520001,9520001,Canon IVY 2 Mini Photo Printer Bundle - White,https://www.costco.com/.product.9520001.html,,,0,0,https://www.costco.com/business-equipment.html,2026-09-28T01:30:06.635299+00:00
72fcdc7a-dffc-5401-9eb5-a6f5c41fe34d,1738,9520002,9520002,Canon IVY 2 Mini Photo Printer Bundle - Pink,https://www.costco.com/.product.9520002.html,,,0,0,https://www.costco.com/business-equipment.html,2026-09-28T01:30:06.635299+00:00
672ce4a2-ffda-5fe6-b585-4f84870280ee,1738,1172471,1172471,"Kerrygold Pure Irish Butter, Salted, 8 oz, 4-count",https://www.costco.com/.product.1172471.html,,,0,0,https://www.costco.com/butter.html,2026-09-28T01:30:52.090659+00:00
b91eae09-e822-5ef9-8e77-c3b18047f3e6,1738,1424237,1424237,"Kirkland Signature Grass-Fed Butter, 8 oz, 4-count",https://www.costco.com/.product.1424237.html,,,0,0,https://www.costco.com/butter.html,2026-09-28T01:30:52.090659+00:00
799d467b-e89e-5eb0-ac35-bb2975a75430,1738,1207907,1207907,"Kerrygold Pure Unsalted Irish Butter, 8 oz, 4-count",https://www.costco.com/.product.1207907.html,,,0,0,https://www.costco.com/butter.html,2026-09-28T01:30:52.090659+00:00
6cbcf884-f07c-5e84-8fd7-ce61c4697514,1738,1529345,1529345,"Siete Almond Flour Tortilla, 20-count",https://www.costco.com/.product.1529345.html,,,0,0,https://www.costco.com/cakes-cookies.html,2026-09-28T01:32:14.089592+00:00
f743f838-edce-591b-a66b-2f99621c2829,1738,112266,112266,"Madi Gran Panettone Italian Traditional Oven Baked Cake, 2.2 lbs",https://www.costco.com/.product.112266.html,,,0,0,https://www.costco.com/cakes-cookies.html,2026-09-28T01:32:14.089592+00:00
5ee1c53a-f9d8-5d23-b0d1-f35685b9093d,1738,1053793,1053793,"Healthy Choice Organic Fudge Bars, 3 fl oz, 18-count",https://www.costco.com/.product.1053793.html,,,0,0,https://www.costco.com/cakes-cookies.html,2026-09-28T01:32:14.089592+00:00
2565aa06-0301-56c6-b97c-754e6162d384,1738,1723203,1723203,"Novaform 14” ComfortGrande Advanced Gel Memory Foam Mattress, Queen",https://www.costco.com/.product.1723203.html,,,0,0,https://www.costco.com/cal-king-mattresses.html,2026-09-28T01:32:42.506064+00:00
471e7169-1165-584b-a340-f0a7ea0b5a45,1738,1723204,1723204,"Novaform 14” ComfortGrande Advanced Gel Memory Foam Mattress, King",https://www.costco.com/.product.1723204.html,,,0,0,https://www.costco.com/cal-king-mattresses.html,2026-09-28T01:32:42.506064+00:00
24f5dd02-631f-5b24-b8df-06694bdbd873,1738,1748800,1748800,"Casper Cooling Select 12"" Memory Foam Mattress, Queen",https://www.costco.com/.product.1748800.html,,,0,0,https://www.costco.com/cal-king-mattresses.html,2026-09-28T01:32:42.506064+00:00
4376e372-8adf-53e1-b20f-dd03b8f18d17,1738,1748801,1748801,"Casper Cooling Select 12"" Memory Foam Mattress, King",https://www.costco.com/.product.1748801.html,,,0,0,https://www.costco.com/cal-king-mattresses.html,2026-09-28T01:32:42.506064+00:00
adff4c4b-1db5-5dd0-9009-1e5753389077,1738,1900478,1900478,"Sealy Posturepedic Pro Highland Manor 13"" Medium Mattress, Queen",https://www.costco.com/.product.1900478.html,,,0,0,https://www.costco.com/cal-king-mattresses.html,2026-09-28T01:32:42.506064+00:00
1dec01b0-6ce8-5950-b247-1f2d732df293,1738,1900479,1900479,"Sealy Posturepedic Pro Highland Manor 13"" Medium Mattress, King",https://www.costco.com/.product.1900479.html,,,0,0,https://www.costco.com/cal-king-mattresses.html,2026-09-28T01:32:42.506064+00:00
69de248d-3397-591e-8233-cfdd3966cdc6,1738,1886852,1886852,"Sports Research Magtein Magnesium L-Threonate, 2000 mg, 135 Veggie Capsules",https://www.costco.com/.product.1886852.html,,,0,0,https://www.costco.com/calcium-minerals.html,2026-09-28T01:33:10.838000+00:00
11c75db2-739d-5fd7-a7ba-b400656d9103,1738,1692715,1692715,"Qunol Magnesium Extra Strength 250 mg, 150 Gummies",https://www.costco.com/.product.1692715.html,,,0,0,https://www.costco.com/calcium-minerals.html,2026-09-28T01:33:10.838000+00:00
0806b1ce-0dc0-5159-bca3-df4b0d029e60,1738,1985333,1985333,RinseKit Pro 2.0 Portable Shower,https://www.costco.com/.product.1985333.html,,,0,0,https://www.costco.com/camping-accessories.html,2026-09-28T01:34:03.953552+00:00
5e5adb95-5788-5ad7-a427-40d7fbc56737,1738,1985324,1985324,Duracell 5000L Tri-Powered Lantern,https://www.costco.com/.product.1985324.html,,,0,0,https://www.costco.com/camping-lanterns.html,2026-09-28T01:35:08.232578+00:00
77bc17bb-2962-5763-bc06-4b301f394d9e,1738,1872247,1872247,Infinity X1 2000L Camp Site Light,https://www.costco.com/.product.1872247.html,,,0,0,https://www.costco.com/camping-lanterns.html,2026-09-28T01:35:08.232578+00:00
3828980d-692d-5bc7-8b51-1d2c781b52a2,1738,1872239,1872239,LifeStraw Water Filter Variety Pack,https://www.costco.com/.product.1872239.html,,,0,0,https://www.costco.com/camping.html,2026-09-28T01:35:36.340186+00:00
bea44663-7df7-5611-8e44-0336bcd58512,1738,2028273,2028273,"Bellevue Luxury 11 oz. Glass Candle, Set of 4",https://www.costco.com/.product.2028273.html,,,0,0,https://www.costco.com/candles.html,2026-09-28T01:36:07.784062+00:00
d1ee8ba1-b6f7-50a3-9a70-072ee3651af8,1738,2041964,2041964,"Yankee Candle Small Tumbler Candle Set, 6-pack",https://www.costco.com/.product.2041964.html,,,0,0,https://www.costco.com/candles.html,2026-09-28T01:36:07.784062+00:00
32ca1877-ed2e-5f9b-9711-f54b9c815228,1738,2031978,2031978,"Home & Body Toile Fleur Reed Diffuser, Set of 3",https://www.costco.com/.product.2031978.html,,,0,0,https://www.costco.com/candles.html,2026-09-28T01:36:07.784062+00:00
90dcae53-08fc-5afa-8595-7d04f0d163d9,1738,51070,51070,"Kirkland Signature, Chicken Breast, 12.5 oz, 6-Count",https://www.costco.com/.product.51070.html,,,0,0,https://www.costco.com/canned-goods.html,2026-09-28T01:36:32.862056+00:00
cccb8991-179f-5cfd-927c-02d9e089d19b,1738,633561,633561,"Kirkland Signature, Organic Diced Tomatoes, 14.5 oz, 8-Count",https://www.costco.com/.product.633561.html,,,0,0,https://www.costco.com/canned-goods.html,2026-09-28T01:36:32.862056+00:00
700ddc48-d072-55ae-810a-bcf2acf9f893,1738,425349,425349,"Del Monte, Canned Corn-Whole Kernel, 15.25 oz, 12-Count",https://www.costco.com/.product.425349.html,,,0,0,https://www.costco.com/canned-goods.html,2026-09-28T01:36:32.862056+00:00
cddd8daa-0156-5684-8c45-ce29998cd010,1738,477403,477403,"Del Monte, Canned Cut Green Beans, 14.5 oz, 12-Count",https://www.costco.com/.product.477403.html,,,0,0,https://www.costco.com/canned-goods.html,2026-09-28T01:36:32.862056+00:00
3bfb57cb-1dfa-59fc-b36a-a0941c839055,1738,1492456,1492456,"Kirkland Signature, Albacore Solid White Tuna in Water, 7 oz, 8-Count",https://www.costco.com/.product.1492456.html,,,0,0,https://www.costco.com/canned-goods.html,2026-09-28T01:36:32.862056+00:00
64e0d6be-02f8-52c6-8fac-1ddbe14cf068,1738,633563,633563,"Kirkland Signature, Organic Tomato Sauce, 15 oz, 12-Count",https://www.costco.com/.product.633563.html,,,0,0,https://www.costco.com/canned-goods.html,2026-09-28T01:36:32.862056+00:00
cec3fc03-3962-5be0-a6d4-091334f07777,1738,633564,633564,"Kirkland Signature, Organic Tomato Paste, 6 oz, 12-Count",https://www.costco.com/.product.633564.html,,,0,0,https://www.costco.com/canned-goods.html,2026-09-28T01:36:32.862056+00:00
697b8b4e-13c8-5421-ab73-d30e7c715764,1738,202195,202195,"SPAM Canned Meat, 25% Less Sodium, 12 oz, 8-Count",https://www.costco.com/.product.202195.html,,,0,0,https://www.costco.com/canned-goods.html,2026-09-28T01:36:32.862056+00:00
e6b2833b-baab-5b4d-8412-f8812baa3445,1738,162274,162274,"Chicken of the Sea, Chunk Light Premium Tuna in Water, 7 oz, 12-Count",https://www.costco.com/.product.162274.html,,,0,0,https://www.costco.com/canned-goods.html,2026-09-28T01:36:32.862056+00:00
f96a2bbb-9ebf-5bef-8cc9-7f0a61b5c91d,1738,7552,7552,"Wild Planet, Albacore Wild Tuna, 5 oz, 6-count",https://www.costco.com/.product.7552.html,,,0,0,https://www.costco.com/canned-goods.html,2026-09-28T01:36:32.862056+00:00
4f57def6-4b29-538d-abac-34812a85d468,1738,9440,9440,"Thai Kitchen Organic Coconut Milk, Unsweetened, 13.66 fl oz, 6-count",https://www.costco.com/.product.9440.html,,,0,0,https://www.costco.com/canned-goods.html,2026-09-28T01:36:32.862056+00:00
68ca6ec9-c932-5226-8d9a-86475725cfcc,1738,704329,704329,"Libby's, Vienna Sausage, 4.6 oz, 18-count",https://www.costco.com/.product.704329.html,,,0,0,https://www.costco.com/canned-goods.html,2026-09-28T01:36:32.862056+00:00
55403dd5-5e6b-5f09-91a6-8d69aa9f0eae,1738,890181,890181,"Kirkland Signature, Wild Alaskan Pink Salmon, 6 oz, 6-Count",https://www.costco.com/.product.890181.html,,,0,0,https://www.costco.com/canned-goods.html,2026-09-28T01:36:32.862056+00:00
07dabbb0-5f7d-5ac0-8596-220335e800c7,1738,744361,744361,"Genova, Yellowfin Tuna, 7 oz, 6-Count",https://www.costco.com/.product.744361.html,,,0,0,https://www.costco.com/canned-goods.html,2026-09-28T01:36:32.862056+00:00
2e13e87b-1c58-51dc-9648-f0c2320f9f86,1738,7554,7554,"Wild Planet Wild Pacific Sardines in Extra Virgin Olive Oil, 4.4 oz., 6-count",https://www.costco.com/.product.7554.html,,,0,0,https://www.costco.com/canned-goods.html,2026-09-28T01:36:32.862056+00:00
30a8005e-2844-5de5-8a63-107a419319de,1738,1292488,1292488,"Safe Catch Ahi Wild Yellowfin Tuna Steaks, 5 oz, 6-count",https://www.costco.com/.product.1292488.html,,,0,0,https://www.costco.com/canned-goods.html,2026-09-28T01:36:32.862056+00:00
d5f685ef-899a-53f5-8a8c-b5a26e24d037,1738,819413,819413,"Giorgia Organic Mushrooms Sliced, 4 oz, 12-count",https://www.costco.com/.product.819413.html,,,0,0,https://www.costco.com/canned-goods.html,2026-09-28T01:36:32.862056+00:00
45cabbbf-c9d9-5328-825d-d3121e8bbc4e,1738,1872183,1872183,CORE 13 ft. x 13 ft. Instant Pop-up Canopy,https://www.costco.com/.product.1872183.html,,,0,0,https://www.costco.com/canopies.html,2026-09-28T01:36:58.341620+00:00
b2934461-8aab-5e99-8fb5-cc923a567856,1738,4000346461,4000346461,Nextbase Piqo 2K Dashcam with 64GB MicroSD Card and Piqo Quick Connect Cable,https://www.costco.com/nextbase-piqo-2k-dashcam-with-64gb-microsd-card-and-piqo-quick-connect-cable.product.4000346461.html,,,0,0,https://www.costco.com/car-electronics.html,2026-09-28T01:37:22.408754+00:00
f47f93d9-27b0-5de8-ab64-7d3d518134a3,1738,4201034144,4201034144,Joie Baby Saffron SI 4-in-1 Car Seat,https://www.costco.com/joie-baby-saffron-si-4-in-1-car-seat.product.4201034144.html,,,0,0,https://www.costco.com/car-seats-boosters.html,2026-09-28T01:37:46.632966+00:00
5f0bda7b-b07f-54d4-9db4-3607a271d747,1738,4000327076,4000327076,Graco 4Ever DLX Grad 5-in-1 Car Seat,https://www.costco.com/graco-4ever-dlx-grad-5-in-1-car-seat.product.4000327076.html,,,0,0,https://www.costco.com/car-seats-boosters.html,2026-09-28T01:37:46.632966+00:00
d0d79768-1e3c-5d78-9906-f56f37f15c7d,1738,4201006132,4201006132,Joie Orzo Mini Lightweight Compact Travel Stroller,https://www.costco.com/joie-orzo-mini-lightweight-compact-travel-stroller.product.4201006132.html,,,0,0,https://www.costco.com/car-seats-boosters.html,2026-09-28T01:37:46.632966+00:00
6488b7e0-bcb5-5ed9-83ea-52b6dc988815,1738,100041241,100041241,"Water Treatment & Softeners Let EcoWater clean away contaminants in your home's water to help enhance the taste and quality, and leave you with healthier-feeling skin.",https://www.costco.com/.product.100041241.html,,,0,0,https://www.costco.com/carpet-hardwood-laminate-flooring.html,2026-09-28T01:38:45.435166+00:00
420e7300-9cbd-5679-a84a-30241d878d1a,1738,52296,52296,"Kirkland Signature Chicken and Rice Cat Food, 25 lbs",https://www.costco.com/.product.52296.html,,,0,0,https://www.costco.com/cat-food.html,2026-09-28T01:39:55.899120+00:00
ee9f2961-e41d-5325-96c7-076aaaaa13f9,1738,570940,570940,"Kirkland Signature Nature's Domain Cat Food, 18 lbs",https://www.costco.com/.product.570940.html,,,0,0,https://www.costco.com/cat-food.html,2026-09-28T01:39:55.899120+00:00
8e320405-0b48-5253-a351-673391568cd9,1738,1647381,1647381,"Kirkland Signature Pate Cat Food Variety Pack, 3.5 oz, 45-count",https://www.costco.com/.product.1647381.html,,,0,0,https://www.costco.com/cat-food.html,2026-09-28T01:39:55.899120+00:00
fa6bb6f4-65fb-5bb4-a577-eda7b0e658a5,1738,2035569,2035569,"Purina Friskies Pate Wet Cat Food Variety Pack, 5.5 oz, 60-count",https://www.costco.com/.product.2035569.html,,,0,0,https://www.costco.com/cat-food.html,2026-09-28T01:39:55.899120+00:00
979f3a77-c239-5396-ab73-012610107958,1738,1734859,1734859,"Kirkland Signature Chunks in Gravy, Canned Cat Food Variety Pack, 3 oz, 48-count",https://www.costco.com/.product.1734859.html,,,0,0,https://www.costco.com/cat-food.html,2026-09-28T01:39:55.899120+00:00
300a91e0-fb03-58e4-84e7-e1be3227497d,1738,1806313,1806313,"Artika Sunnyvale 28” Fandelier with Remote, Brushed Nickel",https://www.costco.com/.product.1806313.html,,,0,0,https://www.costco.com/ceiling-fans.html,2026-09-28T01:40:48.204348+00:00
945d2f00-b7e5-5f08-ad2b-1454d8b5d9e0,1738,1974257,1974257,"Fanttik W10 APEX 4"" Mini Chainsaw",https://www.costco.com/.product.1974257.html,,,0,0,https://www.costco.com/chain-saws.html,2026-09-28T01:41:15.638459+00:00
2c4b07da-758e-551a-bd05-3177ad547ede,1738,1862072,1862072,"Sereen Fabric Swivel Accent Chair, Taupe",https://www.costco.com/.product.1862072.html,,,0,0,https://www.costco.com/chairs.html,2026-09-28T01:41:40.816943+00:00
c088d0db-58e8-59e2-aa7b-0136bedc1765,1738,1484855,1484855,"Cello Variety Pack, Cracker Cut, Premium Sliced Cheeses, 2 lbs",https://www.costco.com/.product.1484855.html,,,0,0,https://www.costco.com/cheese.html,2026-09-28T01:43:10.263907+00:00
78605649-aa7f-5a9a-86c9-5729031d3d08,1738,1165284,1165284,"Kirkland Signature Shredded Mexican Style Blend Cheese, 2.5 lbs, 2-count",https://www.costco.com/.product.1165284.html,,,0,0,https://www.costco.com/cheese.html,2026-09-28T01:43:10.263907+00:00
fcaf6a8f-1a6d-58aa-829d-61593c27a0f8,1738,7186561,7186561,"Kirkland Signature Organic Greek Feta, 28.2 oz",https://www.costco.com/.product.7186561.html,,,0,0,https://www.costco.com/cheese.html,2026-09-28T01:43:10.263907+00:00
76111c78-8c0e-53d9-9e51-e2e7de975ddc,1738,1239452,1239452,"Busseto California Snackin' Bite Size Salami & Provolone Cheese, 8-count",https://www.costco.com/.product.1239452.html,,,0,0,https://www.costco.com/cheese.html,2026-09-28T01:43:10.263907+00:00
205ebb35-74f2-5285-8649-62fcc08661db,1738,303285,303285,"Finlandia Premium Cheese Slices, 2 lbs",https://www.costco.com/.product.303285.html,,,0,0,https://www.costco.com/cheese.html,2026-09-28T01:43:10.263907+00:00
8c60c129-9a71-538c-bf1b-1d0a6b5d9c00,1738,1116038,1116038,"Kirkland Signature Shredded Mozzarella Cheese, 2.5 lbs, 2-count",https://www.costco.com/.product.1116038.html,,,0,0,https://www.costco.com/cheese.html,2026-09-28T01:43:10.263907+00:00
4d93de4d-8e9f-5004-9984-1f718ee913b5,1738,1189000,1189000,"Kirkland Signature Fresh Mozzarella, 18 oz, 2-count",https://www.costco.com/.product.1189000.html,,,0,0,https://www.costco.com/cheese.html,2026-09-28T01:43:10.263907+00:00
591e1066-c1b1-5b56-a6e3-98caf3b44747,1738,967892,967892,"BelGioioso Fresh Mozzarella Snacking Cheese, 1 oz, 24-count",https://www.costco.com/.product.967892.html,,,0,0,https://www.costco.com/cheese.html,2026-09-28T01:43:10.263907+00:00
460b9c31-b89a-549f-8cd4-a7fed82740cb,1738,186626,186626,"Kirkland Signature Aged Parmigiano Reggiano Cheese, Shredded, 1 lb",https://www.costco.com/.product.186626.html,,,0,0,https://www.costco.com/cheese.html,2026-09-28T01:43:10.263907+00:00
a7d00391-7fd7-5034-858a-ab09fcd420cc,1738,388467,388467,"Boursin Garlic & Fine Herbs + Shallot & Chive, Gourmet Cheese, 5.3 oz, 3-count",https://www.costco.com/.product.388467.html,,,0,0,https://www.costco.com/cheese.html,2026-09-28T01:43:10.263907+00:00
e4bd406b-5af2-5e45-98f3-8421e9d5bc74,1738,96928,96928,"Kraft Singles American Cheese, 96 Slices, 4 lbs",https://www.costco.com/.product.96928.html,,,0,0,https://www.costco.com/cheese.html,2026-09-28T01:43:10.263907+00:00
45e8bb72-30df-5fc5-a45d-d43b7215989d,1738,1719185,1719185,"Babybel Mini Snack Cheese, Original, 0.71 oz, 36-count",https://www.costco.com/.product.1719185.html,,,0,0,https://www.costco.com/cheese.html,2026-09-28T01:43:10.263907+00:00
1a2c76c2-35ba-54f6-a328-2fad6c0beb78,1738,26802,26802,"President Crumbled Feta Cheese, 1.5 lbs",https://www.costco.com/.product.26802.html,,,0,0,https://www.costco.com/cheese.html,2026-09-28T01:43:10.263907+00:00
c486d135-bc99-5101-b080-3139053e7dc4,1738,9090,9090,"Kirkland Signature Fresh Goat Cheese, 10 oz, 2-count",https://www.costco.com/.product.9090.html,,,0,0,https://www.costco.com/cheese.html,2026-09-28T01:43:10.263907+00:00
da13a9b7-9fe1-5795-9ac2-d09b5fcaa00a,1738,41181,41181,"Emmi Le Gruyere AOP Cheese, 1 lb",https://www.costco.com/.product.41181.html,,,0,0,https://www.costco.com/cheese.html,2026-09-28T01:43:10.263907+00:00
abcd9ea2-b391-5adb-aa22-e452be349a13,1738,1782902,1782902,"Colin 72"" Accent Console",https://www.costco.com/.product.1782902.html,,,0,0,https://www.costco.com/chests.html,2026-09-28T01:43:54.526774+00:00
b63d513a-0ed9-5617-bd74-2376169c0645,1738,1782766,1782766,"Keeley 72"" Accent Cabinet",https://www.costco.com/.product.1782766.html,,,0,0,https://www.costco.com/chests.html,2026-09-28T01:43:54.526774+00:00
610a917e-d128-51a7-a09d-3cf22878cfad,1738,100405668,100405668,"Kirkland Signature Children's Multivitamin, 320 Gummies",https://www.costco.com/kirkland-signature-childrens-multivitamin-320-gummies.product.100405668.html,,,0,0,https://www.costco.com/childrens-multi-letter-vitamins.html,2026-09-28T01:44:40.072188+00:00
c475ac55-db0b-513a-84be-a923b1819047,1738,4201010446,4201010446,"Kids Grüns Superfood Greens Strawberry Burst Flavored Gummies, 35 Daily Packs",https://www.costco.com/kids-grns-superfood-greens-strawberry-burst-flavored-gummies-35-daily-packs.product.4201010446.html,,,0,0,https://www.costco.com/childrens-multi-letter-vitamins.html,2026-09-28T01:44:40.072188+00:00
95691cfb-2243-59cf-87b6-40ff1c2a9308,1738,4000388338,4000388338,"OLLY Kids Multivitamin & Probiotic, 160 Gummies",https://www.costco.com/olly-kids-multivitamin--probiotic-160-gummies.product.4000388338.html,,,0,0,https://www.costco.com/childrens-multi-letter-vitamins.html,2026-09-28T01:44:40.072188+00:00
789d7102-126d-5d0c-aba6-c0b1a215a2b6,1738,1627770,1627770,"Frito Lay Classic Mix, 1 oz, Variety Pack, 54-count",https://www.costco.com/.product.1627770.html,,,0,0,https://www.costco.com/chips-pretzels.html,2026-09-28T01:45:26.264686+00:00
c0d8a4fc-220f-52e7-9f2a-245e9ae8d9e6,1738,1050557,1050557,"Kirkland Signature Peanut Butter Filled Pretzel Nuggets, 55 oz",https://www.costco.com/.product.1050557.html,,,0,0,https://www.costco.com/chips-pretzels.html,2026-09-28T01:45:26.264686+00:00
95467a06-8582-55f5-864a-9d6a5bc6920a,1738,1481558,1481558,"SunChips Whole Grain, Variety, 1.5 oz, 30-count",https://www.costco.com/.product.1481558.html,,,0,0,https://www.costco.com/chips-pretzels.html,2026-09-28T01:45:26.264686+00:00
f785a8bd-c0d4-52be-a783-4fd3f3dc122e,1738,1966293,1966293,"Frito-Lay NFL Gameday Mix, 54-count",https://www.costco.com/.product.1966293.html,,,0,0,https://www.costco.com/chips-pretzels.html,2026-09-28T01:45:26.264686+00:00
cce40110-bf0c-5a0d-9c16-120eb7b3f1f3,1738,1489206,1489206,"Pringles Grab & Go Potato Crisps, Variety, 36-count",https://www.costco.com/.product.1489206.html,,,0,0,https://www.costco.com/chips-pretzels.html,2026-09-28T01:45:26.264686+00:00
b9408ca4-5778-5184-bacb-115e5c3d1e4f,1738,1391546,1391546,"Schwartz Brothers Bakery, Organic Everything Bagel Chips, 15 oz",https://www.costco.com/.product.1391546.html,,,0,0,https://www.costco.com/chips-pretzels.html,2026-09-28T01:45:26.264686+00:00
14a01b04-ede2-5064-9e61-f49bc35d47a0,1738,1680310,1680310,"Variety Snack Pack, 40-count",https://www.costco.com/.product.1680310.html,,,0,0,https://www.costco.com/chips-pretzels.html,2026-09-28T01:45:26.264686+00:00
392edc41-4d48-5f2e-b62b-5406916e0228,1738,1758990,1758990,"Miss Vickie's Kettle Cooked Potato Chips, 1.38 oz, Variety Pack, 30-count",https://www.costco.com/.product.1758990.html,,,0,0,https://www.costco.com/chips-pretzels.html,2026-09-28T01:45:26.264686+00:00
d9a1e898-2311-57a3-84e5-0e2a882baeec,1738,1669857,1669857,"Jackson's Kettle Cooked Sweet Potato Chips, Sea Salt, 16 oz",https://www.costco.com/.product.1669857.html,,,0,0,https://www.costco.com/chips-pretzels.html,2026-09-28T01:45:26.264686+00:00
ef605641-94ec-5623-aa6c-a8c1fd842164,1738,1726382,1726382,"The SnakYard Organic Sweet Potato Sticks, 2.82 oz, 6-count",https://www.costco.com/.product.1726382.html,,,0,0,https://www.costco.com/chips-pretzels.html,2026-09-28T01:45:26.264686+00:00
7b7eb1e8-cb8d-5aa5-a05d-eab78b6944e5,1738,1742162,1742162,"Siete Grain Free Tortilla Chips, Variety Pack, 1 oz, 14-count",https://www.costco.com/.product.1742162.html,,,0,0,https://www.costco.com/chips-pretzels.html,2026-09-28T01:45:26.264686+00:00
7d3a4291-747c-5b38-b79d-21461e999261,1738,188140,188140,"Frito Lay Classic Mix, Variety Pack, 30-count",https://www.costco.com/.product.188140.html,,,0,0,https://www.costco.com/chips-pretzels.html,2026-09-28T01:45:26.264686+00:00
c2ad88c3-f0cc-58e6-a5d6-1be18162521d,1738,1910048,1910048,"SnakYard Organic Shitake Mushrooms, 14.11 oz",https://www.costco.com/.product.1910048.html,,,0,0,https://www.costco.com/chips-pretzels.html,2026-09-28T01:45:26.264686+00:00
7f26f7c1-4594-56d1-85b4-3ae555d1ead4,1738,1802191,1802191,"Siete Grain Free Sea Salt Tortilla Chips, 15 oz",https://www.costco.com/.product.1802191.html,,,0,0,https://www.costco.com/chips-pretzels.html,2026-09-28T01:45:26.264686+00:00
cdd4f976-0bb1-5bed-9660-f0c4618187da,1738,1060788,1060788,"Snack Factory Organic Original Pretzel Crisps, 28 oz",https://www.costco.com/.product.1060788.html,,,0,0,https://www.costco.com/chips-pretzels.html,2026-09-28T01:45:26.264686+00:00
05f0b5d1-7d99-58bf-84a2-c114a6957b83,1738,669434,669434,"Cape Cod Kettle Cooked Potato Chips, 30 oz",https://www.costco.com/.product.669434.html,,,0,0,https://www.costco.com/chips-pretzels.html,2026-09-28T01:45:26.264686+00:00
955cfdbe-5d99-5f82-a9d2-1fc29ce98fb5,1738,316780,316780,"Cheetos Cheese Flavored Snacks, Crunchy, 28.8 oz",https://www.costco.com/.product.316780.html,,,0,0,https://www.costco.com/chips-pretzels.html,2026-09-28T01:45:26.264686+00:00
79c9360b-5a1e-5a80-b783-6897785cf027,1738,1095734,1095734,"Fritos Scoops! Corn Chips, 32 oz",https://www.costco.com/.product.1095734.html,,,0,0,https://www.costco.com/chips-pretzels.html,2026-09-28T01:45:26.264686+00:00
f5e2983f-7015-5501-8430-2d11240649e5,1738,933402,933402,"Doritos Tortilla Chips, Nacho Cheese, 30 oz",https://www.costco.com/.product.933402.html,,,0,0,https://www.costco.com/chips-pretzels.html,2026-09-28T01:45:26.264686+00:00
33ac740c-8000-5ea5-a64e-217b560b5426,1738,320888,320888,"Hershey's Assorted Bar Variety Pack, 30-count",https://www.costco.com/.product.320888.html,,,0,0,https://www.costco.com/chocolates.html,2026-09-28T01:45:52.831709+00:00
55f24101-1372-54b0-a71b-01c76734d14f,1738,835671,835671,"Kirkland Signature Raisins, Milk Chocolate, 3.4 lbs",https://www.costco.com/.product.835671.html,,,0,0,https://www.costco.com/chocolates.html,2026-09-28T01:45:52.831709+00:00
8e4ab2ab-443b-53e7-888a-5de5e72c7dbb,1738,705876,705876,"M&M's, Snickers and More Chocolate Candy Bars, Variety Pack, 30-count",https://www.costco.com/.product.705876.html,,,0,0,https://www.costco.com/chocolates.html,2026-09-28T01:45:52.831709+00:00
97bbe1b8-2158-5fe7-95a8-676923e53d35,1738,401621,401621,"Hershey's Nuggets Assortment, Variety Pack, 145-count",https://www.costco.com/.product.401621.html,,,0,0,https://www.costco.com/chocolates.html,2026-09-28T01:45:52.831709+00:00
18eef8e5-0935-59e0-acc1-f44937582a61,1738,1199479,1199479,"M&M's Chocolate Peanut, 62 oz",https://www.costco.com/.product.1199479.html,,,0,0,https://www.costco.com/chocolates.html,2026-09-28T01:45:52.831709+00:00
75e5ab33-de6e-5795-8cbf-14643fd99c12,1738,1685616,1685616,"Kirkland Signature Milk Chocolate Covered Almonds, 48 oz",https://www.costco.com/.product.1685616.html,,,0,0,https://www.costco.com/chocolates.html,2026-09-28T01:45:52.831709+00:00
8d91a9db-69ae-568d-82b9-2471255cb4c8,1738,461,461,"Toblerone Swiss Milk Chocolate Bar, 3.52 oz, 6-Count",https://www.costco.com/.product.461.html,,,0,0,https://www.costco.com/chocolates.html,2026-09-28T01:45:52.831709+00:00
f792ee0c-cd92-573a-bc9e-d860f44d1a45,1738,1700118,1700118,"Skinny Dipped Cups, Dark Chocolate Peanut Butter, 30-count",https://www.costco.com/.product.1700118.html,,,0,0,https://www.costco.com/chocolates.html,2026-09-28T01:45:52.831709+00:00
1e181198-6178-53ff-847c-801c75411c47,1738,401993,401993,"Hershey's Kisses, Milk Chocolate, 56 oz, 330-count",https://www.costco.com/.product.401993.html,,,0,0,https://www.costco.com/chocolates.html,2026-09-28T01:45:52.831709+00:00
14f7c2dd-f65a-5503-99e8-4d680025b028,1738,521658,521658,"Ferrero Rocher, Milk Chocolate Hazelnut Candy, 21.2 oz, 48 Count",https://www.costco.com/.product.521658.html,,,0,0,https://www.costco.com/chocolates.html,2026-09-28T01:45:52.831709+00:00
99b32db2-9728-5b3e-8e10-5d5d6e71b8fe,1738,1925186,1925186,"Jojo's Dark Chocolate Pistachio Almond Cranberry Bites, 14.4 oz",https://www.costco.com/.product.1925186.html,,,0,0,https://www.costco.com/chocolates.html,2026-09-28T01:45:52.831709+00:00
d20d4dfe-847f-5876-a279-fd2031025603,1738,1394792,1394792,"Kinder Bueno Bars, 1.5 oz, 20-count",https://www.costco.com/.product.1394792.html,,,0,0,https://www.costco.com/chocolates.html,2026-09-28T01:45:52.831709+00:00
4f20b829-cd52-5a95-bb15-5871591301de,1738,1644605,1644605,"Lindt Lindor Chocolate Truffles, Assorted Flavors, 21.2 oz",https://www.costco.com/.product.1644605.html,,,0,0,https://www.costco.com/chocolates.html,2026-09-28T01:45:52.831709+00:00
442d5dc5-7810-568b-951e-dbd4cf97e063,1738,2021527,2021527,"Skinny Dipped Dark Chocolate Coconut Almond Bites, 30-count",https://www.costco.com/.product.2021527.html,,,0,0,https://www.costco.com/chocolates.html,2026-09-28T01:45:52.831709+00:00
d4d3b4cc-f5c7-59af-afe2-324ee9105c7d,1738,1940909,1940909,"Kirkland Signature Daily Dry Facial Towels, 200-count",https://www.costco.com/.product.1940909.html,,,0,0,https://www.costco.com/cleansing-wipes.html,2026-09-28T01:46:36.298454+00:00
83646a68-ddd2-5e38-bb71-fb22bb45be3d,1738,1770137,1770137,"DUDE Wipes Fragrance-Free + Moisturizing XL Flushable Wipes, 480 Wipes",https://www.costco.com/.product.1770137.html,,,0,0,https://www.costco.com/cleansing-wipes.html,2026-09-28T01:46:36.298454+00:00
5a478da0-c823-51da-a8d0-5abbe75be499,1738,664635,664635,"Swisspers Premium Hypoallergenic Cotton Rounds, 900-count",https://www.costco.com/.product.664635.html,,,0,0,https://www.costco.com/cleansing-wipes.html,2026-09-28T01:46:36.298454+00:00
9eb98ca7-6ad6-551e-91b2-02239298ef4e,1738,1931211,1931211,Kirkland Signature Micellar Facial Cleansing Wipes 180-count,https://www.costco.com/.product.1931211.html,,,0,0,https://www.costco.com/cleansing-wipes.html,2026-09-28T01:46:36.298454+00:00
43813f3a-2328-5151-8ea3-574598e4413a,1738,1205611,1205611,"Cottonelle Fresh Care Flushable Wipes, 560 Wipes",https://www.costco.com/.product.1205611.html,,,0,0,https://www.costco.com/cleansing-wipes.html,2026-09-28T01:46:36.298454+00:00
63f538b7-1a3c-5c55-8bee-992ecb720aff,1738,2741541,2741541,Ninja DualBrew Grounds & Pods Hot & Iced Coffee Maker with Rapid Cold Brew,https://www.costco.com/.product.2741541.html,,,0,0,https://www.costco.com/coffee-espresso-makers.html,2026-09-28T01:47:33.776347+00:00
c4fc8cfc-ec21-52ab-929e-a5c3e484028d,1738,7565000,7565000,Cuisinart Brew Central Plus 14-Cup Programmable Coffee Maker,https://www.costco.com/.product.7565000.html,,,0,0,https://www.costco.com/coffee-espresso-makers.html,2026-09-28T01:47:33.776347+00:00
a9189f44-f9be-5229-ba83-d1150fe9cea5,1738,2835898,2835898,"Nespresso Vertuo UP Coffee and Espresso Maker by DeLonghi, Graphite with Aeroccino Milk Frother",https://www.costco.com/.product.2835898.html,,,0,0,https://www.costco.com/coffee-espresso-makers.html,2026-09-28T01:47:33.776347+00:00
b0059aa6-7e5d-5dd2-9b28-536898e7123f,1738,8881975,8881975,Keurig K-Mini Mate Plus Single-Serve Coffee Maker with Water Filter and K-Cup Pods,https://www.costco.com/.product.8881975.html,,,0,0,https://www.costco.com/coffee-espresso-makers.html,2026-09-28T01:47:33.776347+00:00
ba203b29-7fff-553f-bb38-81db7894d820,1738,1835898,1835898,Nespresso Vertuo Next Deluxe with Aeroccino 3 and 32 Capsules,https://www.costco.com/.product.1835898.html,,,0,0,https://www.costco.com/coffee-espresso-makers.html,2026-09-28T01:47:33.776347+00:00
0a9b03c1-1983-5f77-b7f5-11ff3a048617,1738,4446542,4446542,Chefman Custom-Temp 1.8L Electric Kettle,https://www.costco.com/.product.4446542.html,,,0,0,https://www.costco.com/coffee-espresso-makers.html,2026-09-28T01:47:33.776347+00:00
fb518e64-8d73-5dcd-891b-a611b0a6f85f,1738,1450796,1450796,"Just Bare Lightly Breaded Chicken Breast Chunks, Boneless Skinless, 4 lbs",https://www.costco.com/.product.1450796.html,,,0,0,https://www.costco.com/cold-frozen-grocery.html,2026-09-28T01:47:56.729125+00:00
8608865e-7a51-545c-bbb5-cc8ff8908390,1738,1748763,1748763,"Kirkland Signature Breakfast Sandwich, 4.82 oz, 8-count",https://www.costco.com/.product.1748763.html,,,0,0,https://www.costco.com/cold-frozen-grocery.html,2026-09-28T01:47:56.729125+00:00
6bf1b830-4879-5289-9e28-b212767c100d,1738,1055599,1055599,"Kirkland Signature Thin Sliced Chicken Breasts, Boneless Skinless, 10 lbs",https://www.costco.com/.product.1055599.html,,,0,0,https://www.costco.com/cold-frozen-grocery.html,2026-09-28T01:47:56.729125+00:00
b003c62a-be93-5c7a-b846-838d63705abc,1738,464292,464292,"Ajinomoto Yakisoba with Vegetables, 9 oz, 6-count",https://www.costco.com/.product.464292.html,,,0,0,https://www.costco.com/cold-frozen-grocery.html,2026-09-28T01:47:56.729125+00:00
5168d035-e87b-56fe-81d1-d1f7e022c2b1,1738,1006641,1006641,"Sandwich Bros Chicken Melts Pita Snack Sandwiches, 2.5 oz, 15-count",https://www.costco.com/.product.1006641.html,,,0,0,https://www.costco.com/cold-frozen-grocery.html,2026-09-28T01:47:56.729125+00:00
ea5cfc0f-b73a-584d-b9be-b365d2de95ce,1738,1312297,1312297,"Jimmy Dean Delights English Muffins, 5.1 oz, 12-count",https://www.costco.com/.product.1312297.html,,,0,0,https://www.costco.com/cold-frozen-grocery.html,2026-09-28T01:47:56.729125+00:00
edf0952e-fa04-583c-be93-5e73cffbfb71,1738,21272,21272,"Smucker's Uncrustables, Peanut Butter & Grape Jelly Sandwich, 18-count",https://www.costco.com/.product.21272.html,,,0,0,https://www.costco.com/cold-frozen-grocery.html,2026-09-28T01:47:56.729125+00:00
965bd100-a5b7-5d45-b9c4-f59d88174800,1738,624842,624842,"Sabatasso's Pizza Singles, Variety Pack, 12-count",https://www.costco.com/.product.624842.html,,,0,0,https://www.costco.com/cold-frozen-grocery.html,2026-09-28T01:47:56.729125+00:00
916feb16-cf54-52ad-a1cd-b35a6d94ff45,1738,1338984,1338984,"Foster Farms Take Out Crispy Chicken Wings, Classic Buffalo, 4 lbs",https://www.costco.com/.product.1338984.html,,,0,0,https://www.costco.com/cold-frozen-grocery.html,2026-09-28T01:47:56.729125+00:00
426e0169-557a-529e-a184-1877c0677f1f,1738,1143205,1143205,"Crazy Cuizine Mandarin Orange Chicken, 66 oz",https://www.costco.com/.product.1143205.html,,,0,0,https://www.costco.com/cold-frozen-grocery.html,2026-09-28T01:47:56.729125+00:00
075eb9d3-a023-515a-bda8-d2df26b33aaa,1738,221177,221177,"Kirkland Signature Wild Alaskan Sockeye Salmon, 5 oz - 7 oz Portion, 3 lbs",https://www.costco.com/.product.221177.html,,,0,0,https://www.costco.com/cold-frozen-grocery.html,2026-09-28T01:47:56.729125+00:00
6f53b89c-34ca-5004-a30b-571d4d2185d1,1738,88744,88744,"Kirkland Signature Meatballs, 6 lbs",https://www.costco.com/.product.88744.html,,,0,0,https://www.costco.com/cold-frozen-grocery.html,2026-09-28T01:47:56.729125+00:00
f631d7db-e6c7-5247-a531-07a323176ac7,1738,1312303,1312303,"Jimmy Dean Croissant Sausage Egg & Cheese, 4.5 oz, 12-count",https://www.costco.com/.product.1312303.html,,,0,0,https://www.costco.com/cold-frozen-grocery.html,2026-09-28T01:47:56.729125+00:00
5b67c0c2-499f-5f38-b265-afa1c5589787,1738,749182,749182,"Ajinomoto Yakitori Chicken Fried Rice, 9 oz, 6-count",https://www.costco.com/.product.749182.html,,,0,0,https://www.costco.com/cold-frozen-grocery.html,2026-09-28T01:47:56.729125+00:00
3b6cb391-f67a-58ed-b61e-4c71f956c057,1738,1736931,1736931,"Kirkland Signature Lightly Breaded Chicken Breast Chunks, 4 lbs",https://www.costco.com/.product.1736931.html,,,0,0,https://www.costco.com/cold-frozen-grocery.html,2026-09-28T01:47:56.729125+00:00
e2e0cf73-57fb-58e3-be50-8481104f4b68,1738,9820887,9820887,"Kirkland Signature Cheese Pizza, 18.25 oz, 4-count",https://www.costco.com/.product.9820887.html,,,0,0,https://www.costco.com/cold-frozen-grocery.html,2026-09-28T01:47:56.729125+00:00
e87f52d7-e4b2-597c-b636-59e7b263f6a9,1738,1304236,1304236,"Kirkland Signature Grass-Fed Beef Patties, 1/3 lb Patty, 15-count",https://www.costco.com/.product.1304236.html,,,0,0,https://www.costco.com/cold-frozen-grocery.html,2026-09-28T01:47:56.729125+00:00
a5dc6a14-4fe6-5b6f-af1b-fd41c8f9ad89,1738,1321637,1321637,"Kirkland Signature Italian Sausage and Beef Lasagna, 3 lbs, 2-count",https://www.costco.com/.product.1321637.html,,,0,0,https://www.costco.com/cold-frozen-grocery.html,2026-09-28T01:47:56.729125+00:00
8250b338-ef4f-5064-85b1-dd6759a5b1ce,1738,107699,107699,"CJ Bibigo Steamed Dumplings, Chicken & Vegetable, 36-count",https://www.costco.com/.product.107699.html,,,0,0,https://www.costco.com/cold-frozen-grocery.html,2026-09-28T01:47:56.729125+00:00
8aac31a1-f0bd-53e6-b5ae-02d6459b215a,1738,1956136,1956136,"Kirkland Signature Crispy Wings with Classic Buffalo Sauce, 64 oz",https://www.costco.com/.product.1956136.html,,,0,0,https://www.costco.com/cold-frozen-grocery.html,2026-09-28T01:47:56.729125+00:00
58de9d96-eda5-556c-a276-278cf69bd777,1738,18668,18668,"El Monterey Mexican Grill Taquitos, Chicken & Cheese, 30-count",https://www.costco.com/.product.18668.html,,,0,0,https://www.costco.com/cold-frozen-grocery.html,2026-09-28T01:47:56.729125+00:00
e276a33c-aefe-5ff9-99bb-ac2cc48e0de8,1738,1925804,1925804,"Kirkland Signature Artisan Crust Pepperoni Pizza, 21.52 oz, 4-count",https://www.costco.com/.product.1925804.html,,,0,0,https://www.costco.com/cold-frozen-grocery.html,2026-09-28T01:47:56.729125+00:00
f9d9d8d4-3d3c-5176-b370-7b7f9d4b49e9,1738,1294446,1294446,"Kirkland Signature Chicken Wings, First and Second Sections, 10 lbs",https://www.costco.com/.product.1294446.html,,,0,0,https://www.costco.com/cold-frozen-grocery.html,2026-09-28T01:47:56.729125+00:00
d245b670-faa4-5fd7-b995-7582421de79a,1738,2062082,2062082,"Pulmuone Teriyaki Stir-fry Udon, 30.9 oz",https://www.costco.com/.product.2062082.html,,,0,0,https://www.costco.com/cold-frozen-grocery.html,2026-09-28T01:47:56.729125+00:00
2a2d7ead-0a30-5000-9168-af01a130a492,1738,1018790,1018790,"Brazi Bites Brazilian Cheddar & Parmesan Cheese Bread, 62-count",https://www.costco.com/.product.1018790.html,,,0,0,https://www.costco.com/cold-frozen-grocery.html,2026-09-28T01:48:08.461333+00:00
9a834b08-2c01-526d-bd55-a104d509cac2,1738,1284156,1284156,"Veggies Made Great Spinach Egg White Frittatas, 20-count",https://www.costco.com/.product.1284156.html,,,0,0,https://www.costco.com/cold-frozen-grocery.html,2026-09-28T01:48:08.461333+00:00
21544079-3d33-5f7e-af65-ac928887280f,1738,1763967,1763967,"Ajinomoto Japanese Style Gyoza, Pork And Chicken, 60-count",https://www.costco.com/.product.1763967.html,,,0,0,https://www.costco.com/cold-frozen-grocery.html,2026-09-28T01:48:08.461333+00:00
36f67186-5a2a-5e1d-934c-b6f95b93fc3d,1738,1015237,1015237,"Kirkland Signature Stir-Fry Vegetable Blend, 5.5 lbs",https://www.costco.com/.product.1015237.html,,,0,0,https://www.costco.com/cold-frozen-grocery.html,2026-09-28T01:48:08.461333+00:00
561e9035-3f74-550a-8e27-159ff6d82dec,1738,904984,904984,"Kirkland Signature Organic Strawberries, 4 lbs",https://www.costco.com/.product.904984.html,,,0,0,https://www.costco.com/cold-frozen-grocery.html,2026-09-28T01:48:08.461333+00:00
14879723-0a55-5edb-a748-b92a00a66b57,1738,7416,7416,"Tyson Panko Breaded Chicken Breast Tenderloins, 5 lbs",https://www.costco.com/.product.7416.html,,,0,0,https://www.costco.com/cold-frozen-grocery.html,2026-09-28T01:48:08.461333+00:00
b6a8de11-6e9b-5134-8997-2ca4c3c83b24,1738,1339035,1339035,"Foster Farms Take Out Crispy Chicken Wings, Sweet Chipotle BBQ, 4 lbs",https://www.costco.com/.product.1339035.html,,,0,0,https://www.costco.com/cold-frozen-grocery.html,2026-09-28T01:48:08.461333+00:00
c4710db9-48f5-59a6-b064-492a1f31e6e7,1738,1524380,1524380,"Kirkland Signature Cauliflower Crust Pizza, Supreme, 2-count",https://www.costco.com/.product.1524380.html,,,0,0,https://www.costco.com/cold-frozen-grocery.html,2026-09-28T01:48:08.461333+00:00
0cec8d5b-82bf-5f9d-a760-08552545eeef,1738,1440704,1440704,"Authentic Motor City Pizza Co Detroit-Style Deep Dish Pizza, Double Pepperoni, 2-count",https://www.costco.com/.product.1440704.html,,,0,0,https://www.costco.com/cold-frozen-grocery.html,2026-09-28T01:48:08.461333+00:00
d8e92bb8-acde-528c-99c2-23a916831664,1738,9999699,9999699,"Kirkland Signature Extra Crispy French Fries, 5 lbs",https://www.costco.com/.product.9999699.html,,,0,0,https://www.costco.com/cold-frozen-grocery.html,2026-09-28T01:48:08.461333+00:00
d4e3e384-cb59-59ab-939c-663ae31290dd,1738,1320289,1320289,"Perdue, Panko Breaded Chicken Breast Nuggets, 5 lbs",https://www.costco.com/.product.1320289.html,,,0,0,https://www.costco.com/cold-frozen-grocery.html,2026-09-28T01:48:08.461333+00:00
247901b4-5572-5e62-9c39-00675ad96e6a,1738,1200200,1200200,"Kirkland Signature Garlic Butter Shrimp, 2 lbs",https://www.costco.com/.product.1200200.html,,,0,0,https://www.costco.com/cold-frozen-grocery.html,2026-09-28T01:48:08.461333+00:00
cad9af80-cc19-58bc-8386-69a397b62508,1738,815544,815544,"Kirkland Signature Organic Blueberries, 3 lbs",https://www.costco.com/.product.815544.html,,,0,0,https://www.costco.com/cold-frozen-grocery.html,2026-09-28T01:48:08.461333+00:00
a920d806-d187-5e12-96d5-5bc37e49b30a,1738,1847476,1847476,"Ling Ling Potstickers, Chicken and Vegetable, 4.2 lbs",https://www.costco.com/.product.1847476.html,,,0,0,https://www.costco.com/cold-frozen-grocery.html,2026-09-28T01:48:08.461333+00:00
591deddc-4340-595a-9a66-b31c78e806b7,1738,1782177,1782177,"Kirkland Signature Lightly Breaded Chicken Breast Fillet, 3 lbs",https://www.costco.com/.product.1782177.html,,,0,0,https://www.costco.com/cold-frozen-grocery.html,2026-09-28T01:48:08.461333+00:00
bb1e9cbe-2bb6-5ec4-b255-0811b87bd0c6,1738,31801,31801,"Morey's Seasoned Wild Alaskan Salmon, 6-Count",https://www.costco.com/.product.31801.html,,,0,0,https://www.costco.com/cold-frozen-grocery.html,2026-09-28T01:48:08.461333+00:00
2245e4db-068a-502d-93dc-5aa7d3c5c551,1738,1294443,1294443,"Kirkland Signature Chicken Tenderloins, Boneless Skinless, 6 lbs",https://www.costco.com/.product.1294443.html,,,0,0,https://www.costco.com/cold-frozen-grocery.html,2026-09-28T01:48:08.461333+00:00
f0fdaa1f-6356-58fc-9fea-8fbc0b935a48,1738,1550486,1550486,"Bibigo Steamed Soup Dumplings, Beef Pho Flavor, 36-count",https://www.costco.com/.product.1550486.html,,,0,0,https://www.costco.com/cold-frozen-grocery.html,2026-09-28T01:48:08.461333+00:00
d5c03d9b-dbb3-5164-888c-1678fedfc479,1738,1462040,1462040,"Kirkland Signature Wild Argentine Raw Shrimp, 2 lb",https://www.costco.com/.product.1462040.html,,,0,0,https://www.costco.com/cold-frozen-grocery.html,2026-09-28T01:48:08.461333+00:00
d4a5a031-ffad-5c75-913a-f9b66974dcad,1738,16594,16594,"Trident Seafoods Alaskan Salmon Burgers, 4 oz, 12-count",https://www.costco.com/.product.16594.html,,,0,0,https://www.costco.com/cold-frozen-grocery.html,2026-09-28T01:48:08.461333+00:00
f1dea41b-83da-5699-b68f-fb1ce87c6fea,1738,1217608,1217608,"Kirkland Signature Organic Broccoli Florets, 1 lb, 4-count",https://www.costco.com/.product.1217608.html,,,0,0,https://www.costco.com/cold-frozen-grocery.html,2026-09-28T01:48:08.461333+00:00
4bd8c388-4b50-5ac8-a667-a9c009729462,1738,1194639,1194639,"Milton's Cauliflower Crust Pizza, Roasted Vegetable, 17.8 oz, 2-count",https://www.costco.com/.product.1194639.html,,,0,0,https://www.costco.com/cold-frozen-grocery.html,2026-09-28T01:48:08.461333+00:00
62523403-d9a6-5602-98ec-161e94276c04,1738,1139689,1139689,"Kirkland Signature Tilapia Loins, 3 lbs",https://www.costco.com/.product.1139689.html,,,0,0,https://www.costco.com/cold-frozen-grocery.html,2026-09-28T01:48:08.461333+00:00
eb8f6d87-29bc-51b9-9280-cd2546edf89e,1738,1854959,1854959,"Kirkland Signature Atlantic Blackened Salmon, 6-count",https://www.costco.com/.product.1854959.html,,,0,0,https://www.costco.com/cold-frozen-grocery.html,2026-09-28T01:48:08.461333+00:00
ba7ff4ed-2131-5b5b-bdd1-6727da99a994,1738,1305092,1305092,"Kirkland Signature Ground Beef Patties, 1/3 lb Patty, 18-count",https://www.costco.com/.product.1305092.html,,,0,0,https://www.costco.com/cold-frozen-grocery.html,2026-09-28T01:48:17.265735+00:00
98b9402d-8c3b-5e63-aed4-9e1b9d9e840e,1738,806230,806230,"Trident Seafoods Wild Alaskan Beer Battered Cod, 2.5 lbs",https://www.costco.com/.product.806230.html,,,0,0,https://www.costco.com/cold-frozen-grocery.html,2026-09-28T01:48:17.265735+00:00
6aad5c73-b2e7-5fbd-9733-84fe78ae8695,1738,1645630,1645630,"PuraVida Fire Roasted Primavera Mistura, 64 oz",https://www.costco.com/.product.1645630.html,,,0,0,https://www.costco.com/cold-frozen-grocery.html,2026-09-28T01:48:17.265735+00:00
4c3d1819-213e-5a33-9214-ca368f282ee5,1738,1953371,1953371,"Beyond Meat Plant-Based Patties, 4 oz, 10-count",https://www.costco.com/.product.1953371.html,,,0,0,https://www.costco.com/cold-frozen-grocery.html,2026-09-28T01:48:17.265735+00:00
474d900b-17e4-550c-9e55-8ac7b4649b34,1738,1251702,1251702,"Kirkland Signature Tempura Shrimp, 2.35 lbs, 30-count",https://www.costco.com/.product.1251702.html,,,0,0,https://www.costco.com/cold-frozen-grocery.html,2026-09-28T01:48:17.265735+00:00
fb9a07e7-9439-54f5-a72a-8985672a385e,1738,1233570,1233570,"Kirkland Signature Breaded Panko Shrimp, 2.5 lbs",https://www.costco.com/.product.1233570.html,,,0,0,https://www.costco.com/cold-frozen-grocery.html,2026-09-28T01:48:17.265735+00:00
f987b8fc-fbb1-5c01-8384-9cfd401acf70,1738,948400,948400,"Kirkland Signature Super Premium Vanilla Ice Cream, 1/2 Gallon, 2-count",https://www.costco.com/.product.948400.html,,,0,0,https://www.costco.com/cold-frozen-grocery.html,2026-09-28T01:48:17.265735+00:00
4adcaf82-8d92-5f51-aced-d866c98c9f89,1738,112218,112218,"Haagen Dazs Vanilla Milk Chocolate Almond Ice Cream Bars, 3 fl oz, 15-count",https://www.costco.com/.product.112218.html,,,0,0,https://www.costco.com/cold-frozen-grocery.html,2026-09-28T01:48:17.265735+00:00
bdbd4921-7c7a-5d37-a579-c99078a0d43a,1738,755383,755383,"Tyson Crispy Chicken Strips, 48 oz",https://www.costco.com/.product.755383.html,,,0,0,https://www.costco.com/cold-frozen-grocery.html,2026-09-28T01:48:17.265735+00:00
d49fa93c-fb99-55e4-88ac-e485b2c2201f,1738,1560758,1560758,"Yummy Dino Buddies Dinosaur Chicken Breast Nuggets, 5 lbs",https://www.costco.com/.product.1560758.html,,,0,0,https://www.costco.com/cold-frozen-grocery.html,2026-09-28T01:48:17.265735+00:00
3c4cac97-37d3-5ee4-a9b3-715c6f0014a9,1738,25551,25551,"Kirkland Signature Farm-Raised Raw Shrimp, Tail-On, 21-25-count per Pound, 2 lbs",https://www.costco.com/.product.25551.html,,,0,0,https://www.costco.com/cold-frozen-grocery.html,2026-09-28T01:48:17.265735+00:00
30abae16-76ae-51c4-ae0c-68d68a89bada,1738,1010598,1010598,"Kirkland Signature Three Berry Blend, 4 lbs",https://www.costco.com/.product.1010598.html,,,0,0,https://www.costco.com/cold-frozen-grocery.html,2026-09-28T01:48:17.265735+00:00
7a30b617-1523-54e4-8f5c-5c9506f6af20,1738,77009,77009,"Kirkland Signature Farm-Raised Cooked Shrimp, Tail-Off, 50-70-count per Pound, 2 lbs",https://www.costco.com/.product.77009.html,,,0,0,https://www.costco.com/cold-frozen-grocery.html,2026-09-28T01:48:17.265735+00:00
1a70d287-cf61-5635-a371-fc7235987887,1738,638854,638854,"Bibigo Chicken and Cilantro Mini Wontons, 3 lbs",https://www.costco.com/.product.638854.html,,,0,0,https://www.costco.com/cold-frozen-grocery.html,2026-09-28T01:48:17.265735+00:00
13f42f35-7e82-578b-a0c0-d036f28f6438,1738,100703882,100703882,Hotel Grand White Down Comforter,https://www.costco.com/hotel-grand-white-down-comforter.product.100703882.html,,,0,0,https://www.costco.com/comforters.html,2026-09-28T01:49:04.402546+00:00
20a580a9-e0bf-5b94-b08b-656d59b85674,1738,1940874,1940874,Dell Tower Desktop - Intel Core Ultra 5 225 - 16GB RAM - 512GB SSD - Windows 11 Home,https://www.costco.com/.product.1940874.html,,,0,0,https://www.costco.com/computer-towers.html,2026-09-28T01:50:53.950255+00:00
7121c96b-e5ba-5b33-9226-21bbf94b9b27,1738,5354,5354,"Hidden Valley Original Ranch Homestyle Dressing, 40 fl oz, 2-count",https://www.costco.com/.product.5354.html,,,0,0,https://www.costco.com/condiments-sauces.html,2026-09-28T01:51:32.420275+00:00
fea74d70-e82d-56f9-86b5-a910475afc7f,1738,981859,981859,"Hellmann's Real Mayonnaise, Squeeze Bottle, 25 fl oz, 2-count",https://www.costco.com/.product.981859.html,,,0,0,https://www.costco.com/condiments-sauces.html,2026-09-28T01:51:32.420275+00:00
fab9c0ce-e266-58e4-b78f-17c5505b01cb,1738,383456,383456,"Sweet Baby Ray's, Barbecue Sauce, 40 oz, 2-Count",https://www.costco.com/.product.383456.html,,,0,0,https://www.costco.com/condiments-sauces.html,2026-09-28T01:51:32.420275+00:00
04585b8b-457c-5a27-8f6c-6d0a0c03e91b,1738,262838,262838,"Cholula, Hot Sauce Original, 12 fl oz, 2-Count",https://www.costco.com/.product.262838.html,,,0,0,https://www.costco.com/condiments-sauces.html,2026-09-28T01:51:32.420275+00:00
0baa4c70-6648-5a96-8250-2a0641f8bba7,1738,279783,279783,"Kirkland Signature, Bacon Crumbles, 20 oz",https://www.costco.com/.product.279783.html,,,0,0,https://www.costco.com/condiments-sauces.html,2026-09-28T01:51:32.420275+00:00
0b6141e4-6e9d-5396-a263-ef8ba29f8da8,1738,414,414,"Hellmann's, Real Mayonnaise, 64 oz",https://www.costco.com/.product.414.html,,,0,0,https://www.costco.com/condiments-sauces.html,2026-09-28T01:51:32.420275+00:00
74d8228e-d850-5676-b67c-ba7558ec74e9,1738,2040272,2040272,"Kinder's Organic Signature Grill Variety Pack, 54.4 oz",https://www.costco.com/.product.2040272.html,,,0,0,https://www.costco.com/condiments-sauces.html,2026-09-28T01:51:32.420275+00:00
23fcac89-c249-59e9-83d0-320aa610ae1e,1738,1566350,1566350,"Bachan's Japanese Barbecue Sauce, 34 oz",https://www.costco.com/.product.1566350.html,,,0,0,https://www.costco.com/condiments-sauces.html,2026-09-28T01:51:32.420275+00:00
df902162-87bc-5338-bd8f-44e9b98d6b44,1738,2023427,2023427,"Rao's Homemade Marinara Sauce Made with Italian Tomatoes, 31.7 oz, 2-count",https://www.costco.com/.product.2023427.html,,,0,0,https://www.costco.com/condiments-sauces.html,2026-09-28T01:51:32.420275+00:00
443f3744-0e4a-5459-946e-68a11d8245ae,1738,5331,5331,"Classico Organic Pasta Sauce, 32 oz, 3-count",https://www.costco.com/.product.5331.html,,,0,0,https://www.costco.com/condiments-sauces.html,2026-09-28T01:51:32.420275+00:00
eadfaf55-82b7-59b7-a4c9-6c16ec4fc1df,1738,549721,549721,"Heinz Simply Tomato Ketchup, 44 oz, 3-count",https://www.costco.com/.product.549721.html,,,0,0,https://www.costco.com/condiments-sauces.html,2026-09-28T01:51:32.420275+00:00
09b57916-3de7-5c48-9e19-826b717c2674,1738,559608,559608,"Mateo's Gourmet Salsa, Medium, 32 oz",https://www.costco.com/.product.559608.html,,,0,0,https://www.costco.com/condiments-sauces.html,2026-09-28T01:51:32.420275+00:00
dc92c3bf-b760-567a-a64b-5b576feb559b,1738,831454,831454,"Paesana Organic Tomato & Basil Pasta Sauce, 25 oz, 2-count",https://www.costco.com/.product.831454.html,,,0,0,https://www.costco.com/condiments-sauces.html,2026-09-28T01:51:32.420275+00:00
8264f901-e890-5c4a-bea4-3104e78e728d,1738,1374083,1374083,"Rao's Homemade Alfredo Sauce, 15 oz, 2-count",https://www.costco.com/.product.1374083.html,,,0,0,https://www.costco.com/condiments-sauces.html,2026-09-28T01:51:32.420275+00:00
f765e493-5abf-5d68-b05e-6e24b5a5349e,1738,699251,699251,"Victoria White Linen Marinara Sauce, 40 oz, 2-count",https://www.costco.com/.product.699251.html,,,0,0,https://www.costco.com/condiments-sauces.html,2026-09-28T01:51:32.420275+00:00
81aa8c22-1c81-50c7-a52f-ba85c463241f,1738,1812812,1812812,"Montebello 68"" Accent Console",https://www.costco.com/.product.1812812.html,,,0,0,https://www.costco.com/console-entryway-tables.html,2026-09-28T01:52:04.059286+00:00
82ce8d1f-f50e-51d9-b6c4-0f69a4f4f1fd,1738,1782944,1782944,Del Rey Oaks 74” Accent Console,https://www.costco.com/.product.1782944.html,,,0,0,https://www.costco.com/console-entryway-tables.html,2026-09-28T01:52:04.059286+00:00
022d5a01-e6b3-55b1-a786-aeb562ca61d7,1738,1816483,1816483,"Nabisco Cookies & Crackers, Variety Pack, 1 oz, 40-count",https://www.costco.com/.product.1816483.html,,,0,0,https://www.costco.com/cookies.html,2026-09-28T01:52:49.035805+00:00
7438e488-53fe-52ac-8269-6ab8529a82cd,1738,1483585,1483585,"OREO Sandwich Cookies, Variety Pack, 60-count",https://www.costco.com/.product.1483585.html,,,0,0,https://www.costco.com/cookies.html,2026-09-28T01:52:49.035805+00:00
8d36c786-cc14-5847-ba24-d92d988f6959,1738,1707643,1707643,"Milano Cookies, Double Dark Chocolate, 0.98 oz, 30-count",https://www.costco.com/.product.1707643.html,,,0,0,https://www.costco.com/cookies.html,2026-09-28T01:52:49.035805+00:00
6ba08ea1-f358-5596-bf24-0103955bb287,1738,969786,969786,"Meiji Hello Panda Chocolate Creme Filled Cookies, 0.75 oz, 32-count",https://www.costco.com/.product.969786.html,,,0,0,https://www.costco.com/cookies.html,2026-09-28T01:52:49.035805+00:00
bd8f2e3c-5378-5986-989e-d9565f627e04,1738,549797,549797,"Lotus Biscoff Cookies, 8.8 oz., 4 Count",https://www.costco.com/.product.549797.html,,,0,0,https://www.costco.com/cookies.html,2026-09-28T01:52:49.035805+00:00
3dc596fb-c63d-57b5-8526-37b394ea1bed,1738,1343983,1343983,"Donsuemor, Traditional Madeleines Cake, 1 oz, 28-Count",https://www.costco.com/.product.1343983.html,,,0,0,https://www.costco.com/cookies.html,2026-09-28T01:52:49.035805+00:00
d9b9b991-4b70-50e6-a028-c79b5c102628,1738,1243186,1243186,"Heavenly Hunks Organic Oatmeal Dark Chocolate Cookies, 22 oz",https://www.costco.com/.product.1243186.html,,,0,0,https://www.costco.com/cookies.html,2026-09-28T01:52:49.035805+00:00
45750489-80ed-5dc2-9704-5107d738b131,1738,1812863,1812863,"Nutella Biscuits, 9.7 oz, 4-count",https://www.costco.com/.product.1812863.html,,,0,0,https://www.costco.com/cookies.html,2026-09-28T01:52:49.035805+00:00
407e5e48-063c-5234-9e2b-b21c82060f12,1738,1675745,1675745,"Nonni’s Biscotti, Almond Dark Chocolate, 1.34 oz, 25-count",https://www.costco.com/.product.1675745.html,,,0,0,https://www.costco.com/cookies.html,2026-09-28T01:52:49.035805+00:00
1dc6ec5a-1d60-5f6d-80f4-8d31c6e3b919,1738,219854,219854,"La Dolce Vita Classic Italian Biscotti, 40 oz",https://www.costco.com/.product.219854.html,,,0,0,https://www.costco.com/cookies.html,2026-09-28T01:52:49.035805+00:00
5e3cb8f7-5f31-52a9-b73d-8b149996a5d7,1738,1426611,1426611,"Loacker Minis Wafer Cookie Variety, 28.22 oz",https://www.costco.com/.product.1426611.html,,,0,0,https://www.costco.com/cookies.html,2026-09-28T01:52:49.035805+00:00
4bd17551-c978-5cb4-9759-4080b0c661b5,1738,937348,937348,"Sugar Bowl Bakery, Petite Palmiers, 32 oz",https://www.costco.com/.product.937348.html,,,0,0,https://www.costco.com/cookies.html,2026-09-28T01:52:49.035805+00:00
bdd0592d-6be7-5ba5-818e-f90b57390e6b,1738,587289,587289,"Double Egg Yolk and Lotus Seed Paste Moon Cakes, 24.7 oz, 4-count",https://www.costco.com/.product.587289.html,,,0,0,https://www.costco.com/cookies.html,2026-09-28T01:52:49.035805+00:00
20125366-d9b5-5358-abb8-a9638a872386,1738,1388332,1388332,"Tropical Fields Organic Coconut Rolls, 11 oz",https://www.costco.com/.product.1388332.html,,,0,0,https://www.costco.com/cookies.html,2026-09-28T01:52:49.035805+00:00
b40eb25c-c9df-5a0c-b587-ff7207a49f7f,1738,4000394757,4000394757,Henckels Paradigm Ceramic 11-piece Cookware Set,https://www.costco.com/henckels-paradigm-ceramic-11-piece-cookware-set.product.4000394757.html,,,0,0,https://www.costco.com/cookware.html,2026-09-28T01:53:53.084204+00:00
9763ad48-94be-5b6e-b1d2-8eab19ca40c7,1738,4201004909,4201004909,T-fal 12-piece Tri-Ply Stainless Steel Cookware Set,https://www.costco.com/t-fal-12-piece-tri-ply-stainless-steel-cookware-set.product.4201004909.html,,,0,0,https://www.costco.com/cookware.html,2026-09-28T01:53:53.084204+00:00
2eed3a38-1be4-5422-a24c-b6aaa7fedeb0,1738,4000413091,4000413091,GreenPan Reserve Stainless Steel 12-piece Cookware Set,https://www.costco.com/greenpan-reserve-stainless-steel-12-piece-cookware-set.product.4000413091.html,,,0,0,https://www.costco.com/cookware.html,2026-09-28T01:53:53.084204+00:00
e5d47752-f5f4-57e7-9831-cf4ffb0f1fb8,1738,1395061,1395061,"Advantage Premium Bright Ink Jet and Laser Paper, 8.5""x11"" Letter, White, 24lb, 97 Bright, 1 Ream of 800 Sheets",https://www.costco.com/.product.1395061.html,,,0,0,https://www.costco.com/copy-multipurpose-paper.html,2026-09-28T01:54:33.180532+00:00
36a5d88e-a663-50b7-98a1-6fefa5f382cc,1738,100029983,100029983,"Kirkland Signature CoQ10 300 mg., 100 Softgels",https://www.costco.com/kirkland-signature-coq10-300-mg-100-softgels.product.100029983.html,,,0,0,https://www.costco.com/coq10-enzyme.html,2026-09-28T01:55:02.574514+00:00
62700478-5242-55c3-8d91-b993000b7eba,1738,100118306,100118306,"Nature Made CoQ10 200 mg., 140 Softgels",https://www.costco.com/nature-made-coq10-200-mg-140-softgels.product.100118306.html,,,0,0,https://www.costco.com/coq10-enzyme.html,2026-09-28T01:55:02.574514+00:00
76c8c735-edcf-52c9-b9ce-8daa8e362737,1738,4000042766,4000042766,"Qunol Ultra CoQ10 100 mg., 180 Softgels",https://www.costco.com/qunol-ultra-coq10-100-mg-180-softgels.product.4000042766.html,,,0,0,https://www.costco.com/coq10-enzyme.html,2026-09-28T01:55:02.574514+00:00
edeb0c0f-6bec-5478-9bad-6d9918dfab5e,1738,100483575,100483575,"Nature Made CoQ10 400 mg., 90 Softgels",https://www.costco.com/nature-made-coq10-400-mg-90-softgels.product.100483575.html,,,0,0,https://www.costco.com/coq10-enzyme.html,2026-09-28T01:55:02.574514+00:00
477ef5d2-8bcf-5866-8953-99032dbf977a,1738,100375487,100375487,"Qunol Liquid CoQ10 100 mg., 30.4 Fluid Ounces",https://www.costco.com/qunol-liquid-coq10-100-mg-304-fluid-ounces.product.100375487.html,,,0,0,https://www.costco.com/coq10-enzyme.html,2026-09-28T01:55:02.574514+00:00
412d01f7-ba83-50aa-9608-c8ccf6dda66e,1738,11630572,11630572,"Qunol Mega CoQ10 Ubiquinol 100 mg., 120 Softgels",https://www.costco.com/qunol-mega-coq10-ubiquinol-100-mg-120-softgels.product.11630572.html,,,0,0,https://www.costco.com/coq10-enzyme.html,2026-09-28T01:55:02.574514+00:00
55745fcd-a1f9-589e-a868-b8b979c47811,1738,1399050,1399050,Samsung 27.4 cu. ft. Large Capacity Side by Side Refrigerator,https://www.costco.com/.product.1399050.html,,,0,0,https://www.costco.com/costco-direct-appliances.html,2026-09-28T01:56:00.606781+00:00
6e996e91-6e66-56d7-9acd-845091f0a05f,1738,1399051,1399051,Samsung 27.4 cu. ft. Large Capacity Side by Side Refrigerator,https://www.costco.com/.product.1399051.html,,,0,0,https://www.costco.com/costco-direct-appliances.html,2026-09-28T01:56:00.606781+00:00
d5649746-37eb-5f3d-a2b9-2ca8d23a4c84,1738,1644524,1644524,"Samsung 29 cu. ft. Bespoke 4-Door French Door Smart Refrigerator with Beverage Center, Morning Blue Glass White Glass",https://www.costco.com/.product.1644524.html,,,0,0,https://www.costco.com/costco-direct-appliances.html,2026-09-28T01:56:00.606781+00:00
9c5be363-6740-5583-9625-e8bb0968fdb5,1738,1644523,1644523,"Samsung 29 cu. ft. Bespoke 4-Door French Door Smart Refrigerator with Beverage Center, White Glass",https://www.costco.com/.product.1644523.html,,,0,0,https://www.costco.com/costco-direct-appliances.html,2026-09-28T01:56:00.606781+00:00
89eafc1f-5626-55ce-b655-8d580f035211,1738,1644525,1644525,"Samsung 29 cu. ft. Bespoke 4-Door French Door Smart Refrigerator with Beverage Center, Stainless Steel",https://www.costco.com/.product.1644525.html,,,0,0,https://www.costco.com/costco-direct-appliances.html,2026-09-28T01:56:00.606781+00:00
0f2681fa-9143-5f3d-93a3-3fb9f6b45784,1738,1344344,1344344,"GE 27 cu. ft. Standard Depth 3-Door French Door Refrigerator with Internal Water Dispenser and Ice Maker, White",https://www.costco.com/.product.1344344.html,,,0,0,https://www.costco.com/costco-direct-appliances.html,2026-09-28T01:56:00.606781+00:00
e42f8284-cefb-5da4-9281-de8d3433ea50,1738,1158015,1158015,"GE 27 cu. ft. Standard Depth 3-Door French Door Refrigerator with Internal Water Dispenser and Ice Maker, Black",https://www.costco.com/.product.1158015.html,,,0,0,https://www.costco.com/costco-direct-appliances.html,2026-09-28T01:56:00.606781+00:00
d144ae45-6454-5e01-8371-504a8e702334,1738,1419583,1419583,"GE 27 cu. ft. Standard Depth 3-Door French Door Refrigerator with Internal Water Dispenser and Ice Maker, Stainless Steel",https://www.costco.com/.product.1419583.html,,,0,0,https://www.costco.com/costco-direct-appliances.html,2026-09-28T01:56:00.606781+00:00
76a56e53-d9b1-597b-8c3d-3f532b6d9d11,1738,1644559,1644559,Samsung 23 cu. ft. Counter Depth 4-Door French Door Refrigerator with Beverage Center in Stainless Steel,https://www.costco.com/.product.1644559.html,,,0,0,https://www.costco.com/costco-direct-appliances.html,2026-09-28T01:56:00.606781+00:00
55c4694d-7277-5af8-8bad-fcc7a165b1d6,1738,1811864,1811864,Frigidaire 20.0 cu. ft. Garage Ready Frost Free Upright Freezer in White,https://www.costco.com/.product.1811864.html,,,0,0,https://www.costco.com/costco-direct-appliances.html,2026-09-28T01:56:00.606781+00:00
e1e4003e-ffea-58cb-8741-e84e63c969a9,1738,1893016,1893016,Frigidaire 20.0 cu. ft. Garage Ready Frost Free Upright Freezer in Carbon,https://www.costco.com/.product.1893016.html,,,0,0,https://www.costco.com/costco-direct-appliances.html,2026-09-28T01:56:00.606781+00:00
1ab8039b-78ba-505e-b1f5-08b6e99a6f67,1738,1644517,1644517,"Samsung 23 cu. ft. Bespoke Counter Depth 4-Door French Door Refrigerator with Beverage Center, White Glass",https://www.costco.com/.product.1644517.html,,,0,0,https://www.costco.com/costco-direct-appliances.html,2026-09-28T01:56:00.606781+00:00
9470685c-a61b-545e-ac53-531b04eb1767,1738,1644519,1644519,"Samsung 23 cu. ft. Bespoke Counter Depth 4-Door French Door Refrigerator with Beverage Center, Stainless Steel",https://www.costco.com/.product.1644519.html,,,0,0,https://www.costco.com/costco-direct-appliances.html,2026-09-28T01:56:00.606781+00:00
b3ac3213-a7c7-5480-90f3-f0328ef2245f,1738,1813398,1813398,"Samsung Bespoke 29 cu. ft. 4-Door French Door Refrigerator with Family Hub+, in Charcoal Glass Matte Black Steel",https://www.costco.com/.product.1813398.html,,,0,0,https://www.costco.com/costco-direct-appliances.html,2026-09-28T01:56:00.606781+00:00
007b96e2-ca4c-526e-8fb6-6984e6213f85,1738,1813400,1813400,"Samsung Bespoke 29 cu. ft. 4-Door French Door Refrigerator with Family Hub+, in White Glass",https://www.costco.com/.product.1813400.html,,,0,0,https://www.costco.com/costco-direct-appliances.html,2026-09-28T01:56:00.606781+00:00
0921fa97-57ce-563a-8a9b-c67c1f34be35,1738,1813399,1813399,"Samsung Bespoke 29 cu. ft. 4-Door French Door Refrigerator with Family Hub+, in Charcoal Glass Stainless Steel",https://www.costco.com/.product.1813399.html,,,0,0,https://www.costco.com/costco-direct-appliances.html,2026-09-28T01:56:00.606781+00:00
24b8d2c9-658a-59af-b627-b5c01e08ebd2,1738,6660750,6660750,"Whirlpool 24 in. Top Control Built-In Fingerprint Resistant Stainless Steel Dishwasher with AI Intelligent Wash, 47 dBA",https://www.costco.com/.product.6660750.html,,,0,0,https://www.costco.com/costco-direct-appliances.html,2026-09-28T01:56:00.606781+00:00
f3d3e9fb-f4c7-5183-8eea-3704eeb7603b,1738,1712915,1712915,"Whirlpool 24 in. Top Control Built-In Fingerprint Resistant Stainless Steel Dishwasher with 3rd Rack, 51 dBA",https://www.costco.com/.product.1712915.html,,,0,0,https://www.costco.com/costco-direct-appliances.html,2026-09-28T01:56:00.606781+00:00
8f794def-8fc5-5067-b468-23e18d39006f,1738,1974451,1974451,"KitchenAid 24 in. Front Control Built-In PrintShield Stainless Steel Dishwasher with 360 Max Jets 3rd Rack, 44 dBA",https://www.costco.com/.product.1974451.html,,,0,0,https://www.costco.com/costco-direct-appliances.html,2026-09-28T01:56:00.606781+00:00
01e94ffd-3c57-5e78-9b6e-44a18d57102e,1738,2032432,2032432,KitchenAid 24 in. 360 Max Jets Third Rack Dishwasher with 90-Minute Normal Cycle,https://www.costco.com/.product.2032432.html,,,0,0,https://www.costco.com/costco-direct-appliances.html,2026-09-28T01:56:00.606781+00:00
4298e1a9-b6d8-5da6-8a2d-bd1a41eaaaf5,1738,1528163,1528163,LG 27 cu.ft. Smart Side-By-Side InstaView Door-in-Door Refrigerator with Craft Ice in Stainless Steel,https://www.costco.com/.product.1528163.html,,,0,0,https://www.costco.com/costco-direct-appliances.html,2026-09-28T01:56:00.606781+00:00
79d76642-c73d-5b68-8976-89615d2455dd,1738,6660753,6660753,"Whirlpool 24 in. Top Control Built-In Fingerprint Resistant Stainless Steel Dishwasher with Leak Detection, 47 dBA",https://www.costco.com/.product.6660753.html,,,0,0,https://www.costco.com/costco-direct-appliances.html,2026-09-28T01:56:00.606781+00:00
2459bf26-3ac0-5348-aa58-44a072d4741d,1738,1930479,1930479,Hisense 10.2 cu. ft. Garage Ready Frost Free Convertible Upright Freezer with Seal Break Handle,https://www.costco.com/.product.1930479.html,,,0,0,https://www.costco.com/costco-direct-appliances.html,2026-09-28T01:56:00.606781+00:00
cc7d6892-6d33-5b09-bf56-09c6c2b1ee39,1738,2030869,2030869,"LG FlushFit Top Control Dishwasher Third Rack and 1-Hour Wash and Dry, 42 dBA, Stainless Steel",https://www.costco.com/.product.2030869.html,,,0,0,https://www.costco.com/costco-direct-appliances.html,2026-09-28T01:56:00.606781+00:00
c720e00d-aa1b-5275-94b6-eb590fea6ed7,1738,2030871,2030871,"LG FlushFit Top Control Dishwasher 1-Hour Wash and Dry Cycle with Bar Handle, Black Stainless Steel",https://www.costco.com/.product.2030871.html,,,0,0,https://www.costco.com/costco-direct-appliances.html,2026-09-28T01:56:00.606781+00:00
1869a236-acfd-5fe0-b22e-6d0c3fbb1c2d,1738,1724739,1724739,"LG 20 cu. ft. Top Freezer Refrigerator, Stainless Steel",https://www.costco.com/.product.1724739.html,,,0,0,https://www.costco.com/costco-direct-appliances.html,2026-09-28T01:56:00.606781+00:00
c786ca99-bfc4-5f19-8481-0433d96b642e,1738,2776560,2776560,"Whirlpool 25 cu. ft. Large Side-by-Side Refrigerator with Deli Drawer, Stainless Steel",https://www.costco.com/.product.2776560.html,,,0,0,https://www.costco.com/costco-direct-appliances.html,2026-09-28T01:56:00.606781+00:00
6d212b32-4404-5cd7-ae44-a3b3b5bc52f0,1738,1376967,1376967,"GE Profile 27.9 cu. ft. Standard Depth 4-Door French Door Refrigerator with AutoFill Water, Door-in-Door, WiFi",https://www.costco.com/.product.1376967.html,,,0,0,https://www.costco.com/costco-direct-appliances.html,2026-09-28T01:56:00.606781+00:00
b0b3f4db-6199-5168-bb40-7a5a805a429d,1738,1732322,1732322,LG 30 cu. ft. Smart Standard-Depth MAX 4-Door French Door Refrigerator with Full-Convert Drawer,https://www.costco.com/.product.1732322.html,,,0,0,https://www.costco.com/costco-direct-appliances.html,2026-09-28T01:56:00.606781+00:00
220e2a13-4b9c-5d03-a162-d629f2525e99,1738,1732323,1732323,"LG 29 cu. ft. Smart Standard-Depth MAX 4-Door French Door Refrigerator with Full-Convert Drawer, in Stainless Steel",https://www.costco.com/.product.1732323.html,,,0,0,https://www.costco.com/costco-direct-appliances.html,2026-09-28T01:56:00.606781+00:00
742a0572-d220-52ff-b7a2-466c9e4fb4f5,1738,1476909,1476909,LG WashTower Single Unit ELECTRIC with Center Control 4.5 cu. ft. Front Load Washer and 7.4 cu. ft. Dryer in White,https://www.costco.com/.product.1476909.html,,,0,0,https://www.costco.com/costco-direct-appliances.html,2026-09-28T01:56:00.606781+00:00
8ecaee68-63ec-5109-83ef-663ae3fd379f,1738,1476914,1476914,LG WashTower Single Unit ELECTRIC with Center Control 4.5 cu. ft. Front Load Washer and 7.4 cu. ft. Dryer in Black Stainless Steel,https://www.costco.com/.product.1476914.html,,,0,0,https://www.costco.com/costco-direct-appliances.html,2026-09-28T01:56:00.606781+00:00
8228b13d-0405-55b1-ab70-8afd03e083de,1738,2419572,2419572,GE 21.9 cu. ft. Counter Depth 3-Door French-Door Refrigerator with Internal Water Dispenser and Ice Maker,https://www.costco.com/.product.2419572.html,,,0,0,https://www.costco.com/costco-direct-appliances.html,2026-09-28T01:56:00.606781+00:00
bb78ac92-2c64-5fe9-9b2b-9b6953b4b79c,1738,1805402,1805402,"Samsung Bespoke AI All-in-One Washer Dryer Combo 5.3 cu. ft. Ultra Capacity Washer and VENTLESS Heat Pump Dryer, Dark Steel",https://www.costco.com/.product.1805402.html,,,0,0,https://www.costco.com/costco-direct-appliances.html,2026-09-28T01:56:00.606781+00:00
8bfcb99d-d9b0-5fa7-bdcb-f3977d05c36d,1738,1932497,1932497,"Samsung Bespoke AI All-in-One Washer Dryer Combo 5.3 cu. ft. Ultra Capacity Washer and VENTLESS Heat Pump Dryer, Brushed Black",https://www.costco.com/.product.1932497.html,,,0,0,https://www.costco.com/costco-direct-appliances.html,2026-09-28T01:56:00.606781+00:00
c5b99e65-a001-56e8-bdce-ea5fae75d549,1738,1932536,1932536,"Samsung Bespoke AI All-in-One Washer Dryer Combo 5.3 cu. ft. Ultra Capacity Washer and VENTLESS Heat Pump Dryer, Ivory",https://www.costco.com/.product.1932536.html,,,0,0,https://www.costco.com/costco-direct-appliances.html,2026-09-28T01:56:00.606781+00:00
2a9ede19-b4ad-5bf0-a29a-c10cf9913c1f,1738,1817331,1817331,LG 25 cu. ft. Smart Counter-Depth MAX 4-Door French Door Refrigerator with Full-Convert Drawer,https://www.costco.com/.product.1817331.html,,,0,0,https://www.costco.com/costco-direct-appliances.html,2026-09-28T01:56:00.606781+00:00
5cef7ddc-cf50-5d30-be25-6cc666cc39b1,1738,100530246,100530246,Samsung 27.4 cu. ft. Large Capacity Side by Side Refrigerator,https://www.costco.com/samsung-274-cu-ft-large-capacity-side-by-side-refrigerator.product.100530246.html,,,0,0,https://www.costco.com/costco-direct-appliances.html,2026-09-28T01:56:14.900558+00:00
35413247-c9d7-5552-a404-a196a6c3e9f8,1738,100948386,100948386,Samsung 29 cu. ft. Bespoke 4-Door French Door Smart Refrigerator with Beverage Center,https://www.costco.com/samsung-29-cu-ft-bespoke-4-door-french-door-smart-refrigerator-with-beverage-center.product.100948386.html,,,0,0,https://www.costco.com/costco-direct-appliances.html,2026-09-28T01:56:14.900558+00:00
265ebc64-0536-5b51-90b1-853b422a2bb5,1738,100421002,100421002,GE 27 cu. ft. Standard Depth 3-Door French Door Refrigerator with Internal Water Dispenser and Ice Maker,https://www.costco.com/ge-27-cu-ft-standard-depth-3-door-french-door-refrigerator-with-internal-water-dispenser-and-ice-maker.product.100421002.html,,,0,0,https://www.costco.com/costco-direct-appliances.html,2026-09-28T01:56:14.900558+00:00
a0cf058c-1a1c-59af-95b8-779f230d21ce,1738,4000050930,4000050930,Samsung 23 cu. ft. Counter Depth 4-Door French Door Refrigerator with Beverage Center in Stainless Steel,https://www.costco.com/samsung-23-cu-ft-counter-depth-4-door-french-door-refrigerator-with-beverage-center-in-stainless-steel.product.4000050930.html,,,0,0,https://www.costco.com/costco-direct-appliances.html,2026-09-28T01:56:14.900558+00:00
ee1f05e0-6116-59a4-ba5e-e7b6383f3cf2,1738,4000272609,4000272609,Frigidaire 20.0 cu. ft. Garage Ready Frost Free Upright Freezer,https://www.costco.com/frigidaire-200-cu-ft-garage-ready-frost-free-upright-freezer.product.4000272609.html,,,0,0,https://www.costco.com/costco-direct-appliances.html,2026-09-28T01:56:14.900558+00:00
750bcd2c-fb41-5f54-8ae5-bf85fa2b01f3,1738,100971241,100971241,Samsung 23 cu. ft. Bespoke Counter Depth 4-Door French Door Refrigerator with Beverage Center,https://www.costco.com/samsung-23-cu-ft-bespoke-counter-depth-4-door-french-door-refrigerator-with-beverage-center.product.100971241.html,,,0,0,https://www.costco.com/costco-direct-appliances.html,2026-09-28T01:56:14.900558+00:00
b49f6817-f89a-53c7-bae8-16bdadce1c25,1738,4000352254,4000352254,Samsung Bespoke 29 cu. ft. 4-Door French Door Refrigerator with Family Hub+,https://www.costco.com/samsung-bespoke-29-cu-ft-4-door-french-door-refrigerator-with-family-hub.product.4000352254.html,,,0,0,https://www.costco.com/costco-direct-appliances.html,2026-09-28T01:56:14.900558+00:00
ee5662cd-0c68-5106-af5d-6e26daaabc47,1738,100682823,100682823,"Whirlpool 24 in. Top Control Built-In Fingerprint Resistant Stainless Steel Dishwasher with AI Intelligent Wash, 47 dBA",https://www.costco.com/whirlpool-24-in-top-control-built-in-fingerprint-resistant-stainless-steel-dishwasher-with-ai-intelligent-wash-47-dba.product.100682823.html,,,0,0,https://www.costco.com/costco-direct-appliances.html,2026-09-28T01:56:14.900558+00:00
2926e30f-ef43-5881-8684-cad28ad84240,1738,4000102332,4000102332,"Whirlpool 24 in. Top Control Built-In Fingerprint Resistant Stainless Steel Dishwasher with 3rd Rack, 51 dBA",https://www.costco.com/whirlpool-24-in-top-control-built-in-fingerprint-resistant-stainless-steel-dishwasher-with-3rd-rack-51-dba.product.4000102332.html,,,0,0,https://www.costco.com/costco-direct-appliances.html,2026-09-28T01:56:14.900558+00:00
fd8d41aa-5565-56ef-8c31-5bd07ec61cef,1738,4000392131,4000392131,"KitchenAid 24 in. Front Control Built-In PrintShield Stainless Steel Dishwasher with 360 Max Jets 3rd Rack, 44 dBA",https://www.costco.com/kitchenaid-24-in-front-control-built-in-printshield-stainless-steel-dishwasher-with-360-max-jets-3rd-rack-44-dba.product.4000392131.html,,,0,0,https://www.costco.com/costco-direct-appliances.html,2026-09-28T01:56:14.900558+00:00
ab937809-bf1c-56ac-af99-c54698092d01,1738,4000434449,4000434449,KitchenAid 24 in. 360 Max Jets Third Rack Dishwasher with 90-Minute Normal Cycle,https://www.costco.com/kitchenaid-24-in-360-max-jets-third-rack-dishwasher-with-90-minute-normal-cycle.product.4000434449.html,,,0,0,https://www.costco.com/costco-direct-appliances.html,2026-09-28T01:56:14.900558+00:00
5c34f730-7ca7-5825-8922-f845ace739a9,1738,100734531,100734531,LG 27 cu.ft. Smart Side-By-Side InstaView Door-in-Door Refrigerator with Craft Ice in Stainless Steel,https://www.costco.com/lg-27-cuft-smart-side-by-side-instaview-door-in-door-refrigerator-with-craft-ice-in-stainless-steel.product.100734531.html,,,0,0,https://www.costco.com/costco-direct-appliances.html,2026-09-28T01:56:14.900558+00:00
73464255-0627-5b5a-976f-0ed3b8d96bc9,1738,100682824,100682824,"Whirlpool 24 in. Top Control Built-In Fingerprint Resistant Stainless Steel Dishwasher with Leak Detection, 47 dBA",https://www.costco.com/whirlpool-24-in-top-control-built-in-fingerprint-resistant-stainless-steel-dishwasher-with-leak-detection-47-dba.product.100682824.html,,,0,0,https://www.costco.com/costco-direct-appliances.html,2026-09-28T01:56:14.900558+00:00
f644a8c9-eb8d-52c5-aab9-2483d3a75d0e,1738,4000353948,4000353948,Hisense 10.2 cu. ft. Garage Ready Frost Free Convertible Upright Freezer with Seal Break Handle,https://www.costco.com/hisense-102-cu-ft-garage-ready-frost-free-convertible-upright-freezer-with-seal-break-handle.product.4000353948.html,,,0,0,https://www.costco.com/costco-direct-appliances.html,2026-09-28T01:56:14.900558+00:00
df26efd3-b6fc-56a9-8b95-491d2a51e691,1738,4000445484,4000445484,"LG FlushFit Top Control Dishwasher Third Rack and 1-Hour Wash and Dry, 42 dBA",https://www.costco.com/lg-flushfit-top-control-dishwasher-third-rack-and-1-hour-wash-and-dry-42-dba.product.4000445484.html,,,0,0,https://www.costco.com/costco-direct-appliances.html,2026-09-28T01:56:14.900558+00:00
5c507878-851d-54c2-a308-1c13865c13c4,1738,4000139632,4000139632,LG 20 cu. ft. Top Freezer Refrigerator,https://www.costco.com/lg-20-cu-ft-top-freezer-refrigerator.product.4000139632.html,,,0,0,https://www.costco.com/costco-direct-appliances.html,2026-09-28T01:56:14.900558+00:00
19b8b3cc-1edc-52c5-9aa5-baab36deea2e,1738,100382852,100382852,Whirlpool 25 cu. ft. Large Side-by-Side Refrigerator with Deli Drawer,https://www.costco.com/whirlpool-25-cu-ft-large-side-by-side-refrigerator-with-deli-drawer.product.100382852.html,,,0,0,https://www.costco.com/costco-direct-appliances.html,2026-09-28T01:56:14.900558+00:00
4dc92d5b-f1aa-5122-b28d-c27b508cc8cb,1738,100514479,100514479,"GE Profile 27.9 cu. ft. Standard Depth 4-Door French Door Refrigerator with AutoFill Water, Door-in-Door, WiFi",https://www.costco.com/ge-profile-279-cu-ft-standard-depth-4-door-french-door-refrigerator-with-autofill-water-door-in-door-wifi.product.100514479.html,,,0,0,https://www.costco.com/costco-direct-appliances.html,2026-09-28T01:56:14.900558+00:00
f942bcbe-5ba9-597c-ae05-9901f1f0ff37,1738,4000212584,4000212584,LG 30 cu. ft. Smart Standard-Depth MAX 4-Door French Door Refrigerator with Full-Convert Drawer,https://www.costco.com/lg-30-cu-ft-smart-standard-depth-max-4-door-french-door-refrigerator-with-full-convert-drawer.product.4000212584.html,,,0,0,https://www.costco.com/costco-direct-appliances.html,2026-09-28T01:56:14.900558+00:00
66d7ab7c-cd77-58eb-a05b-0042ebfcfb9e,1738,4000212654,4000212654,LG 29 cu. ft. Smart Standard-Depth MAX 4-Door French Door Refrigerator with Full-Convert Drawer,https://www.costco.com/lg-29-cu-ft-smart-standard-depth-max-4-door-french-door-refrigerator-with-full-convert-drawer.product.4000212654.html,,,0,0,https://www.costco.com/costco-direct-appliances.html,2026-09-28T01:56:14.900558+00:00
6b833ab3-1be8-50d6-b561-7a741fdc48a0,1738,100683465,100683465,LG WashTower Single Unit ELECTRIC with Center Control 4.5 cu. ft. Front Load Washer and 7.4 cu. ft. Dryer with TurboSteam,https://www.costco.com/lg-washtower-single-unit-electric-with-center-control-45-cu-ft-front-load-washer-and-74-cu-ft-dryer-with-turbosteam.product.100683465.html,,,0,0,https://www.costco.com/costco-direct-appliances.html,2026-09-28T01:56:14.900558+00:00
6033e24a-8dc6-5355-88bd-f1e0c95c8699,1738,4000279490,4000279490,GE ENERGY STAR 21.9 cu. ft. Fingerprint Resistant Counter-Depth French-Door Refrigerator,https://www.costco.com/ge-energy-star-219-cu-ft-fingerprint-resistant-counter-depth-french-door-refrigerator.product.4000279490.html,,,0,0,https://www.costco.com/costco-direct-appliances.html,2026-09-28T01:56:14.900558+00:00
4b13f059-cdd2-5529-8c2f-7b0ebde2058f,1738,4000256470,4000256470,Samsung Bespoke AI All-in-One Washer Dryer Combo 5.3 cu. ft. Ultra Capacity Washer and VENTLESS Heat Pump Dryer,https://www.costco.com/samsung-bespoke-ai-all-in-one-washer-dryer-combo-53-cu-ft-ultra-capacity-washer-and-ventless-heat-pump-dryer.product.4000256470.html,,,0,0,https://www.costco.com/costco-direct-appliances.html,2026-09-28T01:56:14.900558+00:00
656bb5ab-dab2-52a1-95b8-a1a708a86537,1738,4000281308,4000281308,LG 25 cu. ft. Smart Counter-Depth MAX 4-Door French Door Refrigerator with Full-Convert Drawer,https://www.costco.com/lg-25-cu-ft-smart-counter-depth-max-4-door-french-door-refrigerator-with-full-convert-drawer.product.4000281308.html,,,0,0,https://www.costco.com/costco-direct-appliances.html,2026-09-28T01:56:14.900558+00:00
8ae7377f-886a-50dd-bb7d-58dfe3e205bd,1738,1768395,1768395,Centr 2 by Inspire FTX Functional Trainer with Folding Bench and 1-year Centr App Subscription Included,https://www.costco.com/.product.1768395.html,,,0,0,https://www.costco.com/costco-direct-fitness.html,2026-09-28T01:56:46.468605+00:00
81733468-65aa-5727-9f4e-ba72376abf1a,1738,1819429,1819429,Springfree All Black 13' Jumbo Round Trampoline,https://www.costco.com/.product.1819429.html,,,0,0,https://www.costco.com/costco-direct-fitness.html,2026-09-28T01:56:46.468605+00:00
00520e1f-edf7-5dbe-9b80-5b1a7cd011cb,1738,2055110,2055110,Raptor 9.5ft Fin Drive Modular Fishing Kayak,https://www.costco.com/.product.2055110.html,,,0,0,https://www.costco.com/costco-direct-fitness.html,2026-09-28T01:56:46.468605+00:00
2e2cf9b1-84b8-5a0f-93f8-687c9ae2a967,1738,1975952,1975952,Lifesmart TM6500 PowerTouch Treadmill,https://www.costco.com/.product.1975952.html,,,0,0,https://www.costco.com/costco-direct-fitness.html,2026-09-28T01:56:46.468605+00:00
8df41307-7ee7-5530-9192-cb7b3fefa7ed,1738,2023152,2023152,Lifesmart TM55 PowerTouch Treadmill,https://www.costco.com/.product.2023152.html,,,0,0,https://www.costco.com/costco-direct-fitness.html,2026-09-28T01:56:46.468605+00:00
988db33a-666f-5a07-9796-197cc2ec17af,1738,1872067,1872067,Centr by Inspire 300 lb. Rubber Olympic Weight Set with Bar,https://www.costco.com/.product.1872067.html,,,0,0,https://www.costco.com/costco-direct-fitness.html,2026-09-28T01:56:46.468605+00:00
353db474-5b99-5c98-a964-3ed8d7958e9f,1738,1769929,1769929,Centr by Inspire 300 lb. Rubber Olympic Weight Set and 1-year Centr App Subscription Included,https://www.costco.com/.product.1769929.html,,,0,0,https://www.costco.com/costco-direct-fitness.html,2026-09-28T01:56:46.468605+00:00
e6212247-784e-591b-87e7-655580f80ed7,1738,1872124,1872124,Centr Runr Folding Tool-less Assembly Treadmill,https://www.costco.com/.product.1872124.html,,,0,0,https://www.costco.com/costco-direct-fitness.html,2026-09-28T01:56:46.468605+00:00
ebc04728-ea0c-529b-849a-de92b0344eb7,1738,1985161,1985161,Lifesmart TM22X PowerTouch Treadmill,https://www.costco.com/.product.1985161.html,,,0,0,https://www.costco.com/costco-direct-fitness.html,2026-09-28T01:56:46.468605+00:00
e6131a83-0581-53db-b1ce-29d1aaf9806c,1738,4000212689,4000212689,Centr 2 by Inspire FTX Functional Trainer with Folding Bench and 1-year Centr App Subscription Included,https://www.costco.com/centr-2-by-inspire-ftx-functional-trainer-with-folding-bench-and-1-year-centr-app-subscription-included.product.4000212689.html,,,0,0,https://www.costco.com/costco-direct-fitness.html,2026-09-28T01:57:02.997997+00:00
44199d38-7b91-573b-b46e-2833c3312601,1738,4000304002,4000304002,Springfree All Black 13' Jumbo Round Trampoline,https://www.costco.com/springfree-all-black-13-jumbo-round-trampoline.product.4000304002.html,,,0,0,https://www.costco.com/costco-direct-fitness.html,2026-09-28T01:57:02.997997+00:00
eaccb1f5-cf8c-5377-b4ba-464e1ea52e21,1738,4201013001,4201013001,Raptor 9.5ft Fin Drive Modular Fishing Kayak,https://www.costco.com/raptor-95ft-fin-drive-modular-fishing-kayak.product.4201013001.html,,,0,0,https://www.costco.com/costco-direct-fitness.html,2026-09-28T01:57:02.997997+00:00
9ab20d81-7209-5986-9520-7abebd4f2db9,1738,4000396062,4000396062,Lifesmart TM6500 PowerTouch Treadmill,https://www.costco.com/lifesmart-tm6500-powertouch-treadmill.product.4000396062.html,,,0,0,https://www.costco.com/costco-direct-fitness.html,2026-09-28T01:57:02.997997+00:00
a6852cc7-5aac-5f3e-ac41-4d6f761d5ce5,1738,4000426561,4000426561,Lifesmart TM55 PowerTouch Treadmill,https://www.costco.com/lifesmart-tm55-powertouch-treadmill.product.4000426561.html,,,0,0,https://www.costco.com/costco-direct-fitness.html,2026-09-28T01:57:02.997997+00:00
b18ed0b4-2db2-5165-9813-b0e2271b0429,1738,4000348053,4000348053,Centr by Inspire 300 lb. Rubber Olympic Weight Set with Bar,https://www.costco.com/centr-by-inspire-300-lb-rubber-olympic-weight-set-with-bar.product.4000348053.html,,,0,0,https://www.costco.com/costco-direct-fitness.html,2026-09-28T01:57:02.997997+00:00
3e2186e2-d498-5263-a4fd-49a45183d1f4,1738,4000213851,4000213851,Centr 300 lb. Rubber Olympic Weight Set and 1-year Centr App Subscription Included,https://www.costco.com/centr-300-lb-rubber-olympic-weight-set-and-1-year-centr-app-subscription-included.product.4000213851.html,,,0,0,https://www.costco.com/costco-direct-fitness.html,2026-09-28T01:57:02.997997+00:00
2cdfa889-84be-504f-aae2-ebc58a96e9ec,1738,4000396113,4000396113,Centr Runr Folding Tool-less Assembly Treadmill,https://www.costco.com/centr-runr-folding-tool-less-assembly-treadmill.product.4000396113.html,,,0,0,https://www.costco.com/costco-direct-fitness.html,2026-09-28T01:57:02.997997+00:00
c398d65f-8550-5ff1-87a5-eb7f6d00e610,1738,4000401335,4000401335,Lifesmart TM22X PowerTouch Treadmill,https://www.costco.com/lifesmart-tm22x-powertouch-treadmill.product.4000401335.html,,,0,0,https://www.costco.com/costco-direct-fitness.html,2026-09-28T01:57:02.997997+00:00
ac9c5fbe-c255-5e0e-97fe-65cc44dafb0e,1738,1861704,1861704,Thomasville Fallon Modular Sectional 6-piece Gray with Ottoman,https://www.costco.com/.product.1861704.html,,,0,0,https://www.costco.com/costco-direct-furniture.html,2026-09-28T01:57:31.105558+00:00
bed9f087-9166-507e-9633-d5fac3c2c923,1738,1862201,1862201,"Thomasville Daxton Wood and Upholstered Bed Frame, Queen",https://www.costco.com/.product.1862201.html,,,0,0,https://www.costco.com/costco-direct-furniture.html,2026-09-28T01:57:31.105558+00:00
d908f937-4257-5c66-beb3-3f202949fb1e,1738,1987577,1987577,"Thomasville Daxton Wood and Upholstered Bed Frame, King",https://www.costco.com/.product.1987577.html,,,0,0,https://www.costco.com/costco-direct-furniture.html,2026-09-28T01:57:31.105558+00:00
3ca68073-aff6-52a4-95c4-33b2c9331d9d,1738,1987843,1987843,"Sydney 6-piece Fabric Modular Sectional, Taupe",https://www.costco.com/.product.1987843.html,,,0,0,https://www.costco.com/costco-direct-furniture.html,2026-09-28T01:57:31.105558+00:00
21b381d2-f2b1-5c9c-82ea-a5d46795b2ee,1738,1861999,1861999,"Rose Universal Broadmoore Bed Frame with Storage, White, Queen",https://www.costco.com/.product.1861999.html,,,0,0,https://www.costco.com/costco-direct-furniture.html,2026-09-28T01:57:31.105558+00:00
cbd27f48-b993-5089-ae5d-470b574e60cf,1738,1782774,1782774,Thomasville Tisdale Modular Sectional 6-piece Dark Gray with Storage Ottoman,https://www.costco.com/.product.1782774.html,,,0,0,https://www.costco.com/costco-direct-furniture.html,2026-09-28T01:57:31.105558+00:00
1b1d98f4-22e2-5574-9697-3834b541e1db,1738,1861850,1861850,"Henredon Murphy Fabric 6-piece Modular Sectional with Ottoman, Beige",https://www.costco.com/.product.1861850.html,,,0,0,https://www.costco.com/costco-direct-furniture.html,2026-09-28T01:57:31.105558+00:00
b99052f6-63a0-5f61-a4d0-f16d612ccbb1,1738,1862180,1862180,Coddle Luke Sleeper Sectional with Reversible Chaise and Storage,https://www.costco.com/.product.1862180.html,,,0,0,https://www.costco.com/costco-direct-furniture.html,2026-09-28T01:57:31.105558+00:00
f94bdaaf-d632-5a35-a7d0-efcd49fd9444,1738,1782955,1782955,Tresanti Kathryn Vanity Table with Adjustable LED Lighted Mirror,https://www.costco.com/.product.1782955.html,,,0,0,https://www.costco.com/costco-direct-furniture.html,2026-09-28T01:57:31.105558+00:00
b9c923b7-346d-5b12-9f2a-9b1d17e5bfb1,1738,1752967,1752967,"Thomasville Lowell 6-piece Modular Sectional, Light Gray",https://www.costco.com/.product.1752967.html,,,0,0,https://www.costco.com/costco-direct-furniture.html,2026-09-28T01:57:31.105558+00:00
63cee756-b143-5d04-8a14-64024cf80acc,1738,1783043,1783043,"Thomasville Lowell 6-piece Modular Sectional, Dark Gray",https://www.costco.com/.product.1783043.html,,,0,0,https://www.costco.com/costco-direct-furniture.html,2026-09-28T01:57:31.105558+00:00
3e63e133-287a-581b-b9a5-66cde3da2b69,1738,1646076,1646076,Rose Nightstand,https://www.costco.com/.product.1646076.html,,,0,0,https://www.costco.com/costco-direct-furniture.html,2026-09-28T01:57:31.105558+00:00
81d90836-ee81-56e5-a8fe-91404f70bb34,1738,1987610,1987610,Gilman Creek Aldryn Leather Gliding Power Recliner with Power Headrest,https://www.costco.com/.product.1987610.html,,,0,0,https://www.costco.com/costco-direct-furniture.html,2026-09-28T01:57:31.105558+00:00
1107b9e5-2e37-5fc5-ad6f-535085981535,1738,1862133,1862133,Henredon Caley Reversible Sofa Chaise with Ottoman,https://www.costco.com/.product.1862133.html,,,0,0,https://www.costco.com/costco-direct-furniture.html,2026-09-28T01:57:31.105558+00:00
88b9d100-1170-5b66-bd0a-ab43b5112d02,1738,1783252,1783252,Thomasville Gilroy Fabric Oversized Storage Chair and Storage Ottoman,https://www.costco.com/.product.1783252.html,,,0,0,https://www.costco.com/costco-direct-furniture.html,2026-09-28T01:57:31.105558+00:00
d12e89bc-b194-5528-afd0-1e35cdd30251,1738,1812516,1812516,Thomasville Whidbey Dining Table and 6 Chairs,https://www.costco.com/.product.1812516.html,,,0,0,https://www.costco.com/costco-direct-furniture.html,2026-09-28T01:57:31.105558+00:00
2b4ce666-6bd2-5eb3-b08e-e65021fabb75,1738,1695459,1695459,"Henredon Murphy Swivel Boucle Chair, Cream",https://www.costco.com/.product.1695459.html,,,0,0,https://www.costco.com/costco-direct-furniture.html,2026-09-28T01:57:31.105558+00:00
3eee9ce2-c9f5-526b-a91b-3a77b685f957,1738,1862067,1862067,"Henredon Murphy Fabric 6-piece Modular Sectional with Ottoman, Beige, Green",https://www.costco.com/.product.1862067.html,,,0,0,https://www.costco.com/costco-direct-furniture.html,2026-09-28T01:57:31.105558+00:00
91775fb6-d257-5385-844e-b7083c07b2a1,1738,1812619,1812619,Emma Fabric Power Reclining Sectional with Power Footrest,https://www.costco.com/.product.1812619.html,,,0,0,https://www.costco.com/costco-direct-furniture.html,2026-09-28T01:57:31.105558+00:00
f40c75fd-79e9-5aac-a20e-e7a78d082c7e,1738,1783245,1783245,Thomasville Caler Convertible Sleeper Sectional with Storage,https://www.costco.com/.product.1783245.html,,,0,0,https://www.costco.com/costco-direct-furniture.html,2026-09-28T01:57:31.105558+00:00
80065c7e-637e-53e3-b84d-ba8456cc3bb6,1738,1987706,1987706,"Broyhill Oswin Fabric 3-piece Sectional with Storage Ottoman, Tan",https://www.costco.com/.product.1987706.html,,,0,0,https://www.costco.com/costco-direct-furniture.html,2026-09-28T01:57:31.105558+00:00
bacab62e-ec7d-5bdf-9c5c-eae12485aebc,1738,1987614,1987614,Tresanti Theodore 74” Console with ClassicFlame Electric Fireplace,https://www.costco.com/.product.1987614.html,,,0,0,https://www.costco.com/costco-direct-furniture.html,2026-09-28T01:57:31.105558+00:00
87bf1492-716f-53c9-8bbd-98a8fc6cba6d,1738,1812802,1812802,"Monterey Bay 74"" Accent Console, Brown",https://www.costco.com/.product.1812802.html,,,0,0,https://www.costco.com/costco-direct-furniture.html,2026-09-28T01:57:31.105558+00:00
bad061ac-9864-56c2-942e-d1444ab1b6b8,1738,4000399251,4000399251,"Montebello 68"" Accent Console",https://www.costco.com/montebello-68-accent-console.product.4000399251.html,,,0,0,https://www.costco.com/costco-direct-furniture.html,2026-09-28T01:57:44.647161+00:00
ed426d2b-13b8-5261-af1d-bbeaa60c8539,1738,4000391685,4000391685,Thomasville Fallon Modular Sectional 6-piece Gray with Ottoman,https://www.costco.com/thomasville-fallon-modular-sectional-6-piece-gray-with-ottoman.product.4000391685.html,,,0,0,https://www.costco.com/costco-direct-furniture.html,2026-09-28T01:57:44.647161+00:00
3826d691-4b96-5f2b-bdb3-bbe9f6869999,1738,4000435609,4000435609,Thomasville Daxton Wood and Upholstered Bed Frame,https://www.costco.com/thomasville-daxton-wood-and-upholstered-bed-frame.product.4000435609.html,,,0,0,https://www.costco.com/costco-direct-furniture.html,2026-09-28T01:57:44.647161+00:00
12a61399-c726-51a1-a223-2833484fcdcf,1738,4201019352,4201019352,"Sydney 6-piece Fabric Modular Sectional, Taupe",https://www.costco.com/sydney-6-piece-fabric-modular-sectional-taupe.product.4201019352.html,,,0,0,https://www.costco.com/costco-direct-furniture.html,2026-09-28T01:57:44.647161+00:00
604cade7-0cd9-527f-a7e3-37fe74af1aa0,1738,4000396491,4000396491,"Rose Universal Broadmoore Bed Frame with Storage, White",https://www.costco.com/rose-universal-broadmoore-bed-frame-with-storage-white.product.4000396491.html,,,0,0,https://www.costco.com/costco-direct-furniture.html,2026-09-28T01:57:44.647161+00:00
db37948c-d5cd-5e51-9457-085bc46f0078,1738,4000242671,4000242671,Thomasville Tisdale Modular Sectional 6-piece Dark Gray with Storage Ottoman,https://www.costco.com/thomasville-tisdale-modular-sectional-6-piece-dark-gray-with-storage-ottoman.product.4000242671.html,,,0,0,https://www.costco.com/costco-direct-furniture.html,2026-09-28T01:57:44.647161+00:00
69b28169-3677-565e-b45a-ecdc2a186e06,1738,4000396252,4000396252,"Henredon Murphy Fabric 6-piece Modular Sectional with Ottoman, Beige",https://www.costco.com/henredon-murphy-fabric-6-piece-modular-sectional-with-ottoman-beige.product.4000396252.html,,,0,0,https://www.costco.com/costco-direct-furniture.html,2026-09-28T01:57:44.647161+00:00
c5cdbc6c-3579-594c-acdd-9dac033b2ba9,1738,4000407650,4000407650,Coddle Luke Sleeper Sectional with Reversible Chaise and Storage,https://www.costco.com/coddle-luke-sleeper-sectional-with-reversible-chaise-and-storage.product.4000407650.html,,,0,0,https://www.costco.com/costco-direct-furniture.html,2026-09-28T01:57:44.647161+00:00
90c6155b-95b5-5f1f-96d4-c2501edf3beb,1738,4000415850,4000415850,Tresanti Kathryn Vanity Table with Adjustable LED Lighted Mirror,https://www.costco.com/tresanti-kathryn-vanity-table-with-adjustable-led-lighted-mirror.product.4000415850.html,,,0,0,https://www.costco.com/costco-direct-furniture.html,2026-09-28T01:57:44.647161+00:00
dcd516c7-3364-5672-9659-936d31e52756,1738,4000244918,4000244918,Thomasville Lowell 6-piece Modular Sectional,https://www.costco.com/thomasville-lowell-6-piece-modular-sectional.product.4000244918.html,,,0,0,https://www.costco.com/costco-direct-furniture.html,2026-09-28T01:57:44.647161+00:00
d5b412cf-7ea4-58f9-be80-fc4e8dec4eb6,1738,4000221387,4000221387,Rose Nightstand,https://www.costco.com/rose-nightstand.product.4000221387.html,,,0,0,https://www.costco.com/costco-direct-furniture.html,2026-09-28T01:57:44.647161+00:00
a57ef7c3-975d-5630-812b-ec2402d77dec,1738,4201001396,4201001396,Gilman Creek Aldryn Leather Gliding Power Recliner with Power Headrest,https://www.costco.com/gilman-creek-aldryn-leather-gliding-power-recliner-with-power-headrest.product.4201001396.html,,,0,0,https://www.costco.com/costco-direct-furniture.html,2026-09-28T01:57:44.647161+00:00
e1720fe4-afb7-56c7-9258-282468840563,1738,4000410992,4000410992,Henredon Caley Reversible Sofa Chaise with Ottoman,https://www.costco.com/henredon-caley-reversible-sofa-chaise-with-ottoman.product.4000410992.html,,,0,0,https://www.costco.com/costco-direct-furniture.html,2026-09-28T01:57:44.647161+00:00
fe97777d-dbc9-5222-8b2f-1b4eac86761b,1738,4000394705,4000394705,Thomasville Gilroy Fabric Oversized Storage Chair and Storage Ottoman,https://www.costco.com/thomasville-gilroy-fabric-oversized-storage-chair-and-storage-ottoman.product.4000394705.html,,,0,0,https://www.costco.com/costco-direct-furniture.html,2026-09-28T01:57:44.647161+00:00
a194a287-d709-556f-995f-199fbcc2b89d,1738,4000311977,4000311977,Thomasville Whidbey Dining Table and 6 Chairs,https://www.costco.com/thomasville-whidbey-dining-table-and-6-chairs.product.4000311977.html,,,0,0,https://www.costco.com/costco-direct-furniture.html,2026-09-28T01:57:44.647161+00:00
e9863520-6271-52a3-854a-236d899579f9,1738,4000222234,4000222234,"Henredon Murphy Swivel Boucle Chair, Cream",https://www.costco.com/henredon-murphy-swivel-boucle-chair-cream.product.4000222234.html,,,0,0,https://www.costco.com/costco-direct-furniture.html,2026-09-28T01:57:44.647161+00:00
8ae952f0-9ae8-51c9-8a2d-29449a2b6edd,1738,4000396318,4000396318,"Henredon Murphy Fabric 6-piece Modular Sectional with Ottoman, Green",https://www.costco.com/henredon-murphy-fabric-6-piece-modular-sectional-with-ottoman-green.product.4000396318.html,,,0,0,https://www.costco.com/costco-direct-furniture.html,2026-09-28T01:57:44.647161+00:00
57cbe2ac-ea00-5d8d-b4c5-3beaa6c934aa,1738,4000362495,4000362495,Emma Fabric Power Reclining Sectional with Power Footrest,https://www.costco.com/emma-fabric-power-reclining-sectional-with-power-footrest.product.4000362495.html,,,0,0,https://www.costco.com/costco-direct-furniture.html,2026-09-28T01:57:44.647161+00:00
61bdd34e-58bb-5c6e-84c0-2aa80d5b272e,1738,4000281966,4000281966,Thomasville Caler Convertible Sleeper Sectional with Storage,https://www.costco.com/thomasville-caler-convertible-sleeper-sectional-with-storage.product.4000281966.html,,,0,0,https://www.costco.com/costco-direct-furniture.html,2026-09-28T01:57:44.647161+00:00
15b372fc-56aa-5f34-af92-9eb6b5acddc1,1738,4000225967,4000225967,Rose 6 Drawer Dresser,https://www.costco.com/rose-6-drawer-dresser.product.4000225967.html,,,0,0,https://www.costco.com/costco-direct-furniture.html,2026-09-28T01:57:44.647161+00:00
09e7e965-d3b6-55e5-a8e3-8bc2daef6e69,1738,4201013013,4201013013,"Broyhill Oswin Fabric 3-piece Sectional with Storage Ottoman, Tan",https://www.costco.com/broyhill-oswin-fabric-3-piece-sectional-with-storage-ottoman-tan.product.4201013013.html,,,0,0,https://www.costco.com/costco-direct-furniture.html,2026-09-28T01:57:44.647161+00:00
279fdf70-ffbc-55f6-9352-17df2fd909e7,1738,4000249535,4000249535,"Keeley 72"" Accent Cabinet",https://www.costco.com/keeley-72-accent-cabinet.product.4000249535.html,,,0,0,https://www.costco.com/costco-direct-furniture.html,2026-09-28T01:57:44.647161+00:00
7a9ec4f8-f91f-5a14-846a-97d3a4729478,1738,4201008206,4201008206,Tresanti Theodore 74” Console with ClassicFlame Electric Fireplace,https://www.costco.com/tresanti-theodore-74-console-with-classicflame-electric-fireplace.product.4201008206.html,,,0,0,https://www.costco.com/costco-direct-furniture.html,2026-09-28T01:57:44.647161+00:00
082e67eb-7b17-5f2c-9dbb-f14895e08226,1738,4000325224,4000325224,"Monterey Bay 74"" Accent Console, Brown",https://www.costco.com/monterey-bay-74-accent-console-brown.product.4000325224.html,,,0,0,https://www.costco.com/costco-direct-furniture.html,2026-09-28T01:57:44.647161+00:00
c6c65193-949e-50a8-9e84-71a2f6d764cb,1738,1600208,1600208,"Gorilla Rack Industrial Shelving, 77” x 24” x 72",https://www.costco.com/.product.1600208.html,,,0,0,https://www.costco.com/costco-direct-home-upgrades.html,2026-09-28T01:58:15.060278+00:00
3bcd5cf2-7c2c-55d7-893b-6220cd109233,1738,1989555,1989555,"NewAge Products Bold Series 6 Piece Cabinet Set with 30 in. Locker, Base and Wall Cabinet, Gray",https://www.costco.com/.product.1989555.html,,,0,0,https://www.costco.com/costco-direct-home-upgrades.html,2026-09-28T01:58:15.060278+00:00
104c2286-4270-5096-8906-c8de2e902e00,1738,1000191,1000191,"NewAge Products Bold Series 6-piece Cabinet Set with 30 in. Locker, Base and Wall Cabinet, Black",https://www.costco.com/.product.1000191.html,,,0,0,https://www.costco.com/costco-direct-home-upgrades.html,2026-09-28T01:58:15.060278+00:00
330007c8-3525-5c52-9ea8-22a4d5e034c0,1738,1944421,1944421,Kohler 26kW Home Standby Generator with 200A Automatic Transfer Switch,https://www.costco.com/.product.1944421.html,,,0,0,https://www.costco.com/costco-direct-home-upgrades.html,2026-09-28T01:58:15.060278+00:00
6940a33b-de7b-5cf3-bf3b-ad97bc9240a4,1738,1938016,1938016,Sanctuary Reserve 6.0 cu. ft. Fireproof and Waterproof Safe with Electronic Lock,https://www.costco.com/.product.1938016.html,,,0,0,https://www.costco.com/costco-direct-home-upgrades.html,2026-09-28T01:58:15.060278+00:00
9998e248-f107-5e31-8159-9f1664ff4fec,1738,2108043,2108043,Guardian by Generac 22kw Home Standby Generator with 200A Automatic Transfer Switch Included,https://www.costco.com/.product.2108043.html,,,0,0,https://www.costco.com/costco-direct-home-upgrades.html,2026-09-28T01:58:15.060278+00:00
2b5369d2-75cb-5832-b398-99bf255a74ac,1738,1223333,1223333,"Gorilla Rack 5-tier Industrial Rack, 72"" x 24"" x 84""",https://www.costco.com/.product.1223333.html,,,0,0,https://www.costco.com/costco-direct-home-upgrades.html,2026-09-28T01:58:15.060278+00:00
163424d6-c0c9-57e4-87b1-3cb62cf4b375,1738,1671617,1671617,"Sanctuary 6.0 cu. ft. Gun Safe, Electronic Lock, Water & Fire Rated",https://www.costco.com/.product.1671617.html,,,0,0,https://www.costco.com/costco-direct-home-upgrades.html,2026-09-28T01:58:15.060278+00:00
54bbdaa3-1af8-5bf8-a418-3fd88993753a,1738,1546146,1546146,Honeywell 22kW Home Standby Generator with Transfer Switch,https://www.costco.com/.product.1546146.html,,,0,0,https://www.costco.com/costco-direct-home-upgrades.html,2026-09-28T01:58:15.060278+00:00
4934288d-70ef-51b2-820f-f255e7f61d77,1738,1993993,1993993,TOTO Drake 2-Piece Elongated Toilet with C5 Washlet Bidet Seat,https://www.costco.com/.product.1993993.html,,,0,0,https://www.costco.com/costco-direct-home-upgrades.html,2026-09-28T01:58:15.060278+00:00
46649c9f-4faa-550b-94d5-99038337c044,1738,1841058,1841058,"Gladiator Heavy Duty Rack, 60"" x 18"" x 72"", Gray",https://www.costco.com/.product.1841058.html,,,0,0,https://www.costco.com/costco-direct-home-upgrades.html,2026-09-28T01:58:15.060278+00:00
15e69840-c5a9-5817-a386-60369256a2cb,1738,1841060,1841060,"Gladiator Heavy Duty Rack, 60"" x 18"" x 72"", White",https://www.costco.com/.product.1841060.html,,,0,0,https://www.costco.com/costco-direct-home-upgrades.html,2026-09-28T01:58:15.060278+00:00
ba323570-9363-556f-999f-bbcee074b8ee,1738,1740884,1740884,Kohler Adair One-Piece Elongated Toilet,https://www.costco.com/.product.1740884.html,,,0,0,https://www.costco.com/costco-direct-home-upgrades.html,2026-09-28T01:58:15.060278+00:00
c336690f-a6c1-5db4-90cc-eaf5708fa959,1738,1997781,1997781,Kohler Tresham 2-piece Elongated Toilet,https://www.costco.com/.product.1997781.html,,,0,0,https://www.costco.com/costco-direct-home-upgrades.html,2026-09-28T01:58:15.060278+00:00
ef3b907d-837f-5350-a956-98c7ff4f3d78,1738,1841061,1841061,"Gladiator Heavy Duty Mega Rack, 90"" x 24"" x 90""",https://www.costco.com/.product.1841061.html,,,0,0,https://www.costco.com/costco-direct-home-upgrades.html,2026-09-28T01:58:15.060278+00:00
18ee9a02-55fa-53e7-a667-d403b16c0fe4,1738,1827043,1827043,TOTO Eco UltraMax 1 Piece Elongated Toilet,https://www.costco.com/.product.1827043.html,,,0,0,https://www.costco.com/costco-direct-home-upgrades.html,2026-09-28T01:58:15.060278+00:00
7d5796e0-d499-5820-ad77-6e67f5cb111e,1738,1724621,1724621,"Kohler Jaro One-Piece Elongated Smart Toilet, Dual-flush",https://www.costco.com/.product.1724621.html,,,0,0,https://www.costco.com/costco-direct-home-upgrades.html,2026-09-28T01:58:15.060278+00:00
0626279d-eb64-5f11-aa12-e0c67bd509db,1738,4000295255,4000295255,"Gorilla Rack Industrial Shelving, 77” x 24” x 72""",https://www.costco.com/gorilla-rack-industrial-shelving-77-x-24-x-72.product.4000295255.html,,,0,0,https://www.costco.com/costco-direct-home-upgrades.html,2026-09-28T01:58:38.123675+00:00
39744c4e-63b3-5b00-991a-7930f40cd9af,1738,4000315454,4000315454,"NewAge Products Bold Series 6-piece Cabinet Set with 30 in. Locker, Base and Wall Cabinet",https://www.costco.com/newage-products-bold-series-6-piece-cabinet-set-with-30-in-locker-base-and-wall-cabinet.product.4000315454.html,,,0,0,https://www.costco.com/costco-direct-home-upgrades.html,2026-09-28T01:58:38.123675+00:00
9669ffff-4232-55e6-b9c9-d0c65b767b40,1738,4000381672,4000381672,Kohler 26kW Home Standby Generator with 200A Automatic Transfer Switch,https://www.costco.com/kohler-26kw-home-standby-generator-with-200a-automatic-transfer-switch.product.4000381672.html,,,0,0,https://www.costco.com/costco-direct-home-upgrades.html,2026-09-28T01:58:38.123675+00:00
7e17025f-4684-58f5-bf1c-34f0a92fb5cd,1738,4201019955,4201019955,Sanctuary Reserve 6.0 cu. ft. Fireproof and Waterproof Safe with Electronic Lock,https://www.costco.com/sanctuary-reserve-60-cu-ft-fireproof-and-waterproof-safe-with-electronic-lock.product.4201019955.html,,,0,0,https://www.costco.com/costco-direct-home-upgrades.html,2026-09-28T01:58:38.123675+00:00
cbbd78f7-2f6b-53b9-82f6-d2dac82e5b7c,1738,4201046849,4201046849,Guardian by Generac 22kw Home Standby Generator with 200A Automatic Transfer Switch Included,https://www.costco.com/guardian-by-generac-22kw-home-standby-generator-with-200a-automatic-transfer-switch-included.product.4201046849.html,,,0,0,https://www.costco.com/costco-direct-home-upgrades.html,2026-09-28T01:58:38.123675+00:00
abba9a58-39c4-5ee3-bb03-8c2f4c1c923e,1738,4000355839,4000355839,"Gorilla Rack 5-tier Industrial Rack, 72"" x 24"" x 84""",https://www.costco.com/gorilla-rack-5-tier-industrial-rack-72-x-24-x-84.product.4000355839.html,,,0,0,https://www.costco.com/costco-direct-home-upgrades.html,2026-09-28T01:58:38.123675+00:00
485da1bc-147c-5413-8db4-68c47a05b316,1738,4000240166,4000240166,"Sanctuary 6.0 cu. ft. Gun Safe, Electronic Lock, Water & Fire Rated",https://www.costco.com/sanctuary-60-cu-ft-gun-safe-electronic-lock-water--fire-rated.product.4000240166.html,,,0,0,https://www.costco.com/costco-direct-home-upgrades.html,2026-09-28T01:58:38.123675+00:00
79314e71-df26-50ea-b344-a6958cb5f064,1738,100767860,100767860,Honeywell 22kW Home Standby Generator with Transfer Switch,https://www.costco.com/honeywell-22kw-home-standby-generator-with-transfer-switch.product.100767860.html,,,0,0,https://www.costco.com/costco-direct-home-upgrades.html,2026-09-28T01:58:38.123675+00:00
0b4cafe3-4f7f-5fdf-822f-ca70c5874497,1738,4000435655,4000435655,Kohler Calidus 2-piece Elongated Toilet,https://www.costco.com/kohler-calidus-2-piece-elongated-toilet.product.4000435655.html,,,0,0,https://www.costco.com/costco-direct-home-upgrades.html,2026-09-28T01:58:38.123675+00:00
20353f08-291a-58de-b500-a38ce20bfbcf,1738,4000380465,4000380465,TOTO Drake 2-piece Elongated Toilet with C5 Washlet Bidet Seat,https://www.costco.com/toto-drake-2-piece-elongated-toilet-with-c5-washlet-bidet-seat.product.4000380465.html,,,0,0,https://www.costco.com/costco-direct-home-upgrades.html,2026-09-28T01:58:38.123675+00:00
6d3519b8-1ddd-5183-b41b-c446e6eb8d87,1738,4000341628,4000341628,"Kohler Fora One-piece Elongated Smart Toilet, Dual-flush",https://www.costco.com/kohler-fora-one-piece-elongated-smart-toilet-dual-flush.product.4000341628.html,,,0,0,https://www.costco.com/costco-direct-home-upgrades.html,2026-09-28T01:58:38.123675+00:00
cdfcd21b-ad9c-516b-90e4-11dd7d923852,1738,4000284151,4000284151,"Gladiator Heavy Duty Rack, 60"" x 18"" x 72""",https://www.costco.com/gladiator-heavy-duty-rack-60-x-18-x-72.product.4000284151.html,,,0,0,https://www.costco.com/costco-direct-home-upgrades.html,2026-09-28T01:58:38.123675+00:00
06cff4c2-cb5f-56fa-aac2-ec7f3fd072a7,1738,4000178846,4000178846,Kohler Adair One-Piece Elongated Toilet,https://www.costco.com/kohler-adair-one-piece-elongated-toilet.product.4000178846.html,,,0,0,https://www.costco.com/costco-direct-home-upgrades.html,2026-09-28T01:58:38.123675+00:00
c2f06f16-293e-5741-8ac6-e4ce5f7bdddd,1738,4000430806,4000430806,Kohler Tresham 2-piece Elongated Toilet,https://www.costco.com/kohler-tresham-2-piece-elongated-toilet.product.4000430806.html,,,0,0,https://www.costco.com/costco-direct-home-upgrades.html,2026-09-28T01:58:38.123675+00:00
736163f1-a0d8-5da3-839e-edf186e2871a,1738,4000284187,4000284187,"Gladiator Heavy Duty Mega Rack, 90"" x 24"" x 90""",https://www.costco.com/gladiator-heavy-duty-mega-rack-90-x-24-x-90.product.4000284187.html,,,0,0,https://www.costco.com/costco-direct-home-upgrades.html,2026-09-28T01:58:38.123675+00:00
b7a0cabb-35da-5b67-85b2-339ecff3a7a2,1738,4000269075,4000269075,TOTO Eco UltraMax 1 Piece Elongated Toilet,https://www.costco.com/toto-eco-ultramax-1-piece-elongated-toilet.product.4000269075.html,,,0,0,https://www.costco.com/costco-direct-home-upgrades.html,2026-09-28T01:58:38.123675+00:00
927bc253-d37a-59e9-872d-0fc5aec489ca,1738,4000138099,4000138099,"Kohler Jaro One-Piece Elongated Smart Toilet, Dual-flush",https://www.costco.com/kohler-jaro-one-piece-elongated-smart-toilet-dual-flush.product.4000138099.html,,,0,0,https://www.costco.com/costco-direct-home-upgrades.html,2026-09-28T01:58:38.123675+00:00
329af4ae-6ea2-5116-9429-46d9cf00a753,1738,1900568,1900568,"Sealy Posturepedic Pro Lincoln Heights 14"" Firm, Medium, or Plush Mattress, Firm Full",https://www.costco.com/.product.1900568.html,,,0,0,https://www.costco.com/costco-direct-mattresses.html,2026-09-28T01:59:05.284978+00:00
9043da04-e8d9-5a7e-a271-eeab0fb0f9e2,1738,1900569,1900569,"Sealy Posturepedic Pro Lincoln Heights 14"" Firm, Medium, or Plush Mattress, Firm Queen",https://www.costco.com/.product.1900569.html,,,0,0,https://www.costco.com/costco-direct-mattresses.html,2026-09-28T01:59:05.284978+00:00
59fc7bd8-7043-5735-9e06-3cfb63c2d009,1738,1900570,1900570,"Sealy Posturepedic Pro Lincoln Heights 14"" Firm, Medium, or Plush Mattress, Firm King",https://www.costco.com/.product.1900570.html,,,0,0,https://www.costco.com/costco-direct-mattresses.html,2026-09-28T01:59:05.284978+00:00
f4a34f10-add3-5b32-8051-efafccd5d900,1738,2045147,2045147,"Sealy Posturepedic Pro Lincoln Heights 14"" Firm, Medium, or Plush Mattress, Medium Queen",https://www.costco.com/.product.2045147.html,,,0,0,https://www.costco.com/costco-direct-mattresses.html,2026-09-28T01:59:05.284978+00:00
57d20b02-759f-54b0-8087-bd26804406f5,1738,2045148,2045148,"Sealy Posturepedic Pro Lincoln Heights 14"" Firm, Medium, or Plush Mattress, Medium, King",https://www.costco.com/.product.2045148.html,,,0,0,https://www.costco.com/costco-direct-mattresses.html,2026-09-28T01:59:05.284978+00:00
c8ffa20d-fc04-5981-bfd5-e17daa22a029,1738,1845205,1845205,"Kirkland Signature by Stearns & Foster 14"" Tight Top Lakeridge Mattress, Queen",https://www.costco.com/.product.1845205.html,,,0,0,https://www.costco.com/costco-direct-mattresses.html,2026-09-28T01:59:05.284978+00:00
7567d067-8cec-5658-bc8b-45e1f5391b76,1738,1845206,1845206,"Kirkland Signature by Stearns & Foster 14"" Tight Top Lakeridge Mattress, King",https://www.costco.com/.product.1845206.html,,,0,0,https://www.costco.com/costco-direct-mattresses.html,2026-09-28T01:59:05.284978+00:00
31527221-3013-53be-aae0-d3926a5c5785,1738,1845207,1845207,"Kirkland Signature by Stearns & Foster 14"" Tight Top Lakeridge Mattress, California King",https://www.costco.com/.product.1845207.html,,,0,0,https://www.costco.com/costco-direct-mattresses.html,2026-09-28T01:59:05.284978+00:00
a9ab2dd5-d7de-56a6-a763-9dc3967e2a74,1738,1723201,1723201,"Novaform 14” ComfortGrande Advanced Gel Memory Foam Mattress, Twin",https://www.costco.com/.product.1723201.html,,,0,0,https://www.costco.com/costco-direct-mattresses.html,2026-09-28T01:59:05.284978+00:00
d42c7cd1-b28e-5a0d-b0a3-cc75f79c22ba,1738,1723202,1723202,"Novaform 14” ComfortGrande Advanced Gel Memory Foam Mattress, Full",https://www.costco.com/.product.1723202.html,,,0,0,https://www.costco.com/costco-direct-mattresses.html,2026-09-28T01:59:05.284978+00:00
a084b560-109d-5d70-b68d-378aaf8dec1e,1738,1895900,1895900,"Novaform 14” ComfortGrande Advanced Gel Memory Foam Mattress, Twin XL",https://www.costco.com/.product.1895900.html,,,0,0,https://www.costco.com/costco-direct-mattresses.html,2026-09-28T01:59:05.284978+00:00
82b8c2f4-b9c9-5af4-9cb2-c87a8dbf1b92,1738,1722208,1722208,"Kirkland Signature by Stearns & Foster 14.5"" Pillow Top Lakeridge Mattress, Queen",https://www.costco.com/.product.1722208.html,,,0,0,https://www.costco.com/costco-direct-mattresses.html,2026-09-28T01:59:05.284978+00:00
50d14585-e27f-5798-81c3-ac7a3da13252,1738,1722209,1722209,"Kirkland Signature by Stearns & Foster 14.5"" Pillow Top Lakeridge Mattress, King",https://www.costco.com/.product.1722209.html,,,0,0,https://www.costco.com/costco-direct-mattresses.html,2026-09-28T01:59:05.284978+00:00
32e9e09a-fb94-5744-a592-b5be2a95c859,1738,1722210,1722210,"Kirkland Signature by Stearns & Foster 14.5"" Pillow Top Lakeridge Mattress, Cal King",https://www.costco.com/.product.1722210.html,,,0,0,https://www.costco.com/costco-direct-mattresses.html,2026-09-28T01:59:05.284978+00:00
bfd7ade9-557f-5ccc-adfe-f252e1a8e66d,1738,1748799,1748799,"Casper Cooling Select 12"" Memory Foam Mattress, Full",https://www.costco.com/.product.1748799.html,,,0,0,https://www.costco.com/costco-direct-mattresses.html,2026-09-28T01:59:05.284978+00:00
b64d17ec-ebdf-5793-801a-26c6b8a890ab,1738,1748802,1748802,"Casper Cooling Select 12"" Memory Foam Mattress, Cal King",https://www.costco.com/.product.1748802.html,,,0,0,https://www.costco.com/costco-direct-mattresses.html,2026-09-28T01:59:05.284978+00:00
9ef8f7dd-b64c-5e0c-a60b-8252e6e2ab7c,1738,1900477,1900477,"Sealy Posturepedic Pro Highland Manor 13"" Medium Mattress, Full",https://www.costco.com/.product.1900477.html,,,0,0,https://www.costco.com/costco-direct-mattresses.html,2026-09-28T01:59:05.284978+00:00
b500a7c2-a697-58b3-87ed-a1068f2b8c97,1738,1900480,1900480,"Sealy Posturepedic Pro Highland Manor 13"" Medium Mattress, Cal King",https://www.costco.com/.product.1900480.html,,,0,0,https://www.costco.com/costco-direct-mattresses.html,2026-09-28T01:59:05.284978+00:00
35a70389-d936-57e2-a37d-17d4f9b35899,1738,1351204,1351204,"Beautyrest 12"" Silver BRS900 Medium Mattress, Queen",https://www.costco.com/.product.1351204.html,,,0,0,https://www.costco.com/costco-direct-mattresses.html,2026-09-28T01:59:05.284978+00:00
3b7184f9-51ca-5f5b-b95c-80a41837c1e5,1738,1351200,1351200,"Beautyrest 12"" Silver BRS900 Medium Mattress, King",https://www.costco.com/.product.1351200.html,,,0,0,https://www.costco.com/costco-direct-mattresses.html,2026-09-28T01:59:05.284978+00:00
a3f3cbc7-c98e-5818-a059-0ffedb1132ed,1738,1900481,1900481,"Sealy Posturepedic Plus Prosser Hills 12"" Firm Tight Top Mattress, Firm, Full",https://www.costco.com/.product.1900481.html,,,0,0,https://www.costco.com/costco-direct-mattresses.html,2026-09-28T01:59:05.284978+00:00
8649632a-11ee-512d-afca-190d73aac641,1738,1900482,1900482,"Sealy Posturepedic Plus Prosser Hills 12"" Firm Tight Top Mattress, Queen",https://www.costco.com/.product.1900482.html,,,0,0,https://www.costco.com/costco-direct-mattresses.html,2026-09-28T01:59:05.284978+00:00
a5539114-f4a1-59aa-bb58-a02ea9b106cb,1738,1900483,1900483,"Sealy Posturepedic Plus Prosser Hills 12"" Firm Tight Top Mattress, King",https://www.costco.com/.product.1900483.html,,,0,0,https://www.costco.com/costco-direct-mattresses.html,2026-09-28T01:59:05.284978+00:00
cdc19bde-baff-5aae-a032-0488f7001357,1738,1900484,1900484,"Sealy Posturepedic Plus Prosser Hills 12"" Firm Tight Top Mattress, California King",https://www.costco.com/.product.1900484.html,,,0,0,https://www.costco.com/costco-direct-mattresses.html,2026-09-28T01:59:05.284978+00:00
9a59a144-bf38-5549-8430-b7189b27596b,1738,1847133,1847133,"Novaform 14"" Legacy Premier Support Hybrid Euro Top Mattress, Queen, Firm",https://www.costco.com/.product.1847133.html,,,0,0,https://www.costco.com/costco-direct-mattresses.html,2026-09-28T01:59:05.284978+00:00
3ceb9cbf-d617-546c-aa64-12238b6a8e2d,1738,1847134,1847134,"Novaform 14"" Legacy Premier Support Hybrid Euro Top Mattress, King, Firm",https://www.costco.com/.product.1847134.html,,,0,0,https://www.costco.com/costco-direct-mattresses.html,2026-09-28T01:59:05.284978+00:00
3368f15b-ec95-5c50-95b4-0ec5faf0d72a,1738,1990972,1990972,"Novaform 14"" Legacy Premier Support Hybrid Euro Top Mattress, King, Medium",https://www.costco.com/.product.1990972.html,,,0,0,https://www.costco.com/costco-direct-mattresses.html,2026-09-28T01:59:05.284978+00:00
fb4889cf-09cc-5eb7-86c2-deffaee6107e,1738,1990971,1990971,"Novaform 14"" Legacy Premier Support Hybrid Euro Top Mattress, Queen, Medium",https://www.costco.com/.product.1990971.html,,,0,0,https://www.costco.com/costco-direct-mattresses.html,2026-09-28T01:59:05.284978+00:00
a98bf0e0-040e-55c7-a625-edaf86a7c9dd,1738,1608575,1608575,"Beautyrest 12"" BR800 Medium Mattress, Twin",https://www.costco.com/.product.1608575.html,,,0,0,https://www.costco.com/costco-direct-mattresses.html,2026-09-28T01:59:05.284978+00:00
4335c1e3-56ef-57be-98ad-ec3908766f05,1738,1608576,1608576,"Beautyrest 12"" BR800 Medium Mattress, Full",https://www.costco.com/.product.1608576.html,,,0,0,https://www.costco.com/costco-direct-mattresses.html,2026-09-28T01:59:05.284978+00:00
756dbe37-5813-5eff-8037-41c6049ff469,1738,1964082,1964082,"Novaform 14” ComfortGrande Advanced Hybrid Mattress, Queen",https://www.costco.com/.product.1964082.html,,,0,0,https://www.costco.com/costco-direct-mattresses.html,2026-09-28T01:59:05.284978+00:00
ab5992c4-0f72-503d-8f39-929c2cd92b7e,1738,1964083,1964083,"Novaform 14” ComfortGrande Advanced Hybrid Mattress, King",https://www.costco.com/.product.1964083.html,,,0,0,https://www.costco.com/costco-direct-mattresses.html,2026-09-28T01:59:05.284978+00:00
45d49a65-e6c8-5812-a759-ab022920b7d7,1738,1996720,1996720,"Sealy Posturepedic Pro Omak Valley 13"" Firm Hybrid Mattress, King",https://www.costco.com/.product.1996720.html,,,0,0,https://www.costco.com/costco-direct-mattresses.html,2026-09-28T01:59:05.284978+00:00
7b44d12a-e4e8-5a11-9bf9-502355010582,1738,1996719,1996719,"Sealy Posturepedic Pro Omak Valley 13"" Firm Hybrid Mattress, Queen",https://www.costco.com/.product.1996719.html,,,0,0,https://www.costco.com/costco-direct-mattresses.html,2026-09-28T01:59:05.284978+00:00
7ad0c204-a293-5ce7-9506-2483841bf729,1738,1817451,1817451,"Novaform 14"" Serafina PerfectTemp Gel Memory Foam Mattress, Firm, Queen",https://www.costco.com/.product.1817451.html,,,0,0,https://www.costco.com/costco-direct-mattresses.html,2026-09-28T01:59:05.284978+00:00
598752c3-2c15-5608-b0df-7514059969db,1738,1817445,1817445,"Novaform 14"" Serafina PerfectTemp Gel Memory Foam Mattress, Firm, King",https://www.costco.com/.product.1817445.html,,,0,0,https://www.costco.com/costco-direct-mattresses.html,2026-09-28T01:59:05.284978+00:00
2070c79f-c2df-5957-90a4-dddec31f6d7a,1738,1817313,1817313,"Novaform 14"" Serafina PerfectTemp Gel Memory Foam Mattress, Medium, Queen",https://www.costco.com/.product.1817313.html,,,0,0,https://www.costco.com/costco-direct-mattresses.html,2026-09-28T01:59:05.284978+00:00
92c3abce-f589-5792-8e98-0fe5a0e432fa,1738,1817081,1817081,"Novaform 14"" Serafina PerfectTemp Gel Memory Foam Mattress, Medium, King",https://www.costco.com/.product.1817081.html,,,0,0,https://www.costco.com/costco-direct-mattresses.html,2026-09-28T01:59:05.284978+00:00
ae18dc80-a718-58f9-92eb-edee4ff303ed,1738,1800512,1800512,"Casper Cooling Select 12"" Hybrid Medium Firm Mattress, Full",https://www.costco.com/.product.1800512.html,,,0,0,https://www.costco.com/costco-direct-mattresses.html,2026-09-28T01:59:05.284978+00:00
92cc2d08-dba1-5066-b3da-9e20beacde13,1738,1788194,1788194,"Casper Cooling Select 12"" Hybrid Medium Firm Mattress, King",https://www.costco.com/.product.1788194.html,,,0,0,https://www.costco.com/costco-direct-mattresses.html,2026-09-28T01:59:05.284978+00:00
0f84820d-a56a-507b-9fab-8009aec58624,1738,1788193,1788193,"Casper Cooling Select 12"" Hybrid Medium Firm Mattress, Queen",https://www.costco.com/.product.1788193.html,,,0,0,https://www.costco.com/costco-direct-mattresses.html,2026-09-28T01:59:05.284978+00:00
5cf581be-66c1-54ad-ab87-2d49c0ccf388,1738,1788195,1788195,"Casper Cooling Select 12"" Hybrid Medium Firm Mattress, Cal King",https://www.costco.com/.product.1788195.html,,,0,0,https://www.costco.com/costco-direct-mattresses.html,2026-09-28T01:59:05.284978+00:00
2cd7d963-7353-5797-aabb-8dd3e92bcf8d,1738,1900485,1900485,"Sealy Posturepedic Plus Prosser Hills 13.5"" Plush Pillow Top Mattress, Full",https://www.costco.com/.product.1900485.html,,,0,0,https://www.costco.com/costco-direct-mattresses.html,2026-09-28T01:59:05.284978+00:00
7335a702-fa99-5922-a83c-e4ba16b045f9,1738,1900486,1900486,"Sealy Posturepedic Plus Prosser Hills 13.5"" Plush Pillow Top Mattress, Queen",https://www.costco.com/.product.1900486.html,,,0,0,https://www.costco.com/costco-direct-mattresses.html,2026-09-28T01:59:05.284978+00:00
9dee4f5d-6e3d-5b0a-8d92-f2604c322c70,1738,1900487,1900487,"Sealy Posturepedic Plus Prosser Hills 13.5"" Plush Pillow Top Mattress, King",https://www.costco.com/.product.1900487.html,,,0,0,https://www.costco.com/costco-direct-mattresses.html,2026-09-28T01:59:05.284978+00:00
4c430cdd-9dec-57b8-9eea-d6c0f641967d,1738,1900488,1900488,"Sealy Posturepedic Plus Prosser Hills 13.5"" Plush Pillow Top Mattress, California King",https://www.costco.com/.product.1900488.html,,,0,0,https://www.costco.com/costco-direct-mattresses.html,2026-09-28T01:59:05.284978+00:00
595c322d-3af9-54f1-9c39-ff98e3132855,1738,1990973,1990973,"Novaform 16"" Legacy Elite Premier Hybrid Euro Top Mattress, Queen",https://www.costco.com/.product.1990973.html,,,0,0,https://www.costco.com/costco-direct-mattresses.html,2026-09-28T01:59:05.284978+00:00
ffa8f6d1-84ab-54b6-b6fd-5e25a9fd0fe1,1738,1990974,1990974,"Novaform 16"" Legacy Elite Premier Hybrid Euro Top Mattress, King",https://www.costco.com/.product.1990974.html,,,0,0,https://www.costco.com/costco-direct-mattresses.html,2026-09-28T01:59:05.284978+00:00
cbded5a0-66ea-52b1-8c05-096119f8aaa7,1738,1983478,1983478,"Avocado Organic 13"" Medium-Plush Pillowtop Hybrid Mattress, Full",https://www.costco.com/.product.1983478.html,,,0,0,https://www.costco.com/costco-direct-mattresses.html,2026-09-28T01:59:05.284978+00:00
70a445dc-5db0-5b27-b3bd-acc6b33f7108,1738,1983480,1983480,"Avocado Organic 13"" Medium-Plush Pillowtop Hybrid Mattress, King",https://www.costco.com/.product.1983480.html,,,0,0,https://www.costco.com/costco-direct-mattresses.html,2026-09-28T01:59:05.284978+00:00
45899305-1edc-5907-8d14-d41c2b5ca31c,1738,1983479,1983479,"Avocado Organic 13"" Medium-Plush Pillowtop Hybrid Mattress, Queen",https://www.costco.com/.product.1983479.html,,,0,0,https://www.costco.com/costco-direct-mattresses.html,2026-09-28T01:59:05.284978+00:00
932cfc70-adfe-5702-975e-a54bd7d30720,1738,1743417,1743417,"PurpleRenew 11"" Gel Grid Mattress, Queen",https://www.costco.com/.product.1743417.html,,,0,0,https://www.costco.com/costco-direct-mattresses.html,2026-09-28T01:59:05.284978+00:00
a865681b-2b3d-5aff-8b75-5856c72f82f1,1738,1743415,1743415,"PurpleRenew 11"" Gel Grid Mattress, King",https://www.costco.com/.product.1743415.html,,,0,0,https://www.costco.com/costco-direct-mattresses.html,2026-09-28T01:59:05.284978+00:00
46f46b2f-e8b4-5e7f-aa71-2d6bf1f351f3,1738,4000383457,4000383457,"Sealy Posturepedic Pro Lincoln Heights 14"" Firm, Medium, or Plush Mattress",https://www.costco.com/sealy-posturepedic-pro-lincoln-heights-14-firm-medium-or-plush-mattress.product.4000383457.html,,,0,0,https://www.costco.com/costco-direct-mattresses.html,2026-09-28T01:59:17.228232+00:00
08eb535f-b1b8-53a9-8ce5-171b15271e01,1738,4000222494,4000222494,Novaform 14” ComfortGrande Advanced Gel Memory Foam Mattress,https://www.costco.com/novaform-14-comfortgrande-advanced-gel-memory-foam-mattress.product.4000222494.html,,,0,0,https://www.costco.com/costco-direct-mattresses.html,2026-09-28T01:59:17.228232+00:00
7902f7f7-6b5e-5711-8801-a9292345cf0d,1738,4000277076,4000277076,"Kirkland Signature by Stearns & Foster 14.5"" Pillow Top Lakeridge Mattress",https://www.costco.com/kirkland-signature-by-stearns--foster-145-pillow-top-lakeridge-mattress.product.4000277076.html,,,0,0,https://www.costco.com/costco-direct-mattresses.html,2026-09-28T01:59:17.228232+00:00
b64100b3-383e-5581-85f7-3df670194117,1738,4000203417,4000203417,"Casper Cooling Select 12"" Memory Foam Mattress",https://www.costco.com/casper-cooling-select-12-memory-foam-mattress.product.4000203417.html,,,0,0,https://www.costco.com/costco-direct-mattresses.html,2026-09-28T01:59:17.228232+00:00
b4f69d4d-316a-5f37-9d98-6671dc2b60af,1738,4000363508,4000363508,"Sealy Posturepedic Pro Highland Manor 13"" Medium Mattress",https://www.costco.com/sealy-posturepedic-pro-highland-manor-13-medium-mattress.product.4000363508.html,,,0,0,https://www.costco.com/costco-direct-mattresses.html,2026-09-28T01:59:17.228232+00:00
d3723013-808d-571c-9894-9b0812cb3d94,1738,100497048,100497048,"Beautyrest 12"" Silver BRS900 Medium-Firm Mattress",https://www.costco.com/beautyrest-12-silver-brs900-medium-firm-mattress.product.100497048.html,,,0,0,https://www.costco.com/costco-direct-mattresses.html,2026-09-28T01:59:17.228232+00:00
7b361e13-ba86-5c8c-92bc-dcbc55a1deba,1738,4000369537,4000369537,Sealy Posturepedic Plus Prosser Hills 12” Firm Tight Top Mattress,https://www.costco.com/sealy-posturepedic-plus-prosser-hills-12-firm-tight-top-mattress.product.4000369537.html,,,0,0,https://www.costco.com/costco-direct-mattresses.html,2026-09-28T01:59:17.228232+00:00
3379f35c-5bc6-5d28-9ae7-98765dbbc18f,1738,4000326605,4000326605,"Novaform 14"" Legacy Premier Support Hybrid Euro Top Mattress",https://www.costco.com/novaform-14-legacy-premier-support-hybrid-euro-top-mattress.product.4000326605.html,,,0,0,https://www.costco.com/costco-direct-mattresses.html,2026-09-28T01:59:17.228232+00:00
e3a38a79-6c19-57ef-96e4-018869c02527,1738,100821382,100821382,"Beautyrest 12"" BR800 Medium Mattress",https://www.costco.com/beautyrest-12-br800-medium-mattress.product.100821382.html,,,0,0,https://www.costco.com/costco-direct-mattresses.html,2026-09-28T01:59:17.228232+00:00
f224db82-c7e4-5cc9-bda7-bde0b67d5ab4,1738,4000395703,4000395703,Novaform 14” ComfortGrande Advanced Hybrid Mattress,https://www.costco.com/novaform-14-comfortgrande-advanced-hybrid-mattress.product.4000395703.html,,,0,0,https://www.costco.com/costco-direct-mattresses.html,2026-09-28T01:59:17.228232+00:00
4d6ccc9e-72ad-5576-8a88-f7f6c17a9269,1738,4000431641,4000431641,"Sealy Posturepedic Pro Omak Valley 13"" Firm Hybrid Mattress",https://www.costco.com/sealy-posturepedic-pro-omak-valley-13-firm-hybrid-mattress.product.4000431641.html,,,0,0,https://www.costco.com/costco-direct-mattresses.html,2026-09-28T01:59:17.228232+00:00
c5a3d071-8ee4-57ac-977e-d2017e6d6df6,1738,4000303477,4000303477,"Novaform 14"" Serafina PerfectTemp Gel Memory Foam Mattress",https://www.costco.com/novaform-14-serafina-perfecttemp-gel-memory-foam-mattress.product.4000303477.html,,,0,0,https://www.costco.com/costco-direct-mattresses.html,2026-09-28T01:59:17.228232+00:00
d0749826-d974-5943-b151-9185465fde52,1738,4000258686,4000258686,"Casper Cooling Select 12"" Hybrid Medium Firm Mattress",https://www.costco.com/casper-cooling-select-12-hybrid-medium-firm-mattress.product.4000258686.html,,,0,0,https://www.costco.com/costco-direct-mattresses.html,2026-09-28T01:59:17.228232+00:00
de6dc3dd-1047-53f9-95d5-e273cfbaf55b,1738,4101000513,4101000513,"Sealy Posturepedic Plus Prosser Hills 13.5"" Plush Pillow Top Mattress",https://www.costco.com/sealy-posturepedic-plus-prosser-hills-135-plush-pillow-top-mattress.product.4101000513.html,,,0,0,https://www.costco.com/costco-direct-mattresses.html,2026-09-28T01:59:17.228232+00:00
2a450091-c375-5da3-9ee4-c92edfe29f7c,1738,4000416377,4000416377,"Novaform 16"" Legacy Elite Premier Hybrid Euro Top Mattress",https://www.costco.com/novaform-16-legacy-elite-premier-hybrid-euro-top-mattress.product.4000416377.html,,,0,0,https://www.costco.com/costco-direct-mattresses.html,2026-09-28T01:59:17.228232+00:00
f9572051-6f25-5e66-8a11-ec5c303a37bc,1738,4000420285,4000420285,"Avocado Organic 13"" Medium-Plush Pillowtop Hybrid Mattress",https://www.costco.com/avocado-organic-13-medium-plush-pillowtop-hybrid-mattress.product.4000420285.html,,,0,0,https://www.costco.com/costco-direct-mattresses.html,2026-09-28T01:59:17.228232+00:00
a539e49b-4e47-55bc-9d78-ef4b4bf0c80e,1738,4000181704,4000181704,"PurpleRenew 11"" Gel Grid Mattress",https://www.costco.com/purplerenew-11-gel-grid-mattress.product.4000181704.html,,,0,0,https://www.costco.com/costco-direct-mattresses.html,2026-09-28T01:59:17.228232+00:00
d4496797-d4cd-5d98-bc18-3f355b36cab8,1738,4000414778,4000414778,"Kirkland Signature by Stearns & Foster 14"" Tight Top Lakeridge Mattress",https://www.costco.com/kirkland-signature-by-stearns--foster-14-tight-top-lakeridge-mattress.product.4000414778.html,,,0,0,https://www.costco.com/costco-direct-mattresses.html,2026-09-28T01:59:28.090367+00:00
77c97a74-86f1-559a-900a-87c9cea95496,1738,1694813,1694813,"Suncast 6' x 5' Modern Shed, Gray",https://www.costco.com/.product.1694813.html,,,0,0,https://www.costco.com/costco-direct-patio-garden.html,2026-09-28T02:00:02.567115+00:00
7c0d098b-94b6-59b9-95fd-1393f8fa102b,1738,1872231,1872231,"Bestway Platinum Series Power Steel 20' x 12' x 48"" Oval Pool Set",https://www.costco.com/.product.1872231.html,,,0,0,https://www.costco.com/costco-direct-patio-garden.html,2026-09-28T02:00:02.567115+00:00
f8c41643-e875-5c75-921f-af34e51afe4c,1738,1902493,1902493,Yardistry 8' x 7' Greenhouse,https://www.costco.com/.product.1902493.html,,,0,0,https://www.costco.com/costco-direct-patio-garden.html,2026-09-28T02:00:02.567115+00:00
2cca4dc9-b9ac-5537-a556-408a40ec77a2,1738,1999335,1999335,"Weber Genesis C-335E Gas Grill, Liquid Propane",https://www.costco.com/.product.1999335.html,,,0,0,https://www.costco.com/costco-direct-patio-garden.html,2026-09-28T02:00:02.567115+00:00
e1671c28-6979-56b3-880d-9cf19c23bca8,1738,1999336,1999336,"Weber Genesis C-335E Gas Grill, Natural Gas",https://www.costco.com/.product.1999336.html,,,0,0,https://www.costco.com/costco-direct-patio-garden.html,2026-09-28T02:00:02.567115+00:00
faae5850-8e6a-57cc-aacc-268a33c2b89b,1738,1872214,1872214,KidKraft Summit Vista Swing Set,https://www.costco.com/.product.1872214.html,,,0,0,https://www.costco.com/costco-direct-patio-garden.html,2026-09-28T02:00:02.567115+00:00
a9cdcabb-c94d-5533-8ebc-6c977c9ea9bc,1738,1293824,1293824,Yardistry 12' x 16' Gazebo with Aluminum Roof,https://www.costco.com/.product.1293824.html,,,0,0,https://www.costco.com/costco-direct-patio-garden.html,2026-09-28T02:00:02.567115+00:00
7c908b66-5ffc-5d3e-a4a5-5539d250678a,1738,1463510,1463510,Keter Cortina 9' x 7' Premium Modern Outdoor Storage Shed,https://www.costco.com/.product.1463510.html,,,0,0,https://www.costco.com/costco-direct-patio-garden.html,2026-09-28T02:00:02.567115+00:00
46198093-bce9-57e3-8019-86a0ed020145,1738,1947401,1947401,Lifetime 170-Gallon Resin Outdoor Storage Deck Box,https://www.costco.com/.product.1947401.html,,,0,0,https://www.costco.com/costco-direct-patio-garden.html,2026-09-28T02:00:02.567115+00:00
001a78ea-01a5-5b76-beff-97f903b0d69a,1738,1713422,1713422,Yardistry 8' x 10' Greenhouse,https://www.costco.com/.product.1713422.html,,,0,0,https://www.costco.com/costco-direct-patio-garden.html,2026-09-28T02:00:02.567115+00:00
01fb95f6-a6df-5adb-9afe-8f02b6e37ab6,1738,2046928,2046928,Lifetime 10' x 8' Outdoor Storage Shed,https://www.costco.com/.product.2046928.html,,,0,0,https://www.costco.com/costco-direct-patio-garden.html,2026-09-28T02:00:02.567115+00:00
32de8e72-2c18-5c97-b714-74315e23eedd,1738,1713499,1713499,Bridgeton 7-piece Outdoor Patio Seating Set,https://www.costco.com/.product.1713499.html,,,0,0,https://www.costco.com/costco-direct-patio-garden.html,2026-09-28T02:00:02.567115+00:00
ebb4baec-144d-5bc5-a6eb-87afa908504c,1738,1933896,1933896,"SunVilla 13ft. Round 3-Tier Cantilever Umbrella, Tan",https://www.costco.com/.product.1933896.html,,,0,0,https://www.costco.com/costco-direct-patio-garden.html,2026-09-28T02:00:02.567115+00:00
ae181b37-21e0-5d4e-b8fa-8f007db8614c,1738,1934171,1934171,"SunVilla 13ft. Round 3-Tier Cantilever Umbrella, Blue",https://www.costco.com/.product.1934171.html,,,0,0,https://www.costco.com/costco-direct-patio-garden.html,2026-09-28T02:00:02.567115+00:00
63b0508b-fab3-57fb-845e-94974c48704c,1738,1966500,1966500,"Mirador 11.4' Cantilever Umbrella with Rolling Base, Blue",https://www.costco.com/.product.1966500.html,,,0,0,https://www.costco.com/costco-direct-patio-garden.html,2026-09-28T02:00:02.567115+00:00
cae997ba-fe75-519a-958e-69fa4dc4dbec,1738,1934144,1934144,"Mirador 11.4' Cantilever Umbrella with Rolling Base, Tan",https://www.costco.com/.product.1934144.html,,,0,0,https://www.costco.com/costco-direct-patio-garden.html,2026-09-28T02:00:02.567115+00:00
2b533e79-a38b-513c-9c3a-4a69c8703b7e,1738,1966501,1966501,"Mirador 11.4' Cantilever Umbrella with Rolling Base, Gray",https://www.costco.com/.product.1966501.html,,,0,0,https://www.costco.com/costco-direct-patio-garden.html,2026-09-28T02:00:02.567115+00:00
5c2956d5-d2f4-5da1-999a-5d90c70624c7,1738,1934055,1934055,"SunVilla Knox 6-piece Outdoor Patio Seating Set, Tan",https://www.costco.com/.product.1934055.html,,,0,0,https://www.costco.com/costco-direct-patio-garden.html,2026-09-28T02:00:02.567115+00:00
16ce15e4-1776-51ba-a0d6-e11e06b600df,1738,1934161,1934161,"SunVilla Knox 6-Piece Outdoor Patio Seating Set, Blue",https://www.costco.com/.product.1934161.html,,,0,0,https://www.costco.com/costco-direct-patio-garden.html,2026-09-28T02:00:02.567115+00:00
16ea8e5c-9213-56f7-ab06-1ddf087be926,1738,1988210,1988210,SunVilla Alden 3-piece Outdoor Patio Seating Set,https://www.costco.com/.product.1988210.html,,,0,0,https://www.costco.com/costco-direct-patio-garden.html,2026-09-28T02:00:02.567115+00:00
acc00cf5-5d6b-50d9-bdb3-392e717e2e65,1738,1933937,1933937,"SunVilla Julia Woven Chaise Lounge 2-pack, Gray",https://www.costco.com/.product.1933937.html,,,0,0,https://www.costco.com/costco-direct-patio-garden.html,2026-09-28T02:00:02.567115+00:00
7c7cd4b9-e0b2-54e7-a620-9c4ac44276ab,1738,1934157,1934157,"SunVilla Julia Woven Chaise Lounge 2-pack, Brown",https://www.costco.com/.product.1934157.html,,,0,0,https://www.costco.com/costco-direct-patio-garden.html,2026-09-28T02:00:02.567115+00:00
bd672f72-778c-5894-9e15-1c514927d54c,1738,1902471,1902471,Yardistry 12' x 10' Gazebo with Aluminum Roof,https://www.costco.com/.product.1902471.html,,,0,0,https://www.costco.com/costco-direct-patio-garden.html,2026-09-28T02:00:02.567115+00:00
ee21e584-ec63-529a-a95b-b3c2bb904f31,1738,1720906,1720906,"Suncast Modernist 10ft x 7ft. Sliding Door Storage Shed, Gray",https://www.costco.com/.product.1720906.html,,,0,0,https://www.costco.com/costco-direct-patio-garden.html,2026-09-28T02:00:02.567115+00:00
38ce7d13-c977-5eab-93ee-5d518874a81d,1738,1864453,1864453,"Suncast Modernist 10ft x 7ft. Sliding Door Storage Shed, Brown",https://www.costco.com/.product.1864453.html,,,0,0,https://www.costco.com/costco-direct-patio-garden.html,2026-09-28T02:00:02.567115+00:00
92ff2633-03d1-54ac-903d-242804a8dc6e,1738,1933982,1933982,Henredon Arlow 4-piece Outdoor Patio Seating Set,https://www.costco.com/.product.1933982.html,,,0,0,https://www.costco.com/costco-direct-patio-garden.html,2026-09-28T02:00:02.567115+00:00
4d6ec9e5-f223-5127-9482-5dab2425da48,1738,1807364,1807364,Agio Nicolet 7-piece Fire Outdoor Patio High Dining Set,https://www.costco.com/.product.1807364.html,,,0,0,https://www.costco.com/costco-direct-patio-garden.html,2026-09-28T02:00:02.567115+00:00
287f02b8-5855-5c4c-9087-10f7ebe84aeb,1738,1934226,1934226,Blackstone 36” Omnivore Griddle with Hinged Hood and Soft Cover,https://www.costco.com/.product.1934226.html,,,0,0,https://www.costco.com/costco-direct-patio-garden.html,2026-09-28T02:00:02.567115+00:00
a4656172-6198-501c-a746-eb62a62f6d04,1738,2127216,2127216,"Mirador Adjustable Louvered Aluminum Pergola, 10' X 10', Gray",https://www.costco.com/.product.2127216.html,,,0,0,https://www.costco.com/costco-direct-patio-garden.html,2026-09-28T02:00:02.567115+00:00
03b2a095-1e5e-5330-94f6-9443e7949175,1738,2127695,2127695,"Mirador Adjustable Louvered Aluminum Pergola, 10' X 10', White",https://www.costco.com/.product.2127695.html,,,0,0,https://www.costco.com/costco-direct-patio-garden.html,2026-09-28T02:00:02.567115+00:00
7dd86b1a-ee8e-575d-bfac-86c4f531a873,1738,1999435,1999435,"Weber Genesis C-435S Gas Grill, Liquid Propane",https://www.costco.com/.product.1999435.html,,,0,0,https://www.costco.com/costco-direct-patio-garden.html,2026-09-28T02:00:02.567115+00:00
9bf84349-6766-53dd-87e6-ca87efac19ba,1738,1999436,1999436,"Weber Genesis C-435S Gas Grill, Natural Gas",https://www.costco.com/.product.1999436.html,,,0,0,https://www.costco.com/costco-direct-patio-garden.html,2026-09-28T02:00:02.567115+00:00
9779735a-40b6-5ce0-a4cd-79afbc2ddcef,1738,1975451,1975451,"Lifetime Outdoor Utility Storage Shed - 75"" x 43"" x 69"", Gray",https://www.costco.com/.product.1975451.html,,,0,0,https://www.costco.com/costco-direct-patio-garden.html,2026-09-28T02:00:02.567115+00:00
f5e423e8-b605-5f9a-9d68-8c43f8ee6d76,1738,1807352,1807352,"Lifetime Outdoor Utility Storage Shed - 75"" x 43"" x 69"", Tan",https://www.costco.com/.product.1807352.html,,,0,0,https://www.costco.com/costco-direct-patio-garden.html,2026-09-28T02:00:02.567115+00:00
137e4be8-5a4e-54d3-8258-b9584445f211,1738,999424,999424,"93"" Plush Bear, Blonde",https://www.costco.com/.product.999424.html,,,0,0,https://www.costco.com/costco-direct-toys.html,2026-09-28T02:00:38.968064+00:00
99a7dd45-3c03-59b7-a610-6a6eda0addfb,1738,4000419032,4000419032,KidKraft Summit Vista Swing Set,https://www.costco.com/kidkraft-summit-vista-swing-set.product.4000419032.html,,,0,0,https://www.costco.com/costco-direct-toys.html,2026-09-28T02:00:51.936053+00:00
c07c2939-3144-595a-b86d-0086cd166900,1738,100116326,100116326,"93"" Plush Bear, Blonde",https://www.costco.com/93-plush-bear-blonde.product.100116326.html,,,0,0,https://www.costco.com/costco-direct-toys.html,2026-09-28T02:00:51.936053+00:00
79ef0377-7f67-56a4-90b2-381eeffd1a16,1738,9565677,9565677,"TCL 65"" Class - Q77K Series - 4K UHD QLED Smart TV - Allstate 3-Year Protection Plan Bundle Included for 5 Years of Total Coverage*",https://www.costco.com/.product.9565677.html,,,0,0,https://www.costco.com/costco-direct-tvs.html,2026-09-28T02:01:17.908610+00:00
7e128ec9-4731-5bb0-b07b-f65e98ba4979,1738,7999045,7999045,Klipsch Reference Dolby Atmos 5.0.2 Surround System,https://www.costco.com/.product.7999045.html,,,0,0,https://www.costco.com/costco-direct-tvs.html,2026-09-28T02:01:17.908610+00:00
4d98861b-40c9-53c5-bdc6-5952e5add036,1738,9586900,9586900,"LG 86"" Class - UA9000 Series - 4K UHD Smart TV - Allstate 3-Year Protection Plan Bundle Included For 5 Years of Total Coverage*",https://www.costco.com/.product.9586900.html,,,0,0,https://www.costco.com/costco-direct-tvs.html,2026-09-28T02:01:17.908610+00:00
6283656d-3502-5d69-aec9-a36c71a025d6,1738,9685007,9685007,"TCL 85"" Class - QM7L Pro Series - 4K UHD SQD-Mini LED Smart TV - Allstate 3-Year Protection Plan Bundle Included for 5 Years of Total Coverage*",https://www.costco.com/.product.9685007.html,,,0,0,https://www.costco.com/costco-direct-tvs.html,2026-09-28T02:01:17.908610+00:00
55c66ba2-ecd9-5abf-baf6-4753ca972ed9,1738,9575888,9575888,"Samsung 75"" Class - U8000F Crystal UHD Series - 4K Smart TV",https://www.costco.com/.product.9575888.html,,,0,0,https://www.costco.com/costco-direct-tvs.html,2026-09-28T02:01:17.908610+00:00
4b93e809-eaad-5d58-9201-d52f71daede2,1738,9665800,9665800,Samsung 65” Class - M80H Series - 4K Mini LED - Smart TV - Allstate 3-Year Protection Plan Bundle Included For 5 Years of Total Coverage*,https://www.costco.com/.product.9665800.html,,,0,0,https://www.costco.com/costco-direct-tvs.html,2026-09-28T02:01:17.908610+00:00
0d1b9524-c2b9-5307-a6e1-c318a9482220,1738,9665091,9665091,"Samsung 65"" Class - S90H OLED Series - 4K Vision AI Smart TV - Allstate 3-Year Protection Plan Bundle Included For 5 Years of Total Coverage*",https://www.costco.com/.product.9665091.html,,,0,0,https://www.costco.com/costco-direct-tvs.html,2026-09-28T02:01:17.908610+00:00
4c8bfc89-c725-57c8-bb01-2bbdc5d2e2d1,1738,9555676,9555676,"TCL 55"" Class - QM6K Pro Series - 4K UHD QD-Mini LED Smart TV - Allstate 3-Year Protection Plan Bundle Included for 5 Years of Total Coverage*",https://www.costco.com/.product.9555676.html,,,0,0,https://www.costco.com/costco-direct-tvs.html,2026-09-28T02:01:17.908610+00:00
fb8ad8c4-7e9e-5f45-9b43-8748dae5a213,1738,4201013692,4201013692,"Hisense 55"" Class - QD7 Series - 4K Hi-QLED Smart TV - Allstate 3-Year Protection Plan Bundle Included for 5 Years of Total Coverage*",https://www.costco.com/hisense-55-class---qd7-series---4k-hi-qled-smart-tv---allstate-3-year-protection-plan-bundle-included-for-5-years-of-total-coverage.product.4201013692.html,,,0,0,https://www.costco.com/costco-direct-tvs.html,2026-09-28T02:01:33.413016+00:00
9fa54886-f3ae-5c29-adde-9672f1091706,1738,4000364007,4000364007,"TCL 65"" Class - Q77K Series - 4K UHD QLED Smart TV - Allstate 3-Year Protection Plan Bundle Included for 5 Years of Total Coverage*",https://www.costco.com/tcl-65-class---q77k-series---4k-uhd-qled-smart-tv---allstate-3-year-protection-plan-bundle-included-for-5-years-of-total-coverage.product.4000364007.html,,,0,0,https://www.costco.com/costco-direct-tvs.html,2026-09-28T02:01:33.413016+00:00
67bb83cb-05e9-502a-ac2b-2290a8b6f652,1738,4201000530,4201000530,"Samsung 75"" Class - M70H Series - 4K Mini LED - Smart TV",https://www.costco.com/samsung-75-class---m70h-series---4k-mini-led---smart-tv.product.4201000530.html,,,0,0,https://www.costco.com/costco-direct-tvs.html,2026-09-28T02:01:33.413016+00:00
6ace5a0f-3ab7-5278-a34a-1da6931ed5ba,1738,4000151095,4000151095,Klipsch Reference Dolby Atmos 5.0.2 Surround System,https://www.costco.com/klipsch-reference-dolby-atmos-502-surround-system.product.4000151095.html,,,0,0,https://www.costco.com/costco-direct-tvs.html,2026-09-28T02:01:33.413016+00:00
02a485c2-e13f-5473-911e-0653968e3df2,1738,4201000571,4201000571,"Samsung 65"" Class - M70H Series - 4K Mini LED - Smart TV",https://www.costco.com/samsung-65-class---m70h-series---4k-mini-led---smart-tv.product.4201000571.html,,,0,0,https://www.costco.com/costco-direct-tvs.html,2026-09-28T02:01:33.413016+00:00
c0054213-1446-5c15-82b4-e7c29912acfc,1738,4201018723,4201018723,"LG 85"" Class - NANO 4K UHD AI NU87 Series - 4K Smart TV - Allstate 3-Year Protection Plan Bundle Included For 5 Years of Total Coverage*",https://www.costco.com/lg-85-class---nano-4k-uhd-ai-nu87-series---4k-smart-tv---allstate-3-year-protection-plan-bundle-included-for-5-years-of-total-coverage.product.4201018723.html,,,0,0,https://www.costco.com/costco-direct-tvs.html,2026-09-28T02:01:33.413016+00:00
ff78608e-3e91-5c55-9947-cdbc11d53e88,1738,4201040398,4201040398,"Samsung 65"" Class - U8000H Crystal UHD Series - 4K Smart TV",https://www.costco.com/samsung-65-class---u8000h-crystal-uhd-series---4k-smart-tv.product.4201040398.html,,,0,0,https://www.costco.com/costco-direct-tvs.html,2026-09-28T02:01:33.413016+00:00
250e2b33-be88-55a6-a623-b76e823ad2f8,1738,4201019049,4201019049,"Samsung 98"" Class - U9000H Crystal UHD Series - 4K Smart TV - Allstate 3 -Year Protection Plan Bundle Included For 5 Years of Total Coverage*",https://www.costco.com/samsung-98-class---u9000h-crystal-uhd-series---4k-smart-tv---allstate-3--year-protection-plan-bundle-included-for-5-years-of-total-coverage.product.4201019049.html,,,0,0,https://www.costco.com/costco-direct-tvs.html,2026-09-28T02:01:33.413016+00:00
30b920a7-279e-510d-836c-cc357d104962,1738,4201034608,4201034608,"Samsung 55"" Class - U8000H Crystal UHD Series - 4K Smart TV",https://www.costco.com/samsung-55-class---u8000h-crystal-uhd-series---4k-smart-tv.product.4201034608.html,,,0,0,https://www.costco.com/costco-direct-tvs.html,2026-09-28T02:01:33.413016+00:00
89519f8c-7b8c-544c-945d-46796b612ce9,1738,4201013747,4201013747,"Hisense 100"" Class - QD7 Series - 4K Hi-QLED Smart TV - Allstate 3-Year Protection Plan Bundle Included for 5 Years of Total Coverage*",https://www.costco.com/hisense-100-class---qd7-series---4k-hi-qled-smart-tv---allstate-3-year-protection-plan-bundle-included-for-5-years-of-total-coverage.product.4201013747.html,,,0,0,https://www.costco.com/costco-direct-tvs.html,2026-09-28T02:01:33.413016+00:00
a7b680f4-07ff-5641-a09d-af311e7e1ffa,1738,4201003615,4201003615,"LG 65"" Class - OLED evo AI C6 Series - 4K Smart TV - Allstate 3-Year Protection Plan Bundle Included For 5 Years of Total Coverage*",https://www.costco.com/lg-65-class---oled-evo-ai-c6-series---4k-smart-tv---allstate-3-year-protection-plan-bundle-included-for-5-years-of-total-coverage.product.4201003615.html,,,0,0,https://www.costco.com/costco-direct-tvs.html,2026-09-28T02:01:33.413016+00:00
1d65ea5e-f510-52c7-8c3f-a5e0e5620a6d,1738,4000396212,4000396212,"LG 86"" Class - UA9000 Series - 4K UHD Smart TV - Allstate 3-Year Protection Plan Bundle Included For 5 Years of Total Coverage*",https://www.costco.com/lg-86-class---ua9000-series---4k-uhd-smart-tv---allstate-3-year-protection-plan-bundle-included-for-5-years-of-total-coverage.product.4000396212.html,,,0,0,https://www.costco.com/costco-direct-tvs.html,2026-09-28T02:01:33.413016+00:00
43db51ad-30d8-52c7-8e76-a48a269b019d,1738,4000364009,4000364009,"TCL 85"" Class - QM6K Pro Series - 4K UHD QD-Mini LED Smart TV - Allstate 3-Year Protection Plan Bundle Included for 5 Years of Total Coverage*",https://www.costco.com/tcl-85-class---qm6k-pro-series---4k-uhd-qd-mini-led-smart-tv----allstate-3-year-protection-plan-bundle-included-for-5-years-of-total-coverage.product.4000364009.html,,,0,0,https://www.costco.com/costco-direct-tvs.html,2026-09-28T02:01:33.413016+00:00
8ab3365a-6370-51af-a79b-974eed631360,1738,4201023331,4201023331,"TCL 85"" Class - QM7L Pro Series - 4K UHD SQD-Mini LED Smart TV - Allstate 3-Year Protection Plan Bundle Included for 5 Years of Total Coverage*",https://www.costco.com/tcl-85-class---qm7l-pro-series---4k-uhd-sqd-mini-led-smart-tv---allstate-3-year-protection-plan-bundle-included-for-5-years-of-total-coverage.product.4201023331.html,,,0,0,https://www.costco.com/costco-direct-tvs.html,2026-09-28T02:01:33.413016+00:00
6763c0ce-6cdb-5936-bbe7-35dde5762826,1738,4201017809,4201017809,"Hisense 65"" Class - U65 Pro Series - 4K ULED MiniLED Smart TV - Allstate 3-Year Protection Plan Bundle Included for 5 Years of Total Coverage*",https://www.costco.com/hisense-65-class---u65-pro-series---4k-uled-miniled-smart-tv---allstate-3-year-protection-plan-bundle-included-for-5-years-of-total-coverage.product.4201017809.html,,,0,0,https://www.costco.com/costco-direct-tvs.html,2026-09-28T02:01:33.413016+00:00
c2a7e3e8-e268-54b9-97c9-b919e55a4a5a,1738,4201014833,4201014833,"LG 65"" Class - OLED AI B6E Series - 4K Smart TV - Allstate 3-Year Protection Plan Bundle Included For 5 Years of Total Coverage*",https://www.costco.com/lg-65-class---oled-ai-b6e-series---4k-smart-tv---allstate-3-year-protection-plan-bundle-included-for-5-years-of-total-coverage.product.4201014833.html,,,0,0,https://www.costco.com/costco-direct-tvs.html,2026-09-28T02:01:33.413016+00:00
d6fd9f1f-b28d-57fb-b60d-b8c11674cb8d,1738,4201017794,4201017794,"Hisense 75"" Class - U65 Pro Series - 4K ULED MiniLED Smart TV - Allstate 3-Year Protection Plan Bundle Included for 5 Years of Total Coverage*",https://www.costco.com/hisense-75-class---u65-pro-series---4k-uled-miniled-smart-tv---allstate-3-year-protection-plan-bundle-included-for-5-years-of-total-coverage.product.4201017794.html,,,0,0,https://www.costco.com/costco-direct-tvs.html,2026-09-28T02:01:33.413016+00:00
370dfa86-a77e-5068-82b9-4dae0436516e,1738,4201008235,4201008235,"LG 65"" Class - QNED AI Mini LED QNED75B Series - 4K Smart TV - Allstate 3-Year Protection Plan Bundle Included For 5 Years of Total Coverage*",https://www.costco.com/lg-65-class---qned-ai-mini-led-qned75b-series---4k-smart-tv---allstate-3-year-protection-plan-bundle-included-for-5-years-of-total-coverage.product.4201008235.html,,,0,0,https://www.costco.com/costco-direct-tvs.html,2026-09-28T02:01:33.413016+00:00
90706c70-0934-5ca5-9699-b7a2c1b69afc,1738,4000359589,4000359589,"Samsung 75"" Class - U8000F Crystal UHD Series - 4K Smart TV",https://www.costco.com/samsung-75-class---u8000f-crystal-uhd-series---4k-smart-tv.product.4000359589.html,,,0,0,https://www.costco.com/costco-direct-tvs.html,2026-09-28T02:01:33.413016+00:00
90816e30-6858-5f87-83c0-0f4ec5773051,1738,4201031674,4201031674,Samsung 65” Class - M80H Series - 4K Mini LED - Smart TV - Allstate 3-Year Protection Plan Bundle Included For 5 Years of Total Coverage*,https://www.costco.com/samsung-65-class---m80h-series---4k-mini-led---smart-tv---allstate-3-year-protection-plan-bundle-included-for-5-years-of-total-coverage.product.4201031674.html,,,0,0,https://www.costco.com/costco-direct-tvs.html,2026-09-28T02:01:33.413016+00:00
c098bc9e-fa18-5c37-98b1-9dd58ff19712,1738,4201001045,4201001045,"Samsung 65"" Class - S90H OLED Series - 4K Vision AI Smart TV - Allstate 3-Year Protection Plan Bundle Included For 5 Years of Total Coverage*",https://www.costco.com/samsung-65-class---s90h-oled-series---4k-vision-ai-smart-tv---allstate-3-year-protection-plan-bundle-included-for-5-years-of-total-coverage.product.4201001045.html,,,0,0,https://www.costco.com/costco-direct-tvs.html,2026-09-28T02:01:33.413016+00:00
93a9841d-e93a-5e12-9bad-b0aed09938f1,1738,4000399607,4000399607,"TCL 55"" Class - QM6K Pro Series - 4K UHD QD-Mini LED Smart TV - Allstate 3-Year Protection Plan Bundle Included for 5 Years of Total Coverage*",https://www.costco.com/tcl-55-class---qm6k-pro-series---4k-uhd-qd-mini-led-smart-tv---allstate-3-year-protection-plan-bundle-included-for-5-years-of-total-coverage.product.4000399607.html,,,0,0,https://www.costco.com/costco-direct-tvs.html,2026-09-28T02:01:33.413016+00:00
4574daeb-c53c-5939-a734-db5ea73c2dea,1738,4000362984,4000362984,"TCL 55"" Class - Q77K Series - 4K UHD QLED Smart TV - Allstate 3-Year Protection Plan Bundle Included for 5 Years of Total Coverage*",https://www.costco.com/tcl-55-class---q77k-series---4k-uhd-qled-smart-tv---allstate-3-year-protection-plan-bundle-included-for-5-years-of-total-coverage.product.4000362984.html,,,0,0,https://www.costco.com/costco-direct-tvs.html,2026-09-28T02:01:33.413016+00:00
ab4e2c23-5716-5653-8853-93318a438dbb,1738,4201019934,4201019934,"TCL 65"" Class - QM7L Pro Series - 4K UHD SQD-Mini LED Smart TV - Allstate 3-Year Protection Plan Bundle Included for 5 Years of Total Coverage*",https://www.costco.com/tcl-65-class---qm7l-pro-series---4k-uhd-sqd-mini-led-smart-tv---allstate-3-year-protection-plan-bundle-included-for-5-years-of-total-coverage.product.4201019934.html,,,0,0,https://www.costco.com/costco-direct-tvs.html,2026-09-28T02:01:33.413016+00:00
e34ea937-fe11-5f25-9bdb-03cfdb058b07,1738,691740,691740,"Ricola Sugar Free Lemon Mint Cough Drops, 210 Drops",https://www.costco.com/.product.691740.html,,,0,0,https://www.costco.com/cough-cold.html,2026-09-28T02:02:34.924166+00:00
6737b8e7-4f54-57f5-b0d4-76bbdee147f6,1738,1398241,1398241,"Nature's Way Sambucus Elderberry with Vitamin C and Zinc, 120 Gummies",https://www.costco.com/.product.1398241.html,,,0,0,https://www.costco.com/cough-cold.html,2026-09-28T02:02:34.924166+00:00
fa39b7a6-b9a8-5610-8170-c38ca69e4c2a,1738,1259303,1259303,"Vicks Severe DayQuil and NyQuil Cough, Cold & Flu Relief, 72 LiquiCaps",https://www.costco.com/.product.1259303.html,,,0,0,https://www.costco.com/cough-cold.html,2026-09-28T02:02:34.924166+00:00
642a3814-0bac-509b-959e-db94c6f87553,1738,1264311,1264311,"Vicks VapoRub Cough Suppressant & Topical Analgesic, 3.53 oz, 2 count",https://www.costco.com/.product.1264311.html,,,0,0,https://www.costco.com/cough-cold.html,2026-09-28T02:02:34.924166+00:00
4b89f86e-8dc8-5123-8c03-e06bffe931fa,1738,2077334,2077334,"Mucinex 12HR Cold & Fever Multi-Symptom, 50 Extended Release Tablets",https://www.costco.com/.product.2077334.html,,,0,0,https://www.costco.com/cough-cold.html,2026-09-28T02:02:34.924166+00:00
9017f553-b073-57fa-8936-dbf651f4e201,1738,1594459,1594459,"Vicks VapoInhaler Soothing Vapors, 4 Scented Sticks",https://www.costco.com/.product.1594459.html,,,0,0,https://www.costco.com/cough-cold.html,2026-09-28T02:02:34.924166+00:00
811e2882-53ae-5f06-a422-29967ada4e97,1738,1561932,1561932,"Vicks Dayquil/Nyquil Severe Cold & Flu, 12 fl oz, 3 Count",https://www.costco.com/.product.1561932.html,,,0,0,https://www.costco.com/cough-cold.html,2026-09-28T02:02:34.924166+00:00
85d3e04d-45a4-53c0-8bc5-64e260532577,1738,1700279,1700279,"Zarbee's Children's Cough Daytime / Nighttime, Two 4 Ounce Daytime + One 4 Ounce Nighttime",https://www.costco.com/.product.1700279.html,,,0,0,https://www.costco.com/cough-cold.html,2026-09-28T02:02:34.924166+00:00
a0d2fbd6-1549-5738-adfb-b0ef04f65388,1738,1076988,1076988,Robitussin DM Day & Night Cough Relief,https://www.costco.com/.product.1076988.html,,,0,0,https://www.costco.com/cough-cold.html,2026-09-28T02:02:34.924166+00:00
3619c171-5355-5ae9-9fd4-3a45313278df,1738,1856902,1856902,"Theraflu Severe Cold Relief Medicine Powder, 24 Packets",https://www.costco.com/.product.1856902.html,,,0,0,https://www.costco.com/cough-cold.html,2026-09-28T02:02:34.924166+00:00
ed7081ff-6ad7-5ec9-8bb4-cf6ba7beb14a,1738,1566060,1566060,"Mucinex Children's Multi-Symptom Day/Nighttime, 12 oz",https://www.costco.com/.product.1566060.html,,,0,0,https://www.costco.com/cough-cold.html,2026-09-28T02:02:34.924166+00:00
58b6be6e-2365-5268-8914-7b4199bdcc3d,1738,1562581,1562581,"Mucinex DM Maximum Strength, 56 Tablets",https://www.costco.com/.product.1562581.html,,,0,0,https://www.costco.com/cough-cold.html,2026-09-28T02:02:34.924166+00:00
91f9c871-1fd0-5f32-bcbb-88e2d00b57e4,1738,1566153,1566153,"Mucinex Maximum Strength 1200 mg Tablets, 56-count",https://www.costco.com/.product.1566153.html,,,0,0,https://www.costco.com/cough-cold.html,2026-09-28T02:02:34.924166+00:00
3f0786bc-8ab6-520f-8788-ab51c1a6b337,1738,427053,427053,Delsym 12 Hour Cough Relief,https://www.costco.com/.product.427053.html,,,0,0,https://www.costco.com/cough-cold.html,2026-09-28T02:02:34.924166+00:00
46322cea-ef03-517d-a6bd-ee3c502c5fc7,1738,1013100,1013100,"Goldfish Baked Snack Crackers, Cheddar, 1 oz, 45-count",https://www.costco.com/.product.1013100.html,,,0,0,https://www.costco.com/crackers.html,2026-09-28T02:03:51.215939+00:00
085ef486-7e26-5d50-b86e-6e77d9220acd,1738,663439,663439,"Cheez-It Crackers, Cheddar, 1.5 oz, 45-count",https://www.costco.com/.product.663439.html,,,0,0,https://www.costco.com/crackers.html,2026-09-28T02:03:51.215939+00:00
cd451162-c43a-5982-8f5c-ff1cdef2054b,1738,1089527,1089527,"Goldfish Baked Snacks, Variety Pack, 45-count",https://www.costco.com/.product.1089527.html,,,0,0,https://www.costco.com/crackers.html,2026-09-28T02:03:51.215939+00:00
7c8f5342-aabf-5f03-9dbd-f108884a76b6,1738,1542070,1542070,"Goldfish Baked Snack Crackers, Cheddar, 66 oz",https://www.costco.com/.product.1542070.html,,,0,0,https://www.costco.com/crackers.html,2026-09-28T02:03:51.215939+00:00
0f992089-8bd2-5575-a682-0a3ca2b6c6a9,1738,45221,45221,"Cheez-It Crackers, Cheddar, 3 lbs",https://www.costco.com/.product.45221.html,,,0,0,https://www.costco.com/crackers.html,2026-09-28T02:03:51.215939+00:00
181e68b6-4469-5408-a7dd-0ab6e9a1d14d,1738,1999652,1999652,"BARNUM'S Animal Crackers, 1 oz, 30-count",https://www.costco.com/.product.1999652.html,,,0,0,https://www.costco.com/crackers.html,2026-09-28T02:03:51.215939+00:00
a9b79065-423d-51d3-9418-0f095757268f,1738,1905921,1905921,"Crunchmaster 6-Seed Multi-Grain Crackers, 28 oz",https://www.costco.com/.product.1905921.html,,,0,0,https://www.costco.com/crackers.html,2026-09-28T02:03:51.215939+00:00
34f91d4e-f956-52a0-8013-11c68d440210,1738,1218715,1218715,"Nutella & GO! Hazelnut and Cocoa Spread With Breadsticks, 1.8 oz, 16 Pack",https://www.costco.com/.product.1218715.html,,,0,0,https://www.costco.com/crackers.html,2026-09-28T02:03:51.215939+00:00
79219008-33f8-59b0-8d45-e5de531a6bd3,1738,142354,142354,"RITZ Crackers, Original, 18-count",https://www.costco.com/.product.142354.html,,,0,0,https://www.costco.com/crackers.html,2026-09-28T02:03:51.215939+00:00
9f37115d-a8b8-5941-851a-a0cc593349d7,1738,1564814,1564814,"Simple Mills Almond Flour Sea Salt Crackers, 10 oz, 2-count",https://www.costco.com/.product.1564814.html,,,0,0,https://www.costco.com/crackers.html,2026-09-28T02:03:51.215939+00:00
870cc99d-3d24-5b45-a725-316adfb14392,1738,1193197,1193197,"Kirkland Signature Organic Roasted Seaweed, 0.6 oz, 10-count",https://www.costco.com/.product.1193197.html,,,0,0,https://www.costco.com/crackers.html,2026-09-28T02:03:51.215939+00:00
a0f1e273-53dd-56c5-98d2-545a43cc5619,1738,1456653,1456653,"Kellogg's Cracker Collection, Variety Pack, 13-stacks",https://www.costco.com/.product.1456653.html,,,0,0,https://www.costco.com/crackers.html,2026-09-28T02:03:51.215939+00:00
5a406fbd-816b-57ec-8556-dfd704d53c2d,1738,795269,795269,"Carr's Table Water Crackers, Variety Pack, 25.5 oz",https://www.costco.com/.product.795269.html,,,0,0,https://www.costco.com/crackers.html,2026-09-28T02:03:51.215939+00:00
0c220ae4-5c3c-53fc-b829-75b7edbcd5ef,1738,541334,541334,"Nestlé Coffee-mate Powdered Creamer, Original, 56 oz",https://www.costco.com/.product.541334.html,,,0,0,https://www.costco.com/creamer-sweeteners.html,2026-09-28T02:04:19.863564+00:00
729fd374-711e-50c8-bac7-9c7e6c12c59b,1738,1538864,1538864,"Starbucks Caramel Macchiato Creamer, 58 fl oz",https://www.costco.com/.product.1538864.html,,,0,0,https://www.costco.com/creamer-sweeteners.html,2026-09-28T02:04:19.863564+00:00
f57d882e-1628-5905-810e-cfbb44058775,1738,1193444,1193444,"Kirkland Signature Chinet 18 oz Plastic Cup, Red, 240-count",https://www.costco.com/.product.1193444.html,,,0,0,https://www.costco.com/cups-lids.html,2026-09-28T02:04:46.689329+00:00
fc1845f4-ffa7-5b25-96a6-ee6d744c3088,1738,519964,519964,"Chinet Crystal 10 oz Plastic Cup, Clear, 150-count",https://www.costco.com/.product.519964.html,,,0,0,https://www.costco.com/cups-lids.html,2026-09-28T02:04:46.689329+00:00
3e4fc102-27a1-5bf2-9eb4-91bdcdb5886d,1738,1186080,1186080,"Dixie To Go 12 oz Insulated Cup & Lid, 100-count",https://www.costco.com/.product.1186080.html,,,0,0,https://www.costco.com/cups-lids.html,2026-09-28T02:04:46.689329+00:00
2feb8718-d961-5519-8217-922048bf203e,1738,100813037,100813037,iPad 10th generation,https://www.costco.com/ipad-(10th-generation).product.100813037.html,,,0,0,https://www.costco.com/cyber-monday-offers-menu.html,2026-09-28T02:05:48.353236+00:00
045d47f5-fd52-511d-9722-692bdfd5e028,1738,2012125,2012125,"15"" Skylight Calendar 2 Touchscreen Display and Organizer Classic Bundle",https://www.costco.com/.product.2012125.html,,,0,0,https://www.costco.com/decorative-accents.html,2026-09-28T02:07:19.200967+00:00
5a0fbabd-30c2-56f3-a838-e6f441531957,1738,1956341,1956341,Skylight 27” Calendar Max Classic Bundle,https://www.costco.com/.product.1956341.html,,,0,0,https://www.costco.com/decorative-accents.html,2026-09-28T02:07:19.200967+00:00
a9a21744-959e-5f56-b43b-afe5daac0ddd,1738,2066493,2066493,"Parker Stone Collection by Aura Wi-Fi Digital Photo Frame, Slate",https://www.costco.com/.product.2066493.html,,,0,0,https://www.costco.com/decorative-accents.html,2026-09-28T02:07:19.200967+00:00
04dcfb5d-2134-5682-94a6-0881f7dcb1ae,1738,947880,947880,"Hillshire Farm Slow Roasted Turkey Breast, 16.5 oz, 2-count",https://www.costco.com/.product.947880.html,,,0,0,https://www.costco.com/deli-meats.html,2026-09-28T02:08:20.353817+00:00
5b1ea260-f991-57b3-8123-324a4a1cb810,1738,4860002,4860002,"Kirkland Signature Uncured Black Forest Ham, 28 oz",https://www.costco.com/.product.4860002.html,,,0,0,https://www.costco.com/deli-meats.html,2026-09-28T02:08:20.353817+00:00
bf6a1229-e98a-5268-8635-861c3c182b3c,1738,1263833,1263833,"Dietz & Watson Organic Roasted Turkey Breast, 9 oz, 3-count",https://www.costco.com/.product.1263833.html,,,0,0,https://www.costco.com/deli-meats.html,2026-09-28T02:08:20.353817+00:00
2de9a496-a11e-5585-9e0a-14fc25d17443,1738,1800413,1800413,"Dove Advanced Care Invisible+ Deodorant, 2.6 oz, 4-pack",https://www.costco.com/.product.1800413.html,,,0,0,https://www.costco.com/deodorant.html,2026-09-28T02:08:45.662497+00:00
8e580029-82b9-503a-9273-8a75d75458a5,1738,1953411,1953411,"Old Spice Swagger Scent Boosted Aluminum Free Deodorant, 3 oz, 4-pack",https://www.costco.com/.product.1953411.html,,,0,0,https://www.costco.com/deodorant.html,2026-09-28T02:08:45.662497+00:00
c753148d-0b10-5569-9535-74aaa8009552,1738,1516973,1516973,"Gillette Ultimate Protection 6-in-1 Antiperspirant, 3.8 oz, 5-pack",https://www.costco.com/.product.1516973.html,,,0,0,https://www.costco.com/deodorant.html,2026-09-28T02:08:45.662497+00:00
1e93f4f5-7c83-5136-93b2-8436b4b977fa,1738,2047386,2047386,Lume Whole Body Soft Powder Deodorant Set,https://www.costco.com/.product.2047386.html,,,0,0,https://www.costco.com/deodorant.html,2026-09-28T02:08:45.662497+00:00
d5773af5-1e1a-58a0-a0cd-2407ac096f99,1738,1613181,1613181,"Degree Men UltraClear+ Antiperspirant Deodorant, Black & White, 2.7 oz, 5-pack",https://www.costco.com/.product.1613181.html,,,0,0,https://www.costco.com/deodorant.html,2026-09-28T02:08:45.662497+00:00
07207f5c-4bd1-5c2f-aef1-e5de79a9f528,1738,1782908,1782908,Tresanti Aurora 47” Adjustable Desk with LED Lighting,https://www.costco.com/.product.1782908.html,,,0,0,https://www.costco.com/desks-workstations.html,2026-09-28T02:09:12.331999+00:00
86f1525a-a8f4-5096-b302-532f6fb3d42d,1738,1609601,1609601,"Round Brilliant 0.35 ctw VS2 Clarity, I Color Diamond 14kt Gold Hoop Earrings, Yellow Gold",https://www.costco.com/.product.1609601.html,,,0,0,https://www.costco.com/diamond-earrings.html,2026-09-28T02:09:58.661262+00:00
7ad1098b-2a27-52d4-857d-b13bd9b7db0f,1738,440031,440031,"Round Brilliant 0.23 ctw VS2 Clarity, I Color Diamond 14kt Gold Screwback Stud Earrings, White Gold",https://www.costco.com/.product.440031.html,,,0,0,https://www.costco.com/diamond-earrings.html,2026-09-28T02:09:58.661262+00:00
5403c9f2-c255-5a3c-90a1-a018da80933f,1738,1227760,1227760,"Round Brilliant 0.50 ctw VS2 Clarity, I Color Diamond 14kt Gold Stud Earrings, White Gold",https://www.costco.com/.product.1227760.html,,,0,0,https://www.costco.com/diamond-earrings.html,2026-09-28T02:09:58.661262+00:00
fc083ab6-084a-58a9-96ad-bb92bdf35c73,1738,1367902,1367902,"Round Brilliant 1.00 ctw VS2 Clarity, I Color Diamond 14kt White Gold Earrings",https://www.costco.com/.product.1367902.html,,,0,0,https://www.costco.com/diamond-earrings.html,2026-09-28T02:09:58.661262+00:00
eab04656-6830-591f-a6d7-9f66f170cb22,1738,1748383,1748383,"Round Brilliant 1.00 ctw VS2 Clarity, I Color Diamond 14kt Gold Hoop Earrings, Yellow Gold",https://www.costco.com/.product.1748383.html,,,0,0,https://www.costco.com/diamond-earrings.html,2026-09-28T02:09:58.661262+00:00
65fffc96-8a75-5379-87f8-288cf74be30e,1738,1833072,1833072,"Round Brilliant 1.50 ctw VS2 Clarity, G Color Diamond 14kt White Gold Hoop Earrings",https://www.costco.com/.product.1833072.html,,,0,0,https://www.costco.com/diamond-earrings.html,2026-09-28T02:09:58.661262+00:00
e0a90073-feaf-50bc-809c-12c1337b33ca,1738,1342638,1342638,"Round Brilliant 1.00 ctw VS2 Clarity, I Color Diamond 14kt Gold Stud Earrings, White Gold",https://www.costco.com/.product.1342638.html,,,0,0,https://www.costco.com/diamond-earrings.html,2026-09-28T02:09:58.661262+00:00
333358d0-0415-5b2e-90f0-05fad258d37d,1738,1333546,1333546,"Round Brilliant 0.36 ctw VS2 Clarity, I Color Diamond 14kt White Gold Stud Earrings",https://www.costco.com/.product.1333546.html,,,0,0,https://www.costco.com/diamond-earrings.html,2026-09-28T02:09:58.661262+00:00
3b183c53-7c4d-5e55-a900-0920129879cf,1738,1758645,1758645,"Round Brilliant 0.25 ctw VS2 Clarity, I Color Diamond 14kt White Gold Hoop Earrings, White Gold",https://www.costco.com/.product.1758645.html,,,0,0,https://www.costco.com/diamond-earrings.html,2026-09-28T02:09:58.661262+00:00
1c500027-2cb7-5452-864c-36e5987e7d63,1738,1342771,1342771,"Princess Cut 0.50 ctw VS2 Clarity, I Color Diamond 14kt Gold Stud Earrings, White Gold",https://www.costco.com/.product.1342771.html,,,0,0,https://www.costco.com/diamond-earrings.html,2026-09-28T02:09:58.661262+00:00
805a03b7-7aa0-5019-b6ae-ae72d5aa11e5,1738,1483941,1483941,"Round Brilliant 1.50 ctw VS2 Clarity, I Color Diamond 14kt White Gold Dangle Earrings",https://www.costco.com/.product.1483941.html,,,0,0,https://www.costco.com/diamond-earrings.html,2026-09-28T02:09:58.661262+00:00
74da7c3d-2d35-586d-a6e4-bb5931f33804,1738,1844420,1844420,"Round Brilliant 1.00 ctw VS2 Clarity, I Color Diamond 14kt White Gold Dangle Earrings",https://www.costco.com/.product.1844420.html,,,0,0,https://www.costco.com/diamond-earrings.html,2026-09-28T02:09:58.661262+00:00
f0d8cee2-91df-50f5-bb3f-cde238782503,1738,1921672,1921672,"Round Brilliant 1.00 ctw VS2 Clarity, I Color Diamond 14kt White Gold Earrings",https://www.costco.com/.product.1921672.html,,,0,0,https://www.costco.com/diamond-earrings.html,2026-09-28T02:09:58.661262+00:00
3a8ef640-42b8-5465-9ca7-032eca835668,1738,1844419,1844419,"Round Brilliant 0.60 ctw VS2 Clarity, I Color Diamond 14kt White Gold Flower Earrings",https://www.costco.com/.product.1844419.html,,,0,0,https://www.costco.com/diamond-earrings.html,2026-09-28T02:09:58.661262+00:00
161e9047-ab1f-556f-9772-81f6eda0a4a6,1738,1833855,1833855,"Round Brilliant 0.80 ctw VS2 Clarity, G Color Diamond 14kt White Gold Dangle Earrings",https://www.costco.com/.product.1833855.html,,,0,0,https://www.costco.com/diamond-earrings.html,2026-09-28T02:09:58.661262+00:00
a0ca384f-37e0-558e-bfb8-d9a7b80e1eb7,1738,1342772,1342772,"Princess Cut 1.00 ctw VS2 Clarity, I Color Diamond 14kt Gold Stud Earrings, White Gold",https://www.costco.com/.product.1342772.html,,,0,0,https://www.costco.com/diamond-earrings.html,2026-09-28T02:09:58.661262+00:00
60c661ae-e367-54aa-a677-a947c537ac22,1738,1748473,1748473,"Round Brilliant 0.80 ctw VS2 Clarity, I Color Solitaire Diamond 14kt White Gold Stud Earrings",https://www.costco.com/.product.1748473.html,,,0,0,https://www.costco.com/diamond-earrings.html,2026-09-28T02:09:58.661262+00:00
6e8ee7c2-4ca8-50ed-ae2b-1878d96f4662,1738,335047,335047,"Round Brilliant 0.45 ctw VS2 Clarity, I Color Diamond 14kt White Gold Halo Earrings",https://www.costco.com/.product.335047.html,,,0,0,https://www.costco.com/diamond-earrings.html,2026-09-28T02:09:58.661262+00:00
c701e0e8-9c23-57c6-bdee-6dbc2f7febf7,1738,1749531,1749531,"Round Brilliant 1.00 ctw VS2 Clarity, I Color Diamond 14kt Yellow Gold Huggie Hoop Earrings",https://www.costco.com/.product.1749531.html,,,0,0,https://www.costco.com/diamond-earrings.html,2026-09-28T02:09:58.661262+00:00
4faa6c0c-70e6-5418-9f66-6628092688b2,1738,1804624,1804624,"Round Brilliant 1.00 ctw VS2 Clarity, I Color Diamond 14kt White Gold Stud Earrings",https://www.costco.com/.product.1804624.html,,,0,0,https://www.costco.com/diamond-earrings.html,2026-09-28T02:09:58.661262+00:00
833fe4c5-7553-5fb1-9452-c4e82e39447e,1738,1507287,1507287,"Round Brilliant 1.40 ctw VS2 Clarity, I Color Diamond 14kt White Gold Push Lock Stud Earrings",https://www.costco.com/.product.1507287.html,,,0,0,https://www.costco.com/diamond-earrings.html,2026-09-28T02:09:58.661262+00:00
1bc764a5-2cee-50d2-a3f2-c53dee67657d,1738,1769683,1769683,"Round Brilliant 0.10 ctw VS2 Clarity, I Color Diamond 14kt White Gold Heart Earrings",https://www.costco.com/.product.1769683.html,,,0,0,https://www.costco.com/diamond-earrings.html,2026-09-28T02:09:58.661262+00:00
aab0f02b-00bc-5411-8336-a35486943793,1738,1789311,1789311,"Princess Cut 0.73 ctw VS2 Clarity, G Color Diamond 14kt Gold Stud Earrings, White Gold",https://www.costco.com/.product.1789311.html,,,0,0,https://www.costco.com/diamond-earrings.html,2026-09-28T02:09:58.661262+00:00
bf0dd24b-14d3-57b4-bd30-f36f444fe115,1738,1728220,1728220,"Round Brilliant 5.00 ctw VS2 Clarity, G Color Diamond 14kt Gold Strand Necklace",https://www.costco.com/.product.1728220.html,,,0,0,https://www.costco.com/diamond-necklaces.html,2026-09-28T02:10:29.355979+00:00
a712c2d4-765f-588e-a907-fa45c0c4b584,1738,1728226,1728226,"Round Brilliant 5.00 ctw VS2 Clarity, G Color Diamond 14kt Gold Strand Necklace",https://www.costco.com/.product.1728226.html,,,0,0,https://www.costco.com/diamond-necklaces.html,2026-09-28T02:10:29.355979+00:00
7e2d9114-82c5-585e-b971-4ebe2425b662,1738,1550691,1550691,"Round Brilliant 0.50 ct VS2 Clarity, I Color Diamond 14kt Gold Solitaire Pendant, White Gold",https://www.costco.com/.product.1550691.html,,,0,0,https://www.costco.com/diamond-necklaces.html,2026-09-28T02:10:29.355979+00:00
02ffb8aa-b511-544f-b1dc-2c138944e853,1738,1471992,1471992,"Round Brilliant 10.00 ctw VS2 Clarity, G Color Diamond 14kt Gold Eternity Strand Necklace, White Gold",https://www.costco.com/.product.1471992.html,,,0,0,https://www.costco.com/diamond-necklaces.html,2026-09-28T02:10:29.355979+00:00
04732ae0-f160-5425-93b3-1b566a629237,1738,1748492,1748492,"Round Brilliant 0.73 ctw VS2 Clarity, I Color Diamond 14kt Gold Clover Necklace, Yellow Gold",https://www.costco.com/.product.1748492.html,,,0,0,https://www.costco.com/diamond-necklaces.html,2026-09-28T02:10:29.355979+00:00
69b9cc7f-8dc8-5e65-8f49-98073ea01ae2,1738,1386314,1386314,"Round Brilliant 1.00 ctw VS2 Clarity, I Color Diamond 14kt Gold Three Stone Pendant, Yellow Gold",https://www.costco.com/.product.1386314.html,,,0,0,https://www.costco.com/diamond-necklaces.html,2026-09-28T02:10:29.355979+00:00
ef10a2bb-76bc-574c-9e7d-6ce389c06c0d,1738,1468143,1468143,"Round Brilliant 1.00 ctw VS2 Clarity, G Color Diamond 14kt White Gold Cross Pendant",https://www.costco.com/.product.1468143.html,,,0,0,https://www.costco.com/diamond-necklaces.html,2026-09-28T02:10:29.355979+00:00
3b5f83eb-5292-544b-8b21-6810883c9753,1738,1749713,1749713,"Round Brilliant 0.50 ctw VS2 Clarity, I Color Diamond 14kt White Gold Necklace",https://www.costco.com/.product.1749713.html,,,0,0,https://www.costco.com/diamond-necklaces.html,2026-09-28T02:10:29.355979+00:00
1e72be68-56be-5dfb-b89e-536972509bf5,1738,383667,383667,"Round Brilliant 1.30 ctw VS2 Clarity, I Color Diamond 14kt White Gold Tear Drop Necklace",https://www.costco.com/.product.383667.html,,,0,0,https://www.costco.com/diamond-necklaces.html,2026-09-28T02:10:29.355979+00:00
cbfbe6b0-fc01-5925-a69d-2c51b65bcf21,1738,1922359,1922359,"Round Brilliant 1.00 ctw VS2 Clarity, I Color Diamond 14kt White Gold Smile Necklace",https://www.costco.com/.product.1922359.html,,,0,0,https://www.costco.com/diamond-necklaces.html,2026-09-28T02:10:29.355979+00:00
d2bbe679-82d6-59f5-b51d-331786817137,1738,657092,657092,"Round Brilliant 0.43 ctw VS2 Clarity, I Color Diamond 14kt White Gold Cross Pendant",https://www.costco.com/.product.657092.html,,,0,0,https://www.costco.com/diamond-necklaces.html,2026-09-28T02:10:29.355979+00:00
881afdfb-0371-52cb-8448-d47450f71a57,1738,1844421,1844421,"Round Brilliant 0.75 ctw VS2 Clarity, I Color Diamond 14kt White Gold Flower Necklace",https://www.costco.com/.product.1844421.html,,,0,0,https://www.costco.com/diamond-necklaces.html,2026-09-28T02:10:29.355979+00:00
52c8cb48-d442-5e87-9fd0-45790c47c3de,1738,1769638,1769638,"Round Brilliant 0.14 ct VS2 Clarity, I Color Diamond 14kt White Gold Heart Pendant",https://www.costco.com/.product.1769638.html,,,0,0,https://www.costco.com/diamond-necklaces.html,2026-09-28T02:10:29.355979+00:00
ff436100-cbe0-514c-8309-6ed948d89d8d,1738,1746233,1746233,"Round Brilliant 0.50 ctw VS2 Clarity, I Color Diamond 14kt Yellow Gold Flower Pendant",https://www.costco.com/.product.1746233.html,,,0,0,https://www.costco.com/diamond-necklaces.html,2026-09-28T02:10:29.355979+00:00
3dbe7d05-4d2d-57db-8a17-f4f20ae9dc99,1738,1612661,1612661,"Princess Cut & Round Brilliant 1.00ctw VS2 Clarity, G Color Diamond 14kt White Gold Necklace",https://www.costco.com/.product.1612661.html,,,0,0,https://www.costco.com/diamond-necklaces.html,2026-09-28T02:10:29.355979+00:00
b6fb96a3-5e76-5175-9c8e-72c2b9e22918,1738,1834021,1834021,"Round Brilliant 1.00 ctw VS2 Clarity, I Color Diamond 14kt White Gold Heart Pendant",https://www.costco.com/.product.1834021.html,,,0,0,https://www.costco.com/diamond-necklaces.html,2026-09-28T02:10:29.355979+00:00
564328d7-4f60-5ce7-9e82-4532b33d0c9d,1738,1749548,1749548,"Round Brilliant 0.57 ctw VS2 Clarity, I Color Diamond 14kt White Gold Pendant",https://www.costco.com/.product.1749548.html,,,0,0,https://www.costco.com/diamond-necklaces.html,2026-09-28T02:10:29.355979+00:00
95fc7ba1-8c24-5b68-9395-adbdd661f439,1738,1779090,1779090,"Round Brilliant 0.76 ctw VS2 Clarity, I Color Diamond 14kt White Gold Halo Necklace",https://www.costco.com/.product.1779090.html,,,0,0,https://www.costco.com/diamond-necklaces.html,2026-09-28T02:10:29.355979+00:00
bd92b1e5-6183-5a64-96b6-f9e9411f7853,1738,1773519,1773519,"Round Brilliant 0.50 ctw VS2 Clarity, I Color Diamond 14kt Yellow Gold Bar Pendant Necklace",https://www.costco.com/.product.1773519.html,,,0,0,https://www.costco.com/diamond-necklaces.html,2026-09-28T02:10:29.355979+00:00
378218f0-2588-5909-8128-09a1d9bf8679,1738,1768090,1768090,Nephrite Green Jade 18kt Yellow Gold Pendant,https://www.costco.com/.product.1768090.html,,,0,0,https://www.costco.com/diamond-necklaces.html,2026-09-28T02:10:29.355979+00:00
0e9087f9-a0bf-5ef4-9b20-7c0ea0dc5bc2,1738,1082650,1082650,"Round Brilliant 1.10 ctw VS2 Clarity, I Color Diamond 14kt White Gold Wedding Set, Size 7",https://www.costco.com/.product.1082650.html,,,0,0,https://www.costco.com/diamond-rings.html,2026-09-28T02:10:57.600122+00:00
24e82ebd-c11c-5f3f-a4e4-d985010c5554,1738,1672667,1672667,"Round Brilliant 0.75 ctw VS2 Clarity, G Color Diamond 14kt White Gold Ring, Size 7",https://www.costco.com/.product.1672667.html,,,0,0,https://www.costco.com/diamond-rings.html,2026-09-28T02:10:57.600122+00:00
03a7e573-5d1d-5bb1-a21f-424955467802,1738,1637777,1637777,"Round Brilliant 0.25 ctw VS2 Clarity, I Color Diamond Band, White Gold, Size 7",https://www.costco.com/.product.1637777.html,,,0,0,https://www.costco.com/diamond-rings.html,2026-09-28T02:10:57.600122+00:00
1e0e9566-c3f7-55ea-b199-3ccdce5b11f8,1738,1247956,1247956,"Round Brilliant & Baguette 1.68 ctw VS2 Clarity, I Color Diamond Platinum Ring, Size 7",https://www.costco.com/.product.1247956.html,,,0,0,https://www.costco.com/diamond-rings.html,2026-09-28T02:10:57.600122+00:00
b2f18dc9-4be2-5da2-b141-79a8aaeaaa68,1738,1754219,1754219,"Round Brilliant 1.41 ctw VS2 Clarity, I Color Diamond Platinum Halo Ring",https://www.costco.com/.product.1754219.html,,,0,0,https://www.costco.com/diamond-rings.html,2026-09-28T02:10:57.600122+00:00
cb90cec6-7a60-5dbe-b4a1-736ba116344b,1738,1822857,1822857,"Emerald & Round Brilliant 1.39 ctw VS2 Clarity, I Color Diamond 14kt White Gold Ring, Size 7",https://www.costco.com/.product.1822857.html,,,0,0,https://www.costco.com/diamond-rings.html,2026-09-28T02:10:57.600122+00:00
d92b230a-347f-5231-9edf-ce4d288f51ee,1738,1766657,1766657,"Round Brilliant 1.40 ctw VS2 Clarity, I Color Diamond 14kt White Gold Wedding Set, Size 7",https://www.costco.com/.product.1766657.html,,,0,0,https://www.costco.com/diamond-rings.html,2026-09-28T02:10:57.600122+00:00
d6ea04e4-8e9e-59fb-9d08-10ab701a5c93,1738,1748977,1748977,"Round Brilliant 0.70 ctw VS2 Clarity, I Color Diamond 14kt Gold Band, White Gold, 7",https://www.costco.com/.product.1748977.html,,,0,0,https://www.costco.com/diamond-rings.html,2026-09-28T02:10:57.600122+00:00
cfc643b7-fdb2-50cf-9bc5-69c2979432f5,1738,1904317,1904317,"Emerald Cut & Round Brilliant 1.17 ctw VS2 Clarity, G Color Diamond Platinum Three Stone Ring, Size 7",https://www.costco.com/.product.1904317.html,,,0,0,https://www.costco.com/diamond-rings.html,2026-09-28T02:10:57.600122+00:00
2c585afe-fa57-552f-9e24-3ad761a85533,1738,1754195,1754195,"Round Brilliant 1.50 ctw VS2 Clarity, I Color Diamond Platinum Three Stone Halo Ring; Size 7",https://www.costco.com/.product.1754195.html,,,0,0,https://www.costco.com/diamond-rings.html,2026-09-28T02:10:57.600122+00:00
9c58f986-a7b1-5751-a2ed-94ee675b702d,1738,1615946,1615946,"Oval Cut and Round Brilliant 1.52 ctw VS2 Clarity, I Color Diamond 14kt White Gold Ring",https://www.costco.com/.product.1615946.html,,,0,0,https://www.costco.com/diamond-rings.html,2026-09-28T02:10:57.600122+00:00
1b0b0b50-bc11-558a-b5b8-8df43e63e122,1738,1831977,1831977,"Round Brilliant 1.00 ctw VS2 Clarity, I Color Diamond Platinum Bridal Ring, Size 7",https://www.costco.com/.product.1831977.html,,,0,0,https://www.costco.com/diamond-rings.html,2026-09-28T02:10:57.600122+00:00
aa3557a3-86d3-57d5-9b47-debcbcc9380f,1738,1792227,1792227,"Round Brilliant 1.00 ctw VS2 Clarity, I Color Diamond Channel Set Band, Platinum, Size 7",https://www.costco.com/.product.1792227.html,,,0,0,https://www.costco.com/diamond-rings.html,2026-09-28T02:10:57.600122+00:00
25429e4d-93cd-550e-adb6-09802409952e,1738,1954447,1954447,"Round Brilliant 0.50 ctw VS2 Clarity, I Color Diamond Platinum Halo Ring, Size 7",https://www.costco.com/.product.1954447.html,,,0,0,https://www.costco.com/diamond-rings.html,2026-09-28T02:10:57.600122+00:00
055bd9ae-b587-5d32-9cfe-73c0b8311e55,1738,1748831,1748831,"Round Brilliant 0.50 ctw VS2 Clarity, I Color Diamond 14kt Yellow Gold Band, Size 7",https://www.costco.com/.product.1748831.html,,,0,0,https://www.costco.com/diamond-rings.html,2026-09-28T02:10:57.600122+00:00
016dfa09-3e98-5db2-b444-3ba246b528f1,1738,1738697,1738697,"Blue Sapphire and Diamond 14kt White Gold Band, Size 7",https://www.costco.com/.product.1738697.html,,,0,0,https://www.costco.com/diamond-rings.html,2026-09-28T02:10:57.600122+00:00
4f4e9618-32ec-5ad0-8bd8-84140d9d9a6b,1738,100801219,100801219,"Kirkland Signature Baby Wipes Fragrance Free, 900-count",https://www.costco.com/kirkland-signature-baby-wipes-fragrance-free-900-count.product.100801219.html,,,0,0,https://www.costco.com/diapers-wipes.html,2026-09-28T02:11:27.118546+00:00
3bd3f1ec-d0ca-5eb2-a84b-6205f1ae1461,1738,100811165,100811165,"RICO Baby Wipes, 720-count",https://www.costco.com/rico-baby-wipes-720-count.product.100811165.html,,,0,0,https://www.costco.com/diapers-wipes.html,2026-09-28T02:11:27.118546+00:00
be234fe8-a75e-5cee-908b-94087051f5de,1738,4201002177,4201002177,Kirkland Signature Diaper Sizes 3-7,https://www.costco.com/kirkland-signature-diaper-sizes-3-7.product.4201002177.html,,,0,0,https://www.costco.com/diapers.html,2026-09-28T02:11:54.078347+00:00
404a5391-7dfc-5a04-be3d-1e777c1fb41e,1738,4000350943,4000350943,Huggies Plus Diapers Sizes 3 - 7,https://www.costco.com/huggies-plus-diapers-sizes-3---7.product.4000350943.html,,,0,0,https://www.costco.com/diapers.html,2026-09-28T02:11:54.078347+00:00
ac44ba34-da6a-553e-a7e1-36a9c9dcb1e9,1738,4201002118,4201002118,Kirkland Signature Diaper Sizes 1-2,https://www.costco.com/kirkland-signature-diaper-sizes-1-2.product.4201002118.html,,,0,0,https://www.costco.com/diapers.html,2026-09-28T02:11:54.078347+00:00
7a370dd4-60d1-5533-896f-3ba5ddba0fe6,1738,4201012875,4201012875,Huggies Plus Diapers Size 1-2,https://www.costco.com/huggies-plus-diapers-size-1-2.product.4201012875.html,,,0,0,https://www.costco.com/diapers.html,2026-09-28T02:11:54.078347+00:00
e51b25ee-4e08-57de-8cf6-24ffdb79c868,1738,1502205,1502205,"Orgain Organic Protein and Superfoods Plant Based Protein Powder, Creamy Chocolate Fudge, 2.64 lbs",https://www.costco.com/.product.1502205.html,,,0,0,https://www.costco.com/diet-nutrition.html,2026-09-28T02:12:17.531975+00:00
d67fe0cf-3665-5639-8f16-74b9df6af92b,1738,2049358,2049358,"Liquid I.V. Hydration Multiplier, 30 Individual Serving Stick Packs in Resealable Pouch, Sugar Free, Variety Pack",https://www.costco.com/.product.2049358.html,,,0,0,https://www.costco.com/diet-nutrition.html,2026-09-28T02:12:17.531975+00:00
19265d58-e9ae-55db-87d5-dcb587aeab87,1738,1195611,1195611,"Orgain Organic Protein and Superfoods Plant Based Protein Powder, Vanilla Bean, 2.7 lbs",https://www.costco.com/.product.1195611.html,,,0,0,https://www.costco.com/diet-nutrition.html,2026-09-28T02:12:17.531975+00:00
2c714751-19fc-5a0f-95b5-1476ee590ab7,1738,2007062,2007062,"Premier Protein High Protein Chocolate Shake, 11 fl oz, 18-count",https://www.costco.com/.product.2007062.html,,,0,0,https://www.costco.com/diet-nutrition.html,2026-09-28T02:12:17.531975+00:00
465c7312-c2ed-582d-b651-8db41ee27a8c,1738,1243880,1243880,"Optimum Nutrition Gold Standard 100% Whey Protein Powder, 5.64 lbs, Chocolate",https://www.costco.com/.product.1243880.html,,,0,0,https://www.costco.com/diet-nutrition.html,2026-09-28T02:12:17.531975+00:00
7c257f70-d783-5353-9df2-da17c0614aa4,1738,2027490,2027490,"Orgain 30g Ultra Filtered A2 Milk Protein Shake, Chocolate 11 fl oz, 15-count",https://www.costco.com/.product.2027490.html,,,0,0,https://www.costco.com/diet-nutrition.html,2026-09-28T02:12:17.531975+00:00
f32680ea-7f5d-510f-b5de-4755fbd6cf6e,1738,1252365,1252365,"Ensure Original Nutrition Shake, Vanilla, 8 fl oz, 30-count",https://www.costco.com/.product.1252365.html,,,0,0,https://www.costco.com/diet-nutrition.html,2026-09-28T02:12:17.531975+00:00
71bd7dc5-2afa-5101-9d52-f30b9a8ed042,1738,1303463,1303463,"Vital Proteins Collagen Peptides, Unflavored, 1.5 lbs",https://www.costco.com/.product.1303463.html,,,0,0,https://www.costco.com/diet-nutrition.html,2026-09-28T02:12:17.531975+00:00
d35827a2-39c5-5744-b8af-41d0e22bae53,1738,1932071,1932071,"Liquid I.V. Hydration Multiplier, 30 Individual Serving Stick Packs in Resealable Pouch, Variety Pack",https://www.costco.com/.product.1932071.html,,,0,0,https://www.costco.com/diet-nutrition.html,2026-09-28T02:12:17.531975+00:00
aa190f68-8179-5d99-b8de-52e11e7ec3af,1738,1485984,1485984,"Fairlife Nutrition Plan, 30g Protein Shake, Chocolate, 11.5 fl oz, 18-pack",https://www.costco.com/.product.1485984.html,,,0,0,https://www.costco.com/diet-nutrition.html,2026-09-28T02:12:17.531975+00:00
b314afa7-0191-52aa-9aa8-5377334421cd,1738,2007064,2007064,"Premier Protein High Protein Café Latte Shake, 11 fl oz, 18-count",https://www.costco.com/.product.2007064.html,,,0,0,https://www.costco.com/diet-nutrition.html,2026-09-28T02:12:17.531975+00:00
06653215-99fd-5067-9002-161795d0cea8,1738,2049359,2049359,"Liquid I.V. Hydration Multiplier, 30 Individual Serving Stick Packs in Resealable Pouch, Sugar Free, Ring Pop Cherry",https://www.costco.com/.product.2049359.html,,,0,0,https://www.costco.com/diet-nutrition.html,2026-09-28T02:12:17.531975+00:00
d674e3d1-598f-5d32-a15d-424dc7fde9d8,1738,2017037,2017037,"Orgain 35g Dairy Free Protein Shake, Creamy Chocolate 14 fl oz, 12-count",https://www.costco.com/.product.2017037.html,,,0,0,https://www.costco.com/diet-nutrition.html,2026-09-28T02:12:17.531975+00:00
3786695e-0d5c-53d0-8f31-37c843ecdf9c,1738,1945057,1945057,"Oikos 30g Protein Shake, Vanilla, 12 fl oz, 18-pack",https://www.costco.com/.product.1945057.html,,,0,0,https://www.costco.com/diet-nutrition.html,2026-09-28T02:12:17.531975+00:00
e89f7304-e121-594a-9e78-9fbdebff1bae,1738,1252372,1252372,"Ensure Plus Nutrition Shake, Vanilla, 8 fl. oz, 30-pack",https://www.costco.com/.product.1252372.html,,,0,0,https://www.costco.com/diet-nutrition.html,2026-09-28T02:12:17.531975+00:00
44e55a8a-4efd-5f27-b5b1-d882637b59ca,1738,2007063,2007063,"Premier Protein Vanilla High Protein Shake, 11 fl oz, 18-count",https://www.costco.com/.product.2007063.html,,,0,0,https://www.costco.com/diet-nutrition.html,2026-09-28T02:12:17.531975+00:00
0f39212b-b80d-5b01-95cb-01471817fbd9,1738,1243864,1243864,"Optimum Nutrition Gold Standard 100% Whey Protein Powder, Vanilla Ice Cream, 5.47 lbs",https://www.costco.com/.product.1243864.html,,,0,0,https://www.costco.com/diet-nutrition.html,2026-09-28T02:12:17.531975+00:00
122d5555-85e1-56ed-b2ad-3f2541450bc9,1738,2037453,2037453,"Nurri 30g Protein Shake, Chocolate, 11 fl oz , 15-pack",https://www.costco.com/.product.2037453.html,,,0,0,https://www.costco.com/diet-nutrition.html,2026-09-28T02:12:17.531975+00:00
ec72b634-5e1c-5683-b2c8-610496b23461,1738,2037515,2037515,"Nurri 30g Protein Shake, Vanilla, 11 fl oz, 15-pack",https://www.costco.com/.product.2037515.html,,,0,0,https://www.costco.com/diet-nutrition.html,2026-09-28T02:12:17.531975+00:00
55bc3564-bdc5-5f35-a1ed-474b27565a78,1738,2007065,2007065,"Premier Protein High Protein Strawberries & Cream Shake, 11 fl oz, 18-count",https://www.costco.com/.product.2007065.html,,,0,0,https://www.costco.com/diet-nutrition.html,2026-09-28T02:12:17.531975+00:00
942b125c-a44d-529e-bdee-f9ea14381cd6,1738,1667705,1667705,"Ascent 100% Whey, Native Whey Protein Blend, Vanilla Bean, 4.25 lbs",https://www.costco.com/.product.1667705.html,,,0,0,https://www.costco.com/diet-nutrition.html,2026-09-28T02:12:17.531975+00:00
6ec4b829-10a5-5b45-b3f0-ebdc349b8f17,1738,1082839,1082839,"FITCRUNCH Protein Bars, 16g Protein, Chocolate Peanut Butter, 1.62 oz, 18-count",https://www.costco.com/.product.1082839.html,,,0,0,https://www.costco.com/diet-nutrition.html,2026-09-28T02:12:17.531975+00:00
eed51781-519a-5fbd-bb17-b38eb2493917,1738,2037470,2037470,"Nurri 30g Protein Shake, Coffee, 11 fl oz, 15-pack",https://www.costco.com/.product.2037470.html,,,0,0,https://www.costco.com/diet-nutrition.html,2026-09-28T02:12:17.531975+00:00
413afd67-6a88-5a58-baf2-5aae9ea3e67b,1738,2068077,2068077,"Fairlife Nutrition Plan, 30g Protein Shake, Vanilla, 11.5 fl oz, 18-pack",https://www.costco.com/.product.2068077.html,,,0,0,https://www.costco.com/diet-nutrition.html,2026-09-28T02:12:17.531975+00:00
30625f2a-4c87-5cd3-84e2-47ad9f933095,1738,2027551,2027551,"Muscle Milk 33g Protein Ultra-Filtered Milk Shake, Cookies 'N Crème, 11 fl oz, 18-pack",https://www.costco.com/.product.2027551.html,,,0,0,https://www.costco.com/diet-nutrition.html,2026-09-28T02:12:28.281749+00:00
930d9beb-ed0f-5022-8df9-85991304151a,1738,1694426,1694426,"Orgain Collagen Peptides + Probiotics, Unflavored, 1.6 lbs",https://www.costco.com/.product.1694426.html,,,0,0,https://www.costco.com/diet-nutrition.html,2026-09-28T02:12:28.281749+00:00
8013fe9d-d8ac-5b8b-9fba-a71a7b60d225,1738,2048096,2048096,"Genius Gourmet Sparkling Clear 30g Protein Variety Pack, 12 fl oz, 15-pack",https://www.costco.com/.product.2048096.html,,,0,0,https://www.costco.com/diet-nutrition.html,2026-09-28T02:12:28.281749+00:00
820f35cb-f401-5a76-ac39-82b0854bd381,1738,1927215,1927215,"Orgain, Micronized Creatine Monohydrate, Unflavored, 1.48lbs",https://www.costco.com/.product.1927215.html,,,0,0,https://www.costco.com/diet-nutrition.html,2026-09-28T02:12:28.281749+00:00
8faf566f-41d2-59f7-b6b1-a540ce66f00e,1738,555744,555744,"Glucerna Original Diabetic Nutrition Shake, 8 fl oz, 24-pack, Vanilla",https://www.costco.com/.product.555744.html,,,0,0,https://www.costco.com/diet-nutrition.html,2026-09-28T02:12:28.281749+00:00
e65646e9-cabc-5e0f-9bff-ccf5a85492a1,1738,1446055,1446055,"Nature's Truth Organic Apple Cider Vinegar 500 mg., 120 Gummies",https://www.costco.com/.product.1446055.html,,,0,0,https://www.costco.com/dietary-supplements.html,2026-09-28T02:12:57.589558+00:00
97aefeac-7de6-518f-b3e5-e8f05c568fad,1738,1814790,1814790,"Zena USDA Organic Supergreens Fruits & Vegetables Powder, 45 Stick Packets",https://www.costco.com/.product.1814790.html,,,0,0,https://www.costco.com/dietary-supplements.html,2026-09-28T02:12:57.589558+00:00
b2f1d2b9-401b-51ea-8981-dac506e9527c,1738,2059615,2059615,"Neuro Energy & Focus Gum, Peppermint and Spearmint, 12-packs, 72 Total Pieces",https://www.costco.com/.product.2059615.html,,,0,0,https://www.costco.com/dietary-supplements.html,2026-09-28T02:12:57.589558+00:00
ad4bfde7-94ec-568c-9fd9-169af309dd93,1738,2023727,2023727,"Once Upon a Farm Organic Immunity Blends Variety Pack, 3.2 fl oz, 12-count",https://www.costco.com/.product.2023727.html,,,0,0,https://www.costco.com/dietary-supplements.html,2026-09-28T02:12:57.589558+00:00
cf5be489-7cf1-588b-8122-53635a586f20,1738,2068911,2068911,"Aura Summit 15"" Wi-Fi Digital Photo Frame, Gravel",https://www.costco.com/.product.2068911.html,,,0,0,https://www.costco.com/digital-picture-frames.html,2026-09-28T02:13:32.260561+00:00
1d23ca59-b6da-5499-8992-c249999097df,1738,1782879,1782879,Bryce Dining Table and 6 Chairs,https://www.costco.com/.product.1782879.html,,,0,0,https://www.costco.com/dining-kitchen-sets.html,2026-09-28T02:14:19.011806+00:00
85e19b24-d758-52cb-961c-fbe8abee353c,1738,1861872,1861872,Graham Dining Table and 8 Chairs,https://www.costco.com/.product.1861872.html,,,0,0,https://www.costco.com/dining-kitchen-sets.html,2026-09-28T02:14:19.011806+00:00
0d878e45-6639-5b51-b289-15750ccc4c88,1738,1280819,1280819,"Kirkland Signature Organic Hummus, 2.5 oz, 20-count",https://www.costco.com/.product.1280819.html,,,0,0,https://www.costco.com/dips-spreads.html,2026-09-28T02:15:45.384547+00:00
73b11ca5-1d99-5572-ad60-35e280483d1a,1738,1285362,1285362,"Kirkland Signature Chunky Guacamole, Organic, 2.5 oz, 16-count",https://www.costco.com/.product.1285362.html,,,0,0,https://www.costco.com/dips-spreads.html,2026-09-28T02:15:45.384547+00:00
08009e41-1820-5c4b-9fc0-0bf1abb4afbd,1738,990551,990551,"Kirkland Signature Imported Basil Pesto, 22 oz",https://www.costco.com/.product.990551.html,,,0,0,https://www.costco.com/dips-spreads.html,2026-09-28T02:15:45.384547+00:00
703f447d-6540-5c39-93e1-5ad139a1d97e,1738,1433996,1433996,"Stonefire Authentic Flatbreads Naan Dippers, 19.4 oz",https://www.costco.com/.product.1433996.html,,,0,0,https://www.costco.com/dips-spreads.html,2026-09-28T02:15:45.384547+00:00
7189c0d5-63f5-5220-a3da-142eed659f76,1738,1098785,1098785,"Wildbrine Raw Organic Sauerkraut, 50 oz",https://www.costco.com/.product.1098785.html,,,0,0,https://www.costco.com/dips-spreads.html,2026-09-28T02:15:45.384547+00:00
e085bd3b-1fc6-52df-8b2d-9065d72508ca,1738,40532,40532,"Philadelphia Original Cream Cheese Spread, 48 oz",https://www.costco.com/.product.40532.html,,,0,0,https://www.costco.com/dips-spreads.html,2026-09-28T02:15:45.384547+00:00
4b62e1e8-7706-5d80-bbd6-e527fa53f9d4,1738,1239636,1239636,"Good Foods Organic Avocado Mash, Sea Salt and Black Pepper, 2 oz, 16-count",https://www.costco.com/.product.1239636.html,,,0,0,https://www.costco.com/dips-spreads.html,2026-09-28T02:15:45.384547+00:00
d0985a1d-cfd3-5d64-8a74-4c53b4376e42,1738,2251987,2251987,"Kirkland Signature Organic Roasted Pine Nut Hummus, 34 oz",https://www.costco.com/.product.2251987.html,,,0,0,https://www.costco.com/dips-spreads.html,2026-09-28T02:15:45.384547+00:00
53ad3550-16bc-5cee-85d3-c2afe8d27ba7,1738,2727590,2727590,"Cascade Platinum Plus Dishwasher Detergent ActionPacs, Fresh, 82-count",https://www.costco.com/.product.2727590.html,,,0,0,https://www.costco.com/dish-detergent.html,2026-09-28T02:16:11.665702+00:00
9465c0e3-2f56-55a6-bc06-abd2f9f82a73,1738,2990929,2990929,"Dawn Platimum Advanced Power Dishwashing Liquid, 90 fl oz",https://www.costco.com/.product.2990929.html,,,0,0,https://www.costco.com/dish-detergent.html,2026-09-28T02:16:11.665702+00:00
057b8cb2-7eee-5caf-b325-c9ea7ca25fd1,1738,2848101,2848101,"Cascade Complete Shine Boost Dishwasher Detergent ActionPacs, Fresh, 92-count",https://www.costco.com/.product.2848101.html,,,0,0,https://www.costco.com/dish-detergent.html,2026-09-28T02:16:11.665702+00:00
224f0232-a85b-51f1-8402-8b3d2b62fabc,1738,7609681,7609681,"Cascade Platinum Liquid Dishwasher Detergent, Fresh, 125 fl oz",https://www.costco.com/.product.7609681.html,,,0,0,https://www.costco.com/dish-detergent.html,2026-09-28T02:16:11.665702+00:00
62e5c591-ef18-536c-873c-ae46692f5d0c,1738,1789130,1789130,"Kirkland Signature Ultra Shine Liquid Dish Soap, Fresh, 90 fl. oz.",https://www.costco.com/.product.1789130.html,,,0,0,https://www.costco.com/dish-detergent.html,2026-09-28T02:16:11.665702+00:00
7786e79c-2ac1-5d3c-b3f8-0e63a1f65202,1738,2312000,2312000,"Finish Jet-Dry Ultra Dishwasher Rinse Aid, 38 fl oz",https://www.costco.com/.product.2312000.html,,,0,0,https://www.costco.com/dish-detergent.html,2026-09-28T02:16:11.665702+00:00
4b146975-6f3a-5a8c-9552-f8731ad53c44,1738,3797974,3797974,"Dawn Platinum Plus Powerwash Dish Soap Spray, Fresh Clean, 1 Starter Kit + 2 Refills",https://www.costco.com/.product.3797974.html,,,0,0,https://www.costco.com/dish-detergent.html,2026-09-28T02:16:11.665702+00:00
275266f0-9dc2-57b4-adcc-fc6b13be09a4,1738,1032422,1032422,"Palmolive Ultra Strength Liquid Dish Soap, 102 fl oz",https://www.costco.com/.product.1032422.html,,,0,0,https://www.costco.com/dish-detergent.html,2026-09-28T02:16:11.665702+00:00
a7d99d1f-3891-53b6-b96a-0acaf90ef5d1,1738,8816886,8816886,"Finish Powerball Ultimate Quantum Dish Detergent Tabs, 90-count",https://www.costco.com/.product.8816886.html,,,0,0,https://www.costco.com/dish-detergent.html,2026-09-28T02:16:11.665702+00:00
855f47c2-00b5-5a4a-bb48-0e5f83c5de09,1738,1111161,1111161,"Dixie Ultra 10-1/16"" Paper Plate, 186-count",https://www.costco.com/.product.1111161.html,,,0,0,https://www.costco.com/disposable-dinnerware.html,2026-09-28T02:16:41.382938+00:00
de8591b1-90b6-5eab-b761-b37bdca5824e,1738,1668599,1668599,"Dixie Ultra 8-1/2"" Paper Plate, 240-count",https://www.costco.com/.product.1668599.html,,,0,0,https://www.costco.com/disposable-dinnerware.html,2026-09-28T02:16:41.382938+00:00
4a1b0d6a-ea1f-5f93-bcce-00eb78726b8b,1738,12648,12648,"Kirkland Signature Cutlery, Clear, 360-count",https://www.costco.com/.product.12648.html,,,0,0,https://www.costco.com/disposable-dinnerware.html,2026-09-28T02:16:41.382938+00:00
0267ac59-99ef-51ca-bdb8-fdeac9eb9dd6,1738,1343253,1343253,"Kirkland Signature Elegant Plastic Plates, Variety Pack, White, 50-count",https://www.costco.com/.product.1343253.html,,,0,0,https://www.costco.com/disposable-dinnerware.html,2026-09-28T02:16:41.382938+00:00
c7521def-6659-587b-bd05-213dd9025310,1738,32711,32711,"Chinet Classic Dinner 10-3/8"" Paper Plate, 165-count",https://www.costco.com/.product.32711.html,,,0,0,https://www.costco.com/disposable-dinnerware.html,2026-09-28T02:16:41.382938+00:00
be8258da-a8f6-5037-8051-0efe4d41f181,1738,18695,18695,"Chinet Classic Lunch 8-3/4"" Paper Plate, 225-count",https://www.costco.com/.product.18695.html,,,0,0,https://www.costco.com/disposable-dinnerware.html,2026-09-28T02:16:41.382938+00:00
996427a1-2177-5235-91ff-696e828ea5c8,1738,1840900,1840900,"Dixie Ultra Deep Dish Paper Plate, 115-count",https://www.costco.com/.product.1840900.html,,,0,0,https://www.costco.com/disposable-dinnerware.html,2026-09-28T02:16:41.382938+00:00
49a83fd7-73e4-5e53-a508-d3675c0599c4,1738,895073,895073,"Kirkland Signature Nature's Domain Canned Dog Food, Turkey & Pea Stew, 13.2 oz, 24-count",https://www.costco.com/.product.895073.html,,,0,0,https://www.costco.com/dog-food.html,2026-09-28T02:17:31.957403+00:00
a9dcd373-1225-5231-acb7-9040a36432e3,1738,1101794,1101794,Kirkland Signature Nature's Domain Puppy Formula Chicken & Pea Dog Food 20 lb.,https://www.costco.com/.product.1101794.html,,,0,0,https://www.costco.com/dog-food.html,2026-09-28T02:17:31.957403+00:00
ad187a0c-538f-5564-a20e-c6aae777295a,1738,1567724,1567724,"Kirkland Signature Canned Dog Food, 13.2 oz, 24-count",https://www.costco.com/.product.1567724.html,,,0,0,https://www.costco.com/dog-food.html,2026-09-28T02:17:31.957403+00:00
953d2f4b-0912-5767-9a46-3f6cc4e8dc73,1738,1344105,1344105,"Blue Buffalo Life Protection Formula Chicken and Brown Rice Recipe Dog Food, 38 lbs",https://www.costco.com/.product.1344105.html,,,0,0,https://www.costco.com/dog-food.html,2026-09-28T02:17:31.957403+00:00
f9f0c34c-2665-5d0b-ae97-40f489ee9bbd,1738,1744538,1744538,"Kirkland Signature Pate Wet Dog Food Variety Pack, 3.5 oz, 45-count",https://www.costco.com/.product.1744538.html,,,0,0,https://www.costco.com/dog-food.html,2026-09-28T02:17:31.957403+00:00
5aeadb39-0e5a-55a6-a73a-7be075d13b2e,1738,1780093,1780093,"Freshpet Deli Fresh Dog Food, Chicken Recipe, 1.5 lbs, 6-rolls",https://www.costco.com/.product.1780093.html,,,0,0,https://www.costco.com/dog-food.html,2026-09-28T02:17:31.957403+00:00
b52f97cb-985b-5a06-ac10-e12f81d0ac49,1738,137423,137423,"Freshpet Deli Fresh Dog Food, Chicken Recipe, 6 lbs",https://www.costco.com/.product.137423.html,,,0,0,https://www.costco.com/dog-food.html,2026-09-28T02:17:31.957403+00:00
02ec18b6-e955-5fe0-85a0-892ea80ddbd3,1738,2040216,2040216,Ring Battery Doorbell Pro with Extra Battery and Chime,https://www.costco.com/.product.2040216.html,,,0,0,https://www.costco.com/doorbell-cameras.html,2026-09-28T02:18:44.062371+00:00
8fae3f00-e7bb-5f4e-9623-3b7d2b924a57,1738,553499,553499,"Kirkland Signature, Sunsweet Whole Dried Plums, 3.5 lbs",https://www.costco.com/.product.553499.html,,,0,0,https://www.costco.com/dried-fruit.html,2026-09-28T02:19:45.054589+00:00
90279683-0cc3-54ed-b70d-682da8ad19f6,1738,1143330,1143330,"Ocean Spray, Craisins Whole Dried Cranberries, 64 oz",https://www.costco.com/.product.1143330.html,,,0,0,https://www.costco.com/dried-fruit.html,2026-09-28T02:19:45.054589+00:00
555f041e-70b1-5d27-bd8b-622440855fa7,1738,289685,289685,"Sun-Maid Organic California Sun-Dried Raisins, 2 lbs, 2-count",https://www.costco.com/.product.289685.html,,,0,0,https://www.costco.com/dried-fruit.html,2026-09-28T02:19:45.054589+00:00
7419fb04-af74-5ade-81fe-46964b31a536,1738,1242231,1242231,"Swiss Miss, Hot Cocoa Mix, 1.38 oz, 50-Count",https://www.costco.com/.product.1242231.html,,,0,0,https://www.costco.com/drink-mix.html,2026-09-28T02:20:10.470347+00:00
3c682be6-8f38-5f27-bee6-b44af5ce6370,1738,325112,325112,"Lipton, Iced Tea Mix, Lemon, 5 lbs",https://www.costco.com/.product.325112.html,,,0,0,https://www.costco.com/drink-mix.html,2026-09-28T02:20:10.470347+00:00
3c48c9ce-4245-5443-be73-d215ab20b406,1738,4201006161,4201006161,Bergner 16.9-quart Stainless Steel Stock Pot with Lid,https://www.costco.com/bergner-169-quart-stainless-steel-stock-pot-with-lid.product.4201006161.html,,,0,0,https://www.costco.com/dutch-ovens-stock-pots.html,2026-09-28T02:21:49.826213+00:00
c27f7e05-9ee4-5c5d-8972-c54e5621c0ac,1738,4000422340,4000422340,Tramontina 8-Quart Stainless Steel Tri-ply Base Multicooker with Pasta Insert,https://www.costco.com/tramontina-8-quart-stainless-steel-tri-ply-base-multicooker-with-pasta-insert.product.4000422340.html,,,0,0,https://www.costco.com/dutch-ovens-stock-pots.html,2026-09-28T02:21:49.826213+00:00
4a4f85b7-fb9c-5bef-941f-208db14559a9,1738,1804646,1804646,14kt Gold Hoop Earrings; White,https://www.costco.com/.product.1804646.html,,,0,0,https://www.costco.com/earrings.html,2026-09-28T02:22:30.119500+00:00
3072b1a1-4e21-588b-8853-abac27f2cb18,1738,1867968,1867968,"Gemstone and Diamond 14kt Gold Flower Earrings, Amethyst",https://www.costco.com/.product.1867968.html,,,0,0,https://www.costco.com/earrings.html,2026-09-28T02:22:30.119500+00:00
4b460324-6cdb-52b0-8852-afdd44af8b69,1738,1714054,1714054,"14kt Gold Hoop Earrings, Yellow Gold",https://www.costco.com/.product.1714054.html,,,0,0,https://www.costco.com/earrings.html,2026-09-28T02:22:30.119500+00:00
4b134789-daff-5d98-b66b-2ec0aa1722f4,1738,1714058,1714058,"14kt Gold Hoop Earrings, White Gold",https://www.costco.com/.product.1714058.html,,,0,0,https://www.costco.com/earrings.html,2026-09-28T02:22:30.119500+00:00
2f40616a-e95d-531c-a21e-bce662725a61,1738,1906829,1906829,14kt Yellow Gold Huggie Hoop Earrings,https://www.costco.com/.product.1906829.html,,,0,0,https://www.costco.com/earrings.html,2026-09-28T02:22:30.119500+00:00
cfc51d4a-5e2d-54de-b922-3cd7377246d4,1738,1497761,1497761,Gemstone 14kt Yellow Gold Dangle Earrings; Lapis,https://www.costco.com/.product.1497761.html,,,0,0,https://www.costco.com/earrings.html,2026-09-28T02:22:30.119500+00:00
fc19c6da-91d2-5dd4-9076-278c15d770d4,1738,1951122,1951122,14kt Yellow Gold Love Knot Earrings,https://www.costco.com/.product.1951122.html,,,0,0,https://www.costco.com/earrings.html,2026-09-28T02:22:30.119500+00:00
bb510c54-b820-5138-ac41-81e63cf4a5c5,1738,1283891,1283891,Freshwater Cultured 8-9mm Pearl & Diamond 14kt White Gold Earrings,https://www.costco.com/.product.1283891.html,,,0,0,https://www.costco.com/earrings.html,2026-09-28T02:22:30.119500+00:00
a089bd36-4279-5e8f-aad1-d58a8e34a3d6,1738,1748940,1748940,London Blue Topaz & Swiss Blue Topaz 14kt White Gold Earrings,https://www.costco.com/.product.1748940.html,,,0,0,https://www.costco.com/earrings.html,2026-09-28T02:22:30.119500+00:00
8b0b1e68-8f74-5558-8959-e411755399cf,1738,600950,600950,Freshwater Cultured 7-7.5mm Pearl 14kt White Gold Stud Earrings,https://www.costco.com/.product.600950.html,,,0,0,https://www.costco.com/earrings.html,2026-09-28T02:22:30.119500+00:00
5c030efc-7859-550c-9881-3c6eabc02f38,1738,2009004,2009004,14kt Yellow Gold High Polish Clover Stud Earrings,https://www.costco.com/.product.2009004.html,,,0,0,https://www.costco.com/earrings.html,2026-09-28T02:22:30.119500+00:00
6e4d7275-f5f6-5609-8e29-b7f61c586833,1738,1640416,1640416,Lab Created Emerald and Diamond 14kt White Gold Earrings,https://www.costco.com/.product.1640416.html,,,0,0,https://www.costco.com/earrings.html,2026-09-28T02:22:30.119500+00:00
43adfa10-ab04-59fe-b50b-8a5c7f344af7,1738,600961,600961,Freshwater Cultured 8-8.5 mm Pearl 14kt White Gold Earrings,https://www.costco.com/.product.600961.html,,,0,0,https://www.costco.com/earrings.html,2026-09-28T02:22:30.119500+00:00
b6aa3f6f-0c4d-5169-9252-a77fee31b4aa,1738,100702459,100702459,Morganite and Diamond 14kt White Gold Heart Earrings,https://www.costco.com/.product.100702459.html,,,0,0,https://www.costco.com/earrings.html,2026-09-28T02:22:42.550571+00:00
1aeaa82d-909e-5286-b1ff-dc15ecd9ac27,1738,1495129,1495129,Morganite and Diamond 14kt White Gold Earrings,https://www.costco.com/.product.1495129.html,,,0,0,https://www.costco.com/earrings.html,2026-09-28T02:22:42.550571+00:00
ce44e175-2f78-57a7-b3d6-33f9de1ddc63,1738,100491593,100491593,"Princess Cut 1.00 ctw VS2 Clarity, I Color Diamond 14kt Gold Stud Earrings",https://www.costco.com/.product.100491593.html,,,0,0,https://www.costco.com/earrings.html,2026-09-28T02:22:42.550571+00:00
1bd003d4-ef59-5872-bf4a-77603d922749,1738,1777362,1777362,"Princess Cut 1.00 ctw VS2 Clarity, I Color Diamond 14kt Gold Stud Earrings, Yellow Gold",https://www.costco.com/.product.1777362.html,,,0,0,https://www.costco.com/earrings.html,2026-09-28T02:22:42.550571+00:00
0bfdc913-be8a-578e-92cc-a2443934d1e5,1738,100759793,100759793,Peridot and Diamond 14kt Yellow Gold Earrings,https://www.costco.com/.product.100759793.html,,,0,0,https://www.costco.com/earrings.html,2026-09-28T02:22:42.550571+00:00
cf5c3748-2c68-5c7b-abb5-cf6d8baeefdb,1738,1549744,1549744,Peridot and Diamond 14kt Yellow Gold Earrings,https://www.costco.com/.product.1549744.html,,,0,0,https://www.costco.com/earrings.html,2026-09-28T02:22:42.550571+00:00
28ca8a34-e160-5b96-844d-7fe8a652f9f6,1738,100225471,100225471,"Round Brilliant 0.45 ctw VS2 Clarity, I Color Diamond 14kt White Gold Halo Earrings",https://www.costco.com/.product.100225471.html,,,0,0,https://www.costco.com/earrings.html,2026-09-28T02:22:42.550571+00:00
bb509cc1-58a5-5d09-b0d9-e39af3b94637,1738,100788509,100788509,Freshwater Cultured 7-8mm Pearl 14kt Yellow Gold Drop Earrings,https://www.costco.com/.product.100788509.html,,,0,0,https://www.costco.com/earrings.html,2026-09-28T02:22:42.550571+00:00
1264d35c-62fc-5654-83f4-14f164743d85,1738,1595970,1595970,Freshwater Cultured 7-8mm Pearl 14kt Yellow Gold Drop Earrings,https://www.costco.com/.product.1595970.html,,,0,0,https://www.costco.com/earrings.html,2026-09-28T02:22:42.550571+00:00
76df1836-a890-5ed4-b67f-2e527c0af0cb,1738,100705430,100705430,Gemstone 14kt Yellow Gold Dangle Earrings,https://www.costco.com/.product.100705430.html,,,0,0,https://www.costco.com/earrings.html,2026-09-28T02:22:42.550571+00:00
7e86d324-0645-5875-a6d1-8ad39f21daeb,1738,1984901,1984901,Gemstone 14kt Yellow Gold Dangle Earrings; Carnelian,https://www.costco.com/.product.1984901.html,,,0,0,https://www.costco.com/earrings.html,2026-09-28T02:22:42.550571+00:00
9372912c-d014-50a5-90b8-6da653230e8d,1738,1984902,1984902,Gemstone 14kt Yellow Gold Dangle Earrings; Turquoise,https://www.costco.com/.product.1984902.html,,,0,0,https://www.costco.com/earrings.html,2026-09-28T02:22:42.550571+00:00
ca5381c7-985d-5321-bf84-5b6955d6dbc1,1738,2058888,2058888,Gemstone 14kt Yellow Gold Dangle Earrings; Mother of Pearl,https://www.costco.com/.product.2058888.html,,,0,0,https://www.costco.com/earrings.html,2026-09-28T02:22:42.550571+00:00
decd3ff1-bba5-5568-b4a7-b007c32a41f4,1738,100491651,100491651,"Round Brilliant 1.00 ctw VS2 Clarity, I Color Diamond 14kt Gold Stud Earrings",https://www.costco.com/.product.100491651.html,,,0,0,https://www.costco.com/earrings.html,2026-09-28T02:22:42.550571+00:00
1af9c37d-7a92-50d7-8ca4-242510004c9e,1738,1915540,1915540,"Round Brilliant 1.00 ctw VS2 Clarity, I Color Diamond 14kt Gold Stud Earrings, Yellow Gold",https://www.costco.com/.product.1915540.html,,,0,0,https://www.costco.com/earrings.html,2026-09-28T02:22:42.550571+00:00
1ca01e3e-1ef0-5760-8584-e725271b718b,1738,100682830,100682830,Gemstone 14kt White Gold Earrings,https://www.costco.com/.product.100682830.html,,,0,0,https://www.costco.com/earrings.html,2026-09-28T02:22:42.550571+00:00
77da10e1-538c-5dba-af0a-fb66ece6ebdc,1738,1476096,1476096,"Gemstone 14kt White Gold Earrings, Black Onyx",https://www.costco.com/.product.1476096.html,,,0,0,https://www.costco.com/earrings.html,2026-09-28T02:22:42.550571+00:00
0fa2c36c-1889-5a4c-886b-469156086527,1738,1476099,1476099,"Gemstone 14kt White Gold Earrings, Peridot",https://www.costco.com/.product.1476099.html,,,0,0,https://www.costco.com/earrings.html,2026-09-28T02:22:42.550571+00:00
68c37893-8535-5342-8d99-60878b0338c9,1738,100491630,100491630,"Princess Cut 0.50 ctw VS2 Clarity, I Color Diamond 14kt Gold Stud Earrings",https://www.costco.com/.product.100491630.html,,,0,0,https://www.costco.com/earrings.html,2026-09-28T02:22:42.550571+00:00
fe7fa40f-64a2-50bd-9424-b1abbf2cde0d,1738,1777357,1777357,"Princess Cut 0.50 ctw VS2 Clarity, I Color Diamond 14kt Gold Stud Earrings, Yellow Gold",https://www.costco.com/.product.1777357.html,,,0,0,https://www.costco.com/earrings.html,2026-09-28T02:22:42.550571+00:00
03070746-4a46-5a7b-9e70-5be5b1db14f2,1738,100716950,100716950,Dyed Green Jade 14kt Yellow Gold Necklace & Earring Set,https://www.costco.com/.product.100716950.html,,,0,0,https://www.costco.com/earrings.html,2026-09-28T02:22:42.550571+00:00
64bb6a05-890a-56ca-a015-8ddc5fec1f9e,1738,1511112,1511112,Dyed Green Jade 14kt Yellow Gold Necklace & Earring Set,https://www.costco.com/.product.1511112.html,,,0,0,https://www.costco.com/earrings.html,2026-09-28T02:22:42.550571+00:00
329e7abb-f12c-58a9-b128-182858a1d1d7,1738,100311444,100311444,Tahitian Cultured 10-11mm Pearl 14kt White Gold Earrings,https://www.costco.com/.product.100311444.html,,,0,0,https://www.costco.com/earrings.html,2026-09-28T02:22:42.550571+00:00
86fb3d54-83eb-590c-88b5-3056c029e71f,1738,1099740,1099740,Tahitian Cultured 10-11mm Pearl 14kt White Gold Earrings,https://www.costco.com/.product.1099740.html,,,0,0,https://www.costco.com/earrings.html,2026-09-28T02:22:42.550571+00:00
d245ef31-0639-5915-990f-bdb2d4f31edc,1738,100539841,100539841,Freshwater Cultured 12-13mm Button Pearl 14kt Yellow Gold Earrings,https://www.costco.com/.product.100539841.html,,,0,0,https://www.costco.com/earrings.html,2026-09-28T02:22:42.550571+00:00
c7b0bc57-9cc7-5322-bc20-1e14734ac2d4,1738,1412900,1412900,Freshwater Cultured 12-13mm Button Pearl 14kt Yellow Gold Earrings,https://www.costco.com/.product.1412900.html,,,0,0,https://www.costco.com/earrings.html,2026-09-28T02:22:42.550571+00:00
6fd25bef-7419-512f-88a7-922a85746525,1738,100780559,100780559,"Round Brilliant 1.00 ctw VS2 Clarity, I Color Diamond 14kt White Gold Hoop Earrings",https://www.costco.com/.product.100780559.html,,,0,0,https://www.costco.com/earrings.html,2026-09-28T02:22:42.550571+00:00
63594365-ab92-539e-89dd-fd876260fc4f,1738,1571496,1571496,"Round Brilliant 1.00 ctw VS2 Clarity, I Color Diamond 14kt White Gold Hoop Earrings",https://www.costco.com/.product.1571496.html,,,0,0,https://www.costco.com/earrings.html,2026-09-28T02:22:42.550571+00:00
4b4b3482-6fc3-5f3d-ad55-1e5237db0689,1738,100712025,100712025,"Round Brilliant 8.04 ctw VS2 Clarity, I Color Diamond 18kt White Gold Inside Outside Hoop Earrings",https://www.costco.com/.product.100712025.html,,,0,0,https://www.costco.com/earrings.html,2026-09-28T02:22:42.550571+00:00
b0b9c801-76c3-5d1d-8ebc-2fa1a6376dac,1738,1506405,1506405,"Round Brilliant 8.04 ctw VS2 Clarity, I Color Diamond 18kt White Gold Inside Outside Hoop Earrings",https://www.costco.com/.product.1506405.html,,,0,0,https://www.costco.com/earrings.html,2026-09-28T02:22:42.550571+00:00
cdf0758f-b71b-5785-92f9-31ca309417d1,1738,100507414,100507414,"Round Brilliant 1.60 ctw VS2 Clarity, I Color Diamond 14kt Gold Stud Earrings",https://www.costco.com/.product.100507414.html,,,0,0,https://www.costco.com/earrings.html,2026-09-28T02:22:42.550571+00:00
64f72817-092c-53ea-af68-486a5d89faee,1738,1366458,1366458,"Round Brilliant 1.60 ctw VS2 Clarity, I Color Diamond 14kt Gold Stud Earrings, White Gold",https://www.costco.com/.product.1366458.html,,,0,0,https://www.costco.com/earrings.html,2026-09-28T02:22:42.550571+00:00
3ecaba9c-fbb0-5e87-bcf7-67d405ece7e0,1738,2007003,2007003,"Round Brilliant 1.60 ctw VS2 Clarity, I Color Diamond 14kt Gold Stud Earrings, Yellow Gold",https://www.costco.com/.product.2007003.html,,,0,0,https://www.costco.com/earrings.html,2026-09-28T02:22:42.550571+00:00
649d64e5-11ea-57d6-aad7-386978a13127,1738,100983585,100983585,Black Onyx 14kt Yellow Gold Dangle Earrings,https://www.costco.com/.product.100983585.html,,,0,0,https://www.costco.com/earrings.html,2026-09-28T02:22:42.550571+00:00
5b203461-4cf3-5da1-96ba-aa6d0cd62526,1738,1664880,1664880,Black Onyx 14kt Yellow Gold Dangle Earrings,https://www.costco.com/.product.1664880.html,,,0,0,https://www.costco.com/earrings.html,2026-09-28T02:22:42.550571+00:00
3faad12e-dafb-5ce6-8f0d-aedf152489eb,1738,100419077,100419077,Freshwater Cultured 8-8.5 mm Pearl 14kt White Gold Earrings,https://www.costco.com/.product.100419077.html,,,0,0,https://www.costco.com/earrings.html,2026-09-28T02:22:42.550571+00:00
ce383a54-73cc-521f-8824-e1bcabefb857,1738,100988087,100988087,Morganite and Diamond 14kt Rose Gold Earrings,https://www.costco.com/.product.100988087.html,,,0,0,https://www.costco.com/earrings.html,2026-09-28T02:22:42.550571+00:00
066b0efd-5975-5281-b93d-9b9d7f65d759,1738,1669817,1669817,Morganite and Diamond 14kt Rose Gold Earrings,https://www.costco.com/.product.1669817.html,,,0,0,https://www.costco.com/earrings.html,2026-09-28T02:22:42.550571+00:00
b9a88a3f-5ae3-5465-a4ce-6e7d27f79ffb,1738,100781245,100781245,"Round Brilliant 2.00 ctw VS2 Clarity, I Color Diamond 14kt White Gold Halo Earrings",https://www.costco.com/.product.100781245.html,,,0,0,https://www.costco.com/earrings.html,2026-09-28T02:22:42.550571+00:00
323f0b2f-24e4-5d7a-a92e-683843daef9d,1738,1571603,1571603,"Round Brilliant 2.00 ctw VS2 Clarity, I Color Diamond 14kt White Gold Halo Earrings",https://www.costco.com/.product.1571603.html,,,0,0,https://www.costco.com/earrings.html,2026-09-28T02:22:42.550571+00:00
7b3f92bf-37ec-5a87-a0b7-092aabe1a779,1738,100290364,100290364,Freshwater Cultured 9-10mm Pearl 14kt Yellow Gold Bezel Earrings,https://www.costco.com/.product.100290364.html,,,0,0,https://www.costco.com/earrings.html,2026-09-28T02:22:42.550571+00:00
c56bd716-6a76-5274-9585-1518aedfc403,1738,995084,995084,Freshwater Cultured 9-10mm Pearl 14kt Yellow Gold Bezel Earrings,https://www.costco.com/.product.995084.html,,,0,0,https://www.costco.com/earrings.html,2026-09-28T02:22:42.550571+00:00
d0b67ebe-22dc-5145-a1fc-86f7b575eb36,1738,100784454,100784454,Nephrite Jade Green 14kt Yellow Gold Dangle Earrings,https://www.costco.com/.product.100784454.html,,,0,0,https://www.costco.com/earrings.html,2026-09-28T02:22:42.550571+00:00
8ed4bd5f-4342-57a0-858a-941f31477ba9,1738,1574933,1574933,Nephrite Jade Green 14kt Yellow Gold Dangle Earrings,https://www.costco.com/.product.1574933.html,,,0,0,https://www.costco.com/earrings.html,2026-09-28T02:22:42.550571+00:00
75521b70-07a3-5c57-8271-c8d56484a79e,1738,100468774,100468774,Freshwater Cultured 8-9mm Pearl & Diamond 14kt White Gold Earrings,https://www.costco.com/.product.100468774.html,,,0,0,https://www.costco.com/earrings.html,2026-09-28T02:22:42.550571+00:00
cd8f526a-2625-56e7-a5c3-cba54e10e345,1738,100007596,100007596,Tahitian Cultured 8-9mm Pearl & Diamond 14kt White Gold Earrings,https://www.costco.com/.product.100007596.html,,,0,0,https://www.costco.com/earrings.html,2026-09-28T02:22:42.550571+00:00
1b7d9959-9268-5b75-842b-2c3572e5c1d2,1738,695423,695423,Tahitian Cultured 8-9mm Pearl & Diamond 14kt White Gold Earrings,https://www.costco.com/.product.695423.html,,,0,0,https://www.costco.com/earrings.html,2026-09-28T02:22:42.550571+00:00
4a7ae627-987a-5177-bfb9-63dff4e3bec5,1738,100697408,100697408,Rhodolite Garnet and Diamond 14kt Yellow Gold Earrings,https://www.costco.com/.product.100697408.html,,,0,0,https://www.costco.com/earrings.html,2026-09-28T02:22:42.550571+00:00
58f3a45f-9942-5c83-bd08-f2243468b1d7,1738,1491080,1491080,Rhodolite Garnet and Diamond 14kt Yellow Gold Earrings,https://www.costco.com/.product.1491080.html,,,0,0,https://www.costco.com/earrings.html,2026-09-28T02:22:42.550571+00:00
2fc9798a-4208-53c7-b704-fd82f29f2026,1738,1729197,1729197,"120 Stem Ranunculus, Orange",https://www.costco.com/.product.1729197.html,,,0,0,https://www.costco.com/easter.html,2026-09-28T02:23:10.530080+00:00
8f4ebdf2-6b4b-5da9-993e-a4d7782945d3,1738,1729200,1729200,"120 Stem Ranunculus, White",https://www.costco.com/.product.1729200.html,,,0,0,https://www.costco.com/easter.html,2026-09-28T02:23:10.530080+00:00
8a07dceb-c288-5d15-84c4-e3b9665eddc9,1738,1729192,1729192,"120 Stem Ranunculus, Burgundy",https://www.costco.com/.product.1729192.html,,,0,0,https://www.costco.com/easter.html,2026-09-28T02:23:10.530080+00:00
539c3e87-c935-5273-a608-28bd9741505a,1738,1729193,1729193,"120 Stem Ranunculus, Pink",https://www.costco.com/.product.1729193.html,,,0,0,https://www.costco.com/easter.html,2026-09-28T02:23:10.530080+00:00
82a1f0c0-5ffa-59d9-820f-c9cfbf0cae98,1738,1919858,1919858,"Kirkland Signature Favorites Candy Variety, 90 oz",https://www.costco.com/.product.1919858.html,,,0,0,https://www.costco.com/easter.html,2026-09-28T02:23:10.530080+00:00
f023a005-bef1-52d6-acda-77d4e62c5d5d,1738,1957384,1957384,"Mars Minis Chocolate Candy, Variety Pack, 200-count",https://www.costco.com/.product.1957384.html,,,0,0,https://www.costco.com/easter.html,2026-09-28T02:23:10.530080+00:00
ed08a996-8c71-59b4-99f8-88c5ca6f7782,1738,1481907,1481907,"Kirkland Signature Funhouse Treats, Variety Pack, 92 oz",https://www.costco.com/.product.1481907.html,,,0,0,https://www.costco.com/easter.html,2026-09-28T02:23:10.530080+00:00
add91c52-35aa-5ec2-8384-b3bc1698e05e,1738,1939916,1939916,"LaCroix Sparkling Water, Spring Variety Pack, 12 fl oz, 24-count",https://www.costco.com/.product.1939916.html,,,0,0,https://www.costco.com/easter.html,2026-09-28T02:23:10.530080+00:00
15ceb017-addb-51ad-8f50-c4e679043984,1738,1942663,1942663,"Gemstone and Diamond 14kt Gold Flower Earrings, White Opal",https://www.costco.com/.product.1942663.html,,,0,0,https://www.costco.com/easter.html,2026-09-28T02:23:10.530080+00:00
848fbc43-9e70-5f2d-baab-0a04520b7dbc,1738,1946913,1946913,"Gemstone and Diamond 14kt Gold Flower Earrings, Garnet",https://www.costco.com/.product.1946913.html,,,0,0,https://www.costco.com/easter.html,2026-09-28T02:23:10.530080+00:00
b33b6ab8-e6d7-5e3c-b388-f945af66484a,1738,1942664,1942664,"Gemstone and Diamond 14kt Gold Flower Earrings, Topaz",https://www.costco.com/.product.1942664.html,,,0,0,https://www.costco.com/easter.html,2026-09-28T02:23:10.530080+00:00
8ba8b032-934d-5f3d-9bf2-73b4c7de4f7b,1738,648964,648964,Gardenia Small Bonsai Tree,https://www.costco.com/.product.648964.html,,,0,0,https://www.costco.com/easter.html,2026-09-28T02:23:10.530080+00:00
e9ee5372-212a-509e-a001-8f324c1c309a,1738,1238175,1238175,TRANQUIL GARDEN BOUQUET,https://www.costco.com/.product.1238175.html,,,0,0,https://www.costco.com/easter.html,2026-09-28T02:23:10.530080+00:00
c6d6fc1f-26b9-550d-8aa2-95c867c999a7,1738,1920427,1920427,Mikasa Quinn 12-piece Bone China Dinnerware Set,https://www.costco.com/.product.1920427.html,,,0,0,https://www.costco.com/easter.html,2026-09-28T02:23:10.530080+00:00
4e250184-74f6-5230-903c-3664dbbd993b,1738,1940334,1940334,"Platterful, Charcuterie Kit - Board Not Included 41.2oz Total",https://www.costco.com/.product.1940334.html,,,0,0,https://www.costco.com/easter.html,2026-09-28T02:23:10.530080+00:00
465a1159-72d7-52bd-b17c-19fcc53177f9,1738,1954168,1954168,Fitz and Floyd Sicily Blue 12-piece Dinnerware Set,https://www.costco.com/.product.1954168.html,,,0,0,https://www.costco.com/easter.html,2026-09-28T02:23:10.530080+00:00
2ed4957a-a94d-55a2-9371-f41559f93fe1,1738,1751634,1751634,Mikasa Lemons 40-piece Dinnerware Set,https://www.costco.com/.product.1751634.html,,,0,0,https://www.costco.com/easter.html,2026-09-28T02:23:10.530080+00:00
6761c1bf-383f-5338-8304-71e730808922,1738,1586423,1586423,Hickory Farms Sweet & Savory Snacks Gift Basket,https://www.costco.com/.product.1586423.html,,,0,0,https://www.costco.com/easter.html,2026-09-28T02:23:10.530080+00:00
b5c76cc3-1f27-57d1-83b9-521790228b4f,1738,1908633,1908633,"Kinder Joy Eggs, Treat + Toy, 0.7 oz, 20-count",https://www.costco.com/.product.1908633.html,,,0,0,https://www.costco.com/easter.html,2026-09-28T02:23:10.530080+00:00
777ae85b-d3d3-57ab-bd93-8eb7046385d9,1738,1277481,1277481,"10"" Phalaenopsis Orchid Duo",https://www.costco.com/.product.1277481.html,,,0,0,https://www.costco.com/easter.html,2026-09-28T02:23:10.530080+00:00
7064df49-57a0-56d9-a6d7-ddc4b0f97f09,1738,1925701,1925701,"Mae Fine Foods Bonbon - 2 x 48 Count Tray Bundle, 96 Pieces Total",https://www.costco.com/.product.1925701.html,,,0,0,https://www.costco.com/easter.html,2026-09-28T02:23:10.530080+00:00
6767f077-dff4-5a09-b6d2-f35fb546c724,1738,1868792,1868792,"Jacquard Flatwoven Kitchen Towels, 8-pack,  Lemons",https://www.costco.com/.product.1868792.html,,,0,0,https://www.costco.com/easter.html,2026-09-28T02:23:10.530080+00:00
4b585bdd-c67a-5a15-9c7e-a065220dbef3,1738,1868789,1868789,"Jacquard Flatwoven Kitchen Towels, 8-pack, Flower Fields",https://www.costco.com/.product.1868789.html,,,0,0,https://www.costco.com/easter.html,2026-09-28T02:23:10.530080+00:00
0231f822-149c-51a4-8e69-8fa3e96becfb,1738,1681898,1681898,"Austin Cake Ball Catering Assortment, 48 Cake Balls",https://www.costco.com/.product.1681898.html,,,0,0,https://www.costco.com/easter.html,2026-09-28T02:23:10.530080+00:00
5a781f79-e28d-5aa0-a8c1-552effac7473,1738,1744591,1744591,"The Cake Bake Shop 8"" Round Carrot Cake (16-22 Servings)",https://www.costco.com/.product.1744591.html,,,0,0,https://www.costco.com/easter.html,2026-09-28T02:23:10.530080+00:00
9beb7cbd-e8be-5d4c-bd30-24ee217f8032,1738,1656745,1656745,Best of Hawaii Gift Set,https://www.costco.com/.product.1656745.html,,,0,0,https://www.costco.com/easter.html,2026-09-28T02:23:10.530080+00:00
c77e07b1-7eb1-58df-9194-ffdf457da4f5,1738,1807270,1807270,"Ornamental Hares, 2-pack",https://www.costco.com/.product.1807270.html,,,0,0,https://www.costco.com/easter.html,2026-09-28T02:23:10.530080+00:00
9b0ae3d7-f67e-5dde-a05f-17679797b41c,1738,2025335,2025335,"USA Pan Loaf Pan Set, 3-pack",https://www.costco.com/.product.2025335.html,,,0,0,https://www.costco.com/easter.html,2026-09-28T02:23:10.530080+00:00
0efcbfe2-eb4f-5150-ad1b-de8036f44f8b,1738,4000175271,4000175271,120-stem Ranunculus,https://www.costco.com/120-stem-ranunculus.product.4000175271.html,,,0,0,https://www.costco.com/easter.html,2026-09-28T02:23:25.161281+00:00
613b5d3e-b6fd-5d54-a84d-61d252152425,1738,4000379649,4000379649,"Kirkland Signature Favorites Candy Variety, 90 oz",https://www.costco.com/kirkland-signature-favorites-candy-variety-90-oz.product.4000379649.html,,,0,0,https://www.costco.com/easter.html,2026-09-28T02:23:25.161281+00:00
ebc26106-c87d-5655-8474-a2e49281cbb5,1738,4000377118,4000377118,"Mars Minis Chocolate Candy, Variety Pack, 200-count",https://www.costco.com/mars-minis-chocolate-candy-variety-pack-200-count.product.4000377118.html,,,0,0,https://www.costco.com/easter.html,2026-09-28T02:23:25.161281+00:00
14d295be-7551-58b2-9706-ed39b32c8c3e,1738,100688986,100688986,"Kirkland Signature Funhouse Treats, Variety Pack, 92 oz",https://www.costco.com/kirkland-signature-funhouse-treats-variety-pack-92-oz.product.100688986.html,,,0,0,https://www.costco.com/easter.html,2026-09-28T02:23:25.161281+00:00
aae7100c-1124-5581-897b-f8e6574659df,1738,4000361228,4000361228,"LaCroix Sparkling Water, Spring Variety Pack, 12 fl oz, 24-count",https://www.costco.com/lacroix-sparkling-water-spring-variety-pack-12-fl-oz-24-count.product.4000361228.html,,,0,0,https://www.costco.com/easter.html,2026-09-28T02:23:25.161281+00:00
d851ca20-0b59-550f-8148-a8ef27b28d0a,1738,4000300492,4000300492,Gemstone and Diamond 14kt Gold Flower Earrings,https://www.costco.com/gemstone-and-diamond-14kt-gold-flower-earrings.product.4000300492.html,,,0,0,https://www.costco.com/easter.html,2026-09-28T02:23:25.161281+00:00
dfd5d1a1-4983-5af8-8228-bafe31b2a82e,1738,4000326871,4000326871,14kt Yellow Gold Cross Bolo Bracelet,https://www.costco.com/14kt-yellow-gold-cross-bolo-bracelet.product.4000326871.html,,,0,0,https://www.costco.com/easter.html,2026-09-28T02:23:25.161281+00:00
e84447da-fc0f-5f35-aef4-68b567a18cf9,1738,11752179,11752179,Gardenia Small Bonsai Tree,https://www.costco.com/gardenia-small-bonsai-tree.product.11752179.html,,,0,0,https://www.costco.com/easter.html,2026-09-28T02:23:25.161281+00:00
eb08f02e-d479-5954-8d2d-dc47245b1d15,1738,100408135,100408135,Tranquil Garden Bouquet,https://www.costco.com/tranquil-garden-bouquet.product.100408135.html,,,0,0,https://www.costco.com/easter.html,2026-09-28T02:23:25.161281+00:00
dc65a36f-2bff-5394-83bb-df3ad0720aff,1738,4000351907,4000351907,Mikasa Quinn 12-piece Bone China Dinnerware Set,https://www.costco.com/mikasa-quinn-12-piece-bone-china-dinnerware-set.product.4000351907.html,,,0,0,https://www.costco.com/easter.html,2026-09-28T02:23:25.161281+00:00
b5b7c2c8-07c0-5cb6-aa48-b3cefdc346a2,1738,100675101,100675101,"Round Brilliant 1.00 ctw VS2 Clarity, G Color Diamond 14kt White Gold Cross Pendant",https://www.costco.com/round-brilliant-100-ctw-vs2-clarity-g-color-diamond-14kt-white-gold-cross-pendant.product.100675101.html,,,0,0,https://www.costco.com/easter.html,2026-09-28T02:23:25.161281+00:00
2148add7-cdd2-504a-87fc-8738eb933548,1738,4000361493,4000361493,"Platterful, Charcuterie Kit - Board Not Included 41.2oz Total",https://www.costco.com/platterful-charcuterie-kit---board-not-included-412oz-total.product.4000361493.html,,,0,0,https://www.costco.com/easter.html,2026-09-28T02:23:25.161281+00:00
8238de30-50b6-5a55-a4eb-2eb2a6b536eb,1738,4000383447,4000383447,Fitz and Floyd Sicily Blue 12-piece Dinnerware Set,https://www.costco.com/fitz-and-floyd-sicily-blue-12-piece-dinnerware-set.product.4000383447.html,,,0,0,https://www.costco.com/easter.html,2026-09-28T02:23:25.161281+00:00
93d40418-8bf2-5c3d-a208-036e5aeba766,1738,4000197665,4000197665,Mikasa Lemons 40-piece Dinnerware Set,https://www.costco.com/mikasa-lemons-40-piece-dinnerware-set.product.4000197665.html,,,0,0,https://www.costco.com/easter.html,2026-09-28T02:23:25.161281+00:00
cba77727-bb12-5afd-8de9-1b2365e5774c,1738,100793303,100793303,Hickory Farms Sweet & Savory Snacks Gift Basket,https://www.costco.com/hickory-farms-sweet--savory-snacks-gift-basket.product.100793303.html,,,0,0,https://www.costco.com/easter.html,2026-09-28T02:23:25.161281+00:00
adf58151-dc26-5d07-9d47-fac2eba6fc0e,1738,4000335771,4000335771,"Kinder Joy Eggs, Treat + Toy, 0.7 oz, 20-count",https://www.costco.com/kinder-joy-eggs-treat--toy-07-oz-20-count.product.4000335771.html,,,0,0,https://www.costco.com/easter.html,2026-09-28T02:23:25.161281+00:00
b0da0041-3f08-526b-b2db-cb0d8b972d9b,1738,100454594,100454594,"10"" Phalaenopsis Orchid Duo",https://www.costco.com/10-phalaenopsis-orchid-duo.product.100454594.html,,,0,0,https://www.costco.com/easter.html,2026-09-28T02:23:25.161281+00:00
1e88d8dc-7cd2-5c1f-b184-236bcd28cf21,1738,4000349841,4000349841,"Mae Fine Foods Bonbon - 2 x 48 Count Tray Bundle, 96 Pieces Total",https://www.costco.com/mae-fine-foods-bonbon---2-x-48-count-tray-bundle-96-pieces-total.product.4000349841.html,,,0,0,https://www.costco.com/easter.html,2026-09-28T02:23:25.161281+00:00
7b02edbc-79ea-584c-85bf-dda052637a41,1738,4000324062,4000324062,"Jacquard Flatwoven Kitchen Towels, 8-pack",https://www.costco.com/jacquard-flatwoven-kitchen-towels-8-pack.product.4000324062.html,,,0,0,https://www.costco.com/easter.html,2026-09-28T02:23:25.161281+00:00
a8e1d430-49e2-527b-b31f-dbbed3e41628,1738,4000035726,4000035726,"Austin Cake Ball Catering Assortment, 48 Cake Balls",https://www.costco.com/austin-cake-ball-catering-assortment-48-cake-balls.product.4000035726.html,,,0,0,https://www.costco.com/easter.html,2026-09-28T02:23:25.161281+00:00
9d3cd254-095d-5939-94a3-a2ca4e109dae,1738,4000181373,4000181373,"The Cake Bake Shop 8"" Round Carrot Cake (16-22 Servings)",https://www.costco.com/the-cake-bake-shop-8-round-carrot-cake-16-22-servings.product.4000181373.html,,,0,0,https://www.costco.com/easter.html,2026-09-28T02:23:25.161281+00:00
921d9feb-18b7-51e4-8309-501af98f9a5d,1738,100973078,100973078,Best of Hawaii Gift Set,https://www.costco.com/best-of-hawaii-gift-set.product.100973078.html,,,0,0,https://www.costco.com/easter.html,2026-09-28T02:23:25.161281+00:00
a8d13f5b-177e-558d-a59c-fa7810556370,1738,4000368166,4000368166,"Ornamental Hares, 2-pack",https://www.costco.com/ornamental-hares-2-pack.product.4000368166.html,,,0,0,https://www.costco.com/easter.html,2026-09-28T02:23:25.161281+00:00
bbffcdab-e9b1-5888-8a60-63fa0185bea7,1738,4000427466,4000427466,"USA Pan Loaf Pan Set, 3-pack",https://www.costco.com/usa-pan-loaf-pan-set-3-pack.product.4000427466.html,,,0,0,https://www.costco.com/easter.html,2026-09-28T02:23:25.161281+00:00
fbdf62c4-f91a-5abe-b45c-d58d86f95cb5,1738,4000412306,4000412306,Hiboy C1 Electric Bike,https://www.costco.com/hiboy-c1-electric-bike.product.4000412306.html,,,0,0,https://www.costco.com/electric-bikes.html,2026-09-28T02:23:54.153811+00:00
4ab4fcb1-8326-50a0-87e0-d3a0dd19a55c,1738,2038099,2038099,"bella 12""x24"" XL Fold and Store Griddle",https://www.costco.com/.product.2038099.html,,,0,0,https://www.costco.com/electric-grills-griddles.html,2026-09-28T02:24:17.479202+00:00
79147284-55d7-5c95-ba05-6c72cdb2eef4,1738,1998181,1998181,"SnapPower GuideLight 2 LED Outlet Cover, 3-pack, Duplex",https://www.costco.com/.product.1998181.html,,,0,0,https://www.costco.com/electrical-cords-power-strips.html,2026-09-28T02:25:18.484787+00:00
114a5d7d-af4c-52e8-8796-e4e2f7f0086d,1738,2043146,2043146,"Feit Electric Triple Outlet Outdoor Smart Plugs, 3-pack",https://www.costco.com/.product.2043146.html,,,0,0,https://www.costco.com/electrical-cords-power-strips.html,2026-09-28T02:25:18.484787+00:00
ee6e502f-f0b6-5b08-977e-34a03e0c04d5,1738,1958890,1958890,Nintendo Switch 2 + NSO + Memory Card Bundle,https://www.costco.com/.product.1958890.html,,,0,0,https://www.costco.com/electronics.html,2026-09-28T02:26:27.076468+00:00
f68c1e06-3c21-56f6-8212-b0902d811aa2,1738,1749471,1749471,Nex Playground + 12-Month Play Pass Bundle,https://www.costco.com/.product.1749471.html,,,0,0,https://www.costco.com/electronics.html,2026-09-28T02:26:27.076468+00:00
8c98ceb6-ce46-5ed5-b97b-b7abf8a4843c,1738,1943983,1943983,Singing Machine Karaoke WIFI Vocal Hero,https://www.costco.com/.product.1943983.html,,,0,0,https://www.costco.com/electronics.html,2026-09-28T02:26:27.076468+00:00
7e5daf03-9f0c-5963-b4b2-b77f7486b2b3,1738,1792105,1792105,Sony Playstation 5 Slim Disc Console and DualSense Controller Bundle,https://www.costco.com/.product.1792105.html,,,0,0,https://www.costco.com/electronics.html,2026-09-28T02:26:27.076468+00:00
01109120-5b97-5208-8f1e-2b908d49195b,1738,1826987,1826987,"SHOKZ OpenRun SE- Open-Ear Bluetooth Wireless Bone Conduction Sport Headphones, Standard - Dark Gray",https://www.costco.com/.product.1826987.html,,,0,0,https://www.costco.com/electronics.html,2026-09-28T02:26:27.076468+00:00
bf25f589-132c-57f9-9544-aa9b925f4423,1738,1926987,1926987,"SHOKZ OpenRun SE- Open-Ear Bluetooth Wireless Bone Conduction Sport Headphones, Standard - Indigo",https://www.costco.com/.product.1926987.html,,,0,0,https://www.costco.com/electronics.html,2026-09-28T02:26:27.076468+00:00
f263c427-ba60-5b9e-b5dc-93eb116b2ad7,1738,2057989,2057989,Blink Whole Home 2K+ Security Bundle,https://www.costco.com/.product.2057989.html,,,0,0,https://www.costco.com/electronics.html,2026-09-28T02:26:27.076468+00:00
decd3874-6bcc-5317-a93f-cb8306d3448b,1738,1849805,1849805,"iPad, 128GB Wi-Fi (A16 chip), Sliver",https://www.costco.com/.product.1849805.html,,,0,0,https://www.costco.com/electronics.html,2026-09-28T02:26:27.076468+00:00
fe646081-89c2-56e6-ac37-2ba3498f92f8,1738,1831651,1831651,eufy Security SoloCam S3 Pan Tilt Outdoor Camera - No Monthly Fees,https://www.costco.com/.product.1831651.html,,,0,0,https://www.costco.com/electronics.html,2026-09-28T02:26:27.076468+00:00
ad0107b5-1120-5642-ae08-9228a455027c,1738,1791815,1791815,Sony Playstation 5 Digital Slim Console & DualSense Controller Bundle,https://www.costco.com/.product.1791815.html,,,0,0,https://www.costco.com/electronics.html,2026-09-28T02:26:27.076468+00:00
707411b4-2d28-5c18-a47b-95851b8eadd9,1738,1967400,1967400,Soundcore Space One Noise Cancelling Headphones - Black,https://www.costco.com/.product.1967400.html,,,0,0,https://www.costco.com/electronics.html,2026-09-28T02:26:27.076468+00:00
a299dcf5-d179-5b01-9341-f7e097f89397,1738,1967401,1967401,Soundcore Space One Noise Cancelling Headphones - Cream,https://www.costco.com/.product.1967401.html,,,0,0,https://www.costco.com/electronics.html,2026-09-28T02:26:27.076468+00:00
4853b571-4018-5f89-89b3-1094e7b89ab9,1738,2069480,2069480,"Samsung Galaxy Watch9 40mm Smartwatch with Two Wireless Fast Chargers, Black",https://www.costco.com/.product.2069480.html,,,0,0,https://www.costco.com/electronics.html,2026-09-28T02:26:46.945321+00:00
be482231-1500-50b4-8df4-6170706f3dec,1738,1961136,1961136,Samsung HW-Q60CF 3.1.2 Ch Soundbar with Wireless Subwoofer,https://www.costco.com/.product.1961136.html,,,0,0,https://www.costco.com/electronics.html,2026-09-28T02:26:46.945321+00:00
35ced772-511c-5606-8c86-345f8a2b513b,1738,3062725,3062725,Bose Solo Soundbar Series II,https://www.costco.com/.product.3062725.html,,,0,0,https://www.costco.com/electronics.html,2026-09-28T02:26:46.945321+00:00
587f4df3-cefb-5efa-8a88-cea114e90ca6,1738,1940911,1940911,Anker 70W/30W Wall Charger Bundle,https://www.costco.com/.product.1940911.html,,,0,0,https://www.costco.com/electronics.html,2026-09-28T02:26:46.945321+00:00
b66a54da-7038-5612-a721-9e35e63d3d44,1738,1945194,1945194,"Apple AirPods Pro 3, Wireless Earbuds, Active Noise Cancellation, Hearing Aid Feature, Heart Rate Sensing, Includes 2 Years of AppleCare+",https://www.costco.com/.product.1945194.html,,,0,0,https://www.costco.com/electronics.html,2026-09-28T02:26:46.945321+00:00
532dcd42-11be-5d45-b095-719f43847efa,1738,1984074,1984074,Belkin 3-in-1 Charging Stand Qi2 25W,https://www.costco.com/.product.1984074.html,,,0,0,https://www.costco.com/electronics.html,2026-09-28T02:26:46.945321+00:00
a0fdcf01-8000-5e88-b37e-473615050c83,1738,2058976,2058976,"Bose QuietComfort SC Headphones (2nd Gen), Black",https://www.costco.com/.product.2058976.html,,,0,0,https://www.costco.com/electronics.html,2026-09-28T02:26:46.945321+00:00
39a14e66-9da2-5391-8fc5-785503ccf14a,1738,2058979,2058979,"Bose QuietComfort SC Headphones (2nd Gen), Blue Dusk",https://www.costco.com/.product.2058979.html,,,0,0,https://www.costco.com/electronics.html,2026-09-28T02:26:46.945321+00:00
f7c9aac1-b236-5c49-841b-efaae8bd54a6,1738,2046716,2046716,"MacBook Neo Laptop (13-inch) - Apple A18 Pro Chip, Built for Apple Intelligence, 6-core CPU, 5-core GPU, 8GB Memory, 256GB SSD Storage, Silver",https://www.costco.com/.product.2046716.html,,,0,0,https://www.costco.com/electronics.html,2026-09-28T02:26:46.945321+00:00
0a7eb739-748a-52d2-9f71-a3c9d2c227e7,1738,2046717,2046717,"MacBook Neo Laptop (13-inch) - Apple A18 Pro chip, Built for Apple Intelligence, 6-core CPU, 5-core GPU, 8GB Memory, 256GB SSD Storage, Indigo",https://www.costco.com/.product.2046717.html,,,0,0,https://www.costco.com/electronics.html,2026-09-28T02:26:46.945321+00:00
ef6c178c-9f19-5fbb-8de2-120e3c030790,1738,1757275,1757275,"Beats Studio Pro - Wireless Bluetooth Noise Cancelling Headphones, Navy",https://www.costco.com/.product.1757275.html,,,0,0,https://www.costco.com/electronics.html,2026-09-28T02:26:46.945321+00:00
03730e32-cc2c-52b4-b91a-af5b9e479649,1738,1849809,1849809,"iPad, 256GB Wi-Fi (A16 chip), Silver",https://www.costco.com/.product.1849809.html,,,0,0,https://www.costco.com/electronics.html,2026-09-28T02:26:46.945321+00:00
b68e4ef8-7be0-5d44-b503-a311f4a5f854,1738,2042863,2042863,"MacBook Air Laptop (13-inch) - Apple M5 Chip, Built for Apple Intelligence, 10-core CPU, 8-core GPU, 16GB Memory, 512GB SSD Storage, Midnight",https://www.costco.com/.product.2042863.html,,,0,0,https://www.costco.com/electronics.html,2026-09-28T02:26:46.945321+00:00
ddf0ef10-8197-5907-9b0d-b1225eb2630c,1738,2042865,2042865,"MacBook Air Laptop (13-inch) - Apple M5 Chip, Built for Apple Intelligence, 10-core CPU, 8-core GPU, 16GB Memory, 512GB SSD Storage, Sky Blue",https://www.costco.com/.product.2042865.html,,,0,0,https://www.costco.com/electronics.html,2026-09-28T02:26:46.945321+00:00
44e5430b-f4ee-59b8-a0ef-82b62e1dc828,1738,2042867,2042867,"MacBook Air Laptop (13-inch) - Apple M5 Chip, Built for Apple Intelligence, 10-core CPU, 10-core GPU, 16GB Memory, 1TB SSD Storage, Midnight",https://www.costco.com/.product.2042867.html,,,0,0,https://www.costco.com/electronics.html,2026-09-28T02:26:46.945321+00:00
9e2cb4ff-294a-5ff3-8773-98b6c802ac81,1738,2069491,2069491,"Samsung Galaxy Watch9 44mm Smartwatch with Two Wireless Fast Chargers, Black",https://www.costco.com/.product.2069491.html,,,0,0,https://www.costco.com/electronics.html,2026-09-28T02:26:46.945321+00:00
92a905e9-78ae-5417-9149-7b6c44393765,1738,2042837,2042837,"Apple Watch Series 12 (GPS) 42mm Case with Sport Band (Size S/M), Hypertension Notifications, Sleep Score, Advanced Workout Metrics, Light Gold.",https://www.costco.com/.product.2042837.html,,,0,0,https://www.costco.com/electronics.html,2026-09-28T02:27:05.698902+00:00
1ef82c40-e968-5ea7-ad95-78d66524f989,1738,2042840,2042840,"Apple Watch Series 12 (GPS) 42mm Case with Sport Band (Size S/M), Hypertension Notifications, Sleep Score, Advanced Workout Metrics, Dark Bronze.",https://www.costco.com/.product.2042840.html,,,0,0,https://www.costco.com/electronics.html,2026-09-28T02:27:05.698902+00:00
883adeb6-c14f-566b-a074-189f36232dd8,1738,2034091,2034091,"TP-Link Deco 7 Pro BE13000 Tri-Band Wi-Fi 7 Whole Home Mesh Router System, 3-Pack",https://www.costco.com/.product.2034091.html,,,0,0,https://www.costco.com/electronics.html,2026-09-28T02:27:05.698902+00:00
ac4fc855-4b99-535e-b9fc-52ed00ce6fd6,1738,1945139,1945139,"MacBook Pro Laptop (14-inch) - Apple M5 chip, Built for Apple Intelligence, 10-core CPU, 10-core GPU, 16GB Memory, 1TB SSD Storage, Space Black",https://www.costco.com/.product.1945139.html,,,0,0,https://www.costco.com/electronics.html,2026-09-28T02:27:05.698902+00:00
2d1fed8a-6d0c-5203-b015-e03eb905a92c,1738,1959005,1959005,Hisense AX700 5.1.4 Ch Soundbar with Wireless Subwoofer,https://www.costco.com/.product.1959005.html,,,0,0,https://www.costco.com/electronics.html,2026-09-28T02:27:05.698902+00:00
fc999172-0d51-52ee-b49e-f8efa0184de5,1738,1806357,1806357,"Duracell 9V Alkaline Batteries, 8-count",https://www.costco.com/.product.1806357.html,,,0,0,https://www.costco.com/electronics.html,2026-09-28T02:27:05.698902+00:00
d3b2e91b-faad-564e-a5f4-d5696c67961d,1738,2012683,2012683,eufy Video Doorbell with Dual Cameras - No Monthly Fees,https://www.costco.com/.product.2012683.html,,,0,0,https://www.costco.com/electronics.html,2026-09-28T02:27:05.698902+00:00
d784b933-c98a-5fa0-9330-9baf55b66015,1738,1806373,1806373,"Duracell Power Boost C Alkaline Batteries, 14-count",https://www.costco.com/.product.1806373.html,,,0,0,https://www.costco.com/electronics.html,2026-09-28T02:27:05.698902+00:00
f573c681-b3d2-5a87-8cdf-283e00d919f9,1738,2042877,2042877,"MacBook Air Laptop (15-inch) - Apple M5 chip, Built for Apple Intelligence, 10-core CPU, 10-core GPU, 16GB Memory, 512GB SSD Storage, Sky Blue",https://www.costco.com/.product.2042877.html,,,0,0,https://www.costco.com/electronics.html,2026-09-28T02:27:05.698902+00:00
34a07445-15ce-57ac-89ff-af45117096ee,1738,1977763,1977763,"SANUS Preferred 26""-65"" Full-Motion TV Mount",https://www.costco.com/.product.1977763.html,,,0,0,https://www.costco.com/electronics.html,2026-09-28T02:27:27.659856+00:00
bd45dc59-1fe4-5754-9b12-452ad16c1d8e,1738,2058981,2058981,"Bose QuietComfort Ultra Headphones (Gen1), Black",https://www.costco.com/.product.2058981.html,,,0,0,https://www.costco.com/electronics.html,2026-09-28T02:27:27.659856+00:00
b7070bfd-3e7b-5b07-b2fe-bb119cf85501,1738,2058998,2058998,"Bose QuietComfort Ultra Headphones (Gen1), Sandstone",https://www.costco.com/.product.2058998.html,,,0,0,https://www.costco.com/electronics.html,2026-09-28T02:27:27.659856+00:00
2d748692-c34d-51a3-9aec-db6b10b09f03,1738,1651355,1651355,Sony HT-BC50 3.1 Ch Soundbar with Wireless Subwoofer,https://www.costco.com/.product.1651355.html,,,0,0,https://www.costco.com/electronics.html,2026-09-28T02:27:27.659856+00:00
65421807-ba18-5704-97f0-7226c8b769dd,1738,1961641,1961641,"Samsung Galaxy Watch8 44mm Smartwatch with Two Wireless Fast Chargers, Graphite",https://www.costco.com/.product.1961641.html,,,0,0,https://www.costco.com/electronics.html,2026-09-28T02:27:27.659856+00:00
acea8edc-b773-5541-84f9-601de590b1ab,1738,1806386,1806386,"Duracell D Alkaline Batteries, 14-count",https://www.costco.com/.product.1806386.html,,,0,0,https://www.costco.com/electronics.html,2026-09-28T02:27:27.659856+00:00
81cb801b-95b1-5ed0-8de6-9de6e521972d,1738,1611943,1611943,AirPods 4 with Active Noise Cancellation,https://www.costco.com/.product.1611943.html,,,0,0,https://www.costco.com/electronics.html,2026-09-28T02:27:27.659856+00:00
59b7dc5e-4d46-5332-869b-5371216a99f5,1738,1874533,1874533,"Apple Watch Ultra 3 (GPS + Cellular) 49mm Black Titanium Case with 5G and Satellite Communications (Size M/L), Black Ocean.",https://www.costco.com/.product.1874533.html,,,0,0,https://www.costco.com/electronics.html,2026-09-28T02:27:27.659856+00:00
bd9b0051-c4f4-5dd4-bc06-698c048405b9,1738,1943045,1943045,"iPad Pro 13-inch, 256GB Wi-Fi (M5 chip) Built For Apple Intelligence, Space Black",https://www.costco.com/.product.1943045.html,,,0,0,https://www.costco.com/electronics.html,2026-09-28T02:27:27.659856+00:00
dd284c84-8a0b-52d9-bc28-35166dd080c6,1738,2042857,2042857,"Apple Watch Ultra 4 (GPS + Cellular) 49mm Black Titanium Case with 5G and Satellite Communications (Size M/L), Translucent Black Ocean",https://www.costco.com/.product.2042857.html,,,0,0,https://www.costco.com/electronics.html,2026-09-28T02:27:27.659856+00:00
059db522-d369-5c54-8516-490609b796b3,1738,1912780,1912780,"Sonos Arc Ultra 9.1.4 Ch Soundbar Bundle, Black",https://www.costco.com/.product.1912780.html,,,0,0,https://www.costco.com/electronics.html,2026-09-28T02:27:27.659856+00:00
b92617c6-1529-5fcd-8b87-71340999c2f7,1738,1961630,1961630,"Samsung Galaxy Watch8 40mm Smartwatch with Two Wireless Fast Chargers, Silver",https://www.costco.com/.product.1961630.html,,,0,0,https://www.costco.com/electronics.html,2026-09-28T02:27:27.659856+00:00
8c965074-56af-50f0-9e20-e0b76b3c7339,1738,2042842,2042842,"Apple Watch Series 12 (GPS) 46mm Case with Sport Band (Size M/L), Hypertension Notifications, Sleep Score, Advanced Workout Metrics - Black",https://www.costco.com/.product.2042842.html,,,0,0,https://www.costco.com/electronics.html,2026-09-28T02:27:36.720143+00:00
84603582-527b-5d63-b820-4c927e9bc4f8,1738,2042843,2042843,"Apple Watch Series 12 (GPS) 46mm Case with Sport Band (Size M/L), Hypertension Notifications, Sleep Score, Advanced Workout Metrics - Space Gray",https://www.costco.com/.product.2042843.html,,,0,0,https://www.costco.com/electronics.html,2026-09-28T02:27:36.720143+00:00
3f046dbe-5d28-5006-92dd-7b20586e19b4,1738,2054363,2054363,"SANUS Preferred 50""-100"" Full-Motion TV Mount",https://www.costco.com/.product.2054363.html,,,0,0,https://www.costco.com/electronics.html,2026-09-28T02:27:36.720143+00:00
fc311842-de02-5838-8e79-eee40da1e766,1738,2027530,2027530,"SANUS Preferred 42""-100"" Advanced Tilt TV Mount",https://www.costco.com/.product.2027530.html,,,0,0,https://www.costco.com/electronics.html,2026-09-28T02:27:36.720143+00:00
e8515c1f-30ad-5ead-a5e3-32eb647e05f5,1738,1938108,1938108,"Infinity X1 Under Cabinet Lights, 3-pack",https://www.costco.com/.product.1938108.html,,,0,0,https://www.costco.com/electronics.html,2026-09-28T02:27:36.720143+00:00
70e9ebd6-5928-5e24-888c-2b551c71697e,1738,2042897,2042897,"MacBook Pro Laptop (16-inch) - Apple M5 Pro Chip, Built for Apple Intelligence, 18-core CPU, 20-core GPU, 24GB Memory, 1TB SSD Storage, Space Black",https://www.costco.com/.product.2042897.html,,,0,0,https://www.costco.com/electronics.html,2026-09-28T02:27:36.720143+00:00
ca619c00-2852-541b-b64a-b05f913443f5,1738,2042887,2042887,"MacBook Pro Laptop (14-inch) - Apple M5 Pro Chip, Built for Apple Intelligence, 15-core CPU, 16-core GPU, 24GB Memory, 1TB SSD Storage, Space Black",https://www.costco.com/.product.2042887.html,,,0,0,https://www.costco.com/electronics.html,2026-09-28T02:27:36.720143+00:00
02813c9c-03b1-5b5b-8b95-3c2987587fec,1738,1663600,1663600,JBL Cinema SB595 3.1.2 Ch Soundbar with Wireless Subwoofer,https://www.costco.com/.product.1663600.html,,,0,0,https://www.costco.com/electronics.html,2026-09-28T02:27:36.720143+00:00
ce987e54-ee32-568f-adef-974d43ad990c,1738,2042833,2042833,Apple Watch SE 3 (GPS) 40mm Case with Sport Band (Size S/M) - Starlight,https://www.costco.com/.product.2042833.html,,,0,0,https://www.costco.com/electronics.html,2026-09-28T02:27:36.720143+00:00
cc036a7a-8e4f-55b9-af55-1f180e3d732d,1738,1849834,1849834,"iPad Pro 11-inch, 256GB Wi-Fi (M5 chip) Built For Apple Intelligence, Space Black",https://www.costco.com/.product.1849834.html,,,0,0,https://www.costco.com/electronics.html,2026-09-28T02:27:36.720143+00:00
44f12766-48a2-5b75-b253-0dfcb44acec0,1738,1778371,1778371,"Apple Watch SE 3 (GPS) 40mm Case with Sport Band (Size S/M), Starlight",https://www.costco.com/.product.1778371.html,,,0,0,https://www.costco.com/electronics.html,2026-09-28T02:27:36.720143+00:00
010b8e35-c9ef-5e82-a2ec-2b6151ee3874,1738,2042802,2042802,"iPad Air 11-inch, 128GB Wi-Fi (M4 chip) Built For Apple Intelligence, Space Gray",https://www.costco.com/.product.2042802.html,,,0,0,https://www.costco.com/electronics.html,2026-09-28T02:27:36.720143+00:00
d1b15b7f-e758-57d4-83fd-a8bcfa88588e,1738,2042938,2042938,"Mac mini Desktop Computer - Apple M6 chip, Built for Apple Intelligence, 12-core CPU, 12-core GPU, 16GB Memory, 256GB SSD Storage",https://www.costco.com/.product.2042938.html,,,0,0,https://www.costco.com/electronics.html,2026-09-28T02:27:36.720143+00:00
ec85d5dd-056d-5827-a883-d9fcf14deaed,1738,1738485,1738485,LG S80TY 3.1.3 Ch Soundbar with Wireless Subwoofer,https://www.costco.com/.product.1738485.html,,,0,0,https://www.costco.com/electronics.html,2026-09-28T02:27:36.720143+00:00
328e1e18-2366-552a-8348-4631c85aea23,1738,2052212,2052212,"Oura Ring 5 Silver Smart Ring, Size 7, Exclusive Bundle, Ring + Additional Charger + Additional Year of Manufacturer’s Warranty",https://www.costco.com/.product.2052212.html,,,0,0,https://www.costco.com/electronics.html,2026-09-28T02:27:36.720143+00:00
0fee64e7-4045-5d46-b0bf-5b415da86547,1738,2052214,2052214,"Oura Ring 5 Silver Smart Ring, Size 9, Exclusive Bundle, Ring + Additional Charger + Additional Year of Manufacturer’s Warranty",https://www.costco.com/.product.2052214.html,,,0,0,https://www.costco.com/electronics.html,2026-09-28T02:27:36.720143+00:00
b79307c2-4762-5b08-bba3-864913ae9062,1738,1631745,1631745,"Duracell Lithium 2032 Coin Batteries, 12-count",https://www.costco.com/.product.1631745.html,,,0,0,https://www.costco.com/electronics.html,2026-09-28T02:27:36.720143+00:00
8b52799f-9f02-5716-81a5-f7aad8cb0d71,1738,4000395758,4000395758,Joy-Con 2 (L)/(R) Light Blue/Light Red - Nintendo Switch 2,https://www.costco.com/joy-con-2-lr-light-bluelight-red---nintendo-switch-2.product.4000395758.html,,,0,0,https://www.costco.com/electronics.html,2026-09-28T02:28:00.132921+00:00
27f94002-209f-503f-b6af-70f41ab65e3f,1738,1925833,1925833,"Kirkland Signature Sparkling Energy Drink, Variety Pack, 12 fl oz, 24-count",https://www.costco.com/.product.1925833.html,,,0,0,https://www.costco.com/energy-drinks.html,2026-09-28T02:29:00.290698+00:00
ba800748-2080-5eee-b6fe-8c4dccb6d4ef,1738,1833411,1833411,"Alani Nu Energy Drink, Variety Pack, 12 fl oz, 18-count",https://www.costco.com/.product.1833411.html,,,0,0,https://www.costco.com/energy-drinks.html,2026-09-28T02:29:00.290698+00:00
fed15692-301a-5b5f-b7da-3bbe780a1cc8,1738,2048159,2048159,"Celsius Vibe Energy Drink, Variety Pack, 12 fl oz, 18-count",https://www.costco.com/.product.2048159.html,,,0,0,https://www.costco.com/energy-drinks.html,2026-09-28T02:29:00.290698+00:00
70697e80-12a5-5a49-9bf6-0d164700defc,1738,1779098,1779098,"BODYARMOR Lyte Sports Drink, Variety Pack, 20 fl oz, 18-count",https://www.costco.com/.product.1779098.html,,,0,0,https://www.costco.com/energy-drinks.html,2026-09-28T02:29:00.290698+00:00
7cd97f9d-082d-5bcc-895c-69f1d4bbc402,1738,1594596,1594596,"Gatorade Thirst Quencher, Turf Variety Pack, 12 fl oz, 28-count",https://www.costco.com/.product.1594596.html,,,0,0,https://www.costco.com/energy-drinks.html,2026-09-28T02:29:00.290698+00:00
f0362c1b-04e0-5880-a19c-6b3ee86ce313,1738,2056753,2056753,"Bloom Sparkling Energy Drink, Flavor Obsessions, Variety Pack, 12 fl oz, 18-count",https://www.costco.com/.product.2056753.html,,,0,0,https://www.costco.com/energy-drinks.html,2026-09-28T02:29:00.290698+00:00
a059776c-7ff9-5387-bc43-4d8377c50f3e,1738,1937492,1937492,"Alani Nu Energy Drink, Witch's Brew, 12 fl oz, 18-count",https://www.costco.com/.product.1937492.html,,,0,0,https://www.costco.com/energy-drinks.html,2026-09-28T02:29:00.290698+00:00
51b48a21-9754-548e-b290-857cdbe8b970,1738,1498286,1498286,"Gatorade Thirst Quencher, Core Variety Pack, 12 fl oz, 28-count",https://www.costco.com/.product.1498286.html,,,0,0,https://www.costco.com/energy-drinks.html,2026-09-28T02:29:00.290698+00:00
d0bd8b0d-bad4-5d07-83e6-ea756a9f3857,1738,1966529,1966529,"Celsius Sparkling Energy Drink, Core Variety Pack, 12 fl oz, 18-count",https://www.costco.com/.product.1966529.html,,,0,0,https://www.costco.com/energy-drinks.html,2026-09-28T02:29:00.290698+00:00
e8993230-65d3-593a-9851-3f7959a1a73c,1738,1780981,1780981,"Joyburst Hydration Drink, Variety Pack, 16.9 fl oz, 18-count",https://www.costco.com/.product.1780981.html,,,0,0,https://www.costco.com/energy-drinks.html,2026-09-28T02:29:00.290698+00:00
19280991-902c-5013-8b34-07cc7ca2cd97,1738,2009964,2009964,"Gatorade Lower Sugar Variety Pack, 12 fl oz, 24-count",https://www.costco.com/.product.2009964.html,,,0,0,https://www.costco.com/energy-drinks.html,2026-09-28T02:29:00.290698+00:00
609392ef-f5c4-555e-b724-b91a938b15f2,1738,2051862,2051862,"LMNT Sparkling Electrolyte Drink, Variety Pack, 12 fl oz, 15-count",https://www.costco.com/.product.2051862.html,,,0,0,https://www.costco.com/energy-drinks.html,2026-09-28T02:29:00.290698+00:00
018aa550-7714-56ce-8a06-18ef604f343e,1738,2044023,2044023,"Ghost Energy Drink, Variety Pack, 16 fl oz, 18-count",https://www.costco.com/.product.2044023.html,,,0,0,https://www.costco.com/energy-drinks.html,2026-09-28T02:29:00.290698+00:00
e72bfad1-4764-5395-a5f4-f8e0adc5cce4,1738,242668,242668,"Red Bull Energy Drink, 8.4 fl oz, 24 count",https://www.costco.com/.product.242668.html,,,0,0,https://www.costco.com/energy-drinks.html,2026-09-28T02:29:00.290698+00:00
1c3a82a5-217b-57ea-97b4-c17988eba8b6,1738,711509,711509,"Red Bull Energy Drink, Sugar Free, 8.4 fl oz, 24-count",https://www.costco.com/.product.711509.html,,,0,0,https://www.costco.com/energy-drinks.html,2026-09-28T02:29:00.290698+00:00
b950c868-d44e-528e-a70e-8f1f60a89d0f,1738,1845080,1845080,"Kirkland Signature Sport Drink, Variety Pack, 12 fl oz, 24-count",https://www.costco.com/.product.1845080.html,,,0,0,https://www.costco.com/energy-drinks.html,2026-09-28T02:29:00.290698+00:00
9901df6f-e4e9-5b35-90e3-b78b4ee56096,1738,2045189,2045189,"Monster Energy Drink, Ultra Variety Pack, 12 fl oz, 24-count",https://www.costco.com/.product.2045189.html,,,0,0,https://www.costco.com/energy-drinks.html,2026-09-28T02:29:00.290698+00:00
31d281a7-378c-58f7-aaa0-64eb30ad8d3f,1738,1939979,1939979,"Celsius Sparkling Energy Drink, Vibe Variety Pack, 12 fl oz, 18-count",https://www.costco.com/.product.1939979.html,,,0,0,https://www.costco.com/energy-drinks.html,2026-09-28T02:29:00.290698+00:00
7525dc54-ac34-5988-aaab-c2a989825304,1738,1711799,1711799,"Kirkland Signature Extra Strength Energy Shot, 2 fl oz, 48-count",https://www.costco.com/.product.1711799.html,,,0,0,https://www.costco.com/energy.html,2026-09-28T02:29:28.625352+00:00
cea36ac1-d6f5-56d8-a190-37d6685f3b92,1738,2075676,2075676,"Celsius Sparkling Energy Drink, Variety Pack, 12 fl oz, 18-count",https://www.costco.com/.product.2075676.html,,,0,0,https://www.costco.com/energy.html,2026-09-28T02:29:28.625352+00:00
06c8b77b-ef25-5b02-823d-edea773b96ac,1738,4000258410,4000258410,"Colin 72"" Accent Console",https://www.costco.com/colin-72-accent-console.product.4000258410.html,,,0,0,https://www.costco.com/entertainment-centers-TV-stands.html,2026-09-28T02:30:19.588226+00:00
1bcfa19f-9726-58bd-acb7-28e9b52b0295,1738,4000361515,4000361515,Del Rey Oaks 74” Accent Console,https://www.costco.com/del-rey-oaks-74-accent-console.product.4000361515.html,,,0,0,https://www.costco.com/entryway-furniture.html,2026-09-28T02:30:47.843662+00:00
908a1cbb-0abf-5dcf-b322-e2cfba0cf7f2,1738,2011581,2011581,Sharper Image Power Percussion Duo Max Deep Tissue Massager,https://www.costco.com/.product.2011581.html,,,0,0,https://www.costco.com/exercise-fitness.html,2026-09-28T02:32:05.750817+00:00
fee1992d-e864-58bb-baf0-f20adc2b374e,1738,2024351,2024351,LifeTrend Classic Cold Plunge with Chiller System,https://www.costco.com/.product.2024351.html,,,0,0,https://www.costco.com/exercise-fitness.html,2026-09-28T02:32:05.750817+00:00
ce48035b-f48a-585c-a859-3c1618851692,1738,2949962,2949962,Sharper Image Motorized Handheld Rolling Massager,https://www.costco.com/.product.2949962.html,,,0,0,https://www.costco.com/exercise-fitness.html,2026-09-28T02:32:05.750817+00:00
5b8b78dd-ecaf-5f7e-8468-97aff8310339,1738,352457,352457,MedMassager Body Massager,https://www.costco.com/.product.352457.html,,,0,0,https://www.costco.com/exercise-fitness.html,2026-09-28T02:32:05.750817+00:00
1876c623-feea-5e76-bb58-2436c24f51f7,1738,1316229,1316229,"Biotrue Multi-Purpose Solution, 34 Ounces",https://www.costco.com/.product.1316229.html,,,0,0,https://www.costco.com/eye-care.html,2026-09-28T02:32:49.743368+00:00
acd5469c-58ca-50b3-9e03-9b63d7f09f31,1738,40310,40310,Refresh Plus Lubricant Eye Drops,https://www.costco.com/.product.40310.html,,,0,0,https://www.costco.com/eye-care.html,2026-09-28T02:32:49.743368+00:00
954843f6-6cd6-53b4-b3b9-3eaffbb5a275,1738,1355176,1355176,"Lumify Redness Reliever Eye Drops, 15 ml.",https://www.costco.com/.product.1355176.html,,,0,0,https://www.costco.com/eye-care.html,2026-09-28T02:32:49.743368+00:00
9e1a5637-07df-532c-bb9d-77639a0a1c48,1738,1875027,1875027,"Refresh Optive MEGA-3 Preservative-Free Lubricating Eye Drop, 70 Vials",https://www.costco.com/.product.1875027.html,,,0,0,https://www.costco.com/eye-care.html,2026-09-28T02:32:49.743368+00:00
c5dfd722-5cce-563a-b720-61e81b3c972f,1738,529110,529110,"Refresh Tears Lubricant Eye Drops Multi-Pack, 65 ml.",https://www.costco.com/.product.529110.html,,,0,0,https://www.costco.com/eye-care.html,2026-09-28T02:32:49.743368+00:00
59df442b-2ca9-5303-bdc9-ccf9030afb14,1738,1930184,1930184,"Flents Wipe 'N Clear Lens Wipes, 4 Boxes, 75 Wipes Each",https://www.costco.com/.product.1930184.html,,,0,0,https://www.costco.com/eye-care.html,2026-09-28T02:32:49.743368+00:00
f1d62d43-2303-5e9f-b760-4d624a5d78a0,1738,1214224,1214224,"Clear Care Plus Cleaning & Disinfecting Solution, 32 Fluid Ounces",https://www.costco.com/.product.1214224.html,,,0,0,https://www.costco.com/eye-care.html,2026-09-28T02:32:49.743368+00:00
6b16056f-a0d3-5b29-83d3-025de58afe38,1738,638603,638603,"Kirkland Signature Multi-Purpose Disinfecting Solution, 48 Ounces",https://www.costco.com/.product.638603.html,,,0,0,https://www.costco.com/eye-care.html,2026-09-28T02:32:49.743368+00:00
65e722d3-c319-5d3c-aa41-769f26cf4961,1738,1747557,1747557,"Systane Complete Preservative Free Lubricant Drops, 30ml",https://www.costco.com/.product.1747557.html,,,0,0,https://www.costco.com/eye-care.html,2026-09-28T02:32:49.743368+00:00
0eed0c79-89f9-5d4f-a705-db5a6c7539e9,1738,402463,402463,"Systane ULTRA Lubricant Eye Drops, 30 ml",https://www.costco.com/.product.402463.html,,,0,0,https://www.costco.com/eye-care.html,2026-09-28T02:32:49.743368+00:00
fcf15e82-b7dd-5018-bb23-f037ff2602c9,1738,723675,723675,"Kleenex Trusted Care Facial Tissue, 2-Ply, 230-count, 10-pack",https://www.costco.com/.product.723675.html,,,0,0,https://www.costco.com/facial-tissue.html,2026-09-28T02:33:16.542484+00:00
72636149-5858-5765-95a6-e63545766334,1738,4165769,4165769,"Kirkland Signature Facial Tissue, 3-Ply, 84-count, 12-pack",https://www.costco.com/.product.4165769.html,,,0,0,https://www.costco.com/facial-tissue.html,2026-09-28T02:33:16.542484+00:00
95b9ded6-df94-5f66-9f5a-3f6124dbee56,1738,221663,221663,"Kleenex Ultra Soft Facial Tissue, 3-Ply, 85-count, 12-pack",https://www.costco.com/.product.221663.html,,,0,0,https://www.costco.com/facial-tissue.html,2026-09-28T02:33:16.542484+00:00
c456e151-e15e-599a-9f3e-f43704c984c7,1738,4165671,4165671,"Kleenex Soothing Lotion Facial Tissue, 3-Ply, 85-count, 12-pack",https://www.costco.com/.product.4165671.html,,,0,0,https://www.costco.com/facial-tissue.html,2026-09-28T02:33:16.542484+00:00
4996aee7-d577-55b6-9b93-56989e9d9250,1738,4000382822,4000382822,Dyson Purifier Hot+Cool HP11,https://www.costco.com/dyson-purifier-hotcool-hp11.product.4000382822.html,,,0,0,https://www.costco.com/fans.html,2026-09-28T02:34:08.409390+00:00
7f2ceb73-683b-57f8-8778-eb3dd6cab71c,1738,4000444336,4000444336,"MacBook Air Laptop (13-inch) with Apple M5 Chip, Built for Apple Intelligence",https://www.costco.com/macbook-air-laptop-13-inch-with-apple-m5-chip-built-for-apple-intelligence.product.4000444336.html,,,0,0,https://www.costco.com/featured-brands.html,2026-09-28T02:34:36.335608+00:00
2df85b48-85bb-57e8-af72-5613407840e9,1738,4000404510,4000404510,"Apple AirPods Pro 3, Wireless Earbuds, Active Noise Cancellation, Hearing Aid Feature, Heart Rate Sensing, Includes 2 Years of AppleCare+",https://www.costco.com/apple-airpods-pro-3-wireless-earbuds-active-noise-cancellation-hearing-aid-feature-heart-rate-sensing-includes-2-years-of-applecare.product.4000404510.html,,,0,0,https://www.costco.com/featured-brands.html,2026-09-28T02:34:36.335608+00:00
dafbe6ea-e06e-5d85-9375-620515070283,1738,4000285678,4000285678,"iPad, 128GB Wi-Fi (A16 chip)",https://www.costco.com/ipad-128gb-wi-fi-a16-chip.product.4000285678.html,,,0,0,https://www.costco.com/featured-brands.html,2026-09-28T02:34:36.335608+00:00
304b7b0d-7bb6-57d4-babc-9fa6fd6b5189,1738,4000444356,4000444356,"Apple Watch Series 12 (GPS) 42mm Case with Sport Band (Size S/M), Hypertension Notifications, Sleep Score, Advanced Workout Metrics.",https://www.costco.com/apple-watch-series-12-gps-42mm-case-with-sport-band-size-sm-hypertension-notifications-sleep-score-advanced-workout-metrics.product.4000444356.html,,,0,0,https://www.costco.com/featured-brands.html,2026-09-28T02:34:36.335608+00:00
b822fd21-79e2-5165-8a13-4b0924ca4dd0,1738,4000370739,4000370739,"MacBook Pro Laptop (14-inch) - Apple M5 chip, Built for Apple Intelligence, 10-core CPU, 10-core GPU, 16GB Memory, 1TB SSD Storage",https://www.costco.com/macbook-pro-laptop-14-inch---apple-m5-chip-built-for-apple-intelligence-10-core-cpu-10-core-gpu-16gb-memory-1tb-ssd-storage.product.4000370739.html,,,0,0,https://www.costco.com/featured-brands.html,2026-09-28T02:34:36.335608+00:00
3dd3117e-40f9-5852-8cb7-11632a57d91c,1738,4000444232,4000444232,"MacBook Air Laptop (15-inch) with Apple M5 Chip, Built for Apple Intelligence",https://www.costco.com/macbook-air-laptop-15-inch-with-apple-m5-chip-built-for-apple-intelligence.product.4000444232.html,,,0,0,https://www.costco.com/featured-brands.html,2026-09-28T02:34:36.335608+00:00
1139db96-5e89-5872-ab0c-6938d3d79be2,1738,4000447603,4000447603,"MacBook Neo Laptop (13-inch) - Apple A18 Pro Chip, Built for Apple Intelligence, 6-core CPU, 5-core GPU, 8GB Memory, 256GB SSD Storage",https://www.costco.com/macbook-neo-laptop-13-inch---apple-a18-pro-chip-built-for-apple-intelligence-6-core-cpu-5-core-gpu-8gb-memory-256gb-ssd-storage.product.4000447603.html,,,0,0,https://www.costco.com/featured-brands.html,2026-09-28T02:34:36.335608+00:00
fbdb2d52-4fdb-5cb0-a4ea-8c11218f5ae9,1738,4000308504,4000308504,AirPods 4 with Active Noise Cancellation,https://www.costco.com/airpods-4-with-active-noise-cancellation.product.4000308504.html,,,0,0,https://www.costco.com/featured-brands.html,2026-09-28T02:34:36.335608+00:00
92585cfc-6a02-5c88-9285-a966417c2e97,1738,4000225180,4000225180,"iMac All-in-One Desktop Computer (24-inch) - Apple M4 chip, Built for Apple Intelligence, 8-core CPU, 8-core GPU, 16GB Memory, 256GB SSD Storage",https://www.costco.com/imac-all-in-one-desktop-computer-24-inch---apple-m4-chip-built-for-apple-intelligence-8-core-cpu-8-core-gpu-16gb-memory-256gb-ssd-storage.product.4000225180.html,,,0,0,https://www.costco.com/featured-brands.html,2026-09-28T02:34:36.335608+00:00
db8014b0-a89e-5832-ac42-02105a978b25,1738,4000285631,4000285631,"iPad, 256GB Wi-Fi (A16 chip)",https://www.costco.com/ipad-256gb-wi-fi-a16-chip.product.4000285631.html,,,0,0,https://www.costco.com/featured-brands.html,2026-09-28T02:34:36.335608+00:00
1fb7e6a4-45b2-598d-8e54-d2c8c82a1a9f,1738,4000444273,4000444273,"Apple Watch Series 12 (GPS) 46mm Case with Sport Band (Size M/L), Hypertension Notifications, Sleep Score, Advanced Workout Metrics",https://www.costco.com/apple-watch-series-12-gps-46mm-case-with-sport-band-size-ml-hypertension-notifications-sleep-score-advanced-workout-metrics.product.4000444273.html,,,0,0,https://www.costco.com/featured-brands.html,2026-09-28T02:34:36.335608+00:00
666152cd-9e79-5633-a391-2bdea2a6893c,1738,4000306850,4000306850,Apple Watch Ultra 3 (GPS + Cellular) 49mm Black Titanium Case with 5G and Satellite Communications (Size M/L),https://www.costco.com/apple-watch-ultra-3-gps--cellular-49mm-black-titanium-case-with-5g-and-satellite-communications-size-ml.product.4000306850.html,,,0,0,https://www.costco.com/featured-brands.html,2026-09-28T02:34:36.335608+00:00
6e23bd4d-5072-55f7-9834-81a01cfa5c1d,1738,4000366725,4000366725,"iPad Pro 13-inch, 256GB Wi-Fi (M5 chip) Built For Apple Intelligence",https://www.costco.com/ipad-pro-13-inch-256gb-wi-fi-m5-chip-built-for-apple-intelligence.product.4000366725.html,,,0,0,https://www.costco.com/featured-brands.html,2026-09-28T02:34:36.335608+00:00
7fad782c-f839-5511-9029-5c631fafec6e,1738,4000444297,4000444297,"Mac mini Desktop Computer - Apple M6 chip, Built for Apple Intelligence, 12-core CPU, 12-core GPU, 16GB Memory, 256GB SSD Storage",https://www.costco.com/mac-mini-desktop-computer---apple-m6-chip-built-for-apple-intelligence-12-core-cpu-12-core-gpu-16gb-memory-256gb-ssd-storage.product.4000444297.html,,,0,0,https://www.costco.com/featured-brands.html,2026-09-28T02:34:36.335608+00:00
2d82a64e-7a49-50f4-b045-75f2148f3c4e,1738,4000222320,4000222320,Apple Watch SE 3 (GPS) 40mm Case with Sport Band (Size S/M),https://www.costco.com/apple-watch-se-3-gps-40mm-case-with-sport-band-size-sm.product.4000222320.html,,,0,0,https://www.costco.com/featured-brands.html,2026-09-28T02:34:36.335608+00:00
8f598013-8ed2-51f1-a221-44e8ea02f339,1738,4000444327,4000444327,Apple Watch SE 3 (GPS) 40mm Case with Sport Band (Size S/M),https://www.costco.com/apple-watch-se-3-gps-40mm-case-with-sport-band-size-sm.product.4000444327.html,,,0,0,https://www.costco.com/featured-brands.html,2026-09-28T02:34:36.335608+00:00
a25c1471-c165-5cff-9e00-8b8f30930df4,1738,4000444338,4000444338,Apple Watch Ultra 4 (GPS + Cellular) 49mm Black Titanium Case with 5G and Satellite Communications (Size M/L),https://www.costco.com/apple-watch-ultra-4-gps--cellular-49mm-black-titanium-case-with-5g-and-satellite-communications-size-ml.product.4000444338.html,,,0,0,https://www.costco.com/featured-brands.html,2026-09-28T02:34:36.335608+00:00
cabe582b-de19-5199-8bb4-e44bf457c754,1738,4000444264,4000444264,"MacBook Pro Laptop (14-inch) - Apple M5 Pro Chip, Built for Apple Intelligence, 15-core CPU, 16-core GPU, 24GB Memory, 1TB SSD Storage",https://www.costco.com/macbook-pro-laptop-14-inch---apple-m5-pro-chip-built-for-apple-intelligence-15-core-cpu-16-core-gpu-24gb-memory-1tb-ssd-storage.product.4000444264.html,,,0,0,https://www.costco.com/featured-brands.html,2026-09-28T02:34:36.335608+00:00
84468569-e96d-58ad-9c71-c0b3d7a6fc7e,1738,4000285636,4000285636,"iPad Pro 11-inch, 256GB Wi-Fi (M5 chip) Built For Apple Intelligence",https://www.costco.com/ipad-pro-11-inch-256gb-wi-fi-m5-chip-built-for-apple-intelligence.product.4000285636.html,,,0,0,https://www.costco.com/featured-brands.html,2026-09-28T02:34:36.335608+00:00
8619b556-a094-51d4-ad40-28efbf2789b4,1738,4000444349,4000444349,"iPad Air 11-inch, 128GB Wi-Fi (M4 chip) Built For Apple Intelligence",https://www.costco.com/ipad-air-11-inch-128gb-wi-fi-m4-chip-built-for-apple-intelligence.product.4000444349.html,,,0,0,https://www.costco.com/featured-brands.html,2026-09-28T02:34:36.335608+00:00
40050860-6d7c-5f58-a1e8-4d12e529abc5,1738,4000444288,4000444288,"MacBook Pro Laptop (16-inch) - Apple M5 Pro Chip, Built for Apple Intelligence, 18-core CPU, 20-core GPU, 24GB Memory, 1TB SSD Storage",https://www.costco.com/macbook-pro-laptop-16-inch---apple-m5-pro-chip-built-for-apple-intelligence-18-core-cpu-20-core-gpu-24gb-memory-1tb-ssd-storage.product.4000444288.html,,,0,0,https://www.costco.com/featured-brands.html,2026-09-28T02:34:36.335608+00:00
210fbcfb-4868-5b0b-acd5-504d69ee5c65,1738,2008132,2008132,"Always Infinity FlexFoam Pads, 72-count",https://www.costco.com/.product.2008132.html,,,0,0,https://www.costco.com/feminine-hygiene.html,2026-09-28T02:35:01.244006+00:00
d4d29f78-c1ba-589b-b410-5f9f63ed297d,1738,1368591,1368591,"Always Ultra Thin Advanced Overnight Pads, 76-count",https://www.costco.com/.product.1368591.html,,,0,0,https://www.costco.com/feminine-hygiene.html,2026-09-28T02:35:01.244006+00:00
49974777-993f-5598-a4a1-4611662471e1,1738,1842854,1842854,"Tampax Pearl Advanced Duopack, 87-count",https://www.costco.com/.product.1842854.html,,,0,0,https://www.costco.com/feminine-hygiene.html,2026-09-28T02:35:01.244006+00:00
42101f64-e2a0-5d07-bb23-eb689402309d,1738,1774617,1774617,"Scotts MAX Southern Weed & Feed, 12,000 Sq. Ft.",https://www.costco.com/.product.1774617.html,,,0,0,https://www.costco.com/fertilizers-grass-seeds.html,2026-09-28T02:35:44.230271+00:00
cee830bc-40c0-5998-88ec-0d90e00564b4,1738,1714846,1714846,Roundup Dual Action Weed and Grass Killer Plus 4 Month Preventer with Easy Mix Refill,https://www.costco.com/.product.1714846.html,,,0,0,https://www.costco.com/fertilizers-grass-seeds.html,2026-09-28T02:35:44.230271+00:00
35216391-2c7b-5087-b699-6a39f06ba333,1738,1129909,1129909,"Kirkland Signature LaxaClear, 100 Doses",https://www.costco.com/.product.1129909.html,,,0,0,https://www.costco.com/fiber-laxatives.html,2026-09-28T02:36:08.922266+00:00
a1f847b3-e0cb-5a89-8ae0-d92cc0fc51ba,1738,1014328,1014328,"MiraLAX Powder Laxative, 68 Doses",https://www.costco.com/.product.1014328.html,,,0,0,https://www.costco.com/fiber-laxatives.html,2026-09-28T02:36:08.922266+00:00
3044b37e-8d26-51f5-8aac-19bcd889a3c5,1738,1089847,1089847,"Metamucil Fiber Supplement, Orange Sugar Free, 260 Servings",https://www.costco.com/.product.1089847.html,,,0,0,https://www.costco.com/fiber-laxatives.html,2026-09-28T02:36:08.922266+00:00
241b16b0-add3-5498-ac68-820f3244207b,1738,561532,561532,"Kirkland Signature Fast Acting Lactase, 180 Caplets",https://www.costco.com/.product.561532.html,,,0,0,https://www.costco.com/fiber-laxatives.html,2026-09-28T02:36:08.922266+00:00
809a7f26-86c2-52b9-934e-54794b7af6e3,1738,1349614,1349614,"Kirkland Signature OPTIFIBER, 26.8 Ounces, 190 Servings",https://www.costco.com/.product.1349614.html,,,0,0,https://www.costco.com/fiber-laxatives.html,2026-09-28T02:36:08.922266+00:00
40a76233-d4fd-5345-a3b0-9dbdf98bbac1,1738,1996833,1996833,"Metamucil Fiber Gummies, 150 Gummies",https://www.costco.com/.product.1996833.html,,,0,0,https://www.costco.com/fiber-laxatives.html,2026-09-28T02:36:08.922266+00:00
89c7ea63-fe55-5748-92a3-42e7e10008bf,1738,1719200,1719200,"Country Farms Fiber Care Gummies, 240 Gummies",https://www.costco.com/.product.1719200.html,,,0,0,https://www.costco.com/fiber-laxatives.html,2026-09-28T02:36:08.922266+00:00
485bf699-615d-5820-b6b3-b30ad49abf31,1738,1811669,1811669,"Benefiber Fiber Supplement Powder, 410 Teaspoons",https://www.costco.com/.product.1811669.html,,,0,0,https://www.costco.com/fiber-laxatives.html,2026-09-28T02:36:08.922266+00:00
36e9af95-7c0f-50f9-a2e3-481cb3c6cc83,1738,2036982,2036982,"MiraFAST Soft Chews Pouch, 100 Soft Chews",https://www.costco.com/.product.2036982.html,,,0,0,https://www.costco.com/fiber-laxatives.html,2026-09-28T02:36:08.922266+00:00
a7bebfc4-0d52-5490-9797-57d0523c610a,1738,598848,598848,"Kirkland Signature Psyllium Fiber, 720 Capsules",https://www.costco.com/.product.598848.html,,,0,0,https://www.costco.com/fiber-laxatives.html,2026-09-28T02:36:08.922266+00:00
b7c2e8b5-a168-5a5b-a3ba-576fbdb28153,1738,561527,561527,"Kirkland Signature Psyllium Fiber Sugar-Free Powder, 2x180 Teaspoons",https://www.costco.com/.product.561527.html,,,0,0,https://www.costco.com/fiber-laxatives.html,2026-09-28T02:36:08.922266+00:00
7851a65a-b540-547c-9293-903b4ef69961,1738,681421,681421,"Dulcolax Laxative, 200 Tablets",https://www.costco.com/.product.681421.html,,,0,0,https://www.costco.com/fiber-laxatives.html,2026-09-28T02:36:08.922266+00:00
2db6d000-85d9-5252-9bac-05bcd57b6746,1738,629240,629240,"Kirkland Signature Stool Softener, 100 mg, 400 Softgels",https://www.costco.com/.product.629240.html,,,0,0,https://www.costco.com/fiber-laxatives.html,2026-09-28T02:36:08.922266+00:00
17b84514-ef97-5fde-8c37-3b24586084f5,1738,540003,540003,First Alert Rechargeable Heavy Duty Fire Extinguisher UL Rated 3-A:40-BC,https://www.costco.com/.product.540003.html,,,0,0,https://www.costco.com/fire-extinguishers.html,2026-09-28T02:36:51.289176+00:00
1cd4d484-561a-5af0-baf8-9710d934f0f9,1738,1968869,1968869,TIKI® Brand 25 Inch Celebration Smokeless Fire Pit,https://www.costco.com/.product.1968869.html,,,0,0,https://www.costco.com/fire-pits-tables.html,2026-09-28T02:37:17.148510+00:00
d57d4390-33ea-5d33-b238-b4402e57c666,1738,1940345,1940345,Ninja Fireside360 Outdoor Heater & Fire Pit and Top Cover Bundle,https://www.costco.com/.product.1940345.html,,,0,0,https://www.costco.com/fire-pits-tables.html,2026-09-28T02:37:17.148510+00:00
20f999ed-dd00-5d2e-9a87-1ed2c454b43f,1738,4000218743,4000218743,"First Alert Precision Detection, 10-year Battery Smoke and Carbon Monoxide Alarm, 2-pack",https://www.costco.com/first-alert-precision-detection-10-year-battery-smoke-and-carbon-monoxide-alarm-2-pack.product.4000218743.html,,,0,0,https://www.costco.com/fire-safety.html,2026-09-28T02:37:46.591072+00:00
6416a984-4c40-5c43-a24b-41df5fe824c2,1738,4000112513,4000112513,First Alert Rechargeable Heavy Duty Fire Extinguisher UL Rated 3-A:40-BC,https://www.costco.com/first-alert-rechargeable-heavy-duty-fire-extinguisher-ul-rated-3-a40-bc.product.4000112513.html,,,0,0,https://www.costco.com/fire-safety.html,2026-09-28T02:37:46.591072+00:00
3cf53583-4ee3-580a-9fd8-c95b760496da,1738,1713552,1713552,SunVilla Havana 4-piece Fire Pit Outdoor Patio Seating Set,https://www.costco.com/.product.1713552.html,,,0,0,https://www.costco.com/fireplaces-fire-pits.html,2026-09-28T02:38:11.499497+00:00
cae2dfc9-45aa-5790-9a0d-2b6efe3f440f,1738,1698212,1698212,"Nature Made Fish Oil, 1200mg, 300 Softgels",https://www.costco.com/.product.1698212.html,,,0,0,https://www.costco.com/fish-oil-omega-3.html,2026-09-28T02:38:58.197039+00:00
ef341f03-7268-5516-9932-0a60c99dd203,1738,1820338,1820338,"Kirkland Signature Krill Oil 500mg, 180 Softgels",https://www.costco.com/.product.1820338.html,,,0,0,https://www.costco.com/fish-oil-omega-3.html,2026-09-28T02:38:58.197039+00:00
82de60d3-c91d-5c20-881f-79b5281f127c,1738,2036501,2036501,"Nordic Naturals Omega Mini Fish Oil, 110 Mini Softgels, Lemon Flavor",https://www.costco.com/.product.2036501.html,,,0,0,https://www.costco.com/fish-oil-omega-3.html,2026-09-28T02:38:58.197039+00:00
398702d2-ad8a-5491-a3b2-5634ba57dea9,1738,1683859,1683859,"Sports Research Triple Strength Omega-3 Fish Oil, 150 Fish Softgels",https://www.costco.com/.product.1683859.html,,,0,0,https://www.costco.com/fish-oil-omega-3.html,2026-09-28T02:38:58.197039+00:00
5be9dabf-4fb5-5abc-ae8b-2da4fda02be0,1738,2049073,2049073,Axil MX II Pro SE + X30i Earplug Bundle,https://www.costco.com/.product.2049073.html,,,0,0,https://www.costco.com/fishing-wildlife.html,2026-09-28T02:39:41.992436+00:00
7a11a562-dc0c-567d-8d7c-76c02716b4c6,1738,4201004349,4201004349,"Oura Ring 5 Silver Smart Ring, Exclusive Bundle, Ring + Additional Charger + Additional Year of Manufacturer’s Warranty",https://www.costco.com/oura-ring-5-silver-smart-ring-exclusive-bundle-ring--additional-charger--additional-year-of-manufacturers-warranty.product.4201004349.html,,,0,0,https://www.costco.com/fitness-trackers.html,2026-09-28T02:40:09.561864+00:00
39f1fb57-d1ac-5929-93be-c431255e60dc,1738,100760000,100760000,"Siete Almond Flour Tortilla, 20-count",https://www.costco.com/siete-almond-flour-tortilla-20-count.product.100760000.html,,,0,0,https://www.costco.com/flatbreads-tortillas.html,2026-09-28T02:40:34.869324+00:00
e32c7b0e-d952-5ce5-8588-0e7e7547768a,1738,1491066,1491066,"Frontline Plus Flea and Tick Dog Treatment 45-88 lb, 7+1 Doses",https://www.costco.com/.product.1491066.html,,,0,0,https://www.costco.com/flea-tick.html,2026-09-28T02:41:25.266457+00:00
9230be69-443d-5b9a-9ed5-4b088e3197c3,1738,1491063,1491063,"Frontline Plus Flea and Tick Dog Treatment 23-44 lb, 7+1 Doses",https://www.costco.com/.product.1491063.html,,,0,0,https://www.costco.com/flea-tick.html,2026-09-28T02:41:25.266457+00:00
88a43ceb-20e8-5650-a63a-221ec7d1b1d5,1738,1491038,1491038,"Frontline Plus Flea and Tick Dog Treatment 5-22 lb, 7+1 Doses",https://www.costco.com/.product.1491038.html,,,0,0,https://www.costco.com/flea-tick.html,2026-09-28T02:41:25.266457+00:00
a3a0a8ad-bbd2-5271-92fc-4ed0e935f226,1738,1491069,1491069,"Frontline Plus Flea and Tick Dog Treatment 89-132 lb, 7+1 Doses",https://www.costco.com/.product.1491069.html,,,0,0,https://www.costco.com/flea-tick.html,2026-09-28T02:41:25.266457+00:00
00a0f9c2-c7cd-5c86-a7c4-9b02d5a081d9,1738,2189436,2189436,"Clorox Disinfecting Wipes, Variety Pack, 85-count, 5-pack",https://www.costco.com/.product.2189436.html,,,0,0,https://www.costco.com/floor-bathroom-cleaners.html,2026-09-28T02:41:51.399605+00:00
b0fd9c5e-4f44-5ee9-b965-2efd806ee767,1738,2662877,2662877,"Lysol Advanced Toilet Bowl Cleaner, 32 fl oz, 4-count",https://www.costco.com/.product.2662877.html,,,0,0,https://www.costco.com/floor-bathroom-cleaners.html,2026-09-28T02:41:51.399605+00:00
5ab028db-caaa-5f38-8e31-8eb46bbfd03f,1738,1920495,1920495,"Lysol Disinfecting Wipes, Variety Pack, 95-count, 4-pack",https://www.costco.com/.product.1920495.html,,,0,0,https://www.costco.com/floor-bathroom-cleaners.html,2026-09-28T02:41:51.399605+00:00
ce136118-8b74-5ad5-a7de-c95905b24663,1738,913437,913437,"Clorox Clean-Up All Purpose Cleaner with Bleach, Original, 32 fl oz Spray & 180 fl oz Refill",https://www.costco.com/.product.913437.html,,,0,0,https://www.costco.com/floor-bathroom-cleaners.html,2026-09-28T02:41:51.399605+00:00
dd9ac5d7-17c7-5f71-a56e-de9f77f83ff7,1738,625994,625994,"Clorox ToiletWand Disposable Toilet Cleaning System, Rainforest Rush, 1 Wand & 36 Refills",https://www.costco.com/.product.625994.html,,,0,0,https://www.costco.com/floor-bathroom-cleaners.html,2026-09-28T02:41:51.399605+00:00
94fca92e-fb3f-5816-afbc-1d656108bc3a,1738,2533324,2533324,"Lysol Disinfectant Spray, Crisp Linen, 19 oz, 3-count",https://www.costco.com/.product.2533324.html,,,0,0,https://www.costco.com/floor-bathroom-cleaners.html,2026-09-28T02:41:51.399605+00:00
9d29a750-2ef3-5ba4-8b72-3be3273a1ec8,1738,1988113,1988113,"Fabuloso Multi-Purpose Cleaner, Lavender, 210 fl oz",https://www.costco.com/.product.1988113.html,,,0,0,https://www.costco.com/floor-bathroom-cleaners.html,2026-09-28T02:41:51.399605+00:00
f3a9c3bf-8675-5388-b20f-d381c6d17908,1738,1805039,1805039,"Pine-Sol Multi-Surface Cleaner, Original, 60 fl oz, 2-count",https://www.costco.com/.product.1805039.html,,,0,0,https://www.costco.com/floor-bathroom-cleaners.html,2026-09-28T02:41:51.399605+00:00
d30c73b8-d928-5808-931b-dc708f207ada,1738,2308572,2308572,"Mrs Meyers Multi-Surface Variety, 24 fl oz, 3-count",https://www.costco.com/.product.2308572.html,,,0,0,https://www.costco.com/floor-bathroom-cleaners.html,2026-09-28T02:41:51.399605+00:00
d2533bfe-ee1b-5afe-ab7a-f6c057047f90,1738,2218574,2218574,"Swiffer Heavy Duty Wet Mopping Cloths, Lavender, 54-count",https://www.costco.com/.product.2218574.html,,,0,0,https://www.costco.com/floor-bathroom-cleaners.html,2026-09-28T02:41:51.399605+00:00
a72026f0-b82c-5205-9084-33e58a256614,1738,2345775,2345775,"Poo-Pourri Toilet Spray, Variety Pack, 3.4 fl oz, 3-count",https://www.costco.com/.product.2345775.html,,,0,0,https://www.costco.com/floor-bathroom-cleaners.html,2026-09-28T02:41:51.399605+00:00
4db4b92f-ac2d-52c7-a8cd-d4f2d97fab6e,1738,1806569,1806569,"Mohawk Home 6MM Thick 9.4in X 47.8in 22 MIL Waterproof Luxury Vinyl Plank Flooring (15.65 sq ft/ctn), Tudor Oak",https://www.costco.com/.product.1806569.html,,,0,0,https://www.costco.com/flooring.html,2026-09-28T02:42:56.693348+00:00
6d9ae7a0-0bd5-5199-b754-6cb632f9c4ad,1738,1882002,1882002,"Mohawk Home 6MM Thick 9.4in X 47.8in 22 MIL Waterproof Luxury Vinyl Plank Flooring (15.65 sq ft/ctn), Bloomington Oak",https://www.costco.com/.product.1882002.html,,,0,0,https://www.costco.com/flooring.html,2026-09-28T02:42:56.693348+00:00
304829f5-b314-5479-b211-6904f70f2a3f,1738,2004793,2004793,"Mohawk Home 6MM Thick x 9.43in x 47.8in 22 mil Waterproof Luxury Vinyl Plank Flooring (15.65 sq ft/ctn) , Coppervale Oak",https://www.costco.com/.product.2004793.html,,,0,0,https://www.costco.com/flooring.html,2026-09-28T02:42:56.693348+00:00
f625e07c-c5ba-5a24-80fe-ee095af614e6,1738,1975695,1975695,"Mohawk Home 12MM Thick 9.4in X 47.2in AC4 Waterproof Surface Laminate Wood Plank Flooring (18.6 sq ft/ctn), Westhighland Oak",https://www.costco.com/.product.1975695.html,,,0,0,https://www.costco.com/flooring.html,2026-09-28T02:42:56.693348+00:00
e313dfe1-1ead-5c20-80d8-431b5b804a9c,1738,1904701,1904701,"Mohawk Home 6MM Thick x 8.9in x 46.5in 22 mil Waterproof Luxury Vinyl Plank Flooring (14.35 sq ft/ctn), Beckett Oak",https://www.costco.com/.product.1904701.html,,,0,0,https://www.costco.com/flooring.html,2026-09-28T02:42:56.693348+00:00
0ad7dcc5-8a45-53e0-9e1b-74d5c1de43bb,1738,2012412,2012412,"United Weavers Urban Impressions WPC Flooring 8 MM Thick with 22 Mil Wear Layer, 14.74 sq.ft/ctn, Scottsdale",https://www.costco.com/.product.2012412.html,,,0,0,https://www.costco.com/flooring.html,2026-09-28T02:42:56.693348+00:00
5e059334-30d1-59b9-baec-f930a8f27ee4,1738,1806215,1806215,"Artika Sonolok Sound-Absorbing Slatted Panel Kit, Walnut",https://www.costco.com/.product.1806215.html,,,0,0,https://www.costco.com/flooring.html,2026-09-28T02:42:56.693348+00:00
d0d12bd8-5819-5238-8cb6-fd9d40e2b2fc,1738,1996039,1996039,Artika Sonokit Wall Panel Accessory Kit,https://www.costco.com/.product.1996039.html,,,0,0,https://www.costco.com/flooring.html,2026-09-28T02:42:56.693348+00:00
bf6a203f-91d3-5381-ab99-b698d8baed2d,1738,1938000,1938000,Feit Electric 15” Round Ceiling Fixture with Night Light,https://www.costco.com/.product.1938000.html,,,0,0,https://www.costco.com/flush-mount-semi-flush-mount.html,2026-09-28T02:44:11.661535+00:00
e1367514-102e-58ec-970b-70bcbd4705aa,1738,1937952,1937952,"Energetic Lighting 14” Arcadia Flush Mount with Selectable CCT & Halo Accent Light, 1 Light",https://www.costco.com/.product.1937952.html,,,0,0,https://www.costco.com/flush-mount-semi-flush-mount.html,2026-09-28T02:44:11.661535+00:00
