sku,product_name,warehouse_id,product_url
100001184,"Nature's Bounty Hair, Skin and Nails, 250 Softgels",1738,https://www.costco.com/natures-bounty-hair-skin-and-nails-250-softgels.product.100001184.html
100003048,"trunature Vision Complex Lutein & Zeaxanthin, 140 Softgels",1738,https://www.costco.com/trunature-vision-complex-lutein--zeaxanthin-140-softgels.product.100003048.html
100006067,"Nature's Bounty Fish Oil 1400 mg, 130 Coated Softgels",1738,https://www.costco.com/natures-bounty-fish-oil-1400-mg-130-coated-softgels.product.100006067.html
100006172,"Aleve Naproxen Sodium 220 mg. Pain Reliever/Fever Reducer, 320 Caplets",1738,https://www.costco.com/aleve-naproxen-sodium-220-mg-pain-relieverfever-reducer-320-caplets.product.100006172.html
100007464,"Culturelle Digestive Health Probiotic, 80 Vegetarian Capsules",1738,https://www.costco.com/culturelle-digestive-health-probiotic-80-vegetarian-capsules.product.100007464.html
100014399,"Flooring & Carpet  Enjoy carpet, engineered hardwood, laminate, and luxury vinyl tile and stone flooring solutions from Shaw.",1738,https://www.costco.com/.product.100014399.html
100017033,Delsym 12 Hour Cough Relief,1738,https://www.costco.com/delsym-12-hour-cough-relief.product.100017033.html
1000191,"NewAge Products Bold Series 6-piece Cabinet Set with 30 in. Locker, Base and Wall Cabinet, Black",1738,https://www.costco.com/.product.1000191.html
1000192,"Energetic Lighting 14” Arcadia Flush Mount with Selectable CCT & Halo Accent Light, 2 Light",1738,https://www.costco.com/.product.1000192.html
1000194,"Energetic Lighting 14” Arcadia Flush Mount with Selectable CCT & Halo Accent Light, 4 Light",1738,https://www.costco.com/.product.1000194.html
100022642,"Kirkland Signature Quick Dissolve B-12 5000 mcg., 300 Tablets",1738,https://www.costco.com/kirkland-signature-quick-dissolve-b-12-5000-mcg-300-tablets.product.100022642.html
100029983,"Kirkland Signature CoQ10 300 mg., 100 Softgels",1738,https://www.costco.com/kirkland-signature-coq10-300-mg-100-softgels.product.100029983.html
100029984,"Kirkland Signature Psyllium Fiber, 720 Capsules",1738,https://www.costco.com/kirkland-signature-psyllium-fiber-720-capsules.product.100029984.html
100038030,"Kirkland Signature Hair Regrowth Treatment Minoxidil Foam for Men, 2.11 oz, 6-count",1738,https://www.costco.com/kirkland-signature-hair-regrowth-treatment-minoxidil-foam-for-men-211-oz-6-count.product.100038030.html
100040959,"Blinds, Shades & Shutters  Custom window treatments for style and privacy.",1738,https://www.costco.com/.product.100040959.html
100041241,"Water Softening & Purification  Upgrade your water, upgrade your home.",1738,https://www.costco.com/.product.100041241.html
100054054,"Round Brilliant 1.30 ctw VS2 Clarity, I Color Diamond 14kt White Gold Teardrop Necklace",1738,https://www.costco.com/round-brilliant-130-ctw-vs2-clarity-i-color-diamond-14kt-white-gold-teardrop-necklace.product.100054054.html
100056608,"Ocuvite Adult 50+, 150 Soft Gels",1738,https://www.costco.com/ocuvite-adult-50-150-soft-gels.product.100056608.html
100070491,"Kirkland Signature Chardonnay, Sonoma County, 750 ml",1738,https://www.costco.com/kirkland-signature-chardonnay-sonoma-county-750-ml.product.100070491.html
100081146,"Citracal Maximum Plus Calcium Citrate + D3, 280 Caplets",1738,https://www.costco.com/citracal-maximum-plus-calcium-citrate--d3-280-caplets.product.100081146.html
100085370,"Duracell 9V Alkaline Batteries, 8-count",1738,https://www.costco.com/duracell-9v-alkaline-batteries-8-count.product.100085370.html
100089150,"Kleenex Trusted Care Facial Tissue, 2-Ply, 230-count, 10-pack",1738,https://www.costco.com/kleenex-trusted-care-facial-tissue-2-ply-230-count-10-pack.product.100089150.html
100096107,"Tylenol 8 Hour Arthritis & Joint Pain Extended-Release Acetaminophen 650 mg, 290 Caplets",1738,https://www.costco.com/tylenol-8-hour-arthritis--joint-pain-extended-release-acetaminophen-650-mg-290-caplets.product.100096107.html
100096414,"Kirkland Signature Fast Acting Lactase, 180 Caplets",1738,https://www.costco.com/kirkland-signature-fast-acting-lactase-180-caplets.product.100096414.html
100104327,"Listerine UltraClean Coolmint Mouthwash, 1.5 Liter, 2-count",1738,https://www.costco.com/listerine-ultraclean-coolmint-mouthwash-15-liter-2-count.product.100104327.html
100108599,"Vanity Fair Everyday Napkin, 2-Ply, 110-count, 6-pack",1738,https://www.costco.com/vanity-fair-everyday-napkin-2-ply-110-count-6-pack.product.100108599.html
100109249,"Advil Liqui-Gels Ibuprofen 200 mg., Pain Reliever, Fever Reducer, 240 Liqui-Gel Capsules",1738,https://www.costco.com/advil-liqui-gels-ibuprofen-200-mg-pain-reliever-fever-reducer-240-liqui-gel-capsules.product.100109249.html
100112668,"Kirkland Signature Super B-Complex with Electrolytes, 500 Tablets",1738,https://www.costco.com/kirkland-signature-super-b-complex-with-electrolytes-500-tablets.product.100112668.html
100113153,"Red Vines Twists, Original Red, 5.5 lbs",1738,https://www.costco.com/.product.100113153.html
100113275,"Nestlé Coffee-mate Powdered Creamer, Original, 56 oz",1738,https://www.costco.com/nestl-coffee-mate-powdered-creamer-original-56-oz.product.100113275.html
100113304,"N'Joy Powdered Creamer, Original, 16 oz, 8-count",1738,https://www.costco.com/.product.100113304.html
100113305,"Cheez-It Crackers, Cheddar, 3 lbs",1738,https://www.costco.com/cheez-it-crackers-cheddar-3-lbs.product.100113305.html
100113428,"Nissin Cup Noodles, Chicken, 2.5 oz, 24-count",1738,https://www.costco.com/nissin-cup-noodles-chicken-25-oz-24-count.product.100113428.html
100113587,"vitafusion Women's Multivitamin, 220 Gummies",1738,https://www.costco.com/vitafusion-womens-multivitamin-220-gummies.product.100113587.html
100113595,"Solo Heavyweight Plastic Spoon, White, 500-count",1738,https://www.costco.com/solo-heavyweight-plastic-spoon-white-500-count.product.100113595.html
100113597,"Dixie 12 oz Paper Bowl, 175-count",1738,https://www.costco.com/dixie-12-oz-paper-bowl-175-count.product.100113597.html
100113601,"Solo Heavyweight Plastic Fork, White, 500-count",1738,https://www.costco.com/solo-heavyweight-plastic-fork-white-500-count.product.100113601.html
100115257,"Kirkland Signature Pecan Halves, 2 lbs",1738,https://www.costco.com/kirkland-signature-pecan-halves-2-lbs.product.100115257.html
100115268,"Kirkland Signature Supreme Whole Almonds, 3 lbs",1738,https://www.costco.com/kirkland-signature-supreme-whole-almonds-3-lbs.product.100115268.html
100115269,"Kirkland Signature Super Extra-Large Peanuts, 2.5 lbs",1738,https://www.costco.com/kirkland-signature-super-extra-large-peanuts-25-lbs.product.100115269.html
100116326,"93"" Plush Bear, Blonde",1738,https://www.costco.com/93-plush-bear-blonde.product.100116326.html
100116721,"Kirkland Signature Reynolds Foodservice Foil, 12 in x 1,000 ft",1738,https://www.costco.com/kirkland-signature-reynolds-foodservice-foil-12-in-x-1000-ft.product.100116721.html
100116723,"Kirkland Signature Cutlery, Clear, 360-count",1738,https://www.costco.com/kirkland-signature-cutlery-clear-360-count.product.100116723.html
100118287,"Nature Made Vitamin B12 1000 mcg., 400 Softgels",1738,https://www.costco.com/nature-made-vitamin-b12-1000-mcg-400-softgels.product.100118287.html
100118306,"Nature Made CoQ10 200 mg., 140 Softgels",1738,https://www.costco.com/nature-made-coq10-200-mg-140-softgels.product.100118306.html
100119388,"Kirkland Signature Walnut Halves, 3 lbs",1738,https://www.costco.com/kirkland-signature-walnut-halves-3-lbs.product.100119388.html
100121461,"Kirkland Signature Adult Multivitamin, 320 Gummies",1738,https://www.costco.com/kirkland-signature-adult-multivitamin-320-gummies.product.100121461.html
100129024,"Kirkland Signature, Organic Soy Beverage, Plain, 32 fl oz, 12-Count",1738,https://www.costco.com/.product.100129024.html
100129590,"Kirkland Signature Extra Strength Acetaminophen 500 mg., 400 Gelcaps",1738,https://www.costco.com/kirkland-signature-extra-strength-acetaminophen-500-mg-400-gelcaps.product.100129590.html
100131571,"Brita Replacement Water Filters, 10-pack",1738,https://www.costco.com/brita-replacement-water-filters-10-pack.product.100131571.html
1001368,"Kirkland Signature, Organic Quinoa, 4.5 lbs",1738,https://www.costco.com/.product.1001368.html
100142101,"Systane ULTRA Lubricant Eye Drops, 30 ml.",1738,https://www.costco.com/systane-ultra-lubricant-eye-drops-30-ml.product.100142101.html
100143268,"One A Day Men's Multivitamin, 300 Tablets",1738,https://www.costco.com/one-a-day-mens-multivitamin-300-tablets.product.100143268.html
100143565,"One A Day Women's Multivitamin, 300 Tablets",1738,https://www.costco.com/one-a-day-womens-multivitamin-300-tablets.product.100143565.html
100145891,"Advil PM, Pain Reliever / Nighttime Sleep Aid, 200 Caplets",1738,https://www.costco.com/advil-pm-pain-reliever--nighttime-sleep-aid-200-caplets.product.100145891.html
100146130,"Clorox Clean-Up All Purpose Cleaner with Bleach, Original, 32 fl oz Spray & 180 fl oz Refill",1738,https://www.costco.com/clorox-clean-up-all-purpose-cleaner-with-bleach-original-32-fl-oz-spray--180-fl-oz-refill.product.100146130.html
100146590,"Round Brilliant 0.63 ctw VS2 Clarity, I Color Diamond Band",1738,https://www.costco.com/round-brilliant-063-ctw-vs2-clarity-i-color-diamond-band.product.100146590.html
100149465,"Kirkland Signature Wild Alaskan Fish Oil 1400 mg, 230 Softgels",1738,https://www.costco.com/kirkland-signature-wild-alaskan-fish-oil-1400-mg-230-softgels.product.100149465.html
100155525,"Kirkland Signature Quit 2 mg or 4mg, Original Gum, 380 Pieces",1738,https://www.costco.com/kirkland-signature-quit-2-mg-or-4mg-original-gum-380-pieces.product.100155525.html
100155526,"Kirkland Signature Quit, 2mg or 4mg, Mint Lozenges, 270 Pieces",1738,https://www.costco.com/kirkland-signature-quit-2mg-or-4mg-mint-lozenges-270-pieces.product.100155526.html
10015954,"Kirkland Signature Vitamin C 1000 mg., 500 Tablets",1738,https://www.costco.com/kirkland-signature-vitamin-c-1000-mg-500-tablets.product.10015954.html
100163149,"Caltrate Bone Health Advanced Calcium 600+D3 Plus Minerals, 320 Tablets",1738,https://www.costco.com/caltrate-bone-health-advanced-calcium-600d3-plus-minerals-320-tablets.product.100163149.html
100213623,"Kirkland Signature Extra Strength Acetaminophen 500 mg., 1,000 Caplets",1738,https://www.costco.com/kirkland-signature-extra-strength-acetaminophen-500-mg-1000-caplets.product.100213623.html
100214136,"Nature Made Vitamin D3 25 mcg., 650 Softgels",1738,https://www.costco.com/nature-made-vitamin-d3-25-mcg-650-softgels.product.100214136.html
100214358,"Kirkland Signature Nighttime Sleep Aid, 192 Tablets",1738,https://www.costco.com/kirkland-signature-nighttime-sleep-aid-192-tablets.product.100214358.html
100214394,"Kirkland Signature Acetaminophen PM, 500 mg, 375 Gelcaps",1738,https://www.costco.com/kirkland-signature-acetaminophen-pm-500-mg-375-gelcaps.product.100214394.html
100220625,"Kirkland Signature Naproxen Sodium, 220 mg, 400 Caplets",1738,https://www.costco.com/kirkland-signature-naproxen-sodium-220-mg-400-caplets.product.100220625.html
100221613,"Nexium 24HR Acid Reducer 20 mg., 42 Capsules",1738,https://www.costco.com/nexium-24hr-acid-reducer-20-mg-42-capsules.product.100221613.html
100224137,"Kirkland Signature 10-Gallon Wastebasket Liner, Clear, 500-count",1738,https://www.costco.com/kirkland-signature-10-gallon-wastebasket-liner-clear-500-count.product.100224137.html
100224371,"Excedrin Migraine for Migraine Relief, 300 Caplets",1738,https://www.costco.com/excedrin-migraine-for-migraine-relief-300-caplets.product.100224371.html
100225471,"Round Brilliant 0.45 ctw VS2 Clarity, I Color Diamond 14kt White Gold Halo Earrings",1738,https://www.costco.com/round-brilliant-045-ctw-vs2-clarity-i-color-diamond-14kt-white-gold-halo-earrings.product.100225471.html
100229990,"Kirkland Signature Extra-Large Absorbent Pads, 30 in L X 23 in W, 100-count",1738,https://www.costco.com/kirkland-signature-extra-large-absorbent-pads-30-in-l-x-23-in-w-100-count.product.100229990.html
100232207,"Weider Prime Testosterone Support, 120 Capsules",1738,https://www.costco.com/weider-prime-testosterone-support-120-capsules.product.100232207.html
100234270,"Scott Bath Tissue, 1-Ply, 1100 Sheets, 36 Rolls",1738,https://www.costco.com/scott-bath-tissue-1-ply-1100-sheets-36-rolls.product.100234270.html
100234271,"Kirkland Signature Paper Towels, 2-Ply, 160 Sheets, 12 Individually Wrapped Rolls",1738,https://www.costco.com/kirkland-signature-paper-towels-2-ply-160-sheets-12-individually-wrapped-rolls.product.100234271.html
100234581,"Kirkland Signature Dental Chews, 72-count",1738,https://www.costco.com/kirkland-signature-dental-chews-72-count.product.100234581.html
100235314,"Schiff Move Free Ultra Triple Action Joint Supplement, 75 Tablets",1738,https://www.costco.com/schiff-move-free-ultra-triple-action-joint-supplement-75-tablets.product.100235314.html
100236368,Apple Pencil (1st Generation),1738,https://www.costco.com/.product.100236368.html
1002373,"Kirkland Signature, Organic Almond Beverage, Vanilla, 32 fl oz, 6-Count",1738,https://www.costco.com/.product.1002373.html
100237478,"Round Brilliant 0.23 ctw VS2 Clarity, I Color Diamond 14kt Gold Screwback Stud Earrings",1738,https://www.costco.com/round-brilliant-023-ctw-vs2-clarity-i-color-diamond-14kt-gold-screwback-stud-earrings.product.100237478.html
100242951,"MiraLAX Powder Laxative, 68 Doses",1738,https://www.costco.com/miralax-powder-laxative-68-doses.product.100242951.html
100242955,Kirkland Signature Nature's Domain Cat Food 18 lbs.,1738,https://www.costco.com/kirkland-signature-natures-domain-cat-food-18-lbs.product.100242955.html
100243281,"Nature Valley Crunchy Granola Bar, Oats 'n Honey, 1.49 oz, 49-count",1738,https://www.costco.com/nature-valley-crunchy-granola-bar-oats-n-honey-149-oz-49-count.product.100243281.html
10024438,Costco Shop Cards  Use Shop Cards for gifting and everyday spending.,1738,https://www.costco.com/p/-/costco-shop-card/10024438?langId=-1
100246288,Top Chews Chicken & Apple Recipe 100% Natural Dog Treats,1738,https://www.costco.com/top-chews-chicken--apple-recipe-100-natural-dog-treats.product.100246288.html
10027237,"Nature's Way Joint Movement Glucosamine Extra Strength, 33.8 Fluid Ounces",1738,https://www.costco.com/natures-way-joint-movement-glucosamine-extra-strength-338-fluid-ounces.product.10027237.html
100290364,Freshwater Cultured 9-10mm Pearl 14kt Yellow Gold Bezel Earrings,1738,https://www.costco.com/freshwater-cultured-9-10mm-pearl-14kt-yellow-gold-bezel-earrings.product.100290364.html
100293064,"Kirkland Signature Triple Action Joint Health, 110 Coated Tablets",1738,https://www.costco.com/kirkland-signature-triple-action-joint-health-110-coated-tablets.product.100293064.html
100296198,"Kirkland Signature Protein Bar, Variety Pack, 2.12 oz, 20-count",1738,https://www.costco.com/kirkland-signature-protein-bar-variety-pack-212-oz-20-count.product.100296198.html
100299849,"Kirkland Signature Aller-Fex Antihistamine 180 mg., 180 Tablets",1738,https://www.costco.com/kirkland-signature-aller-fex-antihistamine-180-mg-180-tablets.product.100299849.html
100301684,"Kirkland Signature Multi-Purpose Disinfecting Solution, 48 Ounces",1738,https://www.costco.com/kirkland-signature-multi-purpose-disinfecting-solution-48-ounces.product.100301684.html
100301863,"Round Brilliant 1.10 ctw VS2 Clarity, I Color Diamond 14kt White Gold Wedding Set",1738,https://www.costco.com/round-brilliant-110-ctw-vs2-clarity-i-color-diamond-14kt-white-gold-wedding-set.product.100301863.html
100307201,"Kirkland Signature Ultra Clean HE Laundry Detergent Pacs, 152-count",1738,https://www.costco.com/kirkland-signature-ultra-clean-he-laundry-detergent-pacs-152-count.product.100307201.html
100308728,"Clorox ToiletWand Disposable Toilet Cleaning System, Rainforest Rush, 1 Wand & 36 Refills",1738,https://www.costco.com/clorox-toiletwand-disposable-toilet-cleaning-system-rainforest-rush-1-wand--36-refills.product.100308728.html
100309160,"Metamucil Fiber Supplement, Orange Sugar Free, 260 Servings",1738,https://www.costco.com/metamucil-fiber-supplement-orange-sugar-free-260-servings.product.100309160.html
100309168,"Kirkland Signature Vitamin C 250 mg., 360 Adult Gummies",1738,https://www.costco.com/kirkland-signature-vitamin-c-250-mg-360-adult-gummies.product.100309168.html
100312669,"Flonase Sensimist Allergy Relief Nasal Spray, 360 Metered Sprays",1738,https://www.costco.com/flonase-sensimist-allergy-relief-nasal-spray-360-metered-sprays.product.100312669.html
10031413,"TUMS Antacid Ultra Strength, 265 Chewable Tablets",1738,https://www.costco.com/tums-antacid-ultra-strength-265-chewable-tablets.product.10031413.html
100314147,"Kirkland Signature, Organic Almond Beverage, Vanilla, 32 fl oz, 6-Count",1738,https://www.costco.com/kirkland-signature-organic-almond-beverage-vanilla-32-fl-oz-6-count.product.100314147.html
1003144,"Schiff Move Free Ultra Triple Action Joint Supplement, 75 Tablets",1738,https://www.costco.com/.product.1003144.html
100315872,"Royal, Basmati Rice, 20 lbs",1738,https://www.costco.com/royal-basmati-rice-20-lbs.product.100315872.html
100316316,"Kirkland Signature Calcium 500 mg with D3 & Zinc, 240 Adult Gummies",1738,https://www.costco.com/kirkland-signature-calcium-500-mg-with-d3--zinc-240-adult-gummies.product.100316316.html
100322549,"Duracell D Alkaline Batteries, 14-count",1738,https://www.costco.com/duracell-d-alkaline-batteries-14-count.product.100322549.html
100323843,"Arm & Hammer Simply Saline Nasal Mist, 13.5 Ounces",1738,https://www.costco.com/arm--hammer-simply-saline-nasal-mist-135-ounces.product.100323843.html
100328995,"Centrum Silver Adults 50+ Multivitamin, 325 Tablets",1738,https://www.costco.com/centrum-silver-adults-50-multivitamin-325-tablets.product.100328995.html
100332452,"Enfagrow Premium Toddler Nutritional Drink, Non-GMO, Stage 3, 36.6 oz",1738,https://www.costco.com/enfagrow-premium-toddler-nutritional-drink-non-gmo-stage-3-366-oz.product.100332452.html
100333696,"Kirkland Signature Premium Extra Thick Steak Strips, 12 oz",1738,https://www.costco.com/kirkland-signature-premium-extra-thick-steak-strips-12-oz.product.100333696.html
100333875,"Kirkland Signature Creamy Almond Butter, 27 oz",1738,https://www.costco.com/kirkland-signature-creamy-almond-butter-27-oz.product.100333875.html
100333877,"Kirkland Signature Cashew Clusters, 2 lbs",1738,https://www.costco.com/kirkland-signature-cashew-clusters-2-lbs.product.100333877.html
100333883,"Kirkland Signature Raisins, Milk Chocolate, 3.4 lb",1738,https://www.costco.com/kirkland-signature-raisins-milk-chocolate-34-lb.product.100333883.html
100333884,"Kirkland Signature Organic Pure Maple Syrup, 33.8 oz",1738,https://www.costco.com/kirkland-signature-organic-pure-maple-syrup-338-oz.product.100333884.html
100333888,"Kirkland Signature Microwave Popcorn, 3.3 oz, 44-count",1738,https://www.costco.com/kirkland-signature-microwave-popcorn-33-oz-44-count.product.100333888.html
100334015,"Kirkland Signature, Organic Chicken Stock, 32 fl oz, 6-Count",1738,https://www.costco.com/kirkland-signature-organic-chicken-stock-32-fl-oz-6-count.product.100334015.html
100334136,"Kirkland Signature Organic Raw Honey, 24 oz, 3-count",1738,https://www.costco.com/kirkland-signature-organic-raw-honey-24-oz-3-count.product.100334136.html
100334203,"Kirkland Signature, Organic Applesauce, 3.17 oz, 24-Count",1738,https://www.costco.com/kirkland-signature-organic-applesauce-317-oz-24-count.product.100334203.html
100334304,"Kirkland Signature, Minced California Garlic, 48 oz",1738,https://www.costco.com/kirkland-signature-minced-california-garlic-48-oz.product.100334304.html
100334316,"Kirkland Signature, Sunsweet Whole Dried Plums, 3.5 lbs",1738,https://www.costco.com/kirkland-signature-sunsweet-whole-dried-plums-35-lbs.product.100334316.html
100334334,"Kirkland Signature Organic Peanut Butter, 28 oz, 2-count",1738,https://www.costco.com/kirkland-signature-organic-peanut-butter-28-oz-2-count.product.100334334.html
100334421,"Kirkland Signature, Bacon Crumbles, 20 oz",1738,https://www.costco.com/kirkland-signature-bacon-crumbles-20-oz.product.100334421.html
100334734,"Kirkland Signature Snacking Nuts, Variety Pack, 1.6 oz, 30-count",1738,https://www.costco.com/kirkland-signature-snacking-nuts-variety-pack-16-oz-30-count.product.100334734.html
100334735,"Kirkland Signature Organic Pine Nuts, 1.5 lbs",1738,https://www.costco.com/kirkland-signature-organic-pine-nuts-15-lbs.product.100334735.html
100334736,"Kirkland Signature, Vegetable Oil, 3 qt, 2-Count",1738,https://www.costco.com/kirkland-signature-vegetable-oil-3-qt-2-count.product.100334736.html
100334737,"Kirkland Signature, Canola Oil, 3 qt, 2-count",1738,https://www.costco.com/kirkland-signature-canola-oil-3-qt-2-count.product.100334737.html
100334750,"Kirkland Signature, Wild Alaskan Pink Salmon, 6 oz, 6-Count",1738,https://www.costco.com/kirkland-signature-wild-alaskan-pink-salmon-6-oz-6-count.product.100334750.html
100334839,"Kirkland Signature, Pure Sea Salt, 30 oz",1738,https://www.costco.com/kirkland-signature-pure-sea-salt-30-oz.product.100334839.html
100334841,"Kirkland Signature, Organic Extra Virgin Olive Oil, 2 L",1738,https://www.costco.com/kirkland-signature-organic-extra-virgin-olive-oil-2-l.product.100334841.html
100334843,"Kirkland Signature Colombian Supremo Coffee, Whole Bean, 3 lbs",1738,https://www.costco.com/kirkland-signature-colombian-supremo-coffee-whole-bean-3-lbs.product.100334843.html
100334844,"Kirkland Signature, Extra Virgin Italian Olive Oil, 2 L",1738,https://www.costco.com/kirkland-signature-extra-virgin-italian-olive-oil-2-l.product.100334844.html
100334857,"Kirkland Signature, Organic Diced Tomatoes, 14.5 oz, 8-Count",1738,https://www.costco.com/kirkland-signature-organic-diced-tomatoes-145-oz-8-count.product.100334857.html
100334874,"Kirkland Signature, Organic Sugar, 10 lbs",1738,https://www.costco.com/kirkland-signature-organic-sugar-10-lbs.product.100334874.html
100334875,"Kirkland Signature, Thai Hom Mali Jasmine Rice, 25 lbs",1738,https://www.costco.com/kirkland-signature-thai-hom-mali-jasmine-rice-25-lbs.product.100334875.html
100334877,"Kirkland Signature, Organic Tomato Sauce, 15 oz, 12-Count",1738,https://www.costco.com/kirkland-signature-organic-tomato-sauce-15-oz-12-count.product.100334877.html
100334881,"Kirkland Signature, Whole Black Peppercorn, 14.1 oz",1738,https://www.costco.com/kirkland-signature-whole-black-peppercorn-141-oz.product.100334881.html
100334883,"Kirkland Signature Decaffeinated Coffee, Dark Roast, 3 lbs",1738,https://www.costco.com/kirkland-signature-decaffeinated-coffee-dark-roast-3-lbs.product.100334883.html
100334932,"Kirkland Signature, Organic Tomato Paste, 6 oz, 12-Count",1738,https://www.costco.com/kirkland-signature-organic-tomato-paste-6-oz-12-count.product.100334932.html
100334958,"Kirkland Signature Fine Ground Black Pepper, 12.3 oz",1738,https://www.costco.com/kirkland-signature-fine-ground-black-pepper-123-oz.product.100334958.html
100334960,"Kirkland Signature, Chicken Breast, 12.5 oz, 6-Count",1738,https://www.costco.com/kirkland-signature-chicken-breast-125-oz-6-count.product.100334960.html
100334964,"Kirkland Signature, Crushed Red Pepper, 10 oz",1738,https://www.costco.com/kirkland-signature-crushed-red-pepper-10-oz.product.100334964.html
100334965,"Kirkland Signature Organic No-Salt Seasoning, 14.5 oz",1738,https://www.costco.com/kirkland-signature-organic-no-salt-seasoning-145-oz.product.100334965.html
100334973,Kirkland Signature Chicken and Rice Cat Food 25 lbs.,1738,https://www.costco.com/kirkland-signature-chicken-and-rice-cat-food-25-lbs.product.100334973.html
100336580,"Kirkland Signature, Organic Quinoa, 4.5 lbs",1738,https://www.costco.com/kirkland-signature-organic-quinoa-45-lbs.product.100336580.html
100336602,"Kirkland Signature In-Shell Pistachios, Salted, 3 lbs",1738,https://www.costco.com/kirkland-signature-in-shell-pistachios-salted-3-lbs.product.100336602.html
100338957,"Schiff Move Free Advanced Joint Supplement, 200 Tablets",1738,https://www.costco.com/schiff-move-free-advanced-joint-supplement-200-tablets.product.100338957.html
100338967,"Terra Kai USDA Organic Juce Super Fruit & Veggie Powder, 12.2 Ounces",1738,https://www.costco.com/terra-kai-usda-organic-juce-super-fruit--veggie-powder-122-ounces.product.100338967.html
100339368,"Duracell C Alkaline Batteries, 14-count",1738,https://www.costco.com/duracell-c-alkaline-batteries-14-count.product.100339368.html
100342484,"Kirkland Signature Flex-Tech 13-Gallon Kitchen Trash Bag, 200-count",1738,https://www.costco.com/kirkland-signature-flex-tech-13-gallon-kitchen-trash-bag-200-count.product.100342484.html
100343490,"Chinet Classic Dinner 10-3/8"" Paper Plate, 165-count",1738,https://www.costco.com/chinet-classic-dinner-10-38-paper-plate-165-count.product.100343490.html
100343491,"Chinet Classic Lunch 8-3/4"" Paper Plate, 225-count",1738,https://www.costco.com/chinet-classic-lunch-8-34-paper-plate-225-count.product.100343491.html
100343988,"Reynolds Wrap Aluminum Foil, 12"" x 83.33 yd, 2-count",1738,https://www.costco.com/reynolds-wrap-aluminum-foil-12-x-8333-yd-2-count.product.100343988.html
100344008,"Reynolds Wrap Heavy Duty Aluminum Foil, 18"" x 33.33 yd, 2-count",1738,https://www.costco.com/reynolds-wrap-heavy-duty-aluminum-foil-18-x-3333-yd-2-count.product.100344008.html
100344335,"Kirkland Signature Quit 2 mg or 4 mg, Ice Mint Gum, 300 Pieces",1738,https://www.costco.com/kirkland-signature-quit-2-mg-or-4-mg-ice-mint-gum-300-pieces.product.100344335.html
100344345,"Salonpas Pain Relieving Patch, 140 Patches",1738,https://www.costco.com/salonpas-pain-relieving-patch-140-patches.product.100344345.html
100347332,"Nature's Garden Organic Trail Mix Snack Packs, Variety Pack, 1.2 oz, 24-count",1738,https://www.costco.com/natures-garden-organic-trail-mix-snack-packs-variety-pack-12-oz-24-count.product.100347332.html
100350194,"Nature's Bounty Vitamin B-12 2500 mcg, 300 Quick Dissolve Tablets",1738,https://www.costco.com/natures-bounty-vitamin-b-12-2500-mcg-300-quick-dissolve-tablets.product.100350194.html
100350452,"Round Brilliant 0.43 ctw VS2 Clarity, I Color Diamond 14kt White Gold Cross Pendant",1738,https://www.costco.com/round-brilliant-043-ctw-vs2-clarity-i-color-diamond-14kt-white-gold-cross-pendant.product.100350452.html
100351325,"Nature's Bounty Vitamin D3 125 mcg, 400 Softgels",1738,https://www.costco.com/natures-bounty-vitamin-d3-125-mcg-400-softgels.product.100351325.html
100351568,Custom Closet & Storage Design  Design storage solutions at member value.,1738,https://www.costco.com/.product.100351568.html
100352100,"Dixie Ultra 10-1/16"" Paper Plate, 186-count",1738,https://www.costco.com/dixie-ultra-10-116-paper-plate-186-count.product.100352100.html
100353011,"PreserVision AREDS 2 Formula, 210 Soft Gels",1738,https://www.costco.com/preservision-areds-2-formula-210-soft-gels.product.100353011.html
100354281,Kirkland Signature Nature's Domain Puppy Formula Chicken & Pea Dog Food 20 lb.,1738,https://www.costco.com/kirkland-signature-natures-domain-puppy-formula-chicken--pea-dog-food-20-lb.product.100354281.html
100356999,"Kirkland Signature Ultra Plush Microfiber Towel,16 in x 16 in, 36-count",1738,https://www.costco.com/kirkland-signature-ultra-plush-microfiber-towel16-in-x-16-in-36-count.product.100356999.html
100358145,Snapware Pyrex 18-piece Glass Food Storage Set,1738,https://www.costco.com/snapware-pyrex-18-piece-glass-food-storage-set.product.100358145.html
100358150,NeilMed Sinus Rinse Kit,1738,https://www.costco.com/neilmed-sinus-rinse-kit.product.100358150.html
100358709,"Flonase Non-Drowsy 24 Hour Allergy Relief Nasal Spray, 432 Metered Sprays",1738,https://www.costco.com/flonase-non-drowsy-24-hour-allergy-relief-nasal-spray-432-metered-sprays.product.100358709.html
100361434,"Kirkland Signature Colombian Coffee, Dark Roast, 3 lbs",1738,https://www.costco.com/kirkland-signature-colombian-coffee-dark-roast-3-lbs.product.100361434.html
100364526,"Kirkland Signature LaxaClear, 100 Doses",1738,https://www.costco.com/kirkland-signature-laxaclear-100-doses.product.100364526.html
100365165,"Pepcid Complete Dual Action Acid Reducer + Antacid, 100 Chewable Berry Tablets",1738,https://www.costco.com/pepcid-complete-dual-action-acid-reducer--antacid-100-chewable-berry-tablets.product.100365165.html
100368193,"Healthy Choice Organic Fudge Bars, 3 fl oz, 18-count",1738,https://www.costco.com/healthy-choice-organic-fudge-bars-3-fl-oz-18-count.product.100368193.html
100368194,"Chobani Greek Yogurt Variety Pack, 5.3 oz, 20-count",1738,https://www.costco.com/chobani-greek-yogurt-variety-pack-53-oz-20-count.product.100368194.html
100368196,"Hillshire Farm Slow Roasted Turkey Breast, 16.5 oz, 2-count",1738,https://www.costco.com/hillshire-farm-slow-roasted-turkey-breast-165-oz-2-count.product.100368196.html
100368211,"Palmolive Ultra Strength Liquid Dish Soap, 102 fl oz",1738,https://www.costco.com/palmolive-ultra-strength-liquid-dish-soap-102-fl-oz.product.100368211.html
100368214,"Meiji Hello Panda Chocolate Creme Filled Cookies, 0.75 oz, 32-count",1738,https://www.costco.com/meiji-hello-panda-chocolate-creme-filled-cookies-075-oz-32-count.product.100368214.html
100368217,"Jif Creamy Peanut Butter 48 oz, 2-Count",1738,https://www.costco.com/jif-creamy-peanut-butter-48-oz-2-count.product.100368217.html
100368220,"Red Bull Energy Drink, Sugar Free, 8.4 fl oz, 24-count",1738,https://www.costco.com/red-bull-energy-drink-sugar-free-84-fl-oz-24-count.product.100368220.html
100368221,"General Mills, Cheerios Cereal, Honey Nut, 27.5 oz, 2-Count",1738,https://www.costco.com/general-mills-cheerios-cereal-honey-nut-275-oz-2-count.product.100368221.html
100368222,"Cape Cod Kettle Cooked Potato Chips, 30 oz",1738,https://www.costco.com/cape-cod-kettle-cooked-potato-chips-30-oz.product.100368222.html
100368227,"Starbucks Mocha Frappuccino Chilled Coffee, 9.5 fl oz, 15-count",1738,https://www.costco.com/starbucks-mocha-frappuccino-chilled-coffee-95-fl-oz-15-count.product.100368227.html
100368228,"Red Bull Energy Drink, 8.4 fl oz, 24-count",1738,https://www.costco.com/red-bull-energy-drink-84-fl-oz-24-count.product.100368228.html
100368241,"Bibigo Chicken and Cilantro Mini Wontons, 3 lbs",1738,https://www.costco.com/bibigo-chicken-and-cilantro-mini-wontons-3-lbs.product.100368241.html
100369040,"RITZ Crackers, Original, 61.65 oz, 18-count",1738,https://www.costco.com/ritz-crackers-original-6165-oz-18-count.product.100369040.html
100369190,"Kirkland Signature Chewable Vitamin C 500 mg., 500 Tablets",1738,https://www.costco.com/kirkland-signature-chewable-vitamin-c-500-mg-500-tablets.product.100369190.html
100371248,"Goldfish Baked Snack Crackers, Cheddar, 1 oz, 45-count",1738,https://www.costco.com/goldfish-baked-snack-crackers-cheddar-1-oz-45-count.product.100371248.html
100371255,"Capri Sun, 100% Juice, Variety Pack, 6 fl oz, 40-count",1738,https://www.costco.com/capri-sun-100-juice-variety-pack-6-fl-oz-40-count.product.100371255.html
100371260,"Hellmann's, Real Mayonnaise, 64 oz",1738,https://www.costco.com/hellmanns-real-mayonnaise-64-oz.product.100371260.html
100371265,"Nutella Hazelnut Spread with Cocoa, 33.5 oz, 2-count",1738,https://www.costco.com/nutella-hazelnut-spread-with-cocoa-335-oz-2-count.product.100371265.html
100371272,"Cinnamon Toast Crunch Cereal, 49.5 oz",1738,https://www.costco.com/cinnamon-toast-crunch-cereal-495-oz.product.100371272.html
100371275,"CJ Bibigo Steamed Dumplings, Chicken & Vegetable, 36-count",1738,https://www.costco.com/cj-bibigo-steamed-dumplings-chicken--vegetable-36-count.product.100371275.html
100371276,"Kellogg's Frosted Flakes Cereal, 30.95 oz, 2-count",1738,https://www.costco.com/.product.100371276.html
100371278,"Hidden Valley Original Ranch Homestyle Dressing, 40 fl oz, 2-count",1738,https://www.costco.com/hidden-valley-original-ranch-homestyle-dressing-40-fl-oz-2-count.product.100371278.html
100375370,"Tylenol PM Extra Strength Acetaminophen 500 mg Pain Reliever & Sleep Aid, 225 Caplets",1738,https://www.costco.com/tylenol-pm-extra-strength-acetaminophen-500-mg-pain-reliever--sleep-aid-225-caplets.product.100375370.html
100375487,"Qunol Liquid CoQ10 100 mg., 30.4 Fluid Ounces",1738,https://www.costco.com/qunol-liquid-coq10-100-mg-304-fluid-ounces.product.100375487.html
100376145,"Dulcolax Overnight Laxative, 200 Tablets",1738,https://www.costco.com/dulcolax-overnight-laxative-200-tablets.product.100376145.html
100376312,Kirkland Signature AllerClear-D Indoor/Outdoor Allergy Tablets,1738,https://www.costco.com/kirkland-signature-allerclear-d-indooroutdoor-allergy-tablets.product.100376312.html
100376325,Kirkland Signature Aller-Tec D Indoor/Outdoor Allergy Tablets,1738,https://www.costco.com/kirkland-signature-aller-tec-d-indooroutdoor-allergy-tablets.product.100376325.html
100376940,"Kirkland Signature Lansoprazole 15 mg. Acid Reducer, 42 Capsules",1738,https://www.costco.com/kirkland-signature-lansoprazole-15-mg-acid-reducer-42-capsules.product.100376940.html
100376961,"Kirkland Signature Stool Softener, 100 mg, 400 Softgels",1738,https://www.costco.com/kirkland-signature-stool-softener-100-mg-400-softgels.product.100376961.html
100376963,"Nature Made Iron, 65 mg, 365 Tablets",1738,https://www.costco.com/nature-made-iron-65-mg-365-tablets.product.100376963.html
100377144,"SPAM Canned Meat, 25% Less Sodium, 12 oz, 8-Count",1738,https://www.costco.com/spam-canned-meat-25-less-sodium-12-oz-8-count.product.100377144.html
100377388,"Sugar Bowl Bakery, Petite Palmiers, 32 oz",1738,https://www.costco.com/sugar-bowl-bakery-petite-palmiers-32-oz.product.100377388.html
100377726,"Tyson Crispy Chicken Strips, 48 oz",1738,https://www.costco.com/tyson-crispy-chicken-strips-48-oz.product.100377726.html
100377729,"Kirkland Signature Aged Parmigiano Reggiano Cheese, Shredded, 1 lb",1738,https://www.costco.com/kirkland-signature-aged-parmigiano-reggiano-cheese-shredded-1-lb.product.100377729.html
100381380,"Weider Red Yeast Rice Plus 1200 mg, 240 Tablets",1738,https://www.costco.com/weider-red-yeast-rice-plus-1200-mg-240-tablets.product.100381380.html
100381406,"Gardetto's Snack Mix, Original, 1.75 oz, 42-count",1738,https://www.costco.com/.product.100381406.html
100381407,"Kirkland Signature Organic Blue Agave, 36 oz, 2-count",1738,https://www.costco.com/kirkland-signature-organic-blue-agave-36-oz-2-count.product.100381407.html
100381408,"Rodelle, Gourmet Baking Cocoa Powder, 25 oz",1738,https://www.costco.com/.product.100381408.html
100381413,"Kirkland Signature, Organic Virgin Coconut Oil, 84 fl oz",1738,https://www.costco.com/kirkland-signature-organic-virgin-coconut-oil-84-fl-oz.product.100381413.html
100381415,"Skinny Pop Popcorn, 0.65 oz, 28-count",1738,https://www.costco.com/skinny-pop-popcorn-065-oz-28-count.product.100381415.html
100381417,"Garofalo, Organic Pasta, Variety Pack, 17.6 oz, 6-Count",1738,https://www.costco.com/garofalo-organic-pasta-variety-pack-176-oz-6-count.product.100381417.html
100381454,"Ghirardelli, Triple Chocolate Premium Brownie Mix, 6-Count",1738,https://www.costco.com/ghirardelli-triple-chocolate-premium-brownie-mix-6-count.product.100381454.html
100381460,"Garofalo, Organic Spaghetti Noodles, 17.6 oz, 8-Count",1738,https://www.costco.com/garofalo-organic-spaghetti-noodles-176-oz-8-count.product.100381460.html
100381485,"Libby's, Vienna Sausage, 4.6 oz, 18-count",1738,https://www.costco.com/libbys-vienna-sausage-46-oz-18-count.product.100381485.html
100381489,"Cheez-It Crackers, Cheddar, 1.5 oz, 45-count",1738,https://www.costco.com/cheez-it-crackers-cheddar-15-oz-45-count.product.100381489.html
100381496,"General Mills, Cheerios Cereal, 20.35 oz, 2-Count",1738,https://www.costco.com/general-mills-cheerios-cereal-2035-oz-2-count.product.100381496.html
100381498,"Apple & Eve, 100% Juice, Variety Pack, 6.75 fl oz, 36-Count",1738,https://www.costco.com/apple--eve-100-juice-variety-pack-675-fl-oz-36-count.product.100381498.html
100381504,"M&M's, Snickers and More Chocolate Candy Bars, Variety Pack, 30-count",1738,https://www.costco.com/mms-snickers-and-more-chocolate-candy-bars-variety-pack-30-count.product.100381504.html
100381507,"Peet's Coffee Major Dickason's Blend Coffee, Dark Roast, Whole Bean, 2 lbs",1738,https://www.costco.com/peets-coffee-major-dickasons-blend-coffee-dark-roast-whole-bean-2-lbs.product.100381507.html
100381517,"WildRoot's Coastal Berry Trail Mix, 26 oz",1738,https://www.costco.com/wildroots-coastal-berry-trail-mix-26-oz.product.100381517.html
100381521,"Quaker Oats Old Fashioned Rolled Oats, 10 lbs",1738,https://www.costco.com/quaker-oats-old-fashioned-rolled-oats-10-lbs.product.100381521.html
100381527,"McCormick, Grill Mates, Montreal Steak Seasoning, 29 oz",1738,https://www.costco.com/mccormick-grill-mates-montreal-steak-seasoning-29-oz.product.100381527.html
100381528,"Arm & Hammer, Pure Baking Soda, 13.5 lbs",1738,https://www.costco.com/arm--hammer-pure-baking-soda-135-lbs.product.100381528.html
100381532,"Hershey's Kisses, Milk Chocolate, 56 oz",1738,https://www.costco.com/hersheys-kisses-milk-chocolate-56-oz.product.100381532.html
100381533,"Hershey's Nuggets Assortment, Variety Pack, 145-count",1738,https://www.costco.com/hersheys-nuggets-assortment-variety-pack-145-count.product.100381533.html
100381538,"Hershey's Variety Pack, 30-count",1738,https://www.costco.com/hersheys-variety-pack-30-count.product.100381538.html
100381539,"Dixie Ultra 20 oz Paper Bowl, 135-count",1738,https://www.costco.com/dixie-ultra-20-oz-paper-bowl-135-count.product.100381539.html
100381542,"Kraft, Macaroni & Cheese Dinner Cup, 2.05 oz, 12-Count",1738,https://www.costco.com/kraft-macaroni--cheese-dinner-cup-205-oz-12-count.product.100381542.html
100381544,"Lavazza Caffé Espresso 100% Premium Arabica Coffee, Whole Bean, 2.2 lbs",1738,https://www.costco.com/lavazza-caff-espresso-100-premium-arabica-coffee-whole-bean-22-lbs.product.100381544.html
100381551,"Sweet Baby Ray's, Barbecue Sauce, 40 oz, 2-Count",1738,https://www.costco.com/sweet-baby-rays-barbecue-sauce-40-oz-2-count.product.100381551.html
100381558,"Lipton Original Tea Bags, 312-count",1738,https://www.costco.com/.product.100381558.html
100381577,"Lawry's Coarse Ground Garlic Salt with Parsley, 33 oz",1738,https://www.costco.com/lawrys-coarse-ground-garlic-salt-with-parsley-33-oz.product.100381577.html
100381587,"Nature Valley Protein Bar, Peanut Butter Dark Chocolate, 1.42 oz, 30-count",1738,https://www.costco.com/nature-valley-protein-bar-peanut-butter-dark-chocolate-142-oz-30-count.product.100381587.html
100381588,"Carnation, Evaporated Milk, 12 fl oz, 12-Count",1738,https://www.costco.com/carnation-evaporated-milk-12-fl-oz-12-count.product.100381588.html
100381600,"Sugar Bowl Bakery, Brownie Bites, 32-Count",1738,https://www.costco.com/.product.100381600.html
100381612,"Wild Planet, Albacore Wild Tuna, 5 oz, 6-Count",1738,https://www.costco.com/wild-planet-albacore-wild-tuna-5-oz-6-count.product.100381612.html
100381623,"Planters, Salted Peanuts, 1 oz, 48-count",1738,https://www.costco.com/.product.100381623.html
100382526,"3M Scotch Magic Tape/Gift Wrap Tape, 6600"" Total, 6-pack",1738,https://www.costco.com/3m-scotch-magic-tapegift-wrap-tape-6600-total-6-pack.product.100382526.html
100382542,"3M Scotch Precision Ultra Edge 8"" Scissor, 3-count",1738,https://www.costco.com/3m-scotch-precision-ultra-edge-8-scissor-3-count.product.100382542.html
100382852,Whirlpool 25 cu. ft. Large Side-by-Side Refrigerator with Deli Drawer,1738,https://www.costco.com/whirlpool-25-cu-ft-large-side-by-side-refrigerator-with-deli-drawer.product.100382852.html
100382995,"Kirkland Signature Esomeprazole 20 mg., 42 Capsules",1738,https://www.costco.com/kirkland-signature-esomeprazole-20-mg-42-capsules.product.100382995.html
100383407,"Lotus Biscoff Cookies, 8.8 oz., 4 Count",1738,https://www.costco.com/lotus-biscoff-cookies-88-oz-4-count.product.100383407.html
100383408,"Ferrero Rocher, Milk Chocolate Hazelnut Candy, 21.2 oz, 48 Count",1738,https://www.costco.com/ferrero-rocher-milk-chocolate-hazelnut-candy-212-oz-48-count.product.100383408.html
100383413,"Haagen Dazs Vanilla Milk Chocolate Almond Ice Cream Bars, 3 fl oz, 15-count",1738,https://www.costco.com/haagen-dazs-vanilla-milk-chocolate-almond-ice-cream-bars-3-fl-oz-15-count.product.100383413.html
100383609,"Frito Lay Classic Mix, Variety Pack, 30-count",1738,https://www.costco.com/frito-lay-classic-mix-variety-pack-30-count.product.100383609.html
100384002,"Kodiak Cakes Power Cakes Flapjack and Waffle Mix, 4.5 lbs",1738,https://www.costco.com/kodiak-cakes-power-cakes-flapjack-and-waffle-mix-45-lbs.product.100384002.html
100384209,"Chicken of the Sea, Chunk Light Premium Tuna in Water, 7 oz, 12-Count",1738,https://www.costco.com/chicken-of-the-sea-chunk-light-premium-tuna-in-water-7-oz-12-count.product.100384209.html
100384648,"Neosporin + Max Strength Pain Relief Dual Action Topical Antibiotic Ointment, 2 Ounces",1738,https://www.costco.com/neosporin--max-strength-pain-relief-dual-action-topical-antibiotic-ointment-2-ounces.product.100384648.html
100384650,"Kirkland Signature, Organic Lemonade, 96 fl oz, 2-count",1738,https://www.costco.com/kirkland-signature-organic-lemonade-96-fl-oz-2-count.product.100384650.html
100385266,"Softsoap Advanced Clean Liquid Hand Soap Refill 80 oz, 2-pack",1738,https://www.costco.com/softsoap-advanced-clean-liquid-hand-soap-refill-80-oz-2-pack.product.100385266.html
100387239,"14kt Gold 22"" Adjustable Spiga Chain",1738,https://www.costco.com/14kt-gold-22-adjustable-spiga-chain.product.100387239.html
100387855,"trunature Advanced Digestive Probiotic, 100 Capsules",1738,https://www.costco.com/trunature-advanced-digestive-probiotic-100-capsules.product.100387855.html
100387865,"Carr's Table Water Crackers, Variety Pack, 25.5 oz",1738,https://www.costco.com/carrs-table-water-crackers-variety-pack-255-oz.product.100387865.html
100387885,"Victoria White Linen Marinara Sauce, 40 oz, 2-count",1738,https://www.costco.com/victoria-white-linen-marinara-sauce-40-oz-2-count.product.100387885.html
100387887,"Boursin Garlic & Fine Herbs + Shallot & Chive, Gourmet Cheese, 5.3 oz, 3-count",1738,https://www.costco.com/boursin-garlic--fine-herbs--shallot--chive-gourmet-cheese-53-oz-3-count.product.100387887.html
100389661,"Goldfish Baked Snacks, Variety Pack, 45-count",1738,https://www.costco.com/goldfish-baked-snacks-variety-pack-45-count.product.100389661.html
100390360,"Kellogg's Rice Krispies Treats, 0.78 oz, 60-count",1738,https://www.costco.com/kelloggs-rice-krispies-treats-078-oz-60-count.product.100390360.html
100390593,"Petite Cuisine Mozzarella Sticks in a Crispy Seasoned Breading, 5 lb",1738,https://www.costco.com/petite-cuisine-mozzarella-sticks-in-a-crispy-seasoned-breading-5-lb.product.100390593.html
100392423,"Sunny D Citrus Punch, Tangy Original, 11.3 fl oz, 30-Count",1738,https://www.costco.com/sunny-d-citrus-punch-tangy-original-113-fl-oz-30-count.product.100392423.html
100393228,"Orgain Organic Protein and Superfoods Plant Based Protein Powder, Vanilla Bean, 2.7 lbs",1738,https://www.costco.com/orgain-organic-protein-and-superfoods-plant-based-protein-powder-vanilla-bean-27-lbs.product.100393228.html
100393415,"Snack Factory Organic Original Pretzel Crisps, 28 oz",1738,https://www.costco.com/snack-factory-organic-original-pretzel-crisps-28-oz.product.100393415.html
100393423,"Kirkland Signature Peanut Butter Filled Pretzel Nuggets, 55 oz",1738,https://www.costco.com/kirkland-signature-peanut-butter-filled-pretzel-nuggets-55-oz.product.100393423.html
100393793,"Zipfizz Multi-Vitamin Energy Hydration Drink Mix, Variety Pack, 30 Tubes",1738,https://www.costco.com/zipfizz-multi-vitamin-energy-hydration-drink-mix-variety-pack-30-tubes.product.100393793.html
100394694,"M&M's Chocolate Candy, Peanut, 62 oz Jar",1738,https://www.costco.com/mms-chocolate-candy-peanut-62-oz-jar.product.100394694.html
100395206,"Classico Organic Pasta Sauce, 32 oz, 3-count",1738,https://www.costco.com/classico-organic-pasta-sauce-32-oz-3-count.product.100395206.html
100396951,"Marathon Paper Towels , Premium Multifold, 150 Towels, 20-count",1738,https://www.costco.com/marathon-paper-towels--premium-multifold-150-towels-20-count.product.100396951.html
100396952,"Marathon Dispenser Paper Towels, 2-Ply, 450 ft Rolls, 12-count",1738,https://www.costco.com/marathon-dispenser-paper-towels-2-ply-450-ft-rolls-12-count.product.100396952.html
100397056,"Cottonelle Fresh Care Flushable Wipes, 560 Wipes",1738,https://www.costco.com/cottonelle-fresh-care-flushable-wipes-560-wipes.product.100397056.html
100397092,"Wonderful Pistachios, Salt & Pepper, 3 lbs",1738,https://www.costco.com/wonderful-pistachios-salt--pepper-3-lbs.product.100397092.html
100397737,"Robitussin DM Maximum Strength Day & Night Cough Relief, 20 Ounces",1738,https://www.costco.com/robitussin-dm-maximum-strength-day--night-cough-relief-20-ounces.product.100397737.html
100398626,"Glacéau Smartwater, 1 L, 15-count",1738,https://www.costco.com/glacau-smartwater-1-l-15-count.product.100398626.html
100398738,"Clear Care Plus Cleaning & Disinfecting Solution, 32 Fluid Ounces",1738,https://www.costco.com/clear-care-plus-cleaning--disinfecting-solution-32-fluid-ounces.product.100398738.html
100400518,"Ocean Spray Craisins, Whole Dried Cranberries, 64 oz",1738,https://www.costco.com/ocean-spray-craisins-whole-dried-cranberries-64-oz.product.100400518.html
100400521,"Dixie To Go 12 oz Insulated Cup & Lid, 100-count",1738,https://www.costco.com/dixie-to-go-12-oz-insulated-cup--lid-100-count.product.100400521.html
100400551,"Zyrtec 24 Hour Allergy Relief Antihistamine Cetirizine HCl 10 mg, 65 Liquid Gels",1738,https://www.costco.com/zyrtec-24-hour-allergy-relief-antihistamine-cetirizine-hcl-10-mg-65-liquid-gels.product.100400551.html
100401345,"Nutella & GO! Hazelnut and Cocoa Spread With Breadsticks, 1.8 oz, 16 Pack",1738,https://www.costco.com/nutella--go-hazelnut-and-cocoa-spread-with-breadsticks-18-oz-16-pack.product.100401345.html
100401358,"Scotch-Brite Lint Roller, 95-count, 5-pack",1738,https://www.costco.com/scotch-brite-lint-roller-95-count-5-pack.product.100401358.html
100401360,"FITCRUNCH Protein Bars, 16g Protein, Chocolate Peanut Butter, 1.62 oz, 18-count",1738,https://www.costco.com/fitcrunch-protein-bars-16g-protein-chocolate-peanut-butter-162-oz-18-count.product.100401360.html
100401378,"Ajinomoto Yakisoba with Vegetables, All Natural, 9 oz, 6-count",1738,https://www.costco.com/ajinomoto-yakisoba-with-vegetables-all-natural-9-oz-6-count.product.100401378.html
100401613,"Osteo Bi-Flex Triple Strength, 200 Tablets",1738,https://www.costco.com/osteo-bi-flex-triple-strength-200-tablets.product.100401613.html
100403275,"Clif Kid ZBar Organic Granola Bar, Variety Pack, 1.27 oz, 36-count",1738,https://www.costco.com/clif-kid-zbar-organic-granola-bar-variety-pack-127-oz-36-count.product.100403275.html
100403304,"Nature Valley Biscuits with Almond Butter, 1.35 oz, 30-count",1738,https://www.costco.com/nature-valley-biscuits-with-almond-butter-135-oz-30-count.product.100403304.html
100403311,"Nestlé Toll House, Semi-Sweet Chocolate Chip Morsels, 72 oz",1738,https://www.costco.com/nestl-toll-house-semi-sweet-chocolate-chip-morsels-72-oz.product.100403311.html
100403392,"Nature Made CholestOFF Plus, 210 Softgels",1738,https://www.costco.com/nature-made-cholestoff-plus-210-softgels.product.100403392.html
100404247,"USPS First-Class Holiday Forever Stamp, 100-count",1738,https://www.costco.com/usps-first-class-holiday-forever-stamp-100-count.product.100404247.html
100405372,"Doritos Tortilla Chips, Nacho Cheese, 30 oz",1738,https://www.costco.com/doritos-tortilla-chips-nacho-cheese-30-oz.product.100405372.html
100405668,"Kirkland Signature Children's Multivitamin, 320 Gummies",1738,https://www.costco.com/kirkland-signature-childrens-multivitamin-320-gummies.product.100405668.html
100406208,MedMassager Body Massager,1738,https://www.costco.com/medmassager-body-massager.product.100406208.html
100406405,"Pure Alaska Omega Wild Salmon Oil 1000 mg, 210 Softgels",1738,https://www.costco.com/pure-alaska-omega-wild-salmon-oil-1000-mg-210-softgels.product.100406405.html
100408135,Tranquil Garden Bouquet,1738,https://www.costco.com/tranquil-garden-bouquet.product.100408135.html
100408294,"Kirkland Signature Farm-Raised Raw Shrimp, Tail-On, 21-25-count per Pound, 2 lbs",1738,https://www.costco.com/kirkland-signature-farm-raised-raw-shrimp-tail-on-21-25-count-per-pound-2-lbs.product.100408294.html
100410665,"Kirkland Signature Three Berry Blend, 4 lbs",1738,https://www.costco.com/kirkland-signature-three-berry-blend-4-lbs.product.100410665.html
100410830,"Kirkland Signature Beef Hot Dogs, 12 Links, 1.5 lbs, 3-count",1738,https://www.costco.com/kirkland-signature-beef-hot-dogs-12-links-15-lbs-3-count.product.100410830.html
100410832,"Kirkland Signature Meatballs, 6 lbs",1738,https://www.costco.com/kirkland-signature-meatballs-6-lbs.product.100410832.html
100411697,"Vita Coco, Coconut Water, 11.1 fl oz, 18-Count",1738,https://www.costco.com/vita-coco-coconut-water-111-fl-oz-18-count.product.100411697.html
100411705,"Tyson Panko Breaded Chicken Breast Tenderloins, 5 lbs",1738,https://www.costco.com/tyson-panko-breaded-chicken-breast-tenderloins-5-lbs.product.100411705.html
100414110,"Round Brilliant & Baguette 1.68 ctw VS2 Clarity, I Color Diamond Platinum Ring",1738,https://www.costco.com/round-brilliant--baguette-168-ctw-vs2-clarity-i-color-diamond-platinum-ring.product.100414110.html
100415639,"Breathe Right Extra Strength Nasal Strips, 72 Strips",1738,https://www.costco.com/breathe-right-extra-strength-nasal-strips-72-strips.product.100415639.html
100415670,"Kirkland Signature Farm-Raised Cooked Shrimp, Tail-Off, 50-70-count per Pound, 2 lbs",1738,https://www.costco.com/kirkland-signature-farm-raised-cooked-shrimp-tail-off-50-70-count-per-pound-2-lbs.product.100415670.html
100415925,"Skittles Bite Size Candy, Wild Berry,  2.17 oz, 36-count",1738,https://www.costco.com/.product.100415925.html
100415950,"Halls Cough Drops, Cherry, 9-count, 20-pack",1738,https://www.costco.com/.product.100415950.html
100416094,"Qunol Liquid Turmeric 1000 mg, 30.4 fl oz",1738,https://www.costco.com/qunol-liquid-turmeric-1000-mg-304-fl-oz.product.100416094.html
100416097,"Nature Made Magnesium Citrate 250 mg., 180 Softgels",1738,https://www.costco.com/nature-made-magnesium-citrate-250-mg-180-softgels.product.100416097.html
100416105,"Trident Seafoods Alaskan Salmon Burgers, 4 oz, 12-count",1738,https://www.costco.com/trident-seafoods-alaskan-salmon-burgers-4-oz-12-count.product.100416105.html
100416444,"President Crumbled Feta Cheese, 1.5 lbs",1738,https://www.costco.com/president-crumbled-feta-cheese-15-lbs.product.100416444.html
100419077,Freshwater Cultured 8-8.5 mm Pearl 14kt White Gold Earrings,1738,https://www.costco.com/freshwater-cultured-8-85-mm-pearl-14kt-white-gold-earrings.product.100419077.html
100421002,GE 27 cu. ft. Standard Depth 3-Door French Door Refrigerator with Internal Water Dispenser and Ice Maker,1738,https://www.costco.com/ge-27-cu-ft-standard-depth-3-door-french-door-refrigerator-with-internal-water-dispenser-and-ice-maker.product.100421002.html
100421211,"Kirkland Signature Chinet 18 oz Plastic Cup, Red, 240-count",1738,https://www.costco.com/kirkland-signature-chinet-18-oz-plastic-cup-red-240-count.product.100421211.html
100421656,"BelVita Breakfast Biscuit, Cinnamon Brown Sugar, 1.76 oz, 30-count",1738,https://www.costco.com/belvita-breakfast-biscuit-cinnamon-brown-sugar-176-oz-30-count.product.100421656.html
100422594,"Kirkland Signature Acid Controller 20 mg., 250 Tablets",1738,https://www.costco.com/kirkland-signature-acid-controller-20-mg-250-tablets.product.100422594.html
100422894,"Ensure Original Nutrition Shake, 8 fl. oz, 30-pack, Vanilla",1738,https://www.costco.com/ensure-original-nutrition-shake-8-fl-oz-30-pack-vanilla.product.100422894.html
100422901,"Ensure Plus Nutrition Shake, Vanilla, 8 fl. oz, 30-pack",1738,https://www.costco.com/ensure-plus-nutrition-shake-vanilla-8-fl-oz-30-pack.product.100422901.html
100423075,"Kirkland Signature Imported Basil Pesto, 22 oz",1738,https://www.costco.com/kirkland-signature-imported-basil-pesto-22-oz.product.100423075.html
100423100,"Kraft Singles American Cheese, 96 Slices, 4 lbs",1738,https://www.costco.com/kraft-singles-american-cheese-96-slices-4-lbs.product.100423100.html
100423249,"Gourmet Nut Power Up Trail Mix, Mega Omega, 26 oz",1738,https://www.costco.com/gourmet-nut-power-up-trail-mix-mega-omega-26-oz.product.100423249.html
100423250,"Heinz Simply Tomato Ketchup, 44 oz, 3-count",1738,https://www.costco.com/heinz-simply-tomato-ketchup-44-oz-3-count.product.100423250.html
100423806,"NESCAFE Taster's Choice Instant Coffee, House Blend, Light-Medium Roast, 14 oz",1738,https://www.costco.com/nescafe-tasters-choice-instant-coffee-house-blend-light-medium-roast-14-oz.product.100423806.html
100425546,Lifetime Resin Outdoor 8' x 12.5' Storage Shed,1738,https://www.costco.com/lifetime-resin-outdoor-8-x-125-storage-shed.product.100425546.html
100428484,Zyrtec-D Allergy & Sinus Medicine & Nasal Decongestant Tablets,1738,https://www.costco.com/zyrtec-d-allergy--sinus-medicine--nasal-decongestant-tablets.product.100428484.html
100428750,"Optimum Nutrition Gold Standard 100% Whey Protein Powder, Extreme Milk Chocolate, 5.64 lbs",1738,https://www.costco.com/optimum-nutrition-gold-standard-100-whey-protein-powder-extreme-milk-chocolate-564-lbs.product.100428750.html
100431799,"Vicks VapoRub Cough Suppressant & Topical Analgesic, 7.06 Ounces",1738,https://www.costco.com/vicks-vaporub-cough-suppressant--topical-analgesic-706-ounces.product.100431799.html
100431806,"Vicks Severe DayQuil and NyQuil Cough, Cold & Flu Relief, 72 LiquiCaps",1738,https://www.costco.com/vicks-severe-dayquil-and-nyquil-cough-cold--flu-relief-72-liquicaps.product.100431806.html
100433122,"Sandwich Bros Chicken Melts Pita Snack Sandwiches, 2.5 oz, 15-count",1738,https://www.costco.com/sandwich-bros-chicken-melts-pita-snack-sandwiches-25-oz-15-count.product.100433122.html
100433351,"Organic Ataulfo Mangos, 6-count",1738,https://www.costco.com/organic-ataulfo-mangos-6-count.product.100433351.html
100433654,"Mott's Organic 100% Apple Juice, 1 Gal, 2-count",1738,https://www.costco.com/motts-organic-100-apple-juice-1-gal-2-count.product.100433654.html
100433821,"Cantaloupe, 2-count",1738,https://www.costco.com/cantaloupe-2-count.product.100433821.html
100433848,"Kirkland Signature Stir-Fry Vegetable Blend, 5.5 lbs",1738,https://www.costco.com/kirkland-signature-stir-fry-vegetable-blend-55-lbs.product.100433848.html
100433972,"Kirkland Signature Organic Greek Yogurt, 48 oz",1738,https://www.costco.com/kirkland-signature-organic-greek-yogurt-48-oz.product.100433972.html
100434185,"Organic Celery Sticks, 2.5 lbs",1738,https://www.costco.com/organic-celery-sticks-25-lbs.product.100434185.html
100435660,"Sabatasso's Gluten-free Four-cheese Pizza, 17.5 oz, 3-count",1738,https://www.costco.com/sabatassos-gluten-free-four-cheese-pizza-175-oz-3-count.product.100435660.html
100435721,"Fritos Scoops! Corn Chips, 32 oz",1738,https://www.costco.com/fritos-scoops-corn-chips-32-oz.product.100435721.html
100435916,"Wildbrine Raw Organic Sauerkraut, 50 oz",1738,https://www.costco.com/wildbrine-raw-organic-sauerkraut-50-oz.product.100435916.html
100436420,"Kirkland Signature Shredded Mozzarella Cheese, 2.5 lbs, 2-count",1738,https://www.costco.com/kirkland-signature-shredded-mozzarella-cheese-25-lbs-2-count.product.100436420.html
100436543,"Teton Waters Ranch Polish Sausage, 2.25 lbs",1738,https://www.costco.com/teton-waters-ranch-polish-sausage-225-lbs.product.100436543.html
100436609,"Madi Gran Panettone, 2.2 lbs",1738,https://www.costco.com/madi-gran-panettone-22-lbs.product.100436609.html
100436999,"Country Archer Grass-Fed Beef Jerky, Mango Habanero, 16 oz",1738,https://www.costco.com/country-archer-grass-fed-beef-jerky-mango-habanero-16-oz.product.100436999.html
100437001,"Organic Gala Apples, 3 lbs",1738,https://www.costco.com/organic-gala-apples-3-lbs.product.100437001.html
100437117,"Kirkland Signature Tilapia Loins, 3 lbs",1738,https://www.costco.com/kirkland-signature-tilapia-loins-3-lbs.product.100437117.html
100437350,"Crazy Cuizine Mandarin Orange Chicken, 66 oz",1738,https://www.costco.com/crazy-cuizine-mandarin-orange-chicken-66-oz.product.100437350.html
100437629,"Kirkland Signature Shredded Mexican Style Blend Cheese, 2.5 lbs, 2-count",1738,https://www.costco.com/kirkland-signature-shredded-mexican-style-blend-cheese-25-lbs-2-count.product.100437629.html
100437793,"Fever Tree Ginger Beer, 9.3 fl oz, 12-count",1738,https://www.costco.com/fever-tree-ginger-beer-93-fl-oz-12-count.product.100437793.html
100437854,"Kerrygold Pure Irish Butter, Salted, 8 oz, 4-count",1738,https://www.costco.com/kerrygold-pure-irish-butter-salted-8-oz-4-count.product.100437854.html
100438498,"Stevia in the Raw Organic Stevia Blend, 22.57 oz.",1738,https://www.costco.com/stevia-in-the-raw-organic-stevia-blend-2257-oz.product.100438498.html
100438553,"Kirkland Signature, Almond Flour, 3 lbs",1738,https://www.costco.com/kirkland-signature-almond-flour-3-lbs.product.100438553.html
100438733,"Kirkland Signature Dry Roasted Macadamia Nuts, 1.5 lbs",1738,https://www.costco.com/kirkland-signature-dry-roasted-macadamia-nuts-15-lbs.product.100438733.html
100439090,"Kirkland Signature Organic Roasted Seaweed, 0.6 oz, 10-count",1738,https://www.costco.com/kirkland-signature-organic-roasted-seaweed-06-oz-10-count.product.100439090.html
100439175,"Milton's Cauliflower Crust Pizza, Roasted Vegetable, 17.8 oz, 2-count",1738,https://www.costco.com/miltons-cauliflower-crust-pizza-roasted-vegetable-178-oz-2-count.product.100439175.html
100439256,"Organic Crimini Mushrooms, 24 oz",1738,https://www.costco.com/organic-crimini-mushrooms-24-oz.product.100439256.html
100439445,"Kerrygold Pure Unsalted Irish Butter, 8 oz, 4-count",1738,https://www.costco.com/kerrygold-pure-unsalted-irish-butter-8-oz-4-count.product.100439445.html
100439457,"BelVita Breakfast Biscuits, Blueberry, 1.76 oz, 30-count",1738,https://www.costco.com/belvita-breakfast-biscuits-blueberry-176-oz-30-count.product.100439457.html
100439543,"Heavenly Hunks Organic Oatmeal Dark Chocolate Cookies, 22 oz",1738,https://www.costco.com/heavenly-hunks-organic-oatmeal-dark-chocolate-cookies-22-oz.product.100439543.html
100439614,"Busseto California Snackin' Bite Size Salami & Provolone Cheese, 8-count",1738,https://www.costco.com/busseto-california-snackin-bite-size-salami--provolone-cheese-8-count.product.100439614.html
100439830,"Organic Brussels Sprouts, 2 lbs",1738,https://www.costco.com/organic-brussels-sprouts-2-lbs.product.100439830.html
100439956,"Freshpet Deli Fresh Dog Food, Chicken Recipe, 6 lbs",1738,https://www.costco.com/freshpet-deli-fresh-dog-food-chicken-recipe-6-lbs.product.100439956.html
100440131,"Kikkoman Soy Sauce, 64 oz",1738,https://www.costco.com/.product.100440131.html
100440544,"El Monterey Mexican Grill Taquitos, Chicken & Cheese, 30-count",1738,https://www.costco.com/el-monterey-mexican-grill-taquitos-chicken--cheese-30-count.product.100440544.html
100440556,"Coca-Cola de Mexico Soda Soft Drink Glass Bottles, 335 mL, 24-count",1738,https://www.costco.com/coca-cola-de-mexico-soda-soft-drink-glass-bottles-335-ml-24-count.product.100440556.html
100440811,"Homai California Calrose Rice, 25 lbs",1738,https://www.costco.com/homai-california-calrose-rice-25-lbs.product.100440811.html
100440959,"Smucker's Uncrustables, Peanut Butter & Grape Jelly Sandwich, 18-count",1738,https://www.costco.com/smuckers-uncrustables-peanut-butter--grape-jelly-sandwich-18-count.product.100440959.html
100441043,"La Dolce Vita Classic Italian Biscotti, 40 oz",1738,https://www.costco.com/la-dolce-vita-classic-italian-biscotti-40-oz.product.100441043.html
100441109,"Gourmet Tomato Medley, Greenhouse Grown, 2 lbs",1738,https://www.costco.com/gourmet-tomato-medley-greenhouse-grown-2-lbs.product.100441109.html
100441201,"Kirkland Signature Wild Alaskan Sockeye Salmon, 5 oz - 7 oz Portion, 3 lbs",1738,https://www.costco.com/kirkland-signature-wild-alaskan-sockeye-salmon-5-oz---7-oz-portion-3-lbs.product.100441201.html
100441615,"Organic Raspberries, 12 oz",1738,https://www.costco.com/organic-raspberries-12-oz.product.100441615.html
100441726,"Strawberries, 2 lbs",1738,https://www.costco.com/strawberries-2-lbs.product.100441726.html
100441746,"Colossal Garlic, 2 lbs",1738,https://www.costco.com/colossal-garlic-2-lbs.product.100441746.html
100441814,"Cholula, Hot Sauce Original, 12 fl oz, 2-Count",1738,https://www.costco.com/cholula-hot-sauce-original-12-fl-oz-2-count.product.100441814.html
100441866,"Organic Bananas, 3 lbs",1738,https://www.costco.com/organic-bananas-3-lbs.product.100441866.html
100441883,"Red Star, Active Dry Yeast, 32 oz",1738,https://www.costco.com/red-star-active-dry-yeast-32-oz.product.100441883.html
100441930,"Sun-Maid Organic California Sun-Dried Raisins, 2 lbs, 2-count",1738,https://www.costco.com/sun-maid-organic-california-sun-dried-raisins-2-lbs-2-count.product.100441930.html
100442000,"Kirkland Signature Boneless Lamb Leg Roast, 5.53 lb Avg Wt",1738,https://www.costco.com/kirkland-signature-boneless-lamb-leg-roast-553-lb-avg-wt.product.100442000.html
100442140,"Cheetos Cheese Flavored Snacks, Crunchy, 28.8 oz",1738,https://www.costco.com/cheetos-cheese-flavored-snacks-crunchy-288-oz.product.100442140.html
100442159,"Finlandia Premium Cheese Slices, 2 lbs",1738,https://www.costco.com/finlandia-premium-cheese-slices-2-lbs.product.100442159.html
100442259,"Oregon Chai, Original Organic Chai Tea Latte Concentrate, 32 fl. oz., 3-Count",1738,https://www.costco.com/.product.100442259.html
100442348,"Lipton, Iced Tea Mix, Lemon, 5 lbs",1738,https://www.costco.com/lipton-iced-tea-mix-lemon-5-lbs.product.100442348.html
100442378,"Don Miguel Chipotle Chicken Mini Tacos, 35 oz, 2-count",1738,https://www.costco.com/don-miguel-chipotle-chicken-mini-tacos-35-oz-2-count.product.100442378.html
100442450,"Kirkland Signature Pure Vanilla Extract, 16 fl oz",1738,https://www.costco.com/kirkland-signature-pure-vanilla-extract-16-fl-oz.product.100442450.html
100442469,"Morey's Seasoned Wild Alaskan Salmon, 6-Count",1738,https://www.costco.com/moreys-seasoned-wild-alaskan-salmon-6-count.product.100442469.html
100442528,"Gourmet Creamer Potato, 5 lbs",1738,https://www.costco.com/gourmet-creamer-potato-5-lbs.product.100442528.html
100442630,"Royal Asia Vegetable Spring Rolls with Soy Ginger Sauce, 50-count",1738,https://www.costco.com/royal-asia-vegetable-spring-rolls-with-soy-ginger-sauce-50-count.product.100442630.html
100443126,"Limes, 3 lbs",1738,https://www.costco.com/limes-3-lbs.product.100443126.html
100443215,"Philadelphia Original Cream Cheese Spread, 48 oz",1738,https://www.costco.com/philadelphia-original-cream-cheese-spread-48-oz.product.100443215.html
100443302,"Emmi Le Gruyere AOP Cheese, 1 lb",1738,https://www.costco.com/emmi-le-gruyere-aop-cheese-1-lb.product.100443302.html
100443694,"Del Monte, Canned Corn-Whole Kernel, 15.25 oz, 12-Count",1738,https://www.costco.com/del-monte-canned-corn-whole-kernel-1525-oz-12-count.product.100443694.html
100443940,"Del Monte, Canned Cut Green Beans, 14.5 oz, 12-Count",1738,https://www.costco.com/del-monte-canned-cut-green-beans-145-oz-12-count.product.100443940.html
100444534,"Hebrew National 100% Kosher Beef Franks, 12 oz, 4-count, 28 Beef Franks Total",1738,https://www.costco.com/hebrew-national-100-kosher-beef-franks-12-oz-4-count-28-beef-franks-total.product.100444534.html
100444887,"Organic Blueberries, 18 oz",1738,https://www.costco.com/organic-blueberries-18-oz.product.100444887.html
100445380,"Mateo's Gourmet Salsa, Medium, 32 oz",1738,https://www.costco.com/mateos-gourmet-salsa-medium-32-oz.product.100445380.html
100445692,"Organic English Cucumbers, Greenhouse Grown, 3-count",1738,https://www.costco.com/organic-english-cucumbers-greenhouse-grown-3-count.product.100445692.html
100446184,"Blueberries, 18 oz",1738,https://www.costco.com/blueberries-18-oz.product.100446184.html
100446587,"Kirkland Signature, Ocean Spray Cranberry Premium 100% Juice, 96 fl oz, 2-Count",1738,https://www.costco.com/kirkland-signature-ocean-spray-cranberry-premium-100-juice-96-fl-oz-2-count.product.100446587.html
100446837,"Sour Patch Kids Soft & Chewy Candy, 2 oz, 24-count",1738,https://www.costco.com/.product.100446837.html
100447061,"Sabatasso's Pizza Singles, Variety Pack, 12-count",1738,https://www.costco.com/sabatassos-pizza-singles-variety-pack-12-count.product.100447061.html
100447863,"Swisspers Premium Hypoallergenic Cotton Rounds, 900-count",1738,https://www.costco.com/swisspers-premium-hypoallergenic-cotton-rounds-900-count.product.100447863.html
100447902,"Navel Oranges, 8 lbs",1738,https://www.costco.com/navel-oranges-8-lbs.product.100447902.html
100448789,"Ricola Sugar Free Lemon Mint Drops, 210 Drops",1738,https://www.costco.com/ricola-sugar-free-lemon-mint-drops-210-drops.product.100448789.html
100448914,"Cocktail Cucumber, Greenhouse Grown, 1.5 lbs",1738,https://www.costco.com/cocktail-cucumber-greenhouse-grown-15-lbs.product.100448914.html
100449346,"Ajinomoto Yakitori Chicken Fried Rice, 9 oz, 6-count",1738,https://www.costco.com/ajinomoto-yakitori-chicken-fried-rice-9-oz-6-count.product.100449346.html
100449422,"Kirkland Signature Medium Roast Coffee, 40 oz.",1738,https://www.costco.com/kirkland-signature-medium-roast-coffee-40-oz.product.100449422.html
100449522,"Genova, Yellowfin Tuna, 7 oz, 6-Count",1738,https://www.costco.com/genova-yellowfin-tuna-7-oz-6-count.product.100449522.html
100449940,"SO Delicious, Organic Coconut Milk, 32 oz, 6-Count",1738,https://www.costco.com/so-delicious-organic-coconut-milk-32-oz-6-count.product.100449940.html
100450417,"Trident Seafoods Wild Alaskan Beer Battered Cod, 2.5 lbs",1738,https://www.costco.com/trident-seafoods-wild-alaskan-beer-battered-cod-25-lbs.product.100450417.html
100450484,"Kirkland Signature Organic Blueberries, 3 lbs",1738,https://www.costco.com/kirkland-signature-organic-blueberries-3-lbs.product.100450484.html
100450545,"Giorgia Organic Mushrooms Sliced, 4 oz., 12-count",1738,https://www.costco.com/giorgia-organic-mushrooms-sliced-4-oz-12-count.product.100450545.html
100450674,"Artisan Romaine Hearts, 5-count",1738,https://www.costco.com/artisan-romaine-hearts-5-count.product.100450674.html
100450792,"Organic Squash, 3.5 lbs",1738,https://www.costco.com/organic-squash-35-lbs.product.100450792.html
100450869,"Paesana Organic Tomato Basil, 25 oz., 2-count",1738,https://www.costco.com/paesana-organic-tomato-basil-25-oz-2-count.product.100450869.html
100451132,"Sprite Lemon-Lime Caffeine Free Soda Soft Drink Cans, 12 fl oz, 35-count",1738,https://www.costco.com/sprite-lemon-lime-caffeine-free-soda-soft-drink-cans-12-fl-oz-35-count.product.100451132.html
100451213,"Organic Mangos, 6 lbs",1738,https://www.costco.com/organic-mangos-6-lbs.product.100451213.html
100451360,"Coca-Cola Classic, 12 fl oz, 35-count",1738,https://www.costco.com/coca-cola-classic-12-fl-oz-35-count.product.100451360.html
100451426,"Golden Pineapple, Each",1738,https://www.costco.com/golden-pineapple-each.product.100451426.html
100451760,"Kirkland Signature Nature's Domain Canned Dog Food, Turkey & Pea Stew, 13.2 oz, 24-count",1738,https://www.costco.com/kirkland-signature-natures-domain-canned-dog-food-turkey--pea-stew-132-oz-24-count.product.100451760.html
100452337,"Kirkland Signature Organic Strawberries, 4 lbs",1738,https://www.costco.com/kirkland-signature-organic-strawberries-4-lbs.product.100452337.html
100452562,"Ultra Strength BENGAY, Non-Greasy Topical Pain Relieving Cream, 8 Ounces",1738,https://www.costco.com/ultra-strength-bengay-non-greasy-topical-pain-relieving-cream-8-ounces.product.100452562.html
100452749,"Thai Kitchen Organic Coconut Milk, Unsweetened, 13.66 fl oz, 6-count",1738,https://www.costco.com/thai-kitchen-organic-coconut-milk-unsweetened-1366-fl-oz-6-count.product.100452749.html
100452870,"Kirkland Signature Super Premium Vanilla Ice Cream, 1/2 Gallon, 2-count",1738,https://www.costco.com/kirkland-signature-super-premium-vanilla-ice-cream-12-gallon-2-count.product.100452870.html
100452925,"Sukhi's Indian Chicken Tikka Masala Prepared Meal, 18 oz, 2-count",1738,https://www.costco.com/sukhis-indian-chicken-tikka-masala-prepared-meal-18-oz-2-count.product.100452925.html
100453227,"Mott's, Organic Apple Sauce, 3.9 oz, 36-Count",1738,https://www.costco.com/motts-organic-apple-sauce-39-oz-36-count.product.100453227.html
100453269,"Organic Baby Spinach, 1 lb",1738,https://www.costco.com/organic-baby-spinach-1-lb.product.100453269.html
100453313,"BelGioioso Fresh Mozzarella Snacking Cheese, 1 oz, 24-count",1738,https://www.costco.com/belgioioso-fresh-mozzarella-snacking-cheese-1-oz-24-count.product.100453313.html
100453415,"M&M's Chocolate Candy, Peanut Butter, Full Size 1.63 oz, 24-count",1738,https://www.costco.com/.product.100453415.html
100453707,"Annie's Organic Macaroni & Cheese Variety Pack, 6 oz, 12-count",1738,https://www.costco.com/annies-organic-macaroni--cheese-variety-pack-6-oz-12-count.product.100453707.html
100454594,"10"" Phalaenopsis Orchid Duo",1738,https://www.costco.com/10-phalaenopsis-orchid-duo.product.100454594.html
100455658,"One A Day Women's 50+ Healthy Advantage Multivitamin, 300 Tablets",1738,https://www.costco.com/one-a-day-womens-50-healthy-advantage-multivitamin-300-tablets.product.100455658.html
100455659,"One A Day Men's 50+ Healthy Advantage Multivitamin, 300 Tablets",1738,https://www.costco.com/one-a-day-mens-50-healthy-advantage-multivitamin-300-tablets.product.100455659.html
100455673,"PediaSure with OptiGRO Plus Kids Shake, 8 fl oz, 24-count",1738,https://www.costco.com/pediasure-with-optigro-plus-kids-shake-8-fl-oz-24-count.product.100455673.html
100455677,"Kirkland Signature Soft & Chewy Granola Bars, 0.85 oz, 64-count",1738,https://www.costco.com/kirkland-signature-soft--chewy-granola-bars-085-oz-64-count.product.100455677.html
100456493,"Kirkland Signature Cabernet Sauvignon, 3 L",1738,https://www.costco.com/kirkland-signature-cabernet-sauvignon-3-l.product.100456493.html
100456512,"Kirkland Signature, Almond Milk, 1 qt, 12-count",1738,https://www.costco.com/kirkland-signature-almond-milk-1-qt-12-count.product.100456512.html
100456537,"Blue Buffalo Top Chews Pork & Chicken Sausage Dog Treats, 36 oz.",1738,https://www.costco.com/blue-buffalo-top-chews-pork--chicken-sausage-dog-treats-36-oz.product.100456537.html
100456680,"Good Foods Organic Avocado Mash, Sea Salt and Black Pepper, 2 oz, 16-count",1738,https://www.costco.com/good-foods-organic-avocado-mash-sea-salt-and-black-pepper-2-oz-16-count.product.100456680.html
100456939,"Joy Luck Palace Double Egg Yolk and Lotus Seed Paste Moon Cakes, 24.7 oz, 4-Count",1738,https://www.costco.com/joy-luck-palace-double-egg-yolk-and-lotus-seed-paste-moon-cakes-247-oz-4-count.product.100456939.html
100457663,Whirlpool 20 cu. ft. French Door Refrigerator with FreshFlow,1738,https://www.costco.com/whirlpool-20-cu-ft-french-door-refrigerator-with-freshflow.product.100457663.html
100458954,"Kirkland Signature USDA Organic Multivitamin, 80 Coated Tablets",1738,https://www.costco.com/kirkland-signature-usda-organic-multivitamin-80-coated-tablets.product.100458954.html
100460088,"Unitex 100% Cotton Towel, White, 14 in x 17 in, 52-count",1738,https://www.costco.com/unitex-100-cotton-towel-white-14-in-x-17-in-52-count.product.100460088.html
100461841,"Swiss Miss, Hot Cocoa Mix, 1.38 oz, 50-Count",1738,https://www.costco.com/swiss-miss-hot-cocoa-mix-138-oz-50-count.product.100461841.html
100462140,Kirkland Signature Breaded Panko Shrimp 2.5 lbs,1738,https://www.costco.com/kirkland-signature-breaded-panko-shrimp-25-lbs.product.100462140.html
100462183,"Oikos Triple Zero Greek Nonfat Yogurt, Variety Pack, 5.3 oz, 18-count",1738,https://www.costco.com/oikos-triple-zero-greek-nonfat-yogurt-variety-pack-53-oz-18-count.product.100462183.html
100462186,"Kirkland Signature, Black Pepper with Grinder, 6.3 oz, 2-Count",1738,https://www.costco.com/kirkland-signature-black-pepper-with-grinder-63-oz-2-count.product.100462186.html
100463241,"trunature Cranberry 650 mg, 140 Vegetarian Capsules",1738,https://www.costco.com/trunature-cranberry-650-mg-140-vegetarian-capsules.product.100463241.html
100468580,"Nature's Truth Apple Cider Vinegar 1200 mg., 180 Capsules",1738,https://www.costco.com/natures-truth-apple-cider-vinegar-1200-mg-180-capsules.product.100468580.html
100468774,Freshwater Cultured 8-9mm Pearl & Diamond 14kt White Gold Earrings,1738,https://www.costco.com/freshwater-cultured-8-9mm-pearl--diamond-14kt-white-gold-earrings.product.100468774.html
100469044,"Chinet Crystal 10 oz Plastic Cup, Clear, 150-count",1738,https://www.costco.com/chinet-crystal-10-oz-plastic-cup-clear-150-count.product.100469044.html
100470774,"GoGo SqueeZ, Organic Applesauce, Variety Pack, 3.2 oz, 28-Count",1738,https://www.costco.com/.product.100470774.html
100473402,"Colgate Total Active Prevention Plus Advanced Whitening Toothpaste, 6.4 oz, 5-pack",1738,https://www.costco.com/colgate-total-active-prevention-plus-advanced-whitening-toothpaste-64-oz-5-pack.product.100473402.html
100474184,"Pepto Bismol Ultra, 5 Symptom Digestive Relief Liquid, 36 Fluid Ounces",1738,https://www.costco.com/pepto-bismol-ultra-5-symptom-digestive-relief-liquid-36-fluid-ounces.product.100474184.html
100476448,Generators  Prepare for the next power outage with a home standby generator from Generac.,1738,https://www.costco.com/generac-automatic-standby-generators.product.100476448.html
100480660,"Kirkland Signature Psyllium Fiber Sugar-Free Powder, 2x180 Teaspoons",1738,https://www.costco.com/kirkland-signature-psyllium-fiber-sugar-free-powder-2x180-teaspoons.product.100480660.html
100483575,"Nature Made CoQ10 400 mg., 90 Softgels",1738,https://www.costco.com/nature-made-coq10-400-mg-90-softgels.product.100483575.html
100483780,"Biotrue Multi-Purpose Solution, 34 Ounces",1738,https://www.costco.com/biotrue-multi-purpose-solution-34-ounces.product.100483780.html
100484417,Yardistry 12' x 16' Gazebo with Aluminum Roof,1738,https://www.costco.com/yardistry-12-x-16-gazebo-with-aluminum-roof.product.100484417.html
100485555,"Lotus Foods, Organic Millet & Brown Rice Ramen, 2.5 oz, 12-Count",1738,https://www.costco.com/lotus-foods-organic-millet--brown-rice-ramen-25-oz-12-count.product.100485555.html
100485804,"Natural Vitality Calm Magnesium Citrate + Glycinate Powder, 20 Ounces",1738,https://www.costco.com/natural-vitality-calm-magnesium-citrate--glycinate-powder-20-ounces.product.100485804.html
100485973,"Orgain USDA Organic Kids Nutritional Protein Shake, Chocolate, 8 fl oz, 24-pack",1738,https://www.costco.com/orgain-usda-organic-kids-nutritional-protein-shake-chocolate-8-fl-oz-24-pack.product.100485973.html
100486065,"Honest Kids, Organic Juice Drink, Variety Pack, 6 fl oz, 40-Count",1738,https://www.costco.com/honest-kids-organic-juice-drink-variety-pack-6-fl-oz-40-count.product.100486065.html
100488461,"Kleenex Soothing Lotion Facial Tissue, 3-Ply, 85-count, 12-pack",1738,https://www.costco.com/kleenex-soothing-lotion-facial-tissue-3-ply-85-count-12-pack.product.100488461.html
100491294,"Kirkland Signature Praline Pecans, 2.5 lbs",1738,https://www.costco.com/kirkland-signature-praline-pecans-25-lbs.product.100491294.html
100491593,"Princess Cut 1.00 ctw VS2 Clarity, I Color Diamond 14kt Gold Stud Earrings",1738,https://www.costco.com/princess-cut-100-ctw-vs2-clarity-i-color-diamond-14kt-gold-stud-earrings.product.100491593.html
100491630,"Princess Cut 0.50 ctw VS2 Clarity, I Color Diamond 14kt Gold Stud Earrings",1738,https://www.costco.com/princess-cut-050-ctw-vs2-clarity-i-color-diamond-14kt-gold-stud-earrings.product.100491630.html
100491651,"Round Brilliant 1.00 ctw VS2 Clarity, I Color Diamond 14kt Gold Stud Earrings",1738,https://www.costco.com/round-brilliant-100-ctw-vs2-clarity-i-color-diamond-14kt-gold-stud-earrings.product.100491651.html
100491909,"Round Brilliant 0.50 ctw VS2 Clarity, I Color Diamond 14kt Gold Stud Earrings",1738,https://www.costco.com/round-brilliant-050-ctw-vs2-clarity-i-color-diamond-14kt-gold-stud-earrings.product.100491909.html
100491921,"Round Brilliant 0.36 ctw VS2 Clarity, I Color Diamond 14kt White Gold Stud Earrings",1738,https://www.costco.com/round-brilliant-036-ctw-vs2-clarity-i-color-diamond-14kt-white-gold-stud-earrings.product.100491921.html
100493040,"Round Brilliant 5.00 ctw VS2 Clarity, I Color Diamond 14kt Gold Tennis Bracelet",1738,https://www.costco.com/round-brilliant-500-ctw-vs2-clarity-i-color-diamond-14kt-gold-tennis-bracelet.product.100493040.html
100493043,"Pirate's Booty Aged White Cheddar Snack, 0.5 oz, 40-count",1738,https://www.costco.com/pirates-booty-aged-white-cheddar-snack-05-oz-40-count.product.100493043.html
100494097,"Nature Made Extra Strength Magnesium 400 mg., 180 Softgels",1738,https://www.costco.com/nature-made-extra-strength-magnesium-400-mg-180-softgels.product.100494097.html
100497048,"Beautyrest 12"" Silver BRS900 Medium-Firm Mattress",1738,https://www.costco.com/beautyrest-12-silver-brs900-medium-firm-mattress.product.100497048.html
100497360,"Kirkland Signature Water Filter Cartridge, 10-pack set",1738,https://www.costco.com/kirkland-signature-water-filter-cartridge-10-pack-set.product.100497360.html
100497496,Freshwater Cultured 9-10 mm Pearl 14kt Yellow Gold Bezel Pendant,1738,https://www.costco.com/freshwater-cultured-9-10-mm-pearl-14kt-yellow-gold-bezel-pendant.product.100497496.html
100499650,"Lumify Redness Reliever Eye Drops, 15 ml.",1738,https://www.costco.com/lumify-redness-reliever-eye-drops-15-ml.product.100499650.html
100500584,"Centrum Silver Women's 50+ Multivitamin, 275 Tablets",1738,https://www.costco.com/centrum-silver-womens-50-multivitamin-275-tablets.product.100500584.html
100500603,"Centrum Silver Men's 50+ Multivitamin, 275 Tablets",1738,https://www.costco.com/centrum-silver-mens-50-multivitamin-275-tablets.product.100500603.html
100501081,"Starbucks Pike Place Medium Roast K-Cup, 72-count",1738,https://www.costco.com/starbucks-pike-place-medium-roast-k-cup-72-count.product.100501081.html
100501351,"Claritin RediTabs 10 mg 24 Hour Non-Drowsy, 70 Disintegrating Tablets",1738,https://www.costco.com/claritin-reditabs-10-mg-24-hour-non-drowsy-70-disintegrating-tablets.product.100501351.html
100502268,Snapware 38-piece Plastic Food Storage Set,1738,https://www.costco.com/snapware-38-piece-plastic-food-storage-set.product.100502268.html
100504550,"Hotel Grand Feather & Down Pillow, 2-pack",1738,https://www.costco.com/hotel-grand-feather--down-pillow-2-pack.product.100504550.html
100506719,Lab Created Emerald and Diamond 14kt White Gold Ring,1738,https://www.costco.com/lab-created-emerald-and-diamond-14kt-white-gold-ring.product.100506719.html
100506748,Lab Created Emerald and Diamond 14kt White Gold Pendant,1738,https://www.costco.com/lab-created-emerald-and-diamond-14kt-white-gold-pendant.product.100506748.html
100508032,"Perdue, Panko Breaded Chicken Breast Nuggets, 5 lbs",1738,https://www.costco.com/perdue-panko-breaded-chicken-breast-nuggets-5-lbs.product.100508032.html
100508756,"Kirkland Signature Grass-Fed Beef Patties, 1/3 lb Patty, 15-count",1738,https://www.costco.com/kirkland-signature-grass-fed-beef-patties-13-lb-patty-15-count.product.100508756.html
100508945,"Starbucks K-Cup Coffee Pods 72ct, Limited Edition Holiday Blend Medium Roast Coffee, 100% Arabica",1738,https://www.costco.com/starbucks-k-cup-coffee-pods-72ct-limited-edition-holiday-blend-medium-roast-coffee-100-arabica.product.100508945.html
100509750,"Round Brilliant 1.00 ctw VS2 Clarity, I Color Diamond 14kt White Gold Earrings",1738,https://www.costco.com/round-brilliant-100-ctw-vs2-clarity-i-color-diamond-14kt-white-gold-earrings.product.100509750.html
100509930,"Starbucks Dark French Roast K-Cup, 72-count",1738,https://www.costco.com/starbucks-dark-french-roast-k-cup-72-count.product.100509930.html
100511362,"Eco-Foil Half Size Deep Steam Table Pan, 30-count",1738,https://www.costco.com/eco-foil-half-size-deep-steam-table-pan-30-count.product.100511362.html
100514479,"GE Profile 27.9 cu. ft. Standard Depth 4-Door French Door Refrigerator with AutoFill Water, Door-in-Door, WiFi",1738,https://www.costco.com/ge-profile-279-cu-ft-standard-depth-4-door-french-door-refrigerator-with-autofill-water-door-in-door-wifi.product.100514479.html
100515005,"Kirkland Signature Semi-Sweet Chocolate Chips, 4.5 lbs",1738,https://www.costco.com/kirkland-signature-semi-sweet-chocolate-chips-45-lbs.product.100515005.html
100516925,"Kirkland Signature Wild Flower Honey, 5 lbs",1738,https://www.costco.com/kirkland-signature-wild-flower-honey-5-lbs.product.100516925.html
100517315,"Kirkland Signature OPTIFIBER, 26.8 Ounces 190 Servings",1738,https://www.costco.com/kirkland-signature-optifiber-268-ounces-190-servings.product.100517315.html
100518610,"Voltaren Arthritis Pain Gel, 12.34 Ounces",1738,https://www.costco.com/voltaren-arthritis-pain-gel-1234-ounces.product.100518610.html
100519419,"Kirkland Signature Elegant Plastic Plates, Variety Pack, White, 50-count",1738,https://www.costco.com/kirkland-signature-elegant-plastic-plates-variety-pack-white-50-count.product.100519419.html
100520076,"Kirkland Signature Colombian Cold Brew Coffee, 11 fl oz, 12-count",1738,https://www.costco.com/kirkland-signature-colombian-cold-brew-coffee-11-fl-oz-12-count.product.100520076.html
100520133,"Round Brilliant 1.00 ctw VS2 Clarity, I Color Diamond 14kt Gold Three Stone Pendant",1738,https://www.costco.com/round-brilliant-100-ctw-vs2-clarity-i-color-diamond-14kt-gold-three-stone-pendant.product.100520133.html
100520218,"Safe Catch Ahi Wild Yellowfin Tuna Steaks, 5 oz, 6-count",1738,https://www.costco.com/safe-catch-ahi-wild-yellowfin-tuna-steaks-5-oz-6-count.product.100520218.html
100520262,"Always Ultra Thin Advanced Overnight Pads, 76-count",1738,https://www.costco.com/always-ultra-thin-advanced-overnight-pads-76-count.product.100520262.html
100520272,"Kirkland Signature Flex-Tech 13-Gallon Scented Kitchen Trash Bags, 200-count",1738,https://www.costco.com/kirkland-signature-flex-tech-13-gallon-scented-kitchen-trash-bags-200-count.product.100520272.html
100520273,"General Mills Morning Summit Cereal, 38 oz",1738,https://www.costco.com/general-mills-morning-summit-cereal-38-oz.product.100520273.html
100523145,"trunature Cinnamon Concentrate Cinsulin 500mg, 200 Vegetarian Capsules",1738,https://www.costco.com/trunature-cinnamon-concentrate-cinsulin-500mg-200-vegetarian-capsules.product.100523145.html
100524196,Kirkland Signature Cranberry Walnut Round Bread,1738,https://www.costco.com/kirkland-signature-cranberry-walnut-round-bread.product.100524196.html
100524886,"Kirkland Signature Nut Bars, 1.41 oz, 30-count",1738,https://www.costco.com/kirkland-signature-nut-bars-141-oz-30-count.product.100524886.html
100525739,"Kirkland Signature Ultra Clean Free & Clear HE Liquid Laundry Detergent, 146 loads, 194 fl oz",1738,https://www.costco.com/kirkland-signature-ultra-clean-free--clear-he-liquid-laundry-detergent-146-loads-194-fl-oz.product.100525739.html
100525846,"Kirkland Signature Ultra Clean HE Liquid Laundry Detergent, 146 loads, 194 fl oz",1738,https://www.costco.com/kirkland-signature-ultra-clean-he-liquid-laundry-detergent-146-loads-194-fl-oz.product.100525846.html
100527865,"Kirkland Signature 5W-30 Full Synthetic Motor Oil, 5-quart, 2-pack",1738,https://www.costco.com/kirkland-signature-5w-30-full-synthetic-motor-oil-5-quart-2-pack.product.100527865.html
100527924,"Kirkland Signature Non-Stick Parchment Paper Rolls, 15 in x 164 ft, 2-pack",1738,https://www.costco.com/kirkland-signature-non-stick-parchment-paper-rolls-15-in-x-164-ft-2-pack.product.100527924.html
100529948,"Nature's Way Sambucus Elderberry with Vitamin C and Zinc, 120 Gummies",1738,https://www.costco.com/natures-way-sambucus-elderberry-with-vitamin-c-and-zinc-120-gummies.product.100529948.html
100530246,Samsung 27.4 cu. ft. Large Capacity Side by Side Refrigerator,1738,https://www.costco.com/samsung-274-cu-ft-large-capacity-side-by-side-refrigerator.product.100530246.html
100531037,"Kirkland Signature Organic Ancient Grain Granola, 35.3 oz",1738,https://www.costco.com/kirkland-signature-organic-ancient-grain-granola-353-oz.product.100531037.html
100532544,"Welch's Fruit Snacks, .8 oz, 90-count",1738,https://www.costco.com/welchs-fruit-snacks-8-oz-90-count.product.100532544.html
100534416,"Clorox Disinfecting Wipes, Variety Pack, 85-count, 5-pack",1738,https://www.costco.com/clorox-disinfecting-wipes-variety-pack-85-count-5-pack.product.100534416.html
100536835,"Xyzal Allergy 24 Hour Antihistamine 5 mg., 110 Tablets",1738,https://www.costco.com/xyzal-allergy-24-hour-antihistamine-5-mg-110-tablets.product.100536835.html
100538227,"Country Archer Grass-Fed Beef Stick Minis Original, 0.5 oz, 28-Count",1738,https://www.costco.com/country-archer-grass-fed-beef-stick-minis-original-05-oz-28-count.product.100538227.html
100539783,"Kirkland Signature Chicken Wings, First and Second Sections, 10 lbs",1738,https://www.costco.com/kirkland-signature-chicken-wings-first-and-second-sections-10-lbs.product.100539783.html
100540181,"Lysol Advanced Toilet Bowl Cleaner, 32 fl oz, 4-count",1738,https://www.costco.com/lysol-advanced-toilet-bowl-cleaner-32-fl-oz-4-count.product.100540181.html
100540273,"Command Large Picture Hanging Strips, 34 Pairs, 68 Strips",1738,https://www.costco.com/command-large-picture-hanging-strips-34-pairs-68-strips.product.100540273.html
1005641,"Chobani Greek Yogurt Variety Pack, 5.3 oz, 20-count",1738,https://www.costco.com/.product.1005641.html
100569789,"Amylu, Chicken Breakfast Sausage Links, 2.5 lbs",1738,https://www.costco.com/amylu-chicken-breakfast-sausage-links-25-lbs.product.100569789.html
100573335,"Marathon Jumbo Roll Bath Tissue, 2-Ply, 900 ft Rolls, 6 Rolls",1738,https://www.costco.com/marathon-jumbo-roll-bath-tissue-2-ply-900-ft-rolls-6-rolls.product.100573335.html
100574405,"Jimmy Dean Delights English Muffins, 5.1 oz, 12-count",1738,https://www.costco.com/jimmy-dean-delights-english-muffins-51-oz-12-count.product.100574405.html
100581539,"Nature's Bounty Sleep3 10 mg. Melatonin, 120 Tablets",1738,https://www.costco.com/natures-bounty-sleep3-10-mg-melatonin-120-tablets.product.100581539.html
100581556,"Tropical Fields Organic Coconut Rolls, 11 oz",1738,https://www.costco.com/tropical-fields-organic-coconut-rolls-11-oz.product.100581556.html
100587787,"Mama Mancini's Jumbo Beef Meatballs, 48 oz",1738,https://www.costco.com/mama-mancinis-jumbo-beef-meatballs-48-oz.product.100587787.html
100588180,"Kirkland Signaure Organic Raw Kombucha, 16 fl oz, 8-count",1738,https://www.costco.com/kirkland-signaure-organic-raw-kombucha-16-fl-oz-8-count.product.100588180.html
100598720,"Organic Peeled Carrots, 2 lbs, 2-count",1738,https://www.costco.com/organic-peeled-carrots-2-lbs-2-count.product.100598720.html
100601909,"Organic Carrots, 6 lbs",1738,https://www.costco.com/organic-carrots-6-lbs.product.100601909.html
100602367,Seedless Watermelon,1738,https://www.costco.com/seedless-watermelon.product.100602367.html
100602762,"Red Seedless Grapes, 3 lbs",1738,https://www.costco.com/red-seedless-grapes-3-lbs.product.100602762.html
100602830,"Gold Potatoes, 10 lbs",1738,https://www.costco.com/gold-potatoes-10-lbs.product.100602830.html
100603957,"Ruprecht's Irish Beef Stew, 3.09 lb avg wt",1738,https://www.costco.com/.product.100603957.html
100605620,"Campari Tomatoes, 2 lbs",1738,https://www.costco.com/campari-tomatoes-2-lbs.product.100605620.html
100605746,"Kirkland Signature Plastic Food Wrap, 12 in x 750 ft, 2-count",1738,https://www.costco.com/kirkland-signature-plastic-food-wrap-12-in-x-750-ft-2-count.product.100605746.html
100606221,"Bananas, 3 lbs",1738,https://www.costco.com/bananas-3-lbs.product.100606221.html
100606514,Kirkland Signature Fresh Boneless Skinless Chicken Breasts,1738,https://www.costco.com/kirkland-signature-fresh-boneless-skinless-chicken-breasts.product.100606514.html
100607021,"Cara Cara Oranges, 5 lbs",1738,https://www.costco.com/cara-cara-oranges-5-lbs.product.100607021.html
100607105,"Super Sweet Corn, 8-count",1738,https://www.costco.com/super-sweet-corn-8-count.product.100607105.html
100608104,"Green Seedless Grapes, 3 lbs",1738,https://www.costco.com/green-seedless-grapes-3-lbs.product.100608104.html
100608456,"Raspberries, 12 oz",1738,https://www.costco.com/raspberries-12-oz.product.100608456.html
100608499,"Mixed Bell Peppers, 6-count",1738,https://www.costco.com/mixed-bell-peppers-6-count.product.100608499.html
100608970,"Grape Tomatoes, 2 lbs",1738,https://www.costco.com/grape-tomatoes-2-lbs.product.100608970.html
100611924,"Plats Du Chef French Onion Soup, 10 oz, 6-count",1738,https://www.costco.com/plats-du-chef-french-onion-soup-10-oz-6-count.product.100611924.html
100616479,"Welch’s, 100% Grape Juice Blend, Concord Grape, 96 fl oz, 2-Count",1738,https://www.costco.com/welchs-100-grape-juice-blend-concord-grape-96-fl-oz-2-count.product.100616479.html
100616771,The Honey Baked Ham Co. Two $50 Mailed Gift Cards ($100 Value),1738,https://www.costco.com/the-honey-baked-ham-co-two-50-mailed-gift-cards-100-value.product.100616771.html
100634569,"Hellmann's Real Mayonnaise, Squeeze Bottle, 25 fl oz, 2-count",1738,https://www.costco.com/hellmanns-real-mayonnaise-squeeze-bottle-25-fl-oz-2-count.product.100634569.html
100635685,"Kirkland Signature Thin Sliced Chicken Breasts, Boneless Skinless, 10 lbs",1738,https://www.costco.com/kirkland-signature-thin-sliced-chicken-breasts-boneless-skinless-10-lbs.product.100635685.html
100637149,"Kirkland Signature Fresh Mozzarella, 18 oz, 2-count",1738,https://www.costco.com/kirkland-signature-fresh-mozzarella-18-oz-2-count.product.100637149.html
100637418,"Kirkland Signature Organic Broccoli Florets, 1 lb, 4-count",1738,https://www.costco.com/kirkland-signature-organic-broccoli-florets-1-lb-4-count.product.100637418.html
100637654,"Greenridge Naturals Beef Snack Sticks, 3 oz, 12-count",1738,https://www.costco.com/greenridge-naturals-beef-snack-sticks-3-oz-12-count.product.100637654.html
100638020,"Kirkland Signature Tempura Shrimp, 2.35 lbs, 30-count",1738,https://www.costco.com/kirkland-signature-tempura-shrimp-235-lbs-30-count.product.100638020.html
100638119,"Dietz & Watson Organic Roasted Turkey Breast, 9 oz, 3-count",1738,https://www.costco.com/dietz--watson-organic-roasted-turkey-breast-9-oz-3-count.product.100638119.html
100638343,"Kirkland Signature, Organic Non-Dairy Oat Beverage, 32 oz, 6-count",1738,https://www.costco.com/kirkland-signature-organic-non-dairy-oat-beverage-32-oz-6-count.product.100638343.html
100638499,"Kirkland Signature Organic Hummus, 2.5 oz, 20-count",1738,https://www.costco.com/kirkland-signature-organic-hummus-25-oz-20-count.product.100638499.html
100638693,"Veggies Made Great Spinach Egg White Frittatas, 20-count",1738,https://www.costco.com/veggies-made-great-spinach-egg-white-frittatas-20-count.product.100638693.html
100638780,"Kirkland Signature Chunky Guacamole, Organic, 2.5 oz, 16-count",1738,https://www.costco.com/kirkland-signature-chunky-guacamole-organic-25-oz-16-count.product.100638780.html
100639328,"Kirkland Signature Chicken Tenderloins, Boneless Skinless, 6 lbs",1738,https://www.costco.com/kirkland-signature-chicken-tenderloins-boneless-skinless-6-lbs.product.100639328.html
100639654,"Sabatino's Paleo Organic Basil and Cracked Black Pepper Chicken Sausages, 36 oz",1738,https://www.costco.com/sabatinos-paleo-organic-basil-and-cracked-black-pepper-chicken-sausages-36-oz.product.100639654.html
100639698,"Kirkland Signature Ground Beef Patties, 1/3 lb Patty, 18-count",1738,https://www.costco.com/kirkland-signature-ground-beef-patties-13-lb-patty-18-count.product.100639698.html
100639903,"Supreme Rice Long Grain Rice, 25 lbs",1738,https://www.costco.com/supreme-rice-long-grain-rice-25-lbs.product.100639903.html
100640379,"Kirkland Signature Italian Sausage and Beef Lasagna, 3 lbs, 2-count",1738,https://www.costco.com/kirkland-signature-italian-sausage-and-beef-lasagna-3-lbs-2-count.product.100640379.html
100640756,"Amylu Organic Chicken Burger with Caramelized Onion and Aged White Cheddar, 8-count",1738,https://www.costco.com/amylu-organic-chicken-burger-with-caramelized-onion-and-aged-white-cheddar-8-count.product.100640756.html
100641100,"Foster Farms Take Out Crispy Chicken Wings, Classic Buffalo, 4 lbs",1738,https://www.costco.com/foster-farms-take-out-crispy-chicken-wings-classic-buffalo-4-lbs.product.100641100.html
100641131,"Foster Farms Take Out Crispy Chicken Wings, Sweet Chipotle BBQ, 4 lbs",1738,https://www.costco.com/foster-farms-take-out-crispy-chicken-wings-sweet-chipotle-bbq-4-lbs.product.100641131.html
100641392,"Donsuemor, Traditional Madeleines Cake, 1 oz, 28-Count",1738,https://www.costco.com/donsuemor-traditional-madeleines-cake-1-oz-28-count.product.100641392.html
100642169,"That's it Mini Fruit Bars, 24-count",1738,https://www.costco.com/thats-it-mini-fruit-bars-24-count.product.100642169.html
100642433,"Fresh Additions Fully Cooked Chicken Breast Bites, 3.2 oz, 10-count",1738,https://www.costco.com/fresh-additions-fully-cooked-chicken-breast-bites-32-oz-10-count.product.100642433.html
100642856,"Rao's Homemade Alfredo Sauce, 15 oz, 2-count",1738,https://www.costco.com/raos-homemade-alfredo-sauce-15-oz-2-count.product.100642856.html
100643788,"Schwartz Brothers Bakery, Organic Everything Bagel Chips, 15 oz",1738,https://www.costco.com/schwartz-brothers-bakery-organic-everything-bagel-chips-15-oz.product.100643788.html
100643792,"Chosen Foods Avocado Oil Spray, 13.5 oz, 2-count",1738,https://www.costco.com/chosen-foods-avocado-oil-spray-135-oz-2-count.product.100643792.html
100643797,"Ito En Golden Oolong Tea, Unsweetened, 16.9 oz, 12-count",1738,https://www.costco.com/.product.100643797.html
100643804,"Kirkland Signature, Organic Coconut Water, 11.1 fl oz, 12-count",1738,https://www.costco.com/kirkland-signature-organic-coconut-water-111-fl-oz-12-count.product.100643804.html
100643825,"Advantage Premium Bright Ink Jet and Laser Paper, 8.5""x11"" Letter, White, 24lb, 97 Bright, 1 Ream of 800 Sheets",1738,https://www.costco.com/advantage-premium-bright-ink-jet-and-laser-paper-85x11-letter-white-24lb-97-bright-1-ream-of-800-sheets.product.100643825.html
100643925,"Kinder Bueno Chocolate and Hazelnut Chocolate Bars, 2 Bars, 1.5 oz, 20 Pack",1738,https://www.costco.com/kinder-bueno-chocolate-and-hazelnut-chocolate-bars-2-bars-15-oz-20-pack.product.100643925.html
100643940,"Kirkland Signature Bar Soap with Shea Butter, 15 Bars",1738,https://www.costco.com/kirkland-signature-bar-soap-with-shea-butter-15-bars.product.100643940.html
100644452,"Nongshim, Tonkotsu Ramen Bowl, 3.56 oz, 6-Count",1738,https://www.costco.com/nongshim-tonkotsu-ramen-bowl-356-oz-6-count.product.100644452.html
100644611,"Trunature Ginkgo Biloba 120mg, 340 Softgels",1738,https://www.costco.com/trunature-ginkgo-biloba-120mg-340-softgels.product.100644611.html
100644683,"WestEnd Cuisine Grilled Chicken Skewers, Mediterranean Style, 2 oz, 14-count",1738,https://www.costco.com/westend-cuisine-grilled-chicken-skewers-mediterranean-style-2-oz-14-count.product.100644683.html
100644756,"Zena Liquid Collagen + Biotin, 30 Fluid Ounces",1738,https://www.costco.com/zena-liquid-collagen--biotin-30-fluid-ounces.product.100644756.html
100645138,"Zyrtec 24 Hour Allergy Relief Antihistamine Cetirizine HCl 10 mg, 120 Tablets",1738,https://www.costco.com/zyrtec-24-hour-allergy-relief-antihistamine-cetirizine-hcl-10-mg-120-tablets.product.100645138.html
100645312,"Stonefire Authentic Flatbreads Naan Dippers, 19.4 oz",1738,https://www.costco.com/stonefire-authentic-flatbreads-naan-dippers-194-oz.product.100645312.html
100645583,"Kirkland Signature Bath Tissue, 2-Ply, 380 Sheets, 30 Rolls",1738,https://www.costco.com/kirkland-signature-bath-tissue-2-ply-380-sheets-30-rolls.product.100645583.html
100646462,"vitafusion Men's Multivitamin Gummies, 220 Gummies",1738,https://www.costco.com/vitafusion-mens-multivitamin-gummies-220-gummies.product.100646462.html
100650348,"Dove Moisturizing Beauty Bar Soap Original, 3.75 oz, 16 Bars",1738,https://www.costco.com/dove-moisturizing-beauty-bar-soap-original-375-oz-16-bars.product.100650348.html
100650384,"Dove Moisturizing Beauty Bar Soap Sensitive Skin, 3.75 oz, 16 Bars",1738,https://www.costco.com/dove-moisturizing-beauty-bar-soap-sensitive-skin-375-oz-16-bars.product.100650384.html
100654716,"trunature Women's Daily Probiotic, 90 Vegetarian Capsules",1738,https://www.costco.com/trunature-womens-daily-probiotic-90-vegetarian-capsules.product.100654716.html
100654735,"Hidden Valley Ranch Homestyle Seasoning, Dip and Salad Dressing Mix, 20 oz",1738,https://www.costco.com/hidden-valley-ranch-homestyle-seasoning-dip-and-salad-dressing-mix-20-oz.product.100654735.html
100655176,Bestway H2OGO! Sea Pals Spray Pool,1738,https://www.costco.com/.product.100655176.html
100655569,"Authentic Motor City Pizza Co Detroit-Style Deep Dish Pizza, Double Pepperoni, 2-count",1738,https://www.costco.com/authentic-motor-city-pizza-co-detroit-style-deep-dish-pizza-double-pepperoni-2-count.product.100655569.html
100656001,"Nature's Truth Organic Apple Cider Vinegar 500 mg., 120 Gummies",1738,https://www.costco.com/natures-truth-organic-apple-cider-vinegar-500-mg-120-gummies.product.100656001.html
100658787,"NuTrail Nut Granola, Blueberry Cinnamon, 22 oz",1738,https://www.costco.com/nutrail-nut-granola-blueberry-cinnamon-22-oz.product.100658787.html
100660835,"Amylu Paleo Andouille Chicken Sausages, 16-count",1738,https://www.costco.com/.product.100660835.html
1006641,"Sandwich Bros Chicken Melts Pita Snack Sandwiches, 2.5 oz, 15-count",1738,https://www.costco.com/.product.1006641.html
100664878,"Just Bare Lightly Breaded Chicken Breast Chunks, Boneless Skinless, 4 lbs",1738,https://www.costco.com/just-bare-lightly-breaded-chicken-breast-chunks-boneless-skinless-4-lbs.product.100664878.html
100664982,"Kirkland Signature Chewy Protein Bar, Peanut Butter & Semisweet Chocolate Chip, 1.41 oz, 42-Count",1738,https://www.costco.com/kirkland-signature-chewy-protein-bar-peanut-butter--semisweet-chocolate-chip-141-oz-42-count.product.100664982.html
100666229,"Nature's Bounty Zinc 50 mg, 400 Caplets",1738,https://www.costco.com/natures-bounty-zinc-50-mg-400-caplets.product.100666229.html
100667433,"Nature's Bounty Ultra Strength Probiotic 10, 70 Capsules",1738,https://www.costco.com/natures-bounty-ultra-strength-probiotic-10-70-capsules.product.100667433.html
100668922,"Kirkland Signature Fancy Whole Cashews, 2.5 lbs",1738,https://www.costco.com/kirkland-signature-fancy-whole-cashews-25-lbs.product.100668922.html
100670444,"Post, Honey Bunches of Oats with Almonds Cereal, 50 oz",1738,https://www.costco.com/post-honey-bunches-of-oats-with-almonds-cereal-50-oz.product.100670444.html
100674223,"Loacker Minis Wafer Cookie Variety, 28.22 oz",1738,https://www.costco.com/loacker-minis-wafer-cookie-variety-2822-oz.product.100674223.html
100675007,"Nestle Nido Kinder 1+ Toddler Powdered Milk, 77.6 oz",1738,https://www.costco.com/nestle-nido-kinder-1-toddler-powdered-milk-776-oz.product.100675007.html
100675101,"Round Brilliant 1.00 ctw VS2 Clarity, G Color Diamond 14kt White Gold Cross Pendant",1738,https://www.costco.com/round-brilliant-100-ctw-vs2-clarity-g-color-diamond-14kt-white-gold-cross-pendant.product.100675101.html
100676929,"Biofreeze Pain Reliever, 6 Fluid Ounces Pack",1738,https://www.costco.com/biofreeze-pain-reliever-6-fluid-ounces-pack.product.100676929.html
100677580,"SafeRacks Storage Bin Rack, 5 Tote Capacity, NSF Certified",1738,https://www.costco.com/saferacks-storage-bin-rack-5-tote-capacity-nsf-certified.product.100677580.html
100678585,"Round Brilliant 10.00 ctw VS2 Clarity, G Color Diamond 14kt Gold Eternity Strand Necklace",1738,https://www.costco.com/round-brilliant-1000-ctw-vs2-clarity-g-color-diamond-14kt-gold-eternity-strand-necklace.product.100678585.html
100678859,"Nature Made Super C with Vitamin D3 and Zinc, 200 Tablets",1738,https://www.costco.com/nature-made-super-c-with-vitamin-d3-and-zinc-200-tablets.product.100678859.html
100679927,"Pure Organic Layered Fruit Bars, Variety Pack, 0.63 oz, 28-count",1738,https://www.costco.com/pure-organic-layered-fruit-bars-variety-pack--063-oz-28-count.product.100679927.html
100682823,"Whirlpool 24 in. Top Control Built-In Fingerprint Resistant Stainless Steel Dishwasher with AI Intelligent Wash, 47 dBA",1738,https://www.costco.com/whirlpool-24-in-top-control-built-in-fingerprint-resistant-stainless-steel-dishwasher-with-ai-intelligent-wash-47-dba.product.100682823.html
100682824,"Whirlpool 24 in. Top Control Built-In Fingerprint Resistant Stainless Steel Dishwasher with Leak Detection, 47 dBA",1738,https://www.costco.com/whirlpool-24-in-top-control-built-in-fingerprint-resistant-stainless-steel-dishwasher-with-leak-detection-47-dba.product.100682824.html
100683391,"Nature's Bounty Immune 24 Hour +, 120 Softgels",1738,https://www.costco.com/natures-bounty-immune-24-hour--120-softgels.product.100683391.html
100683465,LG WashTower Single Unit ELECTRIC with Center Control 4.5 cu. ft. Front Load Washer and 7.4 cu. ft. Dryer with TurboSteam,1738,https://www.costco.com/lg-washtower-single-unit-electric-with-center-control-45-cu-ft-front-load-washer-and-74-cu-ft-dryer-with-turbosteam.product.100683465.html
100685331,"Nature's Bounty Hair, Skin and Nails Advanced, 230 Gummies",1738,https://www.costco.com/natures-bounty-hair-skin-and-nails-advanced-230-gummies.product.100685331.html
1006856,"Mama Mancini's Jumbo Beef Meatballs, 48 oz",1738,https://www.costco.com/.product.1006856.html
100685835,Premier 21oz 4-Wick Candle,1738,https://www.costco.com/.product.100685835.html
100687494,"Poo-Pourri Toilet Spray, Variety Pack, 3.4 fl oz, 3-count",1738,https://www.costco.com/poo-pourri-toilet-spray-variety-pack-34-fl-oz-3-count.product.100687494.html
100688266,"SunChips Whole Grain, Variety, 1.5 oz, 30-count",1738,https://www.costco.com/sunchips-whole-grain-variety-15-oz-30-count.product.100688266.html
100688338,"Sealy Sterling Collection Down-Alternative Pillow, 2-pack",1738,https://www.costco.com/sealy-sterling-collection-down-alternative-pillow-2-pack.product.100688338.html
100688557,"Kirkland Signature Organic A2 Whole Milk, Half Gallon, 3-count",1738,https://www.costco.com/kirkland-signature-organic-a2-whole-milk-half-gallon-3-count.product.100688557.html
100688631,"Allegra Allergy Non-Drowsy, 110 Tablets",1738,https://www.costco.com/allegra-allergy-non-drowsy-110-tablets.product.100688631.html
100688986,"Kirkland Signature Funhouse Treats, Variety Pack, 92 oz",1738,https://www.costco.com/kirkland-signature-funhouse-treats-variety-pack-92-oz.product.100688986.html
100689013,"Swiffer Sweeper Heavy Duty Dry Sweeping Cloth Refills, 50-count",1738,https://www.costco.com/swiffer-sweeper-heavy-duty-dry-sweeping-cloth-refills-50-count.product.100689013.html
100693464,Bestway Power Steel 22’ x 12’ x 48’’ Above Ground Oval Pool Set,1738,https://www.costco.com/.product.100693464.html
100693875,"Estroven Complete Multi-Symptom Menopause Relief, 84 Caplets",1738,https://www.costco.com/estroven-complete-multi-symptom-menopause-relief-84-caplets.product.100693875.html
100694463,H2OGO! Underwater Oasis Spray Pool,1738,https://www.costco.com/.product.100694463.html
100694665,"Kirkland Signature Original Bratwurst, 14-count, 3.5 lbs",1738,https://www.costco.com/kirkland-signature-original-bratwurst-14-count-35-lbs.product.100694665.html
100695493,"Bestway Platinum Series Power Steel 31'4"" x 16' x 52"" Above Ground Pool Set",1738,https://www.costco.com/.product.100695493.html
100696413,"Pringles Grab & Go Potato Crisps, Variety, 36-count",1738,https://www.costco.com/pringles-grab--go-potato-crisps-variety-36-count.product.100696413.html
100697442,Maytag Top Load 4.8 cu. ft. Washer with Deep Fill Option,1738,https://www.costco.com/maytag-top-load-48-cu-ft-washer-with-deep-fill-option.product.100697442.html
100697445,Maytag 7.0 cu. ft. Electric Dryer with Moisture Sensing in White,1738,https://www.costco.com/maytag-70-cu-ft-electric-dryer-with-moisture-sensing-in-white.product.100697445.html
100698014,Freshwater Cultured 6.5-7mm Pearl 14kt Yellow Gold Clasp,1738,https://www.costco.com/freshwater-cultured-65-7mm-pearl-14kt-yellow-gold-clasp.product.100698014.html
100698045,Maytag 7.0 cu. ft. Gas Dryer with Moisture Sensing,1738,https://www.costco.com/maytag-70-cu-ft-gas-dryer-with-moisture-sensing.product.100698045.html
100698498,"Go Raw Sprouted Organic Pumpkin Seeds with Sea Salt, 22 oz",1738,https://www.costco.com/go-raw-sprouted-organic-pumpkin-seeds-with-sea-salt-22-oz.product.100698498.html
100699040,"OREO Sandwich Cookies, Variety Pack, 60-count",1738,https://www.costco.com/oreo-sandwich-cookies-variety-pack-60-count.product.100699040.html
100702598,"GUM Soft-Picks Advanced Mint, 180-count",1738,https://www.costco.com/gum-soft-picks-advanced-mint-180-count.product.100702598.html
100703414,Yardistry 12' x 20' Gazebo with Aluminum Roof,1738,https://www.costco.com/yardistry-12-x-20-gazebo-with-aluminum-roof.product.100703414.html
100703882,Hotel Grand White Down Comforter,1738,https://www.costco.com/hotel-grand-white-down-comforter.product.100703882.html
100704457,"14kt Two-Tone Gold Diamond Cut Crucifix on an 18-20"" Chain",1738,https://www.costco.com/14kt-two-tone-gold-diamond-cut-crucifix-on-an-18-20-chain.product.100704457.html
100704815,14kt Yellow Gold Paperclip Bracelet,1738,https://www.costco.com/14kt-yellow-gold-paperclip-bracelet.product.100704815.html
100705430,Gemstone 14kt Yellow Gold Dangle Earrings,1738,https://www.costco.com/gemstone-14kt-yellow-gold-dangle-earrings.product.100705430.html
100709443,"Gatorade Thirst Quencher, Core Variety Pack, 12 fl oz, 28-count",1738,https://www.costco.com/gatorade-thirst-quencher-core-variety-pack-12-fl-oz-28-count.product.100709443.html
100709716,"Frontline Plus Flea and Tick Dog Treatment 23-44 lb, 7+1 Doses",1738,https://www.costco.com/frontline-plus-flea-and-tick-dog-treatment-23-44-lb-71-doses.product.100709716.html
100709736,"Frontline Plus Flea and Tick Dog Treatment 5-22 lb, 7+1 Doses",1738,https://www.costco.com/frontline-plus-flea-and-tick-dog-treatment-5-22-lb-71-doses.product.100709736.html
100710004,"Frontline Plus Flea and Tick Dog Treatment 45-88 lb, 7+1 Doses",1738,https://www.costco.com/frontline-plus-flea-and-tick-dog-treatment-45-88-lb-71-doses.product.100710004.html
100710281,"Cello Variety Pack, Cracker Cut, Premium Sliced Cheeses, 2 lbs",1738,https://www.costco.com/cello-variety-pack-cracker-cut-premium-sliced-cheeses-2-lbs.product.100710281.html
100711261,"Crest + Scope Cavity Protection Toothpaste, 8.2 oz, 5-pack",1738,https://www.costco.com/crest--scope-cavity-protection-toothpaste-82-oz-5-pack.product.100711261.html
100713067,"Kirkland Signature Grass-Fed Butter, 8 oz, 4-count",1738,https://www.costco.com/kirkland-signature-grass-fed-butter-8-oz-4-count.product.100713067.html
100713183,"Round Brilliant 1.40 ctw VS2 Clarity, I Color Diamond 14kt White Gold Push Lock Stud Earrings",1738,https://www.costco.com/round-brilliant-140-ctw-vs2-clarity-i-color-diamond-14kt-white-gold-push-lock-stud-earrings.product.100713183.html
100715989,"Kirkland Signature Organic Greek Feta, 28.2 oz",1738,https://www.costco.com/kirkland-signature-organic-greek-feta-282-oz.product.100715989.html
100718359,"Kirkland Signature Facial Tissue, 3-Ply, 84-count, 12-pack",1738,https://www.costco.com/kirkland-signature-facial-tissue-3-ply-84-count-12-pack.product.100718359.html
100721568,"Lysol Disinfectant Spray, Crisp Linen, 19 oz, 3-count",1738,https://www.costco.com/lysol-disinfectant-spray-crisp-linen-19-oz-3-count.product.100721568.html
100727293,"Fairlife Nutrition Plan, 30g Protein Shake, Chocolate, 11.5 fl oz, 18-pack",1738,https://www.costco.com/fairlife-nutrition-plan-30g-protein-shake-chocolate-115-fl-oz-18-pack.product.100727293.html
100733023,"Gillette Venus Sensitive Plus Disposable Razor, 15-count",1738,https://www.costco.com/gillette-venus-sensitive-plus-disposable-razor-15-count.product.100733023.html
100734254,"Casio G-Shock Mudmaster Men's Quartz Watch, 54.9mm",1738,https://www.costco.com/casio-g-shock-mudmaster-mens-quartz-watch-549mm.product.100734254.html
100734531,LG 27 cu.ft. Smart Side-By-Side InstaView Door-in-Door Refrigerator with Craft Ice in Stainless Steel,1738,https://www.costco.com/lg-27-cuft-smart-side-by-side-instaview-door-in-door-refrigerator-with-craft-ice-in-stainless-steel.product.100734531.html
100734776,"Frontline Plus Flea and Tick Dog Treatment 89-132 lb, 7+1 Doses",1738,https://www.costco.com/frontline-plus-flea-and-tick-dog-treatment-89-132-lb-71-doses.product.100734776.html
100735424,"Coca-Cola Mini, 7.5 fl oz, 30-count",1738,https://www.costco.com/coca-cola-mini-75-fl-oz-30-count.product.100735424.html
100736451,"Orgain Organic Protein and Superfoods Plant Based Protein Powder, Creamy Chocolate Fudge, 2.64 lbs",1738,https://www.costco.com/orgain-organic-protein-and-superfoods-plant-based-protein-powder-creamy-chocolate-fudge-264-lbs.product.100736451.html
100736527,"Vital Proteins Collagen Peptides, Unflavored, 1.5 lbs",1738,https://www.costco.com/vital-proteins-collagen-peptides-unflavored-15-lbs.product.100736527.html
100737535,"Sambazon Organic Dragon Fruit Blend, 64 fl oz",1738,https://www.costco.com/sambazon-organic-dragon-fruit-blend-64-fl-oz.product.100737535.html
100737979,"Gillette Ultimate Protection 6-in-1 Antiperspirant, 3.8 oz, 5-pack",1738,https://www.costco.com/gillette-ultimate-protection-6-in-1-antiperspirant-38-oz-5-pack.product.100737979.html
100741374,Samsung 17.5 cu. ft. Smart Counter Depth 3-Door French Door Refrigerator,1738,https://www.costco.com/samsung-175-cu-ft-smart-counter-depth-3-door-french-door-refrigerator.product.100741374.html
100741625,"Chomps Original Beef Sticks, Mild, 12 Individually Wrapped Sticks",1738,https://www.costco.com/chomps-original-beef-sticks-mild-12-individually-wrapped-sticks.product.100741625.html
100745514,"Kirkland Signature Moisture Shampoo, 33.8 fl oz, 1-count",1738,https://www.costco.com/kirkland-signature-moisture-shampoo-338-fl-oz-1-count.product.100745514.html
100746247,"Kirkland Signature Moisture Conditioner, 33.8 fl oz, 1-count",1738,https://www.costco.com/kirkland-signature-moisture-conditioner-338-fl-oz-1-count.product.100746247.html
100750271,"Starbucks Caramel Macchiato Creamer, 58 fl oz",1738,https://www.costco.com/starbucks-caramel-macchiato-creamer-58-fl-oz.product.100750271.html
100752067,Yardistry 12' x 10' Gazebo with Aluminum Roof,1738,https://www.costco.com/yardistry-12-x-10-gazebo-with-aluminum-roof.product.100752067.html
100752766,"Kirkland Signature Trail Mix, 4 lbs",1738,https://www.costco.com/kirkland-signature-trail-mix-4-lbs.product.100752766.html
100753193,"Kirkland Signature Wire-Edge Holiday Ribbon, 50 yards",1738,https://www.costco.com/.product.100753193.html
100754503,SaluSpa Laguna AirJet Inflatable Hot Tub,1738,https://www.costco.com/.product.100754503.html
100756366,"Round Brilliant 1.50 ctw VS2 Clarity, I Color Diamond 14kt White Gold Dangle Earrings",1738,https://www.costco.com/round-brilliant-150-ctw-vs2-clarity-i-color-diamond-14kt-white-gold-dangle-earrings.product.100756366.html
100756482,"Goldfish Baked Snack Crackers, Cheddar, 66 oz",1738,https://www.costco.com/goldfish-baked-snack-crackers-cheddar-66-oz.product.100756482.html
100756567,Swarovski Annual Edition Ornament 2026,1738,https://www.costco.com/swarovski-annual-edition-ornament-2026.product.100756567.html
100760000,"Siete Almond Flour Tortilla, 20-count",1738,https://www.costco.com/siete-almond-flour-tortilla-20-count.product.100760000.html
100760659,"Round Brilliant 0.50 ct VS2 Clarity, I Color Diamond 14kt Gold Solitaire Pendant",1738,https://www.costco.com/round-brilliant-050-ct-vs2-clarity-i-color-diamond-14kt-gold-solitaire-pendant.product.100760659.html
100762810,London Blue Topaz and Diamond 14kt White Gold Ring,1738,https://www.costco.com/london-blue-topaz-and-diamond-14kt-white-gold-ring.product.100762810.html
100762844,"Fruit By The Foot, Variety, 0.75 oz, 48-count",1738,https://www.costco.com/fruit-by-the-foot-variety-075-oz-48-count.product.100762844.html
100765799,"La Croix Sparkling Water, Beach Plum, Guava Sao Paulo and Black Razz Berry Variety Pack, 12 fl oz, 24-count",1738,https://www.costco.com/la-croix-sparkling-water-beach-plum-guava-sao-paulo-and-black-razz-berry-variety-pack-12-fl-oz-24-count.product.100765799.html
100767860,Honeywell 22kW Home Standby Generator with Transfer Switch,1738,https://www.costco.com/honeywell-22kw-home-standby-generator-with-transfer-switch.product.100767860.html
100770569,"Kirkland Signature Trail Mix Snack Packs, 2 oz, 28-count",1738,https://www.costco.com/kirkland-signature-trail-mix-snack-packs-2-oz-28-count.product.100770569.html
100771913,StriVectin Anti-Wrinkle Intensive Eye Concentrate Plus,1738,https://www.costco.com/strivectin-anti-wrinkle-intensive-eye-concentrate-plus.product.100771913.html
100772160,London Blue Topaz and Diamond 14kt White Gold Necklace,1738,https://www.costco.com/london-blue-topaz-and-diamond-14kt-white-gold-necklace.product.100772160.html
100772263,London Blue Topaz and Diamond 14kt White Gold Earrings,1738,https://www.costco.com/london-blue-topaz-and-diamond-14kt-white-gold-earrings.product.100772263.html
100772589,"Round Brilliant 3.00 ctw VS2 Clarity, G Color Diamond Cluster 14kt White Gold Tennis Bracelet",1738,https://www.costco.com/round-brilliant-300-ctw-vs2-clarity-g-color-diamond-cluster-14kt-white-gold-tennis-bracelet.product.100772589.html
100772912,"Bibigo Steamed Soup Dumplings, Beef Pho Flavor, 36-count",1738,https://www.costco.com/bibigo-steamed-soup-dumplings-beef-pho-flavor-36-count.product.100772912.html
100773334,"Yummy Dino Buddies Dinosaur-Shaped Chicken Breast Nuggets, 5 lbs",1738,https://www.costco.com/yummy-dino-buddies-dinosaur-shaped-chicken-breast-nuggets-5-lbs.product.100773334.html
100773518,"MadeGood Organic Granola Minis, Variety Pack, 0.85 oz, 24-count",1738,https://www.costco.com/madegood-organic-granola-minis-variety-pack-085-oz-24-count.product.100773518.html
100774118,"Nasacort Allergy 24 HR, 480 Metered Sprays",1738,https://www.costco.com/nasacort-allergy-24-hr-480-metered-sprays.product.100774118.html
100774343,"Vicks Dayquil & Nyquil Severe Cold & Flu, 3 Bottles, 12 Ounces Each",1738,https://www.costco.com/vicks-dayquil--nyquil-severe-cold--flu-3-bottles-12-ounces-each.product.100774343.html
100774505,"Florastor Daily Probiotic with Vitamin D3, 120 Vegetarian Capsules",1738,https://www.costco.com/florastor-daily-probiotic-with-vitamin-d3-120-vegetarian-capsules.product.100774505.html
100775213,"Children's Tylenol Liquid Pain Relief & Fever Medicine, Dye-Free Cherry Flavor, 12 Fluid Ounces",1738,https://www.costco.com/childrens-tylenol-liquid-pain-relief--fever-medicine-dye-free-cherry-flavor-12-fluid-ounces.product.100775213.html
100775243,"Mucinex DM Maximum Strength, 56 Tablets",1738,https://www.costco.com/mucinex-dm-maximum-strength-56-tablets.product.100775243.html
100775649,"Children's Motrin Dye-Free Berry Flavor Suspension, Fever Reducer & Pain Relief, 12 Fluid Ounces",1738,https://www.costco.com/childrens-motrin-dye-free-berry-flavor-suspension-fever-reducer--pain-relief-12-fluid-ounces.product.100775649.html
100777759,"Mucinex Children's Multi-Symptom Day/Nighttime, 12 Ounces",1738,https://www.costco.com/mucinex-childrens-multi-symptom-daynighttime-12-ounces.product.100777759.html
100777760,"Mucinex Maximum Strength, 56 Tablets",1738,https://www.costco.com/mucinex-maximum-strength-56-tablets.product.100777760.html
100777841,"Kirkland Signature Arthritis Pain Relief Gel, Diclofenac Sodium Topical Gel 1%, 15.87 Ounces",1738,https://www.costco.com/kirkland-signature-arthritis-pain-relief-gel-diclofenac-sodium-topical-gel-1-1587-ounces.product.100777841.html
100778116,"Bachan's Japanese Barbecue Sauce, 34 oz",1738,https://www.costco.com/bachans-japanese-barbecue-sauce-34-oz.product.100778116.html
100778338,"CeraVe Moisturizing Cream Interchangeable Multi-Pack, 16 oz Jar with Pump + 16 oz Jar",1738,https://www.costco.com/cerave-moisturizing-cream-interchangeable-multi-pack-16-oz-jar-with-pump--16-oz-jar.product.100778338.html
100779437,"Welch's 100% Juice Drink, Variety Pack, 10 fl oz, 24-count",1738,https://www.costco.com/welchs-100-juice-drink-variety-pack-10-fl-oz-24-count.product.100779437.html
100780568,"Round Brilliant 0.35 ctw VS2 Clarity, I Color Diamond 14kt Gold Hoop Earrings",1738,https://www.costco.com/round-brilliant-035-ctw-vs2-clarity-i-color-diamond-14kt-gold-hoop-earrings.product.100780568.html
100783256,"Campbell's, Simply Chicken Noodle Soup, 18.6 oz, 8-Count",1738,https://www.costco.com/campbells-simply-chicken-noodle-soup-186-oz-8-count.product.100783256.html
100784455,London Blue and Swiss Blue Topaz 14kt White Gold Butterfly Necklace,1738,https://www.costco.com/london-blue-and-swiss-blue-topaz-14kt-white-gold-butterfly-necklace.product.100784455.html
100784646,Yardistry 8' x 7' Greenhouse,1738,https://www.costco.com/yardistry-8-x-7-greenhouse.product.100784646.html
100785824,"Amylu Teriyaki Pineapple Chicken Meatballs, 46 oz",1738,https://www.costco.com/amylu-teriyaki-pineapple-chicken-meatballs-46-oz.product.100785824.html
100787239,"Kirkland Signature Cauliflower Crust Pizza, Supreme, 2-count",1738,https://www.costco.com/kirkland-signature-cauliflower-crust-pizza-supreme-2-count.product.100787239.html
100787289,"Grapefruit, 5 lbs",1738,https://www.costco.com/grapefruit-5-lbs.product.100787289.html
100787633,"Coca-Cola Mini, Variety Pack, 7.5 fl oz, 30-count",1738,https://www.costco.com/coca-cola-mini-variety-pack-75-fl-oz-30-count.product.100787633.html
1007880,"Top Chews Chicken & Apple Sausage Bites, 40 oz",1738,https://www.costco.com/.product.1007880.html
100791659,"Kirkland Signature Organic Spinach & Cheese Ravioli, 22 oz, 2-count",1738,https://www.costco.com/kirkland-signature-organic-spinach--cheese-ravioli-22-oz-2-count.product.100791659.html
100792277,Madeira Citrine and Diamond 14kt Rose Gold Ring,1738,https://www.costco.com/madeira-citrine-and-diamond-14kt-rose-gold-ring.product.100792277.html
100792352,"Claritin 10 mg Non-Drowsy 24 Hour, 115 Tablets",1738,https://www.costco.com/claritin-10-mg-non-drowsy-24-hour-115-tablets.product.100792352.html
100792770,"Simple Mills Almond Flour Sea Salt Crackers, 10 oz, 2-count",1738,https://www.costco.com/simple-mills-almond-flour-sea-salt-crackers-10-oz-2-count.product.100792770.html
100792925,Freshwater Cultured 8-8.5mm Multi-Pink Pearl Strand With 14kt Rose Gold Clasp,1738,https://www.costco.com/freshwater-cultured-8-85mm-multi-pink-pearl-strand-with-14kt-rose-gold-clasp.product.100792925.html
100793303,Hickory Farms Sweet & Savory Snacks Gift Basket,1738,https://www.costco.com/hickory-farms-sweet--savory-snacks-gift-basket.product.100793303.html
100793746,"Kirkland Signature Aller-Flo 50 mcg Allergy Spray, 720 Metered Sprays",1738,https://www.costco.com/kirkland-signature-aller-flo-50-mcg-allergy-spray-720-metered-sprays.product.100793746.html
100795656,"S.Pellegrino Sparkling Natural Mineral Water, 16.9 fl oz, 24-count",1738,https://www.costco.com/spellegrino-sparkling-natural-mineral-water-169-fl-oz-24-count.product.100795656.html
100796883,"Pataday Extra Strength Once Daily Antihistamine Eye Drops, 7.5 ml",1738,https://www.costco.com/pataday-extra-strength-once-daily-antihistamine-eye-drops-75-ml.product.100796883.html
100799464,"Kirkland Signature Liquid Body Wash, Natural Citrus, 27 fl oz, 2-count",1738,https://www.costco.com/kirkland-signature-liquid-body-wash-natural-citrus-27-fl-oz-2-count.product.100799464.html
100799601,14kt Gold High Polish Cross Pendant,1738,https://www.costco.com/14kt-gold-high-polish-cross-pendant.product.100799601.html
100800499,"Vicks VapoInhaler Soothing Vapors, 4 Scented Sticks",1738,https://www.costco.com/vicks-vapoinhaler-soothing-vapors-4-scented-sticks.product.100800499.html
100800661,"Gatorade Thirst Quencher, Turf Variety Pack, 12 fl oz, 28-count",1738,https://www.costco.com/gatorade-thirst-quencher-turf-variety-pack-12-fl-oz-28-count.product.100800661.html
100801219,"Kirkland Signature Baby Wipes Fragrance Free, 900-count",1738,https://www.costco.com/kirkland-signature-baby-wipes-fragrance-free-900-count.product.100801219.html
100804618,"Bestway Platinum Series Power Steel 31'4"" x 16' x 52"" Above Ground Pool Set- Gray",1738,https://www.costco.com/bestway-platinum-series-power-steel-314-x-16-x-52-above-ground-pool-set--gray.product.100804618.html
100804674,H2OGO! Rectangular 10' Inflatable Family Pool,1738,https://www.costco.com/.product.100804674.html
100805013,"Golden Island Pork Snack Bites, Korean Barbecue, 1.5 oz, 12-count",1738,https://www.costco.com/golden-island-pork-snack-bites-korean-barbecue-15-oz-12-count.product.100805013.html
100805475,"Kirkland Signature, Organic Fruit and Vegetable Pouches, Variety Pack, 3.17 oz, 24-count",1738,https://www.costco.com/kirkland-signature-organic-fruit-and-vegetable-pouches-variety-pack-317-oz-24-count.product.100805475.html
100805602,"Kirkland Signature Whole Bean Coffee, French Roast, 2.5 lbs",1738,https://www.costco.com/kirkland-signature-whole-bean-coffee-french-roast-25-lbs.product.100805602.html
100809027,"Perfect Bar Refrigerated Organic Protein Bar, Variety, 12-count",1738,https://www.costco.com/perfect-bar-refrigerated-organic-protein-bar-variety-12-count.product.100809027.html
100809908,"Gillette Proglide Plus Razor Cartridge Refills, 16-count",1738,https://www.costco.com/gillette-proglide-plus-razor-cartridge-refills-16-count.product.100809908.html
100810714,"Toblerone Swiss Milk Chocolate Bar, 3.52 oz, 6-Count",1738,https://www.costco.com/toblerone-swiss-milk-chocolate-bar-352-oz-6-count.product.100810714.html
100811165,"RICO Baby Wipes, 720-count",1738,https://www.costco.com/rico-baby-wipes-720-count.product.100811165.html
100812038,"Band-Aid Adhesive Bandages, Assorted, 198-count",1738,https://www.costco.com/band-aid-adhesive-bandages-assorted-198-count.product.100812038.html
100812103,"Qunol Turmeric Plus Ginger, 200 Gummies, Tangerine",1738,https://www.costco.com/qunol-turmeric-plus-ginger-200-gummies-tangerine.product.100812103.html
100812475,"Ocean Spray, Cranberry Juice, Variety Pack, 10 fl oz, 24-Count",1738,https://www.costco.com/ocean-spray-cranberry-juice-variety-pack-10-fl-oz-24-count.product.100812475.html
100812595,"Round Brilliant 0.25 ctw VS2 Clarity, I Color Diamond Band",1738,https://www.costco.com/round-brilliant-025-ctw-vs2-clarity-i-color-diamond-band.product.100812595.html
100813037,iPad 10th generation,1738,https://www.costco.com/ipad-(10th-generation).product.100813037.html
100815606,"W+L 11oz Scented Candles, 3-pack",1738,https://www.costco.com/.product.100815606.html
100815709,"Princess Cut & Round Brilliant 1.00ctw VS2 Clarity, G Color Diamond 14kt White Gold Necklace",1738,https://www.costco.com/princess-cut--round-brilliant-100ctw-vs2-clarity-g-color-diamond-14kt-white-gold-necklace.product.100815709.html
100816543,"Scott Shop Towels, Original Multi-Purpose, Blue, 10-count",1738,https://www.costco.com/scott-shop-towels-original-multi-purpose-blue-10-count.product.100816543.html
100816657,"Invicta Bolt Stainless Steel Chronograph Men's Quartz Watch, 51mm",1738,https://www.costco.com/invicta-bolt-stainless-steel-chronograph-mens-quartz-watch-51mm.product.100816657.html
100816773,"Plums, 3 lbs",1738,https://www.costco.com/plums-3-lbs.product.100816773.html
100821382,"Beautyrest 12"" BR800 Medium Mattress",1738,https://www.costco.com/beautyrest-12-br800-medium-mattress.product.100821382.html
100823223,"Peet's Organic Dark French Roast Ground Coffee, 32 oz",1738,https://www.costco.com/peets-organic-dark-french-roast-ground-coffee-32-oz.product.100823223.html
100823401,"Oval Cut and Round Brilliant 1.52 ctw VS2 Clarity, I Color Diamond 14kt White Gold Ring",1738,https://www.costco.com/oval-cut-and-round-brilliant-152-ctw-vs2-clarity-i-color-diamond-14kt-white-gold-ring.product.100823401.html
100825666,"Nature's Bakery Fig Bar, Variety Pack, 2 oz, 40-count",1738,https://www.costco.com/.product.100825666.html
100830126,"USPS First-Class Forever Stamp, 100-count",1738,https://www.costco.com/usps-first-class-forever-stamp-100-count.product.100830126.html
100836033,"Frito Lay Classic Mix, 1 oz, Variety Pack, 54-count",1738,https://www.costco.com/frito-lay-classic-mix-1-oz-variety-pack-54-count.product.100836033.html
100836238,"Kirkland Signature Napkins, 1-Ply, 280-count, 4-pack",1738,https://www.costco.com/kirkland-signature-napkins-1-ply-280-count-4-pack.product.100836238.html
100838393,"Scotts EZ Seed Patch & Repair Bermudagrass, 25 lb",1738,https://www.costco.com/scotts-ez-seed-patch--repair-bermudagrass-25-lb.product.100838393.html
100840912,"PopCorners Popped Corn Snacks Variety Pack, 1 oz, 30-Count",1738,https://www.costco.com/popcorners-popped-corn-snacks-variety-pack-1-oz-30-count.product.100840912.html
100841513,"Kirkland Signature, Organic Coconut Water, 33.8 fl oz, 9-count",1738,https://www.costco.com/kirkland-signature-organic-coconut-water-338-fl-oz-9-count.product.100841513.html
100844502,"Poise Advanced Ultimate Absorbency Incontinence and Postpartum Long Pads, 108-Count",1738,https://www.costco.com/poise-advanced-ultimate-absorbency-incontinence-and-postpartum-long-pads-108-count.product.100844502.html
100845469,"Loacker Classic Crispy Wafers, Hazelnut, 1.59 oz, 12 Count",1738,https://www.costco.com/.product.100845469.html
100847634,Lab Created Emerald and Diamond 14kt White Gold Pendant,1738,https://www.costco.com/lab-created-emerald-and-diamond-14kt-white-gold-pendant.product.100847634.html
100847673,Lab Created Emerald and Diamond 14kt White Gold Earrings,1738,https://www.costco.com/lab-created-emerald-and-diamond-14kt-white-gold-earrings.product.100847673.html
100851125,"Similac 360 Total Care Sensitive with 5 HMO's, Non-GMO Infant Formula Powder, 40 oz",1738,https://www.costco.com/similac-360-total-care-sensitive-with-5-hmos-non-gmo-infant-formula-powder-40-oz.product.100851125.html
100851161,"Nature's Bounty Magnesium Glycinate 240 mg, 180 Capsules",1738,https://www.costco.com/natures-bounty-magnesium-glycinate-240-mg-180-capsules.product.100851161.html
100851738,"Kirkland Signature, Albacore Solid White Tuna in Water, 7 oz, 8-Count",1738,https://www.costco.com/kirkland-signature-albacore-solid-white-tuna-in-water-7-oz-8-count.product.100851738.html
100851787,"Lindt Lindor Chocolate Truffles, Assorted Flavors, 21.2 oz",1738,https://www.costco.com/lindt-lindor-chocolate-truffles-assorted-flavors-212-oz.product.100851787.html
100852045,"Similac 360 Total Care with 5 HMO's, Non-GMO Infant Formula Powder, 40 oz",1738,https://www.costco.com/similac-360-total-care-with-5-hmos-non-gmo-infant-formula-powder-40-oz.product.100852045.html
100853676,"Degree Men UltraClear+ Antiperspirant Deodorant, Black & White, 2.7 oz, 5-pack",1738,https://www.costco.com/degree-men-ultraclear-antiperspirant-deodorant-black--white-27-oz-5-pack.product.100853676.html
100854758,"Afrin No Drip Severe Congestion 12 Hour Nasal Pump Mist, 60 mL",1738,https://www.costco.com/afrin-no-drip-severe-congestion-12-hour-nasal-pump-mist-60-ml.product.100854758.html
100915138,Amara Organic Yogurt Smoothie Melts 4 (1 oz.) Bags Per Box,1738,https://www.costco.com/amara-organic-yogurt-smoothie-melts-4-1-oz-bags-per-box.product.100915138.html
100941122,"PuraVida Fire Roasted Primavera Mistura, 64 oz",1738,https://www.costco.com/puravida-fire-roasted-primavera-mistura-64-oz.product.100941122.html
100948386,Samsung 29 cu. ft. Bespoke 4-Door French Door Smart Refrigerator with Beverage Center,1738,https://www.costco.com/samsung-29-cu-ft-bespoke-4-door-french-door-smart-refrigerator-with-beverage-center.product.100948386.html
100971241,Samsung 23 cu. ft. Bespoke Counter Depth 4-Door French Door Refrigerator with Beverage Center,1738,https://www.costco.com/samsung-23-cu-ft-bespoke-counter-depth-4-door-french-door-refrigerator-with-beverage-center.product.100971241.html
100973078,Best of Hawaii Gift Set,1738,https://www.costco.com/best-of-hawaii-gift-set.product.100973078.html
100975546,"Vidalia Sweet Onions, 5 lbs",1738,https://www.costco.com/vidalia-sweet-onions-5-lbs.product.100975546.html
100976583,Greenmade 5-Tier Utility Rack,1738,https://www.costco.com/greenmade-5-tier-utility-rack.product.100976583.html
100978861,"Folgers Classic Roast Ground Coffee, Medium, 43.5 oz",1738,https://www.costco.com/folgers-classic-roast-ground-coffee-medium-435-oz.product.100978861.html
100980516,"Kirkland Signature Premium Blend BBQ Hardwood Pellets, 40 lb",1738,https://www.costco.com/kirkland-signature-premium-blend-bbq-hardwood-pellets-40-lb.product.100980516.html
100983956,"Seiko Essentials Green Sunray Dial Men's Quartz Watch, 40.2mm",1738,https://www.costco.com/seiko-essentials-green-sunray-dial-mens-quartz-watch-402mm.product.100983956.html
100986874,"Kirkland Signature Pate Cat Food Variety Pack, 3.5 oz, 45-count",1738,https://www.costco.com/kirkland-signature-pate-cat-food-variety-pack-35-oz-45-count.product.100986874.html
100989077,"Kirkland Signature Omeprazole 20 mg., 42 Tablets",1738,https://www.costco.com/kirkland-signature-omeprazole-20-mg-42-tablets.product.100989077.html
1010598,"Kirkland Signature Three Berry Blend, 4 lbs",1738,https://www.costco.com/.product.1010598.html
1010656,"Gourmet Nut Power Up Trail Mix, Mega Omega, 26 oz",1738,https://www.costco.com/.product.1010656.html
1013100,"Goldfish Baked Snack Crackers, Cheddar, 1 oz, 45-count",1738,https://www.costco.com/.product.1013100.html
1014328,"MiraLAX Powder Laxative, 68 Doses",1738,https://www.costco.com/.product.1014328.html
1014484,"Cantaloupe, 2-count",1738,https://www.costco.com/.product.1014484.html
1014809,"Kirkland Signature Protein Bar, Variety Pack, 2.12 oz, 20-count",1738,https://www.costco.com/.product.1014809.html
1015237,"Kirkland Signature Stir-Fry Vegetable Blend, 5.5 lbs",1738,https://www.costco.com/.product.1015237.html
1017650,"Kirkland Signature Triple Action Joint Health, 110 Coated Tablets",1738,https://www.costco.com/.product.1017650.html
1018249,"Organic Ataulfo Mangos, 6-count",1738,https://www.costco.com/.product.1018249.html
1018790,"Brazi Bites Brazilian Cheddar & Parmesan Cheese Bread, 62-count",1738,https://www.costco.com/.product.1018790.html
1021876,"Pierre Raw Stuffed Chicken Breasts, Cordon Bleu, 6-count",1738,https://www.costco.com/.product.1021876.html
1024662,Apple Pencil (1st Generation),1738,https://www.costco.com/.product.1024662.html
1026583,"Skinny Pop Popcorn, 0.65 oz, 28-count",1738,https://www.costco.com/.product.1026583.html
1032422,"Palmolive Ultra Strength Liquid Dish Soap, 102 fl oz",1738,https://www.costco.com/.product.1032422.html
1032767,"Mott's Organic 100% Apple Juice, 1 Gal, 2-count",1738,https://www.costco.com/.product.1032767.html
1032932,"Kirkland Signature Organic Raw Honey, 24 oz, 3-count",1738,https://www.costco.com/.product.1032932.html
1036671,"Nature Valley Biscuits with Almond Butter, 1.35 oz, 30-count",1738,https://www.costco.com/.product.1036671.html
1036732,"Organic Celery Sticks, 2.5 lbs",1738,https://www.costco.com/.product.1036732.html
1043487,"Neosporin + Max Strength Pain Relief Dual Action Topical Antibiotic Ointment, 2 Ounces",1738,https://www.costco.com/.product.1043487.html
1045706,"Kirkland Signature, Organic Virgin Coconut Oil, 84 fl oz",1738,https://www.costco.com/.product.1045706.html
1048072,"Kirkland Signature Organic Greek Yogurt, 48 oz",1738,https://www.costco.com/.product.1048072.html
1050557,"Kirkland Signature Peanut Butter Filled Pretzel Nuggets, 55 oz",1738,https://www.costco.com/.product.1050557.html
1050777,"Kirkland Signature Vitamin C 250 mg, 360 Adult Gummies",1738,https://www.costco.com/.product.1050777.html
1051972,"Kirkland Signature Calcium 500 mg with D3 & Zinc, 240 Adult Gummies",1738,https://www.costco.com/.product.1051972.html
1053793,"Healthy Choice Organic Fudge Bars, 3 fl oz, 18-count",1738,https://www.costco.com/.product.1053793.html
1054838,"Kirkland Signature Ultra Clean HE Laundry Detergent Pacs, 152-count",1738,https://www.costco.com/.product.1054838.html
1055599,"Kirkland Signature Thin Sliced Chicken Breasts, Boneless Skinless, 10 lbs",1738,https://www.costco.com/.product.1055599.html
1060126,"Terra Kai USDA Organic Juce Super Fruit & Veggie Powder, 12.2 oz",1738,https://www.costco.com/.product.1060126.html
1060788,"Snack Factory Organic Original Pretzel Crisps, 28 oz",1738,https://www.costco.com/.product.1060788.html
1069850,"Salonpas Pain Relieving Patch, 140 Patches",1738,https://www.costco.com/.product.1069850.html
1076988,Robitussin DM Day & Night Cough Relief,1738,https://www.costco.com/.product.1076988.html
107699,"CJ Bibigo Steamed Dumplings, Chicken & Vegetable, 36-count",1738,https://www.costco.com/.product.107699.html
1082650,"Round Brilliant 1.10 ctw VS2 Clarity, I Color Diamond 14kt White Gold Wedding Set, Size 7",1738,https://www.costco.com/.product.1082650.html
1082839,"FITCRUNCH Protein Bars, 16g Protein, Chocolate Peanut Butter, 1.62 oz, 18-count",1738,https://www.costco.com/.product.1082839.html
1083117,"Rodelle, Gourmet Baking Cocoa Powder, 25 oz",1738,https://www.costco.com/.product.1083117.html
1086592,"Kirkland Signature Acid Controller 20 mg, 250-count",1738,https://www.costco.com/.product.1086592.html
1089527,"Goldfish Baked Snacks, Variety Pack, 45-count",1738,https://www.costco.com/.product.1089527.html
1089787,"Kirkland Signature Flex-Tech 13-Gallon Kitchen Trash Bag, 200-count",1738,https://www.costco.com/.product.1089787.html
1089847,"Metamucil Fiber Supplement, Orange Sugar Free, 260 Servings",1738,https://www.costco.com/.product.1089847.html
1089974,"Xyzal Allergy 24 Hour Antihistamine 5 mg, 110 Tablets",1738,https://www.costco.com/.product.1089974.html
1095721,"Flonase Sensimist Allergy Relief, 360 Sprays",1738,https://www.costco.com/.product.1095721.html
1095734,"Fritos Scoops! Corn Chips, 32 oz",1738,https://www.costco.com/.product.1095734.html
1096018,"Sabatasso's Gluten-free Four-cheese Pizza, 17.5 oz, 3-count",1738,https://www.costco.com/.product.1096018.html
1098785,"Wildbrine Raw Organic Sauerkraut, 50 oz",1738,https://www.costco.com/.product.1098785.html
1101794,Kirkland Signature Nature's Domain Puppy Formula Chicken & Pea Dog Food 20 lb.,1738,https://www.costco.com/.product.1101794.html
1101956,"Enfagrow Premium Toddler Nutritional Drink, Non-GMO, Stage 3, 36.6oz",1738,https://www.costco.com/.product.1101956.html
1102928,"Centrum Silver Adults 50+, 325 Tablets",1738,https://www.costco.com/.product.1102928.html
1103106,Snapware Total Solutions 18-piece Pyrex Glass Food Storage Set,1738,https://www.costco.com/.product.1103106.html
1105926,"Nature's Bounty B-12 2500 mcg, 300 Quick Dissolve Tablets",1738,https://www.costco.com/.product.1105926.html
1105983,"Glacéau Smartwater, 1 L, 15-count",1738,https://www.costco.com/.product.1105983.html
1106007,"Nature's Bounty Vitamin D3 125 mcg, 400 Softgels",1738,https://www.costco.com/.product.1106007.html
11072245,"Kirkland Signature Fish Oil 1000 mg, 400 Softgels",1738,https://www.costco.com/kirkland-signature-fish-oil-1000-mg-400-softgels.product.11072245.html
1111161,"Dixie Ultra 10-1/16"" Paper Plate, 186-count",1738,https://www.costco.com/.product.1111161.html
1115,"Dixie 12 oz Paper Bowl, 175-count",1738,https://www.costco.com/.product.1115.html
1116038,"Kirkland Signature Shredded Mozzarella Cheese, 2.5 lbs, 2-count",1738,https://www.costco.com/.product.1116038.html
1116624,"Schiff Move Free Advanced Joint Supplement, 200 Tablets",1738,https://www.costco.com/.product.1116624.html
111894,"Lawry's Coarse Ground Garlic Salt with Parsley, 33 oz",1738,https://www.costco.com/.product.111894.html
1121864,"Neutrogena Rainbath Shower Gel, Ocean Mist, 40 fl oz",1738,https://www.costco.com/.product.1121864.html
112218,"Haagen Dazs Vanilla Milk Chocolate Almond Ice Cream Bars, 3 fl oz, 15-count",1738,https://www.costco.com/.product.112218.html
112266,"Madi Gran Panettone Italian Traditional Oven Baked Cake, 2.2 lbs",1738,https://www.costco.com/.product.112266.html
1123591,"Nature's Garden Organic Trail Mix Snack Packs, Variety Pack, 1.2 oz, 24-count",1738,https://www.costco.com/.product.1123591.html
1124028,"Teton Waters Ranch Polish Sausage, 2.25 lbs",1738,https://www.costco.com/.product.1124028.html
11245398,"Kirkland Signature Glucosamine with MSM, 375 Tablets",1738,https://www.costco.com/kirkland-signature-glucosamine-with-msm-375-tablets.product.11245398.html
1129909,"Kirkland Signature LaxaClear, 100 Doses",1738,https://www.costco.com/.product.1129909.html
11300453,Garage Doors & Openers  Enhance your home's curb appeal and security with Amarr garage doors.,1738,https://www.costco.com/.product.11300453.html
11312465,"Kirkland Signature Aller-Tec, 365 Tablets",1738,https://www.costco.com/kirkland-signature-aller-tec-365-tablets.product.11312465.html
11318658,"Refresh Plus Preservative-Free Lubricant Eye Drops, 100 Single Use Containers",1738,https://www.costco.com/refresh-plus-preservative-free-lubricant-eye-drops-100-single-use-containers.product.11318658.html
1136340,"Organic Gala Apples, 3 lbs",1738,https://www.costco.com/.product.1136340.html
1136479,"Archer Grass-Fed Beef Jerky, Mango Habanero, 16 oz",1738,https://www.costco.com/.product.1136479.html
1139689,"Kirkland Signature Tilapia Loins, 3 lbs",1738,https://www.costco.com/.product.1139689.html
1140422,"Kirkland Signature Esomeprazole 20 mg, 42 count",1738,https://www.costco.com/.product.1140422.html
1140951,"Kirkland Signature Quit Coated Gum, 2 mg., 300-pieces",1738,https://www.costco.com/.product.1140951.html
1140957,"Kirkland Signature Quit Coated Gum, 4 mg., 300-pieces",1738,https://www.costco.com/.product.1140957.html
1141000,"Kirkland Signature Original Bratwurst, 14-count, 3.5 lbs",1738,https://www.costco.com/.product.1141000.html
1143205,"Crazy Cuizine Mandarin Orange Chicken, 66 oz",1738,https://www.costco.com/.product.1143205.html
1143330,"Ocean Spray, Craisins Whole Dried Cranberries, 64 oz",1738,https://www.costco.com/.product.1143330.html
1144335,"Flonase Non-Drowsy 24 Hour Allergy Relief Nasal Spray, 432 Metered Sprays",1738,https://www.costco.com/.product.1144335.html
1145682,"Scotch-Brite Lint Roller, 95-count, 5-pack",1738,https://www.costco.com/.product.1145682.html
11467951,"Kirkland Signature Extra Strength D3 50 mcg., 600 Softgels",1738,https://www.costco.com/kirkland-signature-extra-strength-d3-50-mcg-600-softgels.product.11467951.html
1147377,"Kirkland Signature Organic Blue Agave, 36 oz, 2-count",1738,https://www.costco.com/.product.1147377.html
11487038,"Kirkland Signature Calcium 600 mg. with Vitamin D3, 500 Tablets",1738,https://www.costco.com/kirkland-signature-calcium-600-mg-with-vitamin-d3-500-tablets.product.11487038.html
1148964,"PreserVision AREDS2 Formula, 210 Soft Gels",1738,https://www.costco.com/.product.1148964.html
1150189,"Skinny Pop Organic Popcorn, 14 oz",1738,https://www.costco.com/.product.1150189.html
11543755,"Advil Ibuprofen 200 mg., Pain Reliever/Fever Reducer, 360 Tablets",1738,https://www.costco.com/advil-ibuprofen-200-mg-pain-relieverfever-reducer-360-tablets.product.11543755.html
1155049,"Gardetto's Snack Mix, Original, 1.75 oz, 42 count",1738,https://www.costco.com/.product.1155049.html
1158015,"GE 27 cu. ft. Standard Depth 3-Door French Door Refrigerator with Internal Water Dispenser and Ice Maker, Black",1738,https://www.costco.com/.product.1158015.html
11590056,"Refresh Tears Lubricant Eye Drops Multi-Pack, 65 ml.",1738,https://www.costco.com/refresh-tears-lubricant-eye-drops-multi-pack-65-ml.product.11590056.html
11601590,"trunature Prostate Plus Health Complex, 250 Softgels",1738,https://www.costco.com/trunature-prostate-plus-health-complex-250-softgels.product.11601590.html
11602332,"Kirkland Signature Non-Drowsy AllerClear Antihistamine 10 mg., 365 Tablets",1738,https://www.costco.com/kirkland-signature-non-drowsy-allerclear-antihistamine-10-mg-365-tablets.product.11602332.html
11630572,"Qunol Mega CoQ10 Ubiquinol 100 mg., 120 Softgels",1738,https://www.costco.com/qunol-mega-coq10-ubiquinol-100-mg-120-softgels.product.11630572.html
1165284,"Kirkland Signature Shredded Mexican Style Blend Cheese, 2.5 lbs, 2-count",1738,https://www.costco.com/.product.1165284.html
11661861,"Nature Made Super B-Complex, 460 Tablets",1738,https://www.costco.com/nature-made-super-b-complex-460-tablets.product.11661861.html
11661893,"Nature Made Prenatal Folic Acid + DHA, 150 Softgels",1738,https://www.costco.com/nature-made-prenatal-folic-acid--dha-150-softgels.product.11661893.html
11672433,"Kirkland Signature Calcium Citrate, Magnesium and Zinc, 500 Tablets",1738,https://www.costco.com/kirkland-signature-calcium-citrate-magnesium-and-zinc-500-tablets.product.11672433.html
11680104,"Kleenex Ultra Soft Facial Tissue, 3-Ply, 85-count, 12-pack",1738,https://www.costco.com/kleenex-ultra-soft-facial-tissue-3-ply-85-count-12-pack.product.11680104.html
1169418,"Kirkland Signature Cabernet Sauvignon, 3 L",1738,https://www.costco.com/.product.1169418.html
1169865,"Nature Made Super C with Vitamin D3 and Zinc, 200 Tablets",1738,https://www.costco.com/.product.1169865.html
1169942,"Fever Tree Ginger Beer, 9.3 fl oz, 12 count",1738,https://www.costco.com/.product.1169942.html
1172471,"Kerrygold Pure Irish Butter, Salted, 8 oz, 4-count",1738,https://www.costco.com/.product.1172471.html
11738176,"Gas-X Extra Strength, 120 Softgels",1738,https://www.costco.com/gas-x-extra-strength-120-softgels.product.11738176.html
1174112,"Kirkland Signature USDA Organic Multivitamin, 80 Coated Tablets",1738,https://www.costco.com/.product.1174112.html
11745724,"Neutrogena Rainbath Shower Gel, 40 fl oz",1738,https://www.costco.com/neutrogena-rainbath-shower-gel-40-fl-oz.product.11745724.html
1174811,"Sunny D Citrus Punch, Tangy Original, 11.3 fl oz, 30-Count",1738,https://www.costco.com/.product.1174811.html
11748454,Scotch Heavy Duty Shipping Tape 8-pack,1738,https://www.costco.com/scotch-heavy-duty-shipping-tape-8-pack.product.11748454.html
11748462,"Tylenol Extra Strength Acetaminophen 500 mg, Pain & Fever Relief, 290 Rapid Release Gelcap Tablets",1738,https://www.costco.com/tylenol-extra-strength-acetaminophen-500-mg-pain--fever-relief-290-rapid-release-gelcap-tablets.product.11748462.html
11752179,Gardenia Small Bonsai Tree,1738,https://www.costco.com/gardenia-small-bonsai-tree.product.11752179.html
11754668,"Natrol JuiceFestiv Daily Fruit & Veggie, 240 Capsules",1738,https://www.costco.com/natrol-juicefestiv-daily-fruit--veggie-240-capsules.product.11754668.html
11754682,"Natrol Melatonin 5 mg Fast Dissolve Tablets, 250 Tablets",1738,https://www.costco.com/natrol-melatonin-5-mg-fast-dissolve-tablets-250-tablets.product.11754682.html
11756709,"Amlactin Moisturizing Body Lotion with 12% Lactic Acid, 20 oz",1738,https://www.costco.com/amlactin-moisturizing-body-lotion-with-12-lactic-acid-20-oz.product.11756709.html
1176584,"Qunol Liquid CoQ10 100 mg., 30.4 Fluid Ounces",1738,https://www.costco.com/.product.1176584.html
1178969,"Kirkland Signature, Almond Flour, 3 lbs",1738,https://www.costco.com/.product.1178969.html
1181284,"Weider Red Yeast Rice Plus 1200 mg, 240 count",1738,https://www.costco.com/.product.1181284.html
1185317,"Kellogg's Rice Krispies Treats, 0.78 oz, 60-count",1738,https://www.costco.com/.product.1185317.html
1186080,"Dixie To Go 12 oz Insulated Cup & Lid, 100-count",1738,https://www.costco.com/.product.1186080.html
118652,"Carnation, Evaporated Milk, 12 fl oz, 12-Count",1738,https://www.costco.com/.product.118652.html
118677,"Nestlé Toll House, Semi-Sweet Chocolate Chip Morsels, 72 oz",1738,https://www.costco.com/.product.118677.html
1187500,"trunature Advanced Digestive Probiotic, 100 Capsules",1738,https://www.costco.com/.product.1187500.html
1189000,"Kirkland Signature Fresh Mozzarella, 18 oz, 2-count",1738,https://www.costco.com/.product.1189000.html
1191845,"Stevia in the Raw Organic Stevia Blend, 22.57 oz",1738,https://www.costco.com/.product.1191845.html
1193197,"Kirkland Signature Organic Roasted Seaweed, 0.6 oz, 10-count",1738,https://www.costco.com/.product.1193197.html
1193444,"Kirkland Signature Chinet 18 oz Plastic Cup, Red, 240-count",1738,https://www.costco.com/.product.1193444.html
1194639,"Milton's Cauliflower Crust Pizza, Roasted Vegetable, 17.8 oz, 2-count",1738,https://www.costco.com/.product.1194639.html
1195132,"14kt 22"" Adjustable Spiga Chain, Yellow Gold",1738,https://www.costco.com/.product.1195132.html
1195303,"Kirkland Signature Dry Roasted Macadamia Nuts, 1.5 lbs",1738,https://www.costco.com/.product.1195303.html
1195611,"Orgain Organic Protein and Superfoods Plant Based Protein Powder, Vanilla Bean, 2.7 lbs",1738,https://www.costco.com/.product.1195611.html
1197931,"Osteo Bi-Flex Triple Strength, 200 Tablets",1738,https://www.costco.com/.product.1197931.html
1199479,"M&M's Chocolate Peanut, 62 oz",1738,https://www.costco.com/.product.1199479.html
1199824,"Nature Made CholestOFF Plus, 210 Softgels",1738,https://www.costco.com/.product.1199824.html
1200200,"Kirkland Signature Garlic Butter Shrimp, 2 lbs",1738,https://www.costco.com/.product.1200200.html
120296,"Kirkland Signature Colombian Supremo Coffee, Whole Bean, 3 lbs",1738,https://www.costco.com/.product.120296.html
1205611,"Cottonelle Fresh Care Flushable Wipes, 560 Wipes",1738,https://www.costco.com/.product.1205611.html
1207907,"Kerrygold Pure Unsalted Irish Butter, 8 oz, 4-count",1738,https://www.costco.com/.product.1207907.html
1209115,"Qunol Liquid Turmeric 1000 mg, 30.4 fl oz",1738,https://www.costco.com/.product.1209115.html
1209607,"Kirkland Signature Praline Pecans, 2.5 lbs",1738,https://www.costco.com/.product.1209607.html
1212860,"Kirkland Signature Soft & Chewy Granola Bars, 0.85 oz, 64-count",1738,https://www.costco.com/.product.1212860.html
121288,"Organic Crimini Mushrooms, 24 oz",1738,https://www.costco.com/.product.121288.html
1214224,"Clear Care Plus Cleaning & Disinfecting Solution, 32 Fluid Ounces",1738,https://www.costco.com/.product.1214224.html
1217608,"Kirkland Signature Organic Broccoli Florets, 1 lb, 4-count",1738,https://www.costco.com/.product.1217608.html
1218715,"Nutella & GO! Hazelnut and Cocoa Spread With Breadsticks, 1.8 oz, 16 Pack",1738,https://www.costco.com/.product.1218715.html
1218891,"Vita Coco, Coconut Water, 11.1 fl oz, 18-count",1738,https://www.costco.com/.product.1218891.html
1220987,"Breathe Right Extra Strength Nasal Strips, Clear, 72 count",1738,https://www.costco.com/.product.1220987.html
1220988,"Breathe Right Extra Strength Nasal Strips, Tan, 72 count",1738,https://www.costco.com/.product.1220988.html
1223333,"Gorilla Rack 5-tier Industrial Rack, 72"" x 24"" x 84""",1738,https://www.costco.com/.product.1223333.html
1226620,"Pure Alaska Omega Wild Salmon Oil 1000 mg, 210 Softgels",1738,https://www.costco.com/.product.1226620.html
1227760,"Round Brilliant 0.50 ctw VS2 Clarity, I Color Diamond 14kt Gold Stud Earrings, White Gold",1738,https://www.costco.com/.product.1227760.html
1229285,"BelVita Breakfast Biscuit, Cinnamon Brown Sugar, 1.76 oz, 30-count",1738,https://www.costco.com/.product.1229285.html
1229303,"BelVita Breakfast Biscuits, Blueberry, 1.76 oz, 30 count",1738,https://www.costco.com/.product.1229303.html
1231411,"Pepto Bismol Ultra, 5 Symptom Digestive Relief Liquid, 36 Fluid Ounces",1738,https://www.costco.com/.product.1231411.html
1231893,"Greenridge Naturals Beef Snack Sticks, 3 oz, 12-count",1738,https://www.costco.com/.product.1231893.html
1233570,"Kirkland Signature Breaded Panko Shrimp, 2.5 lbs",1738,https://www.costco.com/.product.1233570.html
1233864,"Nature Made Magnesium Citrate 250 mg., 180 Softgels",1738,https://www.costco.com/.product.1233864.html
1235761,"trunature Cranberry 650 mg, 140 Vegetarian Capsules",1738,https://www.costco.com/.product.1235761.html
1238175,TRANQUIL GARDEN BOUQUET,1738,https://www.costco.com/.product.1238175.html
1239452,"Busseto California Snackin' Bite Size Salami & Provolone Cheese, 8-count",1738,https://www.costco.com/.product.1239452.html
1239519,"Kirkland Signature Ultra Clean Free & Clear HE Liquid Laundry Detergent, 146 loads, 194 fl oz",1738,https://www.costco.com/.product.1239519.html
1239521,"Kirkland Signature Ultra Clean HE Liquid Laundry Detergent, 146 loads, 194 fl oz",1738,https://www.costco.com/.product.1239521.html
1239636,"Good Foods Organic Avocado Mash, Sea Salt and Black Pepper, 2 oz, 16-count",1738,https://www.costco.com/.product.1239636.html
1241036,"Nature's Truth Apple Cider Vinegar 1200 mg, 180 Capsules",1738,https://www.costco.com/.product.1241036.html
1241491,"Vulcan Nitrile Gloves, Medium, Indigo",1738,https://www.costco.com/.product.1241491.html
1241492,"Vulcan Nitrile Gloves, Large, Indigo",1738,https://www.costco.com/.product.1241492.html
1241493,"Vulcan Nitrile Gloves, XL, Indigo",1738,https://www.costco.com/.product.1241493.html
1242231,"Swiss Miss, Hot Cocoa Mix, 1.38 oz, 50-Count",1738,https://www.costco.com/.product.1242231.html
1242342,"Kirkland Signature, Almond Milk, 1 qt, 12-count",1738,https://www.costco.com/.product.1242342.html
1243186,"Heavenly Hunks Organic Oatmeal Dark Chocolate Cookies, 22 oz",1738,https://www.costco.com/.product.1243186.html
1243287,"Kirkland Signaure Organic Raw Kombucha, 16 fl oz, 8-count",1738,https://www.costco.com/.product.1243287.html
1243864,"Optimum Nutrition Gold Standard 100% Whey Protein Powder, Vanilla Ice Cream, 5.47 lbs",1738,https://www.costco.com/.product.1243864.html
1243880,"Optimum Nutrition Gold Standard 100% Whey Protein Powder, 5.64 lbs, Chocolate",1738,https://www.costco.com/.product.1243880.html
1244454,"NESCAFE Taster's Choice Instant Coffee, House Blend, Light-Medium Roast, 14 oz",1738,https://www.costco.com/.product.1244454.html
124502,"Nature Valley Protein Bar, Peanut Butter Dark Chocolate, 1.42 oz, 30-count",1738,https://www.costco.com/.product.124502.html
1247956,"Round Brilliant & Baguette 1.68 ctw VS2 Clarity, I Color Diamond Platinum Ring, Size 7",1738,https://www.costco.com/.product.1247956.html
1250582,"Blue Buffalo Top Chews Pork & Chicken Sausage Dog Treats, 36 oz",1738,https://www.costco.com/.product.1250582.html
1251702,"Kirkland Signature Tempura Shrimp, 2.35 lbs, 30-count",1738,https://www.costco.com/.product.1251702.html
1252365,"Ensure Original Nutrition Shake, Vanilla, 8 fl oz, 30-count",1738,https://www.costco.com/.product.1252365.html
1252372,"Ensure Plus Nutrition Shake, Vanilla, 8 fl. oz, 30-pack",1738,https://www.costco.com/.product.1252372.html
1258564,"Country Archer Grass-Fed Beef Stick Minis Original, 0.5 oz, 28-Count",1738,https://www.costco.com/.product.1258564.html
1259303,"Vicks Severe DayQuil and NyQuil Cough, Cold & Flu Relief, 72 LiquiCaps",1738,https://www.costco.com/.product.1259303.html
1263833,"Dietz & Watson Organic Roasted Turkey Breast, 9 oz, 3-count",1738,https://www.costco.com/.product.1263833.html
1264311,"Vicks VapoRub Cough Suppressant & Topical Analgesic, 3.53 oz, 2 count",1738,https://www.costco.com/.product.1264311.html
12648,"Kirkland Signature Cutlery, Clear, 360-count",1738,https://www.costco.com/.product.12648.html
1266688,Lifetime 8' x 12.5' Resin Outdoor Storage Shed,1738,https://www.costco.com/.product.1266688.html
1268174,"PediaSure with OptiGRO Plus Kids Shake 8 fl oz., 24-count, Vanilla",1738,https://www.costco.com/.product.1268174.html
1271446,"Oikos Triple Zero Greek Nonfat Yogurt, Variety Pack, 5.3 oz, 18-count",1738,https://www.costco.com/.product.1271446.html
1272413,"Kirkland Signature, Organic Non-Dairy Oat Beverage, 32 oz, 6-count",1738,https://www.costco.com/.product.1272413.html
1274751,"One A Day Men's 50+ Multivitamin Tablets, 300 count",1738,https://www.costco.com/.product.1274751.html
1274752,"One A Day Women's 50+ Multivitamin Tablets, 300-count",1738,https://www.costco.com/.product.1274752.html
127489,"Solo Heavyweight Plastic Spoon, White, 500 count",1738,https://www.costco.com/.product.127489.html
127509,"Solo Heavyweight Plastic Fork, White, 500-count",1738,https://www.costco.com/.product.127509.html
1276481,"GoGo SqueeZ, Organic Applesauce, Variety Pack, 3.2 oz, 28-Count",1738,https://www.costco.com/.product.1276481.html
1276702,"Kirkland Signature Water Filter Cartridge, 10-pack set",1738,https://www.costco.com/.product.1276702.html
1277481,"10"" Phalaenopsis Orchid Duo",1738,https://www.costco.com/.product.1277481.html
1280819,"Kirkland Signature Organic Hummus, 2.5 oz, 20-count",1738,https://www.costco.com/.product.1280819.html
1281364,Whirlpool 20 cu. ft. Wide French Door Refrigerator with Fingerprint Resistant Stainless Steel,1738,https://www.costco.com/.product.1281364.html
1281762,"Kirkland Signature Moisture Shampoo, 33.8 fl oz, 1-count",1738,https://www.costco.com/.product.1281762.html
1282504,"General Mills Morning Summit Cereal, 38 oz",1738,https://www.costco.com/.product.1282504.html
1283891,Freshwater Cultured 8-9mm Pearl & Diamond 14kt White Gold Earrings,1738,https://www.costco.com/.product.1283891.html
1284156,"Veggies Made Great Spinach Egg White Frittatas, 20-count",1738,https://www.costco.com/.product.1284156.html
1285362,"Kirkland Signature Chunky Guacamole, Organic, 2.5 oz, 16-count",1738,https://www.costco.com/.product.1285362.html
1285702,"Colgate Total Active Prevention Plus Advanced Whitening Toothpaste, 6.4 oz, 5-pack",1738,https://www.costco.com/.product.1285702.html
1292488,"Safe Catch Ahi Wild Yellowfin Tuna Steaks, 5 oz, 6-count",1738,https://www.costco.com/.product.1292488.html
1293824,Yardistry 12' x 16' Gazebo with Aluminum Roof,1738,https://www.costco.com/.product.1293824.html
1294443,"Kirkland Signature Chicken Tenderloins, Boneless Skinless, 6 lbs",1738,https://www.costco.com/.product.1294443.html
1294446,"Kirkland Signature Chicken Wings, First and Second Sections, 10 lbs",1738,https://www.costco.com/.product.1294446.html
1298037,Snapware 38-piece Plastic Food Storage Set,1738,https://www.costco.com/.product.1298037.html
1299062,"Coca-Cola Mini, 7.5 fl oz, 30-count",1738,https://www.costco.com/.product.1299062.html
1300509,"Kirkland Signature Nut Bars, 1.41 oz, 30 count",1738,https://www.costco.com/.product.1300509.html
1300658,"Kirkland Signature Flex-Tech 13-Gallon Scented Kitchen Trash Bags, 200-count",1738,https://www.costco.com/.product.1300658.html
1302599,"Sabatino's Paleo Organic Basil and Cracked Black Pepper Chicken Sausages, 36 oz",1738,https://www.costco.com/.product.1302599.html
1303463,"Vital Proteins Collagen Peptides, Unflavored, 1.5 lbs",1738,https://www.costco.com/.product.1303463.html
1304236,"Kirkland Signature Grass-Fed Beef Patties, 1/3 lb Patty, 15-count",1738,https://www.costco.com/.product.1304236.html
1305092,"Kirkland Signature Ground Beef Patties, 1/3 lb Patty, 18-count",1738,https://www.costco.com/.product.1305092.html
1306311,"Supreme Rice Long Grain Rice, 25 lbs",1738,https://www.costco.com/.product.1306311.html
1308590,"Nature Made Extra Strength Magnesium 400 mg, 180 Softgels",1738,https://www.costco.com/.product.1308590.html
131,"Organic Brussels Sprouts, 2 lbs",1738,https://www.costco.com/.product.131.html
1310002,"Hotel Grand Feather & Down Pillow, 2-pack, Standard/Queen Size",1738,https://www.costco.com/.product.1310002.html
1312297,"Jimmy Dean Delights English Muffins, 5.1 oz, 12-count",1738,https://www.costco.com/.product.1312297.html
1312303,"Jimmy Dean Croissant Sausage Egg & Cheese, 4.5 oz, 12-count",1738,https://www.costco.com/.product.1312303.html
1316229,"Biotrue Multi-Purpose Solution, 34 Ounces",1738,https://www.costco.com/.product.1316229.html
1320289,"Perdue, Panko Breaded Chicken Breast Nuggets, 5 lbs",1738,https://www.costco.com/.product.1320289.html
1320303,"Centrum Silver Men 50+ Immune Support Multivitamin, 275 Tablets",1738,https://www.costco.com/.product.1320303.html
1320304,"Centrum Silver Women 50+ Immune Support Multivitamin, 275 Tablets",1738,https://www.costco.com/.product.1320304.html
1321637,"Kirkland Signature Italian Sausage and Beef Lasagna, 3 lbs, 2-count",1738,https://www.costco.com/.product.1321637.html
1323118,"Kirkland Signature Parchment Paper, 15 in x 164 ft, 2 count",1738,https://www.costco.com/.product.1323118.html
1324595,"Lubriderm Daily Moisture Lotion, Fragrance Free 24 fl oz, 2-count + 6 fl oz Travel Size",1738,https://www.costco.com/.product.1324595.html
132666,"Royal, Basmati Rice, 20 lbs",1738,https://www.costco.com/.product.132666.html
1327667,"Nature Made CoQ10 400 mg, 90 Softgels",1738,https://www.costco.com/.product.1327667.html
1327763,"Amylu Organic Chicken Burger with Caramelized Onion and Aged White Cheddar, 8-count",1738,https://www.costco.com/.product.1327763.html
1331206,"Pirate's Booty Aged White Cheddar Snack, 0.5 oz, 40 count",1738,https://www.costco.com/.product.1331206.html
1331846,"Kirkland Signature Semi-Sweet Chocolate Chips, 4.5 lbs",1738,https://www.costco.com/.product.1331846.html
1332345,"Natural Vitality Calm Magnesium Citrate Powder, 20 Ounces",1738,https://www.costco.com/.product.1332345.html
1333546,"Round Brilliant 0.36 ctw VS2 Clarity, I Color Diamond 14kt White Gold Stud Earrings",1738,https://www.costco.com/.product.1333546.html
133839,"Kirkland Signature Ultra Plush Microfiber Towel, Blue, 16 in x 16 in, 36-count",1738,https://www.costco.com/.product.133839.html
1338984,"Foster Farms Take Out Crispy Chicken Wings, Classic Buffalo, 4 lbs",1738,https://www.costco.com/.product.1338984.html
1339035,"Foster Farms Take Out Crispy Chicken Wings, Sweet Chipotle BBQ, 4 lbs",1738,https://www.costco.com/.product.1339035.html
1342638,"Round Brilliant 1.00 ctw VS2 Clarity, I Color Diamond 14kt Gold Stud Earrings, White Gold",1738,https://www.costco.com/.product.1342638.html
1342771,"Princess Cut 0.50 ctw VS2 Clarity, I Color Diamond 14kt Gold Stud Earrings, White Gold",1738,https://www.costco.com/.product.1342771.html
1342772,"Princess Cut 1.00 ctw VS2 Clarity, I Color Diamond 14kt Gold Stud Earrings, White Gold",1738,https://www.costco.com/.product.1342772.html
1343253,"Kirkland Signature Elegant Plastic Plates, Variety Pack, White, 50-count",1738,https://www.costco.com/.product.1343253.html
1343983,"Donsuemor, Traditional Madeleines Cake, 1 oz, 28-Count",1738,https://www.costco.com/.product.1343983.html
1344105,"Blue Buffalo Life Protection Formula Chicken and Brown Rice Recipe Dog Food, 38 lbs",1738,https://www.costco.com/.product.1344105.html
1344344,"GE 27 cu. ft. Standard Depth 3-Door French Door Refrigerator with Internal Water Dispenser and Ice Maker, White",1738,https://www.costco.com/.product.1344344.html
1345012,"Round Brilliant 5.00 ctw VS2 Clarity, I Color Diamond 14kt Gold Tennis Bracelet, White Gold",1738,https://www.costco.com/.product.1345012.html
1347776,"Kirkland Signature Wild Flower Honey, 5 lbs",1738,https://www.costco.com/.product.1347776.html
1347960,"Claritin RediTabs 10 mg 24 Hour Non-Drowsy, 70 Disintegrating Tablets",1738,https://www.costco.com/.product.1347960.html
1349614,"Kirkland Signature OPTIFIBER, 26.8 Ounces, 190 Servings",1738,https://www.costco.com/.product.1349614.html
1351200,"Beautyrest 12"" Silver BRS900 Medium Mattress, King",1738,https://www.costco.com/.product.1351200.html
1351204,"Beautyrest 12"" Silver BRS900 Medium Mattress, Queen",1738,https://www.costco.com/.product.1351204.html
1351728,"trunature Cinnamon Concentrate Cinsulin 500mg, 200 Vegetarian Capsules",1738,https://www.costco.com/.product.1351728.html
1352,"Organic Carrots, 6 lbs",1738,https://www.costco.com/.product.1352.html
1355176,"Lumify Redness Reliever Eye Drops, 15 ml.",1738,https://www.costco.com/.product.1355176.html
135576,"Zipfizz Multi-Vitamin Energy Hydration Drink Mix, Variety Pack, 30-count",1738,https://www.costco.com/.product.135576.html
1356913,Bestway H2OGO! Sea Pals Spray Pool,1738,https://www.costco.com/.product.1356913.html
1357244,Kirkland Signature Cranberry Walnut Round Bread,1738,https://www.costco.com/.product.1357244.html
1361170,"That's it Mini Fruit Bars, 24-count",1738,https://www.costco.com/.product.1361170.html
1365159,Lab Created Emerald and Diamond 14kt White Gold Ring,1738,https://www.costco.com/.product.1365159.html
1365176,Lab Created Emerald and Diamond 14kt White Gold Pendant,1738,https://www.costco.com/.product.1365176.html
1365562,"Fresh Additions Fully Cooked Chicken Breast Bites, 3.2 oz, 10-count",1738,https://www.costco.com/.product.1365562.html
1366250,"Kirkland Signature Liquid Body Wash, Natural Citrus, 27 fl oz, 2-count",1738,https://www.costco.com/.product.1366250.html
1367902,"Round Brilliant 1.00 ctw VS2 Clarity, I Color Diamond 14kt White Gold Earrings",1738,https://www.costco.com/.product.1367902.html
1368591,"Always Ultra Thin Advanced Overnight Pads, 76-count",1738,https://www.costco.com/.product.1368591.html
1369089,"Voltaren Arthritis Pain Gel, 12.34 Ounces",1738,https://www.costco.com/.product.1369089.html
13702,"Ruprecht's Irish Beef Stew, 3.09 lb avg wt",1738,https://www.costco.com/.product.13702.html
1370476,"3M Command Hanging Assortments, Hooks or Strips",1738,https://www.costco.com/.product.1370476.html
1371188,"AllerEase Organic Cotton Top Allergy Protection Pillow, 2-pack, Jumbo",1738,https://www.costco.com/.product.1371188.html
1374083,"Rao's Homemade Alfredo Sauce, 15 oz, 2-count",1738,https://www.costco.com/.product.1374083.html
137423,"Freshpet Deli Fresh Dog Food, Chicken Recipe, 6 lbs",1738,https://www.costco.com/.product.137423.html
1374492,"Welch's Fruit Snacks, .8 oz, 90-count",1738,https://www.costco.com/.product.1374492.html
1376967,"GE Profile 27.9 cu. ft. Standard Depth 4-Door French Door Refrigerator with AutoFill Water, Door-in-Door, WiFi",1738,https://www.costco.com/.product.1376967.html
1377067,"Kirkland Signature Chewy Protein Bar, Peanut Butter & Semisweet Chocolate Chip, 1.41 oz, 42-Count",1738,https://www.costco.com/.product.1377067.html
1380296,"Amylu, Chicken Breakfast Sausage Links, 2.5 lbs",1738,https://www.costco.com/.product.1380296.html
1386314,"Round Brilliant 1.00 ctw VS2 Clarity, I Color Diamond 14kt Gold Three Stone Pendant, Yellow Gold",1738,https://www.costco.com/.product.1386314.html
1388332,"Tropical Fields Organic Coconut Rolls, 11 oz",1738,https://www.costco.com/.product.1388332.html
1390413,"Kirkland Signature Fancy Whole Cashews, 2.5lbs",1738,https://www.costco.com/.product.1390413.html
1391546,"Schwartz Brothers Bakery, Organic Everything Bagel Chips, 15 oz",1738,https://www.costco.com/.product.1391546.html
1392697,"Nature's Bounty Sleep3 10 mg. Melatonin, 120 Tablets",1738,https://www.costco.com/.product.1392697.html
1392843,"Chosen Foods Avocado Oil Spray, 13.5 oz, 2-count",1738,https://www.costco.com/.product.1392843.html
1392860,"Ito En Golden Oolong Tea, Unsweetened, 16.9 fl oz, 12-count",1738,https://www.costco.com/.product.1392860.html
1394201,"Kirkland Signature, Organic Coconut Water, 11.1 fl oz, 12-count",1738,https://www.costco.com/.product.1394201.html
1394792,"Kinder Bueno Bars, 1.5 oz, 20-count",1738,https://www.costco.com/.product.1394792.html
1395061,"Advantage Premium Bright Ink Jet and Laser Paper, 8.5""x11"" Letter, White, 24lb, 97 Bright, 1 Ream of 800 Sheets",1738,https://www.costco.com/.product.1395061.html
1397147,"Kirkland Signature Bar Soap with Shea Butter, 15 Bars",1738,https://www.costco.com/.product.1397147.html
1398241,"Nature's Way Sambucus Elderberry with Vitamin C and Zinc, 120 Gummies",1738,https://www.costco.com/.product.1398241.html
1399050,Samsung 27.4 cu. ft. Large Capacity Side by Side Refrigerator,1738,https://www.costco.com/.product.1399050.html
1399051,Samsung 27.4 cu. ft. Large Capacity Side by Side Refrigerator,1738,https://www.costco.com/.product.1399051.html
1407434,"Nongshim, Tonkotsu Ramen Bowl, 3.56 oz, 6-Count",1738,https://www.costco.com/.product.1407434.html
1408247,"Trunature Ginkgo Biloba 120mg, 340 Softgels",1738,https://www.costco.com/.product.1408247.html
1415519,"Propel Fitness Water Variety Pack, 16.9 fl oz, 24-count",1738,https://www.costco.com/.product.1415519.html
1415808,"WestEnd Cuisine Grilled Chicken Skewers, Mediterranean Style, 2 oz, 14-count",1738,https://www.costco.com/.product.1415808.html
1416181,"Zena Liquid Collagen + Biotin, 30 Fluid Ounces",1738,https://www.costco.com/.product.1416181.html
1418060,"Kirkland Signature Moisture Conditioner, 33.8 fl oz, 1-count",1738,https://www.costco.com/.product.1418060.html
1419583,"GE 27 cu. ft. Standard Depth 3-Door French Door Refrigerator with Internal Water Dispenser and Ice Maker, Stainless Steel",1738,https://www.costco.com/.product.1419583.html
1421932,"Dove Moisturizing Beauty Bar Soap Original, 3.75 oz, 16-count",1738,https://www.costco.com/.product.1421932.html
1421933,"Dove Moisturizing Beauty Bar Soap Sensitive Skin, 3.75 oz, 16 Bars",1738,https://www.costco.com/.product.1421933.html
1423302,"trunature Women's Daily Probiotic, 90 Vegetarian Capsules",1738,https://www.costco.com/.product.1423302.html
142354,"RITZ Crackers, Original, 18-count",1738,https://www.costco.com/.product.142354.html
1424057,"Hidden Valley Ranch Homestyle Seasoning, Dip and Salad Dressing Mix, 20 oz",1738,https://www.costco.com/.product.1424057.html
1424237,"Kirkland Signature Grass-Fed Butter, 8 oz, 4-count",1738,https://www.costco.com/.product.1424237.html
1425470,Bestway Power Steel 22’ x 12’ x 48’’ Above Ground Oval Pool Set,1738,https://www.costco.com/.product.1425470.html
1426308,"Bestway Platinum Series Power Steel 31'4"" x 16' x 52"" Above Ground Pool Set",1738,https://www.costco.com/.product.1426308.html
1426611,"Loacker Minis Wafer Cookie Variety, 28.22 oz",1738,https://www.costco.com/.product.1426611.html
1428912,"Zyrtec 24 Hour Allergy Relief Antihistamine Cetirizine HCl 10 mg, 120 Tablets",1738,https://www.costco.com/.product.1428912.html
1433996,"Stonefire Authentic Flatbreads Naan Dippers, 19.4 oz",1738,https://www.costco.com/.product.1433996.html
1440704,"Authentic Motor City Pizza Co Detroit-Style Deep Dish Pizza, Double Pepperoni, 2-count",1738,https://www.costco.com/.product.1440704.html
1446055,"Nature's Truth Organic Apple Cider Vinegar 500 mg., 120 Gummies",1738,https://www.costco.com/.product.1446055.html
1448891,"Tyson Chicken Breast Strips, Rotisserie Seasoned, 48 oz",1738,https://www.costco.com/.product.1448891.html
1449725,"NuTrail Nut Granola, Blueberry Cinnamon, 22 oz",1738,https://www.costco.com/.product.1449725.html
1450796,"Just Bare Lightly Breaded Chicken Breast Chunks, Boneless Skinless, 4 lbs",1738,https://www.costco.com/.product.1450796.html
1451835,"Amylu Paleo Andouille Chicken Sausages, 16-count",1738,https://www.costco.com/.product.1451835.html
1456653,"Kellogg's Cracker Collection, Variety Pack, 13-stacks",1738,https://www.costco.com/.product.1456653.html
1456660,"Swiffer Sweeper Heavy Duty Dry Sweeping Cloth Refills, 50-count",1738,https://www.costco.com/.product.1456660.html
1458383,"Nature's Bounty Zinc 50 mg, 400 Caplets",1738,https://www.costco.com/.product.1458383.html
1458438,"GUM Soft-Picks Advanced Mint, 180-count",1738,https://www.costco.com/.product.1458438.html
1459734,"Nature's Bounty Ultra Strength Probiotic 10, 70 Capsules",1738,https://www.costco.com/.product.1459734.html
1462040,"Kirkland Signature Wild Argentine Raw Shrimp, 2 lb",1738,https://www.costco.com/.product.1462040.html
1462402,"Post, Honey Bunches of Oats with Almonds Cereal, 50 oz",1738,https://www.costco.com/.product.1462402.html
1462714,"Kirkland Signature Organic A2 Whole Milk, Half Gallon, 3-count",1738,https://www.costco.com/.product.1462714.html
1468143,"Round Brilliant 1.00 ctw VS2 Clarity, G Color Diamond 14kt White Gold Cross Pendant",1738,https://www.costco.com/.product.1468143.html
1469910,"Biofreeze Pain Reliever, 6 Fluid Ounce Pack",1738,https://www.costco.com/.product.1469910.html
1471986,"Peet's Organic Dark French Roast Ground Coffee, 32 oz",1738,https://www.costco.com/.product.1471986.html
1471992,"Round Brilliant 10.00 ctw VS2 Clarity, G Color Diamond 14kt Gold Eternity Strand Necklace, White Gold",1738,https://www.costco.com/.product.1471992.html
1472774,"Pure Organic Layered Fruit Bars, Variety Pack, 0.63 oz, 28-count",1738,https://www.costco.com/.product.1472774.html
1473917,"Kirkland Signature Trail Mix Snack Packs, 2 oz, 28-count",1738,https://www.costco.com/.product.1473917.html
1474151,Yardistry 12' x 20' Gazebo with Aluminum Roof,1738,https://www.costco.com/.product.1474151.html
1474436,"Kirkland Signature Trail Mix, 4 lbs",1738,https://www.costco.com/.product.1474436.html
1476391,"Nature's Bounty Immune 24 Hour +, 120 Softgels",1738,https://www.costco.com/.product.1476391.html
1476909,LG WashTower Single Unit ELECTRIC with Center Control 4.5 cu. ft. Front Load Washer and 7.4 cu. ft. Dryer in White,1738,https://www.costco.com/.product.1476909.html
1476914,LG WashTower Single Unit ELECTRIC with Center Control 4.5 cu. ft. Front Load Washer and 7.4 cu. ft. Dryer in Black Stainless Steel,1738,https://www.costco.com/.product.1476914.html
1478260,"Nature's Bounty Hair, Skin and Nails Advanced, 230 Gummies",1738,https://www.costco.com/.product.1478260.html
1479233,"Premier 21oz 4-Wick Candle, Pink",1738,https://www.costco.com/.product.1479233.html
1479236,"Premier 21oz 4-Wick Candle, Green",1738,https://www.costco.com/.product.1479236.html
1481558,"SunChips Whole Grain, Variety, 1.5 oz, 30-count",1738,https://www.costco.com/.product.1481558.html
1481822,"Allegra Allergy Non-Drowsy, 110 Tablets",1738,https://www.costco.com/.product.1481822.html
1481907,"Kirkland Signature Funhouse Treats, Variety Pack, 92 oz",1738,https://www.costco.com/.product.1481907.html
1483585,"OREO Sandwich Cookies, Variety Pack, 60-count",1738,https://www.costco.com/.product.1483585.html
1483941,"Round Brilliant 1.50 ctw VS2 Clarity, I Color Diamond 14kt White Gold Dangle Earrings",1738,https://www.costco.com/.product.1483941.html
1484855,"Cello Variety Pack, Cracker Cut, Premium Sliced Cheeses, 2 lbs",1738,https://www.costco.com/.product.1484855.html
1485523,"Kirkland Signature Organic Unbleached All Purpose Flour, 10 lbs, 2-count",1738,https://www.costco.com/.product.1485523.html
1485984,"Fairlife Nutrition Plan, 30g Protein Shake, Chocolate, 11.5 fl oz, 18-pack",1738,https://www.costco.com/.product.1485984.html
1486041,"Estroven Complete Multi-Symptom Menopause Relief, 84 Caplets",1738,https://www.costco.com/.product.1486041.html
1487435,"Kirkland Signature Arthritis Pain Relief Gel, Diclofenac Sodium Topical Gel 1%, 15.87 Ounces",1738,https://www.costco.com/.product.1487435.html
1489206,"Pringles Grab & Go Potato Crisps, Variety, 36-count",1738,https://www.costco.com/.product.1489206.html
1491038,"Frontline Plus Flea and Tick Dog Treatment 5-22 lb, 7+1 Doses",1738,https://www.costco.com/.product.1491038.html
1491063,"Frontline Plus Flea and Tick Dog Treatment 23-44 lb, 7+1 Doses",1738,https://www.costco.com/.product.1491063.html
1491066,"Frontline Plus Flea and Tick Dog Treatment 45-88 lb, 7+1 Doses",1738,https://www.costco.com/.product.1491066.html
1491069,"Frontline Plus Flea and Tick Dog Treatment 89-132 lb, 7+1 Doses",1738,https://www.costco.com/.product.1491069.html
1491084,Maytag 7.0 cu. ft. Electric Dryer with Moisture Sensing in White,1738,https://www.costco.com/.product.1491084.html
1491413,"Maytag 7.0 cu. ft. GAS Dryer with Moisture Sensing, in White",1738,https://www.costco.com/.product.1491413.html
1491866,"Go Raw Sprouted Organic Pumpkin Seeds with Sea Salt, 22 oz",1738,https://www.costco.com/.product.1491866.html
1492456,"Kirkland Signature, Albacore Solid White Tuna in Water, 7 oz, 8-Count",1738,https://www.costco.com/.product.1492456.html
1492769,"Gillette Venus Sensitive Plus Disposable Razor, 15-count",1738,https://www.costco.com/.product.1492769.html
1493488,"Kirkland Signature Baby Wipes Fragrance Free, 900-count",1738,https://www.costco.com/.product.1493488.html
1495250,"Kirkland Signature, Organic Coconut Water, 33.8 fl oz, 9-count",1738,https://www.costco.com/.product.1495250.html
1497761,Gemstone 14kt Yellow Gold Dangle Earrings; Lapis,1738,https://www.costco.com/.product.1497761.html
1498286,"Gatorade Thirst Quencher, Core Variety Pack, 12 fl oz, 28-count",1738,https://www.costco.com/.product.1498286.html
150,"Kikkoman Soy Sauce, 64 oz",1738,https://www.costco.com/.product.150.html
1502205,"Orgain Organic Protein and Superfoods Plant Based Protein Powder, Creamy Chocolate Fudge, 2.64 lbs",1738,https://www.costco.com/.product.1502205.html
1504495,"Crest + Scope Cavity Protection Toothpaste, 8.2 oz, 5-pack",1738,https://www.costco.com/.product.1504495.html
1505003,"14kt Two-Tone Gold Diamond Cut Crucifix on an 18-20"" Chain",1738,https://www.costco.com/.product.1505003.html
1505087,14kt Yellow Gold Paperclip Bracelet,1738,https://www.costco.com/.product.1505087.html
1507287,"Round Brilliant 1.40 ctw VS2 Clarity, I Color Diamond 14kt White Gold Push Lock Stud Earrings",1738,https://www.costco.com/.product.1507287.html
1509965,"Scott Shop Towels, Original Multi-Purpose, Blue, 10-count",1738,https://www.costco.com/.product.1509965.html
1513024,Ninja Flip 10-in-1 Toaster Oven & Air Fryer with Added Broil Rack,1738,https://www.costco.com/.product.1513024.html
1516973,"Gillette Ultimate Protection 6-in-1 Antiperspirant, 3.8 oz, 5-pack",1738,https://www.costco.com/.product.1516973.html
1524380,"Kirkland Signature Cauliflower Crust Pizza, Supreme, 2-count",1738,https://www.costco.com/.product.1524380.html
1525252,Freshwater Cultured 6.5-7mm Pearl 14kt Yellow Gold Strand,1738,https://www.costco.com/.product.1525252.html
1526630,"Casio G-Shock Mudmaster Men's Quartz Watch, 54.9mm",1738,https://www.costco.com/.product.1526630.html
1528163,LG 27 cu.ft. Smart Side-By-Side InstaView Door-in-Door Refrigerator with Craft Ice in Stainless Steel,1738,https://www.costco.com/.product.1528163.html
1528787,"Kirkland Signature Whole Bean Coffee, French Roast, 2.5 lbs",1738,https://www.costco.com/.product.1528787.html
1529345,"Siete Almond Flour Tortilla, 20-count",1738,https://www.costco.com/.product.1529345.html
1530604,"Sambazon Organic Dragon Fruit Blend, 64 fl oz",1738,https://www.costco.com/.product.1530604.html
1532150,"La Croix Sparkling Water, Beach Plum, Guava Sao Paulo and Black Razz Berry Variety Pack, 12 fl oz, 24-count",1738,https://www.costco.com/.product.1532150.html
1532925,"Chomps Original Beef Sticks, Mild, 12 Individually Wrapped Sticks",1738,https://www.costco.com/.product.1532925.html
1537922,Amara Organic Yogurt Smoothie Melts 4 (1 oz.) Bags Per Box,1738,https://www.costco.com/.product.1537922.html
1538359,"Kirkland Signature, Organic Fruit and Vegetable Pouches, Variety Pack, 3.17 oz, 24-count",1738,https://www.costco.com/.product.1538359.html
1538864,"Starbucks Caramel Macchiato Creamer, 58 fl oz",1738,https://www.costco.com/.product.1538864.html
1539240,StriVectin Anti-Wrinkle Intensive Eye Concentrate Plus,1738,https://www.costco.com/.product.1539240.html
1539528,SaluSpa Laguna AirJet Inflatable Hot Tub,1738,https://www.costco.com/.product.1539528.html
1542070,"Goldfish Baked Snack Crackers, Cheddar, 66 oz",1738,https://www.costco.com/.product.1542070.html
1546146,Honeywell 22kW Home Standby Generator with Transfer Switch,1738,https://www.costco.com/.product.1546146.html
1548657,"Florastor Daily Probiotic with Vitamin D3, 120 Vegetarian Capsules",1738,https://www.costco.com/.product.1548657.html
1550486,"Bibigo Steamed Soup Dumplings, Beef Pho Flavor, 36-count",1738,https://www.costco.com/.product.1550486.html
1550691,"Round Brilliant 0.50 ct VS2 Clarity, I Color Diamond 14kt Gold Solitaire Pendant, White Gold",1738,https://www.costco.com/.product.1550691.html
1552446,"Fruit By The Foot, Variety, 0.75 oz, 48-count",1738,https://www.costco.com/.product.1552446.html
1558000,"SafeRacks Storage Bin Rack, 5 Tote Capacity, NSF Certified, Black",1738,https://www.costco.com/.product.1558000.html
1559697,London Blue Topaz and Diamond 14kt White Gold Earrings,1738,https://www.costco.com/.product.1559697.html
1559698,London Blue Topaz and Diamond 14kt White Gold Necklace,1738,https://www.costco.com/.product.1559698.html
1560353,"Round Brilliant 3.00 ctw VS2 Clarity, G Color Diamond Cluster 14kt White Gold Tennis Bracelet",1738,https://www.costco.com/.product.1560353.html
1560758,"Yummy Dino Buddies Dinosaur Chicken Breast Nuggets, 5 lbs",1738,https://www.costco.com/.product.1560758.html
1560969,"MadeGood Organic Granola Minis, Variety Pack, 0.85 oz, 24-count",1738,https://www.costco.com/.product.1560969.html
1561475,"CeraVe Moisturizing Cream Interchangeable Multi-Pack, 16 oz Jar with Pump + 16 oz Jar",1738,https://www.costco.com/.product.1561475.html
1561556,"Amylu Teriyaki Pineapple Chicken Meatballs, 46 oz",1738,https://www.costco.com/.product.1561556.html
1561932,"Vicks Dayquil/Nyquil Severe Cold & Flu, 12 fl oz, 3 Count",1738,https://www.costco.com/.product.1561932.html
1561942,"Nasacort Allergy 24 HR, 480 Metered Sprays",1738,https://www.costco.com/.product.1561942.html
1562581,"Mucinex DM Maximum Strength, 56 Tablets",1738,https://www.costco.com/.product.1562581.html
1562786,"Children's Tylenol Liquid Pain Relief & Fever Medicine, Dye-Free Cherry Flavor, 12 Fluid Ounces",1738,https://www.costco.com/.product.1562786.html
1563168,"Children's Motrin Dye-Free Berry Flavor Suspension, Fever Reducer & Pain Relief, 12 Fluid Ounces",1738,https://www.costco.com/.product.1563168.html
1564814,"Simple Mills Almond Flour Sea Salt Crackers, 10 oz, 2-count",1738,https://www.costco.com/.product.1564814.html
1565663,London Blue Topaz and Diamond 14kt White Gold Ring,1738,https://www.costco.com/.product.1565663.html
1566060,"Mucinex Children's Multi-Symptom Day/Nighttime, 12 oz",1738,https://www.costco.com/.product.1566060.html
1566153,"Mucinex Maximum Strength 1200 mg Tablets, 56-count",1738,https://www.costco.com/.product.1566153.html
1566350,"Bachan's Japanese Barbecue Sauce, 34 oz",1738,https://www.costco.com/.product.1566350.html
1567724,"Kirkland Signature Canned Dog Food, 13.2 oz, 24-count",1738,https://www.costco.com/.product.1567724.html
1572002,"Campbell's, Simply Chicken Noodle Soup, 18.6 oz, 8-Count",1738,https://www.costco.com/.product.1572002.html
1574931,London Blue and Swiss Blue Topaz 14kt White Gold Butterfly Necklace,1738,https://www.costco.com/.product.1574931.html
1578895,"Band-Aid Adhesive Bandages, Assorted, 198-count",1738,https://www.costco.com/.product.1578895.html
1579880,"Coca-Cola Mini, Variety Pack, 7.5 fl oz, 30-count",1738,https://www.costco.com/.product.1579880.html
1585071,"Claritin 10 mg Non-Drowsy 24 Hour, 115 Tablets",1738,https://www.costco.com/.product.1585071.html
1585113,Madeira Citrine and Diamond 14kt Rose Gold Ring,1738,https://www.costco.com/.product.1585113.html
1585373,"Kirkland Signature Napkins, 1-Ply, 280-count, 4-pack",1738,https://www.costco.com/.product.1585373.html
1586423,Hickory Farms Sweet & Savory Snacks Gift Basket,1738,https://www.costco.com/.product.1586423.html
1586629,"Kirkland Signature Aller-Flo 50 mcg Allergy Spray, 720 Metered Sprays",1738,https://www.costco.com/.product.1586629.html
1587186,"Gillette Proglide Plus Razor Cartridge Refills, 16-count",1738,https://www.costco.com/.product.1587186.html
1590808,"Pataday Extra Strength Once Daily Antihistamine Eye Drops, 7.5 ml",1738,https://www.costco.com/.product.1590808.html
1594440,"14kt Gold High Polish Cross Pendant, Yellow Gold 18""",1738,https://www.costco.com/.product.1594440.html
1594459,"Vicks VapoInhaler Soothing Vapors, 4 Scented Sticks",1738,https://www.costco.com/.product.1594459.html
1594596,"Gatorade Thirst Quencher, Turf Variety Pack, 12 fl oz, 28-count",1738,https://www.costco.com/.product.1594596.html
1599199,"Golden Island Pork Snack Bites, Korean Barbecue, 1.5 oz, 12-count",1738,https://www.costco.com/.product.1599199.html
1600208,"Gorilla Rack Industrial Shelving, 77” x 24” x 72",1738,https://www.costco.com/.product.1600208.html
1600212,"Gorilla Rack Z-Beam 5-shelf Steel Storage Rack, 48“ x 24“ x 72""",1738,https://www.costco.com/.product.1600212.html
1603075,"Perfect Bar Refrigerated Organic Protein Bar, Variety, 12-count",1738,https://www.costco.com/.product.1603075.html
1606018,Freshwater Cultured 8-8.5mm Multi-Pink Pearl Strand With 14kt Rose Gold Clasp,1738,https://www.costco.com/.product.1606018.html
1607417,"Qunol Turmeric Plus Ginger, 200 Gummies, Tangerine",1738,https://www.costco.com/.product.1607417.html
1608549,"Ocean Spray, Cranberry Juice, Variety Pack, 10 fl oz, 24-Count",1738,https://www.costco.com/.product.1608549.html
1608575,"Beautyrest 12"" BR800 Medium Mattress, Twin",1738,https://www.costco.com/.product.1608575.html
1608576,"Beautyrest 12"" BR800 Medium Mattress, Full",1738,https://www.costco.com/.product.1608576.html
1609601,"Round Brilliant 0.35 ctw VS2 Clarity, I Color Diamond 14kt Gold Hoop Earrings, Yellow Gold",1738,https://www.costco.com/.product.1609601.html
1610159,"Kirkland Signature Premium Blend BBQ Hardwood Pellets, 40 lbs",1738,https://www.costco.com/.product.1610159.html
1611040,"Kirkland Signature Smoked Pulled Pork, Rubbed with Seasonings, 2 lbs",1738,https://www.costco.com/.product.1611040.html
1611943,AirPods 4 with Active Noise Cancellation,1738,https://www.costco.com/.product.1611943.html
1612212,"W+L 11oz Scented Candles, 3 pack",1738,https://www.costco.com/.product.1612212.html
1612661,"Princess Cut & Round Brilliant 1.00ctw VS2 Clarity, G Color Diamond 14kt White Gold Necklace",1738,https://www.costco.com/.product.1612661.html
1613181,"Degree Men UltraClear+ Antiperspirant Deodorant, Black & White, 2.7 oz, 5-pack",1738,https://www.costco.com/.product.1613181.html
1613683,"Invicta Bolt Stainless Steel Chronograph Men's Quartz Watch, 51mm",1738,https://www.costco.com/.product.1613683.html
1615853,"Boulder Organic Chicken Wild Rice Soup, 24 oz, 2-count",1738,https://www.costco.com/.product.1615853.html
1615946,"Oval Cut and Round Brilliant 1.52 ctw VS2 Clarity, I Color Diamond 14kt White Gold Ring",1738,https://www.costco.com/.product.1615946.html
1616284,"Irish Spring Bar Soap, 4.5 oz, 20-count",1738,https://www.costco.com/.product.1616284.html
1617506,"Kirkland Signature Organic Whole Cashews, Unsalted, Unroasted, 2.5 lbs",1738,https://www.costco.com/.product.1617506.html
1618249,"Scotts EZ Seed Patch & Repair Bermudagrass, 25 lbs",1738,https://www.costco.com/.product.1618249.html
1618252,"Nature's Bakery Fig Bar, Variety Pack, 2 oz, 40-count",1738,https://www.costco.com/.product.1618252.html
162274,"Chicken of the Sea, Chunk Light Premium Tuna in Water, 7 oz, 12-Count",1738,https://www.costco.com/.product.162274.html
1624032,"Similac 360 Total Care Sensitive with 5 HMO's, Non-GMO Infant Formula Powder, 40 oz",1738,https://www.costco.com/.product.1624032.html
1624039,"Similac 360 Total Care with 5 HMO's, Non-GMO Infant Formula Powder, 40 oz",1738,https://www.costco.com/.product.1624039.html
1624490,"Giovanni Rana Beef and Short Rib Lasagna, 42 oz",1738,https://www.costco.com/.product.1624490.html
1627770,"Frito Lay Classic Mix, 1 oz, Variety Pack, 54-count",1738,https://www.costco.com/.product.1627770.html
1631745,"Duracell Lithium 2032 Coin Batteries, 12-count",1738,https://www.costco.com/.product.1631745.html
1632656,"PopCorners Popped Corn Snacks Variety Pack, 1 oz, 30-Count",1738,https://www.costco.com/.product.1632656.html
1636643,"Loacker Classic Crispy Wafers, Hazelnut, 1.59 oz, 12 Count",1738,https://www.costco.com/.product.1636643.html
1637777,"Round Brilliant 0.25 ctw VS2 Clarity, I Color Diamond Band, White Gold, Size 7",1738,https://www.costco.com/.product.1637777.html
1640278,Lab Created Emerald and Diamond 14kt White Gold Pendant,1738,https://www.costco.com/.product.1640278.html
1640416,Lab Created Emerald and Diamond 14kt White Gold Earrings,1738,https://www.costco.com/.product.1640416.html
1644223,"Nature's Bounty Magnesium Glycinate 240 mg, 180 Capsules",1738,https://www.costco.com/.product.1644223.html
1644309,"Kirkland Signature Wild Smoked Sockeye Salmon, 8 oz, 2-count",1738,https://www.costco.com/.product.1644309.html
1644517,"Samsung 23 cu. ft. Bespoke Counter Depth 4-Door French Door Refrigerator with Beverage Center, White Glass",1738,https://www.costco.com/.product.1644517.html
1644519,"Samsung 23 cu. ft. Bespoke Counter Depth 4-Door French Door Refrigerator with Beverage Center, Stainless Steel",1738,https://www.costco.com/.product.1644519.html
1644523,"Samsung 29 cu. ft. Bespoke 4-Door French Door Smart Refrigerator with Beverage Center, White Glass",1738,https://www.costco.com/.product.1644523.html
1644524,"Samsung 29 cu. ft. Bespoke 4-Door French Door Smart Refrigerator with Beverage Center, Morning Blue Glass White Glass",1738,https://www.costco.com/.product.1644524.html
1644525,"Samsung 29 cu. ft. Bespoke 4-Door French Door Smart Refrigerator with Beverage Center, Stainless Steel",1738,https://www.costco.com/.product.1644525.html
1644559,Samsung 23 cu. ft. Counter Depth 4-Door French Door Refrigerator with Beverage Center in Stainless Steel,1738,https://www.costco.com/.product.1644559.html
1644605,"Lindt Lindor Chocolate Truffles, Assorted Flavors, 21.2 oz",1738,https://www.costco.com/.product.1644605.html
1645578,"Kirkland Signature Extra Fancy Mixed Nuts, Salted, 2.5 lbs",1738,https://www.costco.com/.product.1645578.html
1645630,"PuraVida Fire Roasted Primavera Mistura, 64 oz",1738,https://www.costco.com/.product.1645630.html
1645948,Parks 5-piece Counter Height Dining Set,1738,https://www.costco.com/.product.1645948.html
1645949,Baxter 5-piece Dining Set,1738,https://www.costco.com/.product.1645949.html
1646063,Sanders Leather Power Recliner with Power Headrest,1738,https://www.costco.com/.product.1646063.html
1646075,Rose 6 Drawer Dresser,1738,https://www.costco.com/.product.1646075.html
1646076,Rose Nightstand,1738,https://www.costco.com/.product.1646076.html
1647381,"Kirkland Signature Pate Cat Food Variety Pack, 3.5 oz, 45-count",1738,https://www.costco.com/.product.1647381.html
1648450,"Afrin No Drip Severe Congestion 12 Hour Nasal Pump Mist, 60 ml",1738,https://www.costco.com/.product.1648450.html
164950,"Kirkland Signature, Whole Black Peppercorn, 14.1 oz",1738,https://www.costco.com/.product.164950.html
164981,"Kirkland Signature Fine Ground Black Pepper, 12.3 oz",1738,https://www.costco.com/.product.164981.html
165041,"Kirkland Signature Organic No-Salt Seasoning, 14.5 oz",1738,https://www.costco.com/.product.165041.html
1651355,Sony HT-BC50 3.1 Ch Soundbar with Wireless Subwoofer,1738,https://www.costco.com/.product.1651355.html
1652577,"Kirkland Signature Extra Fancy Mixed Nuts, Unsalted, 2.5 lbs",1738,https://www.costco.com/.product.1652577.html
1652990,"Kirkland Signature Premoistened Flushable Wipes, Fragrance Free, 640-count",1738,https://www.costco.com/.product.1652990.html
1654375,"Neutrogena Rainbath Shower Gel, Original, 40 fl oz",1738,https://www.costco.com/.product.1654375.html
1654505,"Bestway Steel Pro MAX 13' x 30” Round Above Ground Pool Set, White",1738,https://www.costco.com/.product.1654505.html
1654577,SaluSpa Ventura EnergySense Smart Air Jet 6-8 Person Inflatable Hot Tub Spa,1738,https://www.costco.com/.product.1654577.html
1656745,Best of Hawaii Gift Set,1738,https://www.costco.com/.product.1656745.html
1658550,"Kirkland Signature Snacking Nuts Variety Pack, 1.6 oz, 21-count",1738,https://www.costco.com/.product.1658550.html
16594,"Trident Seafoods Alaskan Salmon Burgers, 4 oz, 12-count",1738,https://www.costco.com/.product.16594.html
1660437,"Folgers Classic Roast Ground Coffee, Medium, 43.5 oz",1738,https://www.costco.com/.product.1660437.html
1663600,JBL Cinema SB595 3.1.2 Ch Soundbar with Wireless Subwoofer,1738,https://www.costco.com/.product.1663600.html
1665191,"Kirkland Signature Glucosamine & Chondroitin, 280 Tablets",1738,https://www.costco.com/.product.1665191.html
1665457,"Seiko Essentials Green Sunray Dial Men's Quartz Watch, 40.2mm",1738,https://www.costco.com/.product.1665457.html
1667705,"Ascent 100% Whey, Native Whey Protein Blend, Vanilla Bean, 4.25 lbs",1738,https://www.costco.com/.product.1667705.html
1668599,"Dixie Ultra 8-1/2"" Paper Plate, 240-count",1738,https://www.costco.com/.product.1668599.html
1669785,"Kirkland Signature Omeprazole 20 mg., 42 Tablets",1738,https://www.costco.com/.product.1669785.html
1669857,"Jackson's Kettle Cooked Sweet Potato Chips, Sea Salt, 16 oz",1738,https://www.costco.com/.product.1669857.html
1671617,"Sanctuary 6.0 cu. ft. Gun Safe, Electronic Lock, Water & Fire Rated",1738,https://www.costco.com/.product.1671617.html
1672091,"Simply Fuel Protein Balls, 14.4 oz",1738,https://www.costco.com/.product.1672091.html
1672667,"Round Brilliant 0.75 ctw VS2 Clarity, G Color Diamond 14kt White Gold Ring, Size 7",1738,https://www.costco.com/.product.1672667.html
1673330,14kt Yellow Gold Hoop Earrings,1738,https://www.costco.com/.product.1673330.html
1674070,"Emergen-C 1000 mg Vitamin C Daily Immune Support Variety Pack Drink Mix, 120 Packets",1738,https://www.costco.com/.product.1674070.html
1674847,"Sports Research Plant-Based D3 + K2, 160-count",1738,https://www.costco.com/.product.1674847.html
1675745,"Nonni’s Biscotti, Almond Dark Chocolate, 1.34 oz, 25-count",1738,https://www.costco.com/.product.1675745.html
1676442,"Herodog Outer Armor Durable Dog Toys, 3-pack",1738,https://www.costco.com/.product.1676442.html
1680301,"Enfamil NeuroPro Care Gentlease Formula, 20 oz, 2-pack",1738,https://www.costco.com/.product.1680301.html
1680310,"Variety Snack Pack, 40-count",1738,https://www.costco.com/.product.1680310.html
1680353,DeWalt Lithium Jump Starter with Compressor and USB Power Bank,1738,https://www.costco.com/.product.1680353.html
1681898,"Austin Cake Ball Catering Assortment, 48 Cake Balls",1738,https://www.costco.com/.product.1681898.html
1683859,"Sports Research Triple Strength Omega-3 Fish Oil, 150 Fish Softgels",1738,https://www.costco.com/.product.1683859.html
1685578,"Bibigo, Cooked Sticky White Rice Bowls, Medium Grain, 7.4 oz, 12-Count",1738,https://www.costco.com/.product.1685578.html
1685616,"Kirkland Signature Milk Chocolate Covered Almonds, 48 oz",1738,https://www.costco.com/.product.1685616.html
1687180,14kt Yellow Gold Rope Chain Bracelet,1738,https://www.costco.com/.product.1687180.html
1687275,"Qunol Ultra CoQ10 100 mg, 180 Softgels",1738,https://www.costco.com/.product.1687275.html
1687601,Tahitian Cultured 8-9mm Pearl & Diamond 14kt White Gold Necklace,1738,https://www.costco.com/.product.1687601.html
1691251,Midea 18.7 cu. ft. Bottom Mount Freezer Refrigerator,1738,https://www.costco.com/.product.1691251.html
1692255,"RICO Baby Wipes, 720-count",1738,https://www.costco.com/.product.1692255.html
1692715,"Qunol Magnesium Extra Strength 250 mg, 150 Gummies",1738,https://www.costco.com/.product.1692715.html
1694269,"Nutella B-Ready Crispy Wafers Filled with Nutella, 0.7 oz, 36-count",1738,https://www.costco.com/.product.1694269.html
1694426,"Orgain Collagen Peptides + Probiotics, Unflavored, 1.6 lbs",1738,https://www.costco.com/.product.1694426.html
1694813,"Suncast 6' x 5' Modern Shed, Gray",1738,https://www.costco.com/.product.1694813.html
1695130,"Cetaphil Moisturizing Lotion, Dry to Normal Sensitive Skin, 20 fl oz, 2-count",1738,https://www.costco.com/.product.1695130.html
1695152,"Cetaphil Gentle Skin Cleanser, Dry to Normal Sensitive Skin, 20 fl oz, 2-count",1738,https://www.costco.com/.product.1695152.html
1695155,"Cetaphil Moisturizing Cream Ultimate with Prebiotic Aloe, Very Dry to Dry Sensitive Skin, 20 oz + 16 oz, 2-pack",1738,https://www.costco.com/.product.1695155.html
1695459,"Henredon Murphy Swivel Boucle Chair, Cream",1738,https://www.costco.com/.product.1695459.html
1695493,"Harrison Dining Chair, 2-pack, Black",1738,https://www.costco.com/.product.1695493.html
1695494,"Harrison Dining Chair, 2-pack, Tan",1738,https://www.costco.com/.product.1695494.html
1696849,"Neutrogena Beach Defense Sunscreen Spray SPF 60+, 8.5 oz, 2-pack",1738,https://www.costco.com/.product.1696849.html
169730,"Cuisine Adventures French Onion Soup, 10 oz, 6-count",1738,https://www.costco.com/.product.169730.html
1697407,"TUMS Chewy Bites, 108ct",1738,https://www.costco.com/.product.1697407.html
1698212,"Nature Made Fish Oil, 1200mg, 300 Softgels",1738,https://www.costco.com/.product.1698212.html
1698562,"Novaform DreamAway 8"" Gel Memory Foam Mattress, Twin",1738,https://www.costco.com/.product.1698562.html
1698564,"Novaform DreamAway 8"" Gel Memory Foam Mattress, Full",1738,https://www.costco.com/.product.1698564.html
1699741,"Gillette Venus ComfortGlide Essential Botanicals, 1 Razor + 12 Cartridges Gel",1738,https://www.costco.com/.product.1699741.html
1700118,"Skinny Dipped Cups, Dark Chocolate Peanut Butter, 30-count",1738,https://www.costco.com/.product.1700118.html
1700279,"Zarbee's Children's Cough Daytime / Nighttime, Two 4 Ounce Daytime + One 4 Ounce Nighttime",1738,https://www.costco.com/.product.1700279.html
1702153,"Crest Pro Health Advanced Toothpaste, 5.9 oz, 5-pack",1738,https://www.costco.com/.product.1702153.html
1707643,"Milano Cookies, Double Dark Chocolate, 0.98 oz, 30-count",1738,https://www.costco.com/.product.1707643.html
1708833,"Invicta Bolt Stainless Steel Women's Quartz Watch, 36.5mm",1738,https://www.costco.com/.product.1708833.html
1709318,"Tide Ultra Concentrated Liquid Laundry Detergent, Original, 152 Loads, 170 fl oz",1738,https://www.costco.com/.product.1709318.html
1711799,"Kirkland Signature Extra Strength Energy Shot, 2 fl oz, 48-count",1738,https://www.costco.com/.product.1711799.html
1712915,"Whirlpool 24 in. Top Control Built-In Fingerprint Resistant Stainless Steel Dishwasher with 3rd Rack, 51 dBA",1738,https://www.costco.com/.product.1712915.html
1713422,Yardistry 8' x 10' Greenhouse,1738,https://www.costco.com/.product.1713422.html
1713499,Bridgeton 7-piece Outdoor Patio Seating Set,1738,https://www.costco.com/.product.1713499.html
1713510,Agio Menorca 4-piece Outdoor Patio Deep Seating Set,1738,https://www.costco.com/.product.1713510.html
1713552,SunVilla Havana 4-piece Fire Pit Outdoor Patio Seating Set,1738,https://www.costco.com/.product.1713552.html
1713786,"Kirkland Signature Roasted Almonds, Sea Salt, 2.5 lbs",1738,https://www.costco.com/.product.1713786.html
1714054,"14kt Gold Hoop Earrings, Yellow Gold",1738,https://www.costco.com/.product.1714054.html
1714058,"14kt Gold Hoop Earrings, White Gold",1738,https://www.costco.com/.product.1714058.html
1714846,Roundup Dual Action Weed and Grass Killer Plus 4 Month Preventer with Easy Mix Refill,1738,https://www.costco.com/.product.1714846.html
1715567,LG Counter-Depth MAX with Zero Clearance 3-Door French Door Refrigerator,1738,https://www.costco.com/.product.1715567.html
1715568,LG 26 cu. ft. Smart Counter-Depth MAX French Door Refrigerator,1738,https://www.costco.com/.product.1715568.html
1716201,"Nature's Garden, Probiotic Strawberry Yoggies, 0.7 oz,  30-count",1738,https://www.costco.com/.product.1716201.html
1717853,"Scotch-Brite Heavy Duty Sponge, 24-count",1738,https://www.costco.com/.product.1717853.html
1717856,"Scotch-Brite Zero Scratch Sponge, 24-count",1738,https://www.costco.com/.product.1717856.html
1719185,"Babybel Mini Snack Cheese, Original, 0.71 oz, 36-count",1738,https://www.costco.com/.product.1719185.html
1719200,"Country Farms Fiber Care Gummies, 240 Gummies",1738,https://www.costco.com/.product.1719200.html
1720447,"StriVectin TL Advanced Tightening Neck Cream Plus, 1 oz, 2-pack",1738,https://www.costco.com/.product.1720447.html
1722208,"Kirkland Signature by Stearns & Foster 14.5"" Pillow Top Lakeridge Mattress, Queen",1738,https://www.costco.com/.product.1722208.html
1722209,"Kirkland Signature by Stearns & Foster 14.5"" Pillow Top Lakeridge Mattress, King",1738,https://www.costco.com/.product.1722209.html
1722210,"Kirkland Signature by Stearns & Foster 14.5"" Pillow Top Lakeridge Mattress, Cal King",1738,https://www.costco.com/.product.1722210.html
1723201,"Novaform 14” ComfortGrande Advanced Gel Memory Foam Mattress, Twin",1738,https://www.costco.com/.product.1723201.html
1723202,"Novaform 14” ComfortGrande Advanced Gel Memory Foam Mattress, Full",1738,https://www.costco.com/.product.1723202.html
1723203,"Novaform 14” ComfortGrande Advanced Gel Memory Foam Mattress, Queen",1738,https://www.costco.com/.product.1723203.html
1723204,"Novaform 14” ComfortGrande Advanced Gel Memory Foam Mattress, King",1738,https://www.costco.com/.product.1723204.html
1724621,"Kohler Jaro One-Piece Elongated Smart Toilet, Dual-flush",1738,https://www.costco.com/.product.1724621.html
1724739,"LG 20 cu. ft. Top Freezer Refrigerator, Stainless Steel",1738,https://www.costco.com/.product.1724739.html
1725830,"Kirkland Signature Fabric Softener Sheets, 250 Sheets, 2-count",1738,https://www.costco.com/.product.1725830.html
1725952,"Kirkland Signature Ultra Soft Bath Tissue, 2-Ply, 231 Sheets, 36 Rolls",1738,https://www.costco.com/.product.1725952.html
1726089,"Kirkland Signature House Blend Whole Bean Coffee, Medium Roast, 2.5 lbs",1738,https://www.costco.com/.product.1726089.html
1726382,"The SnakYard Organic Sweet Potato Sticks, 2.82 oz, 6-count",1738,https://www.costco.com/.product.1726382.html
1728220,"Round Brilliant 5.00 ctw VS2 Clarity, G Color Diamond 14kt Gold Strand Necklace",1738,https://www.costco.com/.product.1728220.html
1728226,"Round Brilliant 5.00 ctw VS2 Clarity, G Color Diamond 14kt Gold Strand Necklace",1738,https://www.costco.com/.product.1728226.html
1729162,BARK Winter Wooferland Toy and Treat Dog Advent Calendar,1738,https://www.costco.com/.product.1729162.html
1729192,"120 Stem Ranunculus, Burgundy",1738,https://www.costco.com/.product.1729192.html
1729193,"120 Stem Ranunculus, Pink",1738,https://www.costco.com/.product.1729193.html
1729197,"120 Stem Ranunculus, Orange",1738,https://www.costco.com/.product.1729197.html
1729200,"120 Stem Ranunculus, White",1738,https://www.costco.com/.product.1729200.html
1729692,"Nature's Bounty Optimal Solutions Hair Growth, 90 Capsules",1738,https://www.costco.com/.product.1729692.html
1731104,"Crest Pro-Health Advanced Mouthwash, 33.8 fl oz, 3-pack",1738,https://www.costco.com/.product.1731104.html
1731394,Kohler Layne Quick Release Elongated Toilet Seat,1738,https://www.costco.com/.product.1731394.html
1731876,"Sonos Era 100 Speakers 2-pack, Black",1738,https://www.costco.com/.product.1731876.html
1732322,LG 30 cu. ft. Smart Standard-Depth MAX 4-Door French Door Refrigerator with Full-Convert Drawer,1738,https://www.costco.com/.product.1732322.html
1732323,"LG 29 cu. ft. Smart Standard-Depth MAX 4-Door French Door Refrigerator with Full-Convert Drawer, in Stainless Steel",1738,https://www.costco.com/.product.1732323.html
1732802,"Kirkland Signature Sweet Heat Snack Mix, 24 oz",1738,https://www.costco.com/.product.1732802.html
1733532,"Dash 14” Family Size Electric Skillet, Ceramic",1738,https://www.costco.com/.product.1733532.html
1733533,Cuisinart Precision Prep 3-in-1 Immersion Blending System,1738,https://www.costco.com/.product.1733533.html
1733535,Allspace 2 in 1 LED Vanity Mirror and Lamp,1738,https://www.costco.com/.product.1733535.html
1734412,"Nature Made Extra Strength Vitamin C 500 mg, 180 Gummies",1738,https://www.costco.com/.product.1734412.html
1734859,"Kirkland Signature Chunks in Gravy, Canned Cat Food Variety Pack, 3 oz, 48-count",1738,https://www.costco.com/.product.1734859.html
1735359,"Kirkland Signature Mild Italian Sausage, 3.5 lbs",1738,https://www.costco.com/.product.1735359.html
1736931,"Kirkland Signature Lightly Breaded Chicken Breast Chunks, 4 lbs",1738,https://www.costco.com/.product.1736931.html
1737189,"Neutrogena Hydro Boost Water Cream, 1.7 fl oz, 2-pack",1738,https://www.costco.com/.product.1737189.html
1738485,LG S80TY 3.1.3 Ch Soundbar with Wireless Subwoofer,1738,https://www.costco.com/.product.1738485.html
1738697,"Blue Sapphire and Diamond 14kt White Gold Band, Size 7",1738,https://www.costco.com/.product.1738697.html
1739980,7.5' Pre-Lit Radiant Micro LED with Twinkle Artificial Christmas Tree,1738,https://www.costco.com/.product.1739980.html
1740065,Green Malachite 14kt Yellow Gold Necklace,1738,https://www.costco.com/.product.1740065.html
1740069,Green Malachite 14kt Yellow Gold Oval Hoop Earrings,1738,https://www.costco.com/.product.1740069.html
1740072,Black Onyx Bead 14kt Yellow Gold Necklace,1738,https://www.costco.com/.product.1740072.html
1740554,H2OGO! Inflatable Family Lounge Pool,1738,https://www.costco.com/.product.1740554.html
1740555,SaluSpa Coronado EnergySense Square Air Jet 4-6 Person Inflatable Spa,1738,https://www.costco.com/.product.1740555.html
1740556,"Kirkland Signature 7-piece Players Iron Set, Right Handed, Regular",1738,https://www.costco.com/.product.1740556.html
1740645,SaluSpa Ventura EnergySense Smart Air Jet 6-8 Person Inflatable Hot Tub Spa,1738,https://www.costco.com/.product.1740645.html
1740668,"Kirkland Signature Adjustable Driver, Regular",1738,https://www.costco.com/.product.1740668.html
1740675,"Bestway Platinum Series Power Steel 20' x 12' x 48"" Oval Pool Set",1738,https://www.costco.com/.product.1740675.html
1740682,H2OGO! Under the Sea 10' Splash Pad,1738,https://www.costco.com/.product.1740682.html
1740884,Kohler Adair One-Piece Elongated Toilet,1738,https://www.costco.com/.product.1740884.html
1742162,"Siete Grain Free Tortilla Chips, Variety Pack, 1 oz, 14-count",1738,https://www.costco.com/.product.1742162.html
1742398,"youtheory Ashwagandha 1000 mg, 180 Vegetarian Capsules",1738,https://www.costco.com/.product.1742398.html
1743030,"Kirkland Signature Organic Whole Milk, 8 fl oz, 18-count",1738,https://www.costco.com/.product.1743030.html
1743415,"PurpleRenew 11"" Gel Grid Mattress, King",1738,https://www.costco.com/.product.1743415.html
1743417,"PurpleRenew 11"" Gel Grid Mattress, Queen",1738,https://www.costco.com/.product.1743417.html
1744538,"Kirkland Signature Pate Wet Dog Food Variety Pack, 3.5 oz, 45-count",1738,https://www.costco.com/.product.1744538.html
1744591,"The Cake Bake Shop 8"" Round Carrot Cake (16-22 Servings)",1738,https://www.costco.com/.product.1744591.html
1744671,"Filtrete Air Filter 1”, MPR 2500 MERV 14, High Performance Premium Allergen, Ultrafine Particles, Bacteria and Virus Filter, 4-pack, 16 x 20 x 1",1738,https://www.costco.com/.product.1744671.html
1744673,"Filtrete Air Filter 1”, MPR 2500 MERV 14, High Performance Premium Allergen, Ultrafine Particles, Bacteria and Virus Filter, 4-pack, 16 x 25 x 1",1738,https://www.costco.com/.product.1744673.html
1744674,"Filtrete Air Filter 1”, MPR 2500 MERV 14, High Performance Premium Allergen, Ultrafine Particles, Bacteria and Virus Filter, 4-pack, 20 x 20 x 1",1738,https://www.costco.com/.product.1744674.html
1744675,"Filtrete Air Filter 1”, MPR 2500 MERV 14, High Performance Premium Allergen, Ultrafine Particles, Bacteria and Virus Filter, 4-pack, 20 x 25 x 1",1738,https://www.costco.com/.product.1744675.html
1744676,"Filtrete Air Filter 1”, MPR 2500 MERV 14, High Performance Premium Allergen, Ultrafine Particles, Bacteria and Virus Filter, 4-pack, 20 x 30 x 1",1738,https://www.costco.com/.product.1744676.html
1744700,"Pantene Multi-Tasker 10 Shampoo, 38.2 fl oz",1738,https://www.costco.com/.product.1744700.html
1744701,"Pantene Multi-Tasker 10 Conditioner, 38.2 fl oz",1738,https://www.costco.com/.product.1744701.html
1745991,"14kt Gold Diamond Cut Round Box Chain, Yellow Gold, 18""",1738,https://www.costco.com/.product.1745991.html
1745992,"14kt Gold Diamond Cut Box Chain, Yellow Gold, 18""",1738,https://www.costco.com/.product.1745992.html
1746233,"Round Brilliant 0.50 ctw VS2 Clarity, I Color Diamond 14kt Yellow Gold Flower Pendant",1738,https://www.costco.com/.product.1746233.html
1746847,"Extra Sugar Free Chewing Gum, Mint Variety Pack, 15 Sticks, 18-Count",1738,https://www.costco.com/.product.1746847.html
1746909,"Samyang Buldak Ramen Carbonara, Spicy Chicken, 3.7 oz, 6-count",1738,https://www.costco.com/.product.1746909.html
1747557,"Systane Complete Preservative Free Lubricant Drops, 30ml",1738,https://www.costco.com/.product.1747557.html
1748260,"Versace Hellenyium Green Sunray Dial Quartz Men's Watch, 42mm",1738,https://www.costco.com/.product.1748260.html
1748383,"Round Brilliant 1.00 ctw VS2 Clarity, I Color Diamond 14kt Gold Hoop Earrings, Yellow Gold",1738,https://www.costco.com/.product.1748383.html
1748384,"Round Brilliant 0.30 ctw VS2 Clarity, I Color Diamond 14kt Gold Hoop Earrings, White Gold",1738,https://www.costco.com/.product.1748384.html
1748473,"Round Brilliant 0.80 ctw VS2 Clarity, I Color Solitaire Diamond 14kt White Gold Stud Earrings",1738,https://www.costco.com/.product.1748473.html
1748492,"Round Brilliant 0.73 ctw VS2 Clarity, I Color Diamond 14kt Gold Clover Necklace, Yellow Gold",1738,https://www.costco.com/.product.1748492.html
1748763,"Kirkland Signature Breakfast Sandwich, 4.82 oz, 8-count",1738,https://www.costco.com/.product.1748763.html
1748799,"Casper Cooling Select 12"" Memory Foam Mattress, Full",1738,https://www.costco.com/.product.1748799.html
1748800,"Casper Cooling Select 12"" Memory Foam Mattress, Queen",1738,https://www.costco.com/.product.1748800.html
1748801,"Casper Cooling Select 12"" Memory Foam Mattress, King",1738,https://www.costco.com/.product.1748801.html
1748802,"Casper Cooling Select 12"" Memory Foam Mattress, Cal King",1738,https://www.costco.com/.product.1748802.html
1748831,"Round Brilliant 0.50 ctw VS2 Clarity, I Color Diamond 14kt Yellow Gold Band, Size 7",1738,https://www.costco.com/.product.1748831.html
1748940,London Blue Topaz & Swiss Blue Topaz 14kt White Gold Earrings,1738,https://www.costco.com/.product.1748940.html
1748977,"Round Brilliant 0.70 ctw VS2 Clarity, I Color Diamond 14kt Gold Band, White Gold, 7",1738,https://www.costco.com/.product.1748977.html
1749377,Morganite and Diamond 14kt White Gold Ring,1738,https://www.costco.com/.product.1749377.html
1749471,Nex Playground + 12-Month Play Pass Bundle,1738,https://www.costco.com/.product.1749471.html
1749531,"Round Brilliant 1.00 ctw VS2 Clarity, I Color Diamond 14kt Yellow Gold Huggie Hoop Earrings",1738,https://www.costco.com/.product.1749531.html
1749548,"Round Brilliant 0.57 ctw VS2 Clarity, I Color Diamond 14kt White Gold Pendant",1738,https://www.costco.com/.product.1749548.html
1749713,"Round Brilliant 0.50 ctw VS2 Clarity, I Color Diamond 14kt White Gold Necklace",1738,https://www.costco.com/.product.1749713.html
1750825,"Gen Bake Churro Donut Bites, 30 oz",1738,https://www.costco.com/.product.1750825.html
1750832,"Zevo Flying Insect Trap Starter Kit, 2 Devices + 6 Refills",1738,https://www.costco.com/.product.1750832.html
1750833,"Seiko Essentials Two Tone Mother of Pearl Dial Women's Quartz Watch, 29.8mm",1738,https://www.costco.com/.product.1750833.html
1751634,Mikasa Lemons 40-piece Dinnerware Set,1738,https://www.costco.com/.product.1751634.html
1751684,Samsung 51 dBA Fingerprint Resistant Top Control Dishwasher with AutoRelease and 3rd Rack,1738,https://www.costco.com/.product.1751684.html
1752630,Lathan 7-piece Dining Table Set,1738,https://www.costco.com/.product.1752630.html
1752898,"La-Z-Boy Manager Office Chair, Black",1738,https://www.costco.com/.product.1752898.html
1752902,"Hughes Storage Bed, Queen",1738,https://www.costco.com/.product.1752902.html
1752967,"Thomasville Lowell 6-piece Modular Sectional, Light Gray",1738,https://www.costco.com/.product.1752967.html
1753490,"Aveeno Daily Moisture Lotion, 24 fl oz, 2-pack",1738,https://www.costco.com/.product.1753490.html
1754195,"Round Brilliant 1.50 ctw VS2 Clarity, I Color Diamond Platinum Three Stone Halo Ring; Size 7",1738,https://www.costco.com/.product.1754195.html
1754219,"Round Brilliant 1.41 ctw VS2 Clarity, I Color Diamond Platinum Halo Ring",1738,https://www.costco.com/.product.1754219.html
175504,"Kirkland Signature Wire Edged Ribbon, 50 yards",1738,https://www.costco.com/.product.175504.html
1755436,"Kirkland Signature 18-Gallon Compactor & Kitchen Trash Bag, 70-count",1738,https://www.costco.com/.product.1755436.html
1755441,"Kirkland Signature Flex-Tech 33-Gallon Trash Bag, 90-count",1738,https://www.costco.com/.product.1755441.html
1755444,"Kirkland Signature 50-Gallon Outdoor Trash Bag, 70-count",1738,https://www.costco.com/.product.1755444.html
1757275,"Beats Studio Pro - Wireless Bluetooth Noise Cancelling Headphones, Navy",1738,https://www.costco.com/.product.1757275.html
1758645,"Round Brilliant 0.25 ctw VS2 Clarity, I Color Diamond 14kt White Gold Hoop Earrings, White Gold",1738,https://www.costco.com/.product.1758645.html
1758910,"First Alert Precision Detection, 10-year Battery Smoke and Carbon Monoxide Alarm, 2-pack",1738,https://www.costco.com/.product.1758910.html
1758990,"Miss Vickie's Kettle Cooked Potato Chips, 1.38 oz, Variety Pack, 30-count",1738,https://www.costco.com/.product.1758990.html
1760616,"GoGo SqueeZ, Organic Applesauce, Variety Pack, 3.2 oz, 28-count",1738,https://www.costco.com/.product.1760616.html
1761722,"RXBAR Protein Bars, Variety Pack, 14-count",1738,https://www.costco.com/.product.1761722.html
1763447,"Emergen-C Immune+ 1000 mg Vitamin C + Vitamin D & Zinc, 90 Packets",1738,https://www.costco.com/.product.1763447.html
1763967,"Ajinomoto Japanese Style Gyoza, Pork And Chicken, 60-count",1738,https://www.costco.com/.product.1763967.html
1765110,"Kenneth Cole Youth Dress Shirt, 8",1738,https://www.costco.com/.product.1765110.html
1765111,"Kenneth Cole Youth Dress Shirt, 10",1738,https://www.costco.com/.product.1765111.html
1765112,"Kenneth Cole Youth Dress Shirt, 12",1738,https://www.costco.com/.product.1765112.html
1765113,"Kenneth Cole Youth Dress Shirt, 14",1738,https://www.costco.com/.product.1765113.html
1765114,"Kenneth Cole Youth Dress Shirt, 16",1738,https://www.costco.com/.product.1765114.html
1766657,"Round Brilliant 1.40 ctw VS2 Clarity, I Color Diamond 14kt White Gold Wedding Set, Size 7",1738,https://www.costco.com/.product.1766657.html
1768090,Nephrite Green Jade 18kt Yellow Gold Pendant,1738,https://www.costco.com/.product.1768090.html
1768395,Centr 2 by Inspire FTX Functional Trainer with Folding Bench and 1-year Centr App Subscription Included,1738,https://www.costco.com/.product.1768395.html
1769638,"Round Brilliant 0.14 ct VS2 Clarity, I Color Diamond 14kt White Gold Heart Pendant",1738,https://www.costco.com/.product.1769638.html
1769683,"Round Brilliant 0.10 ctw VS2 Clarity, I Color Diamond 14kt White Gold Heart Earrings",1738,https://www.costco.com/.product.1769683.html
1769929,Centr by Inspire 300 lb. Rubber Olympic Weight Set and 1-year Centr App Subscription Included,1738,https://www.costco.com/.product.1769929.html
1770137,"DUDE Wipes Fragrance-Free + Moisturizing XL Flushable Wipes, 480 Wipes",1738,https://www.costco.com/.product.1770137.html
1771842,"Round Brilliant 0.24 ctw VS2 Clarity, I Color Diamond 14kt Gold Two Tone Band; Size 7",1738,https://www.costco.com/.product.1771842.html
1772000,"Magic Keyboard for iPad Pro 11‑inch (M4) - US English, Silver",1738,https://www.costco.com/.product.1772000.html
1772551,Ruby and Diamond 14kt White Gold Earrings,1738,https://www.costco.com/.product.1772551.html
1773519,"Round Brilliant 0.50 ctw VS2 Clarity, I Color Diamond 14kt Yellow Gold Bar Pendant Necklace",1738,https://www.costco.com/.product.1773519.html
1774000,"Magic Keyboard for iPad Pro 11‑inch - US English, Black",1738,https://www.costco.com/.product.1774000.html
1774617,"Scotts MAX Southern Weed & Feed, 12,000 Sq. Ft.",1738,https://www.costco.com/.product.1774617.html
1775302,"Kirkland Signature Parmesan Black Pepper & Parmesan Chicken Sausage, 3 lbs",1738,https://www.costco.com/.product.1775302.html
17767,"Kirkland Signature Colombian Coffee, Dark Roast, 3 lbs",1738,https://www.costco.com/.product.17767.html
1777022,"Pulmuone Teriyaki Stir-Fry Udon, 29.4 oz",1738,https://www.costco.com/.product.1777022.html
1777506,"14kt Gold High Polish Rope Chain, Yellow Gold",1738,https://www.costco.com/.product.1777506.html
1778000,"Magic Keyboard for iPad Pro 13‑inch - US English, Black",1738,https://www.costco.com/.product.1778000.html
1778371,"Apple Watch SE 3 (GPS) 40mm Case with Sport Band (Size S/M), Starlight",1738,https://www.costco.com/.product.1778371.html
1779090,"Round Brilliant 0.76 ctw VS2 Clarity, I Color Diamond 14kt White Gold Halo Necklace",1738,https://www.costco.com/.product.1779090.html
1779098,"BODYARMOR Lyte Sports Drink, Variety Pack, 20 fl oz, 18-count",1738,https://www.costco.com/.product.1779098.html
1779318,"Beauty of Joseon Glow Serum Propolis + Niacinamide, 3.38 fl oz",1738,https://www.costco.com/.product.1779318.html
1780093,"Freshpet Deli Fresh Dog Food, Chicken Recipe, 1.5 lbs, 6-rolls",1738,https://www.costco.com/.product.1780093.html
1780758,"iMac All-in-One Desktop Computer (24-inch) - Apple M4 chip, Built for Apple Intelligence, 8-core CPU, 8-core GPU, 16GB Memory, 256GB SSD Storage, Silver",1738,https://www.costco.com/.product.1780758.html
1780981,"Joyburst Hydration Drink, Variety Pack, 16.9 fl oz, 18-count",1738,https://www.costco.com/.product.1780981.html
1781272,"HTH 3"" Chlorine Tablets for Pool Sanitization, 40 lbs.",1738,https://www.costco.com/.product.1781272.html
1782177,"Kirkland Signature Lightly Breaded Chicken Breast Fillet, 3 lbs",1738,https://www.costco.com/.product.1782177.html
1782414,"Bulova Classic Two Tone Stainless Steel Quartz Men's Watch, 39mm",1738,https://www.costco.com/.product.1782414.html
1782766,"Keeley 72"" Accent Cabinet",1738,https://www.costco.com/.product.1782766.html
1782774,Thomasville Tisdale Modular Sectional 6-piece Dark Gray with Storage Ottoman,1738,https://www.costco.com/.product.1782774.html
1782879,Bryce Dining Table and 6 Chairs,1738,https://www.costco.com/.product.1782879.html
1782902,"Colin 72"" Accent Console",1738,https://www.costco.com/.product.1782902.html
1782904,"DPS Encode 3D Insight Gaming Chair, Black",1738,https://www.costco.com/.product.1782904.html
1782907,Thomasville Fallon Modular Sectional 6-piece Cream with Ottoman,1738,https://www.costco.com/.product.1782907.html
1782908,Tresanti Aurora 47” Adjustable Desk with LED Lighting,1738,https://www.costco.com/.product.1782908.html
1782944,Del Rey Oaks 74” Accent Console,1738,https://www.costco.com/.product.1782944.html
1782955,Tresanti Kathryn Vanity Table with Adjustable LED Lighted Mirror,1738,https://www.costco.com/.product.1782955.html
1782973,Mercer Dining Table and 8 Chairs,1738,https://www.costco.com/.product.1782973.html
1783043,"Thomasville Lowell 6-piece Modular Sectional, Dark Gray",1738,https://www.costco.com/.product.1783043.html
1783227,Holley Oversized Fabric Accent Chair with Storage Ottoman,1738,https://www.costco.com/.product.1783227.html
1783245,Thomasville Caler Convertible Sleeper Sectional with Storage,1738,https://www.costco.com/.product.1783245.html
1783252,Thomasville Gilroy Fabric Oversized Storage Chair and Storage Ottoman,1738,https://www.costco.com/.product.1783252.html
1784931,7.5' Pre-Lit Glitter Flocked Micro LED with Twinkle Artificial Christmas Tree,1738,https://www.costco.com/.product.1784931.html
1784942,9' Pre-Lit Glitter Flocked Micro LED with Twinkle Artificial Christmas Tree,1738,https://www.costco.com/.product.1784942.html
1784947,7' LED Triple Lamp Post,1738,https://www.costco.com/.product.1784947.html
1784949,9.5' Star Arch with LED Twinkle Lights,1738,https://www.costco.com/.product.1784949.html
1784954,"Disney Holiday Village, 13-piece Set",1738,https://www.costco.com/.product.1784954.html
1785051,9' Pre-Lit Radiant Micro LED with Twinkle Artificial Christmas Tree,1738,https://www.costco.com/.product.1785051.html
1785052,12' Pre-lit Radiant Micro LED with Twinkle Artificial Christmas Tree,1738,https://www.costco.com/.product.1785052.html
1786050,"Frederique Constant Classic Carree Diamond Quartz Women's Watch, 23 x 21mm",1738,https://www.costco.com/.product.1786050.html
1788193,"Casper Cooling Select 12"" Hybrid Medium Firm Mattress, Queen",1738,https://www.costco.com/.product.1788193.html
1788194,"Casper Cooling Select 12"" Hybrid Medium Firm Mattress, King",1738,https://www.costco.com/.product.1788194.html
1788195,"Casper Cooling Select 12"" Hybrid Medium Firm Mattress, Cal King",1738,https://www.costco.com/.product.1788195.html
1788968,"IQBAR Clean Protein Bars, Variety Pack, 1.6 oz, 18-count",1738,https://www.costco.com/.product.1788968.html
1789130,"Kirkland Signature Ultra Shine Liquid Dish Soap, Fresh, 90 fl. oz.",1738,https://www.costco.com/.product.1789130.html
1789247,"Kirkland Signature Olive Oil, 3 L",1738,https://www.costco.com/.product.1789247.html
1789311,"Princess Cut 0.73 ctw VS2 Clarity, G Color Diamond 14kt Gold Stud Earrings, White Gold",1738,https://www.costco.com/.product.1789311.html
1791815,Sony Playstation 5 Digital Slim Console & DualSense Controller Bundle,1738,https://www.costco.com/.product.1791815.html
1792105,Sony Playstation 5 Slim Disc Console and DualSense Controller Bundle,1738,https://www.costco.com/.product.1792105.html
1792227,"Round Brilliant 1.00 ctw VS2 Clarity, I Color Diamond Channel Set Band, Platinum, Size 7",1738,https://www.costco.com/.product.1792227.html
1792368,"Maison Perrier Sparkling Water, 16.9 fl oz, 24-count",1738,https://www.costco.com/.product.1792368.html
1792879,"POM Wonderful 100% Pomegranate Juice, 64 fl oz",1738,https://www.costco.com/.product.1792879.html
1793017,"Jongga Sliced Napa Cabbage Kimchi, 52.9 oz",1738,https://www.costco.com/.product.1793017.html
1794121,"Children's Zyrtec Allergy Cetirizine HCl 10 mg Dye-Free Grape Flavored Chewables, 72 Tablets",1738,https://www.costco.com/.product.1794121.html
1795394,"IZZE, Sparkling Juice Beverage, Variety Pack, 8.4 fl oz, 24-Count",1738,https://www.costco.com/.product.1795394.html
179571,"Coca-Cola de Mexico Soda Soft Drink Glass Bottles, 335 mL, 24-count",1738,https://www.costco.com/.product.179571.html
1796097,"FEELGOOD Berberine Phytosome, 120 Vegan Capsules",1738,https://www.costco.com/.product.1796097.html
1796153,Neatfreak 3-Tier Extra-Wide Rolling Cart,1738,https://www.costco.com/.product.1796153.html
1797555,14kt Yellow Gold Double Rope Necklace,1738,https://www.costco.com/.product.1797555.html
1798586,"eos Super Balm 24 Hour Moisture, 5 Tubes",1738,https://www.costco.com/.product.1798586.html
1800219,"Downy Ultimate Infusions In-Wash Scent Booster Beads, Whimsical Wonder, 24.5 oz",1738,https://www.costco.com/.product.1800219.html
1800413,"Dove Advanced Care Invisible+ Deodorant, 2.6 oz, 4-pack",1738,https://www.costco.com/.product.1800413.html
1800512,"Casper Cooling Select 12"" Hybrid Medium Firm Mattress, Full",1738,https://www.costco.com/.product.1800512.html
1802191,"Siete Grain Free Sea Salt Tortilla Chips, 15 oz",1738,https://www.costco.com/.product.1802191.html
1804624,"Round Brilliant 1.00 ctw VS2 Clarity, I Color Diamond 14kt White Gold Stud Earrings",1738,https://www.costco.com/.product.1804624.html
1804646,14kt Gold Hoop Earrings; White,1738,https://www.costco.com/.product.1804646.html
1805039,"Pine-Sol Multi-Surface Cleaner, Original, 60 fl oz, 2-count",1738,https://www.costco.com/.product.1805039.html
1805402,"Samsung Bespoke AI All-in-One Washer Dryer Combo 5.3 cu. ft. Ultra Capacity Washer and VENTLESS Heat Pump Dryer, Dark Steel",1738,https://www.costco.com/.product.1805402.html
1806208,"Kohler Fora One-piece Elongated Smart Toilet, Dual-flush",1738,https://www.costco.com/.product.1806208.html
1806215,"Artika Sonolok Sound-Absorbing Slatted Panel Kit, Walnut",1738,https://www.costco.com/.product.1806215.html
1806222,"Kohler Provo 33"" Dual Mount Single-bowl Workstation Kitchen Sink Kit, Stainless Steel",1738,https://www.costco.com/.product.1806222.html
1806226,"Kohler HydroRail 3-in-1 Multifunction Showerhead and Column Kit, in Brushed Nickel",1738,https://www.costco.com/.product.1806226.html
1806250,TOTO Washlet Elongated Bidet Seat with Soft Close Lid,1738,https://www.costco.com/.product.1806250.html
1806289,"Kohler Rodean Kitchen Sink Faucet, No Sensor, Stainless Steel",1738,https://www.costco.com/.product.1806289.html
1806294,"Kohler 47L Step Trash Can, Stainless Steel",1738,https://www.costco.com/.product.1806294.html
1806313,"Artika Sunnyvale 28” Fandelier with Remote, Brushed Nickel",1738,https://www.costco.com/.product.1806313.html
1806317,"Kohler Assert Multifunction 1.75GPM Handshower, Brushed Nickel",1738,https://www.costco.com/.product.1806317.html
1806320,Lutec Craftsman Style Outdoor LED Wall Lantern,1738,https://www.costco.com/.product.1806320.html
1806325,"Firman Tri Fuel Portable Generator 7850/6300W Electric Start, Gas, CO Alert",1738,https://www.costco.com/.product.1806325.html
1806351,"Excello Global Products 10' String Light Pole, 2-pack",1738,https://www.costco.com/.product.1806351.html
1806357,"Duracell 9V Alkaline Batteries, 8-count",1738,https://www.costco.com/.product.1806357.html
1806359,"Feit 48' LED String Light Set, Black, 1-pack",1738,https://www.costco.com/.product.1806359.html
1806373,"Duracell Power Boost C Alkaline Batteries, 14-count",1738,https://www.costco.com/.product.1806373.html
1806374,KODA Solar LED Rock Spotlight with Adjustable Color Temperature,1738,https://www.costco.com/.product.1806374.html
1806386,"Duracell D Alkaline Batteries, 14-count",1738,https://www.costco.com/.product.1806386.html
1806569,"Mohawk Home 6MM Thick 9.4in X 47.8in 22 MIL Waterproof Luxury Vinyl Plank Flooring (15.65 sq ft/ctn), Tudor Oak",1738,https://www.costco.com/.product.1806569.html
1806584,"Gillette Custom Plus3 Disposable Razors Sensitive, 30-count",1738,https://www.costco.com/.product.1806584.html
1806649,"Neutrogena Makeup Remover Wipes, 125-count",1738,https://www.costco.com/.product.1806649.html
1807270,"Ornamental Hares, 2-pack",1738,https://www.costco.com/.product.1807270.html
1807352,"Lifetime Outdoor Utility Storage Shed - 75"" x 43"" x 69"", Tan",1738,https://www.costco.com/.product.1807352.html
1807364,Agio Nicolet 7-piece Fire Outdoor Patio High Dining Set,1738,https://www.costco.com/.product.1807364.html
1810039,Chamberlain ½ HP Smart Belt Drive Garage Door Opener with Wi-fi Compatibility Battery Backup,1738,https://www.costco.com/.product.1810039.html
1810858,"SENSODYNE Pronamel Gentle Whitening Advanced Toothpaste, 6.5 oz, 4-pack",1738,https://www.costco.com/.product.1810858.html
1810859,"SENSODYNE Advanced Whitening Toothpaste, 6.5 oz, 4-pack",1738,https://www.costco.com/.product.1810859.html
1811598,"Head & Shoulders 2-in-1 Dandruff Shampoo and Conditioner Advanced Scalp Care, 40 fl oz",1738,https://www.costco.com/.product.1811598.html
1811669,"Benefiber Fiber Supplement Powder, 410 Teaspoons",1738,https://www.costco.com/.product.1811669.html
1811864,Frigidaire 20.0 cu. ft. Garage Ready Frost Free Upright Freezer in White,1738,https://www.costco.com/.product.1811864.html
1811884,Ruby and Diamond 14kt White Gold Ring,1738,https://www.costco.com/.product.1811884.html
1812167,"Qunol Turmeric 1,500 mg., 220 Capsules",1738,https://www.costco.com/.product.1812167.html
1812332,"Henredon Murphy Swivel Boucle Chair, Gray",1738,https://www.costco.com/.product.1812332.html
1812395,TrueWellness All Mesh Office Chair,1738,https://www.costco.com/.product.1812395.html
1812516,Thomasville Whidbey Dining Table and 6 Chairs,1738,https://www.costco.com/.product.1812516.html
1812589,Dayna 4-piece Fabric Modular Sectional,1738,https://www.costco.com/.product.1812589.html
1812619,Emma Fabric Power Reclining Sectional with Power Footrest,1738,https://www.costco.com/.product.1812619.html
1812682,"Anistyn Wood Bed Frame with Upholstered Headboard, Gray Finish, Queen",1738,https://www.costco.com/.product.1812682.html
1812802,"Monterey Bay 74"" Accent Console, Brown",1738,https://www.costco.com/.product.1812802.html
1812812,"Montebello 68"" Accent Console",1738,https://www.costco.com/.product.1812812.html
1812863,"Nutella Biscuits, 9.7 oz, 4-count",1738,https://www.costco.com/.product.1812863.html
1813019,"Neuriva Brain Supplement Original, 50 Capsules",1738,https://www.costco.com/.product.1813019.html
1813398,"Samsung Bespoke 29 cu. ft. 4-Door French Door Refrigerator with Family Hub+, in Charcoal Glass Matte Black Steel",1738,https://www.costco.com/.product.1813398.html
1813399,"Samsung Bespoke 29 cu. ft. 4-Door French Door Refrigerator with Family Hub+, in Charcoal Glass Stainless Steel",1738,https://www.costco.com/.product.1813399.html
1813400,"Samsung Bespoke 29 cu. ft. 4-Door French Door Refrigerator with Family Hub+, in White Glass",1738,https://www.costco.com/.product.1813400.html
1813892,"Nature Made Extra Strength Vitamin D3 125 mcg, 200 Gummies",1738,https://www.costco.com/.product.1813892.html
1814790,"Zena USDA Organic Supergreens Fruits & Vegetables Powder, 45 Stick Packets",1738,https://www.costco.com/.product.1814790.html
1815757,Freshwater Cultured 6.5-7mm 14kt Gold Hoop Earrings,1738,https://www.costco.com/.product.1815757.html
1816383,"Bestway Steel Pro MAX 13' x 30” Round Above Ground Pool Set, Gray",1738,https://www.costco.com/.product.1816383.html
1816477,"Schiff Digestive Advantage Probiotic, 120 Gummies",1738,https://www.costco.com/.product.1816477.html
1816483,"Nabisco Cookies & Crackers, Variety Pack, 1 oz, 40-count",1738,https://www.costco.com/.product.1816483.html
1816515,"Osaki OS-3D Aspire Massage Chair, Brown",1738,https://www.costco.com/.product.1816515.html
1817081,"Novaform 14"" Serafina PerfectTemp Gel Memory Foam Mattress, Medium, King",1738,https://www.costco.com/.product.1817081.html
1817313,"Novaform 14"" Serafina PerfectTemp Gel Memory Foam Mattress, Medium, Queen",1738,https://www.costco.com/.product.1817313.html
1817331,LG 25 cu. ft. Smart Counter-Depth MAX 4-Door French Door Refrigerator with Full-Convert Drawer,1738,https://www.costco.com/.product.1817331.html
1817445,"Novaform 14"" Serafina PerfectTemp Gel Memory Foam Mattress, Firm, King",1738,https://www.costco.com/.product.1817445.html
1817451,"Novaform 14"" Serafina PerfectTemp Gel Memory Foam Mattress, Firm, Queen",1738,https://www.costco.com/.product.1817451.html
1819400,Phantom A10 Smart Electric Scooter,1738,https://www.costco.com/.product.1819400.html
1819429,Springfree All Black 13' Jumbo Round Trampoline,1738,https://www.costco.com/.product.1819429.html
1819440,"Kirkland Signature V3.0 Golf Ball, 2-dozen",1738,https://www.costco.com/.product.1819440.html
1819441,"Kirkland Signature V3.0 Yellow Golf Ball, 2-dozen",1738,https://www.costco.com/.product.1819441.html
1819487,Tetris Tumble XL,1738,https://www.costco.com/.product.1819487.html
1819526,"Bestway Platinum Series Power Steel 31'4"" x 16' x 52"" Above Ground Pool Set, Gray",1738,https://www.costco.com/.product.1819526.html
1819529,"Bestway Steel Pro MAX 13' x 30” Round Above Ground Pool Set, Gray",1738,https://www.costco.com/.product.1819529.html
1819538,"Bestway Platinum Series Power Steel 20' x 12' x 48"" Oval Pool Set",1738,https://www.costco.com/.product.1819538.html
1819547,H2OGO! Inflatable Family Lounge Pool,1738,https://www.costco.com/.product.1819547.html
1819556,H2OGO! Under the Sea 10' Splash Pad,1738,https://www.costco.com/.product.1819556.html
1820336,"Kirkland Signature Turmeric 1000 mg, 320 Vegetarian Capsules",1738,https://www.costco.com/.product.1820336.html
1820338,"Kirkland Signature Krill Oil 500mg, 180 Softgels",1738,https://www.costco.com/.product.1820338.html
1820576,"eos Natural USDA Organic Lip Balm, 9 Sticks",1738,https://www.costco.com/.product.1820576.html
1820893,"Kirkland Signature A2 Chocolate Milk, 8 fl oz, 24-count",1738,https://www.costco.com/.product.1820893.html
1822857,"Emerald & Round Brilliant 1.39 ctw VS2 Clarity, I Color Diamond 14kt White Gold Ring, Size 7",1738,https://www.costco.com/.product.1822857.html
1824668,"Simply Protein Crispy Bar Variety Pack, 15-count",1738,https://www.costco.com/.product.1824668.html
1825280,"Selkirk Pro S1 Pickleball Ball, 24-pack",1738,https://www.costco.com/.product.1825280.html
1826987,"SHOKZ OpenRun SE- Open-Ear Bluetooth Wireless Bone Conduction Sport Headphones, Standard - Dark Gray",1738,https://www.costco.com/.product.1826987.html
1827043,TOTO Eco UltraMax 1 Piece Elongated Toilet,1738,https://www.costco.com/.product.1827043.html
1830081,"Kirkland Signature Uncured Bacon and Gouda Egg Bites, 10-count",1738,https://www.costco.com/.product.1830081.html
1830083,"Kirkland Signature Egg White with Cheese Trio and Peppers Egg Bites, 10-count",1738,https://www.costco.com/.product.1830083.html
1830585,"Airborne Gummy Immune Support Supplement, 90 Gummies",1738,https://www.costco.com/.product.1830585.html
1830833,14kt Yellow Gold Serpentine Chain Bracelet,1738,https://www.costco.com/.product.1830833.html
1831180,"Sony PlayStation Portal Remote Player Bundle, Black",1738,https://www.costco.com/.product.1831180.html
1831183,"Sony PlayStation Portal Remote Player Bundle, White",1738,https://www.costco.com/.product.1831183.html
1831417,Freshwater Cultured 5-9mm Graduated Pearl Strand with 14kt Yellow Gold Bead and Clasp,1738,https://www.costco.com/.product.1831417.html
1831651,eufy Security SoloCam S3 Pan Tilt Outdoor Camera - No Monthly Fees,1738,https://www.costco.com/.product.1831651.html
1831977,"Round Brilliant 1.00 ctw VS2 Clarity, I Color Diamond Platinum Bridal Ring, Size 7",1738,https://www.costco.com/.product.1831977.html
1833009,Freshwater Cultured 7-7.5mm Pearl Bracelet with 14kt Yellow Gold Clasp,1738,https://www.costco.com/.product.1833009.html
1833010,Freshwater Cultured 8-8.5mm Pearl & Diamond 14kt Yellow Gold Pendant,1738,https://www.costco.com/.product.1833010.html
1833072,"Round Brilliant 1.50 ctw VS2 Clarity, G Color Diamond 14kt White Gold Hoop Earrings",1738,https://www.costco.com/.product.1833072.html
1833226,14kt Yellow Gold Oval Hoop Earrings,1738,https://www.costco.com/.product.1833226.html
1833411,"Alani Nu Energy Drink, Variety Pack, 12 fl oz, 18-count",1738,https://www.costco.com/.product.1833411.html
1833855,"Round Brilliant 0.80 ctw VS2 Clarity, G Color Diamond 14kt White Gold Dangle Earrings",1738,https://www.costco.com/.product.1833855.html
1834021,"Round Brilliant 1.00 ctw VS2 Clarity, I Color Diamond 14kt White Gold Heart Pendant",1738,https://www.costco.com/.product.1834021.html
1835898,Nespresso Vertuo Next Deluxe with Aeroccino 3 and 32 Capsules,1738,https://www.costco.com/.product.1835898.html
1837002,Crest 3D Whitestrips 20 Professional Treatments with 10 Bonus Brightening Treatments,1738,https://www.costco.com/.product.1837002.html
1839752,"Bulova Two Tone Stainless Steel Quartz Women's Watch, 28mm",1738,https://www.costco.com/.product.1839752.html
1840548,"Downy Soft Liquid Fabric Softener, April Fresh, 257 Loads, 150 fl oz",1738,https://www.costco.com/.product.1840548.html
1840900,"Dixie Ultra Deep Dish Paper Plate, 115-count",1738,https://www.costco.com/.product.1840900.html
1841058,"Gladiator Heavy Duty Rack, 60"" x 18"" x 72"", Gray",1738,https://www.costco.com/.product.1841058.html
1841060,"Gladiator Heavy Duty Rack, 60"" x 18"" x 72"", White",1738,https://www.costco.com/.product.1841060.html
1841061,"Gladiator Heavy Duty Mega Rack, 90"" x 24"" x 90""",1738,https://www.costco.com/.product.1841061.html
1841464,"SanDisk Extreme Go Portable SSD, 2TB",1738,https://www.costco.com/.product.1841464.html
1841843,14kt Yellow Gold Teardrop Necklace,1738,https://www.costco.com/.product.1841843.html
1841924,"La Colombe Draft Latte Cold Brew Coffee, Variety Pack, 9 fl oz, 12-count",1738,https://www.costco.com/.product.1841924.html
1842854,"Tampax Pearl Advanced Duopack, 87-count",1738,https://www.costco.com/.product.1842854.html
1842865,HP Color LaserJet Pro MFP 3301cdw Wireless All-in-One Printer,1738,https://www.costco.com/.product.1842865.html
1843108,"Kirkland Signature Gallon Plus Freezer Bags, 192-count",1738,https://www.costco.com/.product.1843108.html
1843112,"Kirkland Signature Freezer Quart Plus Bags, 264-count",1738,https://www.costco.com/.product.1843112.html
1843137,"Copper Bullet Pocket-hose, 50 Feet",1738,https://www.costco.com/.product.1843137.html
1843607,"Invicta Racing Men's Black Stainless Steel Case Quartz Watch, 47mm",1738,https://www.costco.com/.product.1843607.html
1844400,"Casio Pro Trek Men's Quartz Watch, 51.5mm",1738,https://www.costco.com/.product.1844400.html
1844419,"Round Brilliant 0.60 ctw VS2 Clarity, I Color Diamond 14kt White Gold Flower Earrings",1738,https://www.costco.com/.product.1844419.html
1844420,"Round Brilliant 1.00 ctw VS2 Clarity, I Color Diamond 14kt White Gold Dangle Earrings",1738,https://www.costco.com/.product.1844420.html
1844421,"Round Brilliant 0.75 ctw VS2 Clarity, I Color Diamond 14kt White Gold Flower Necklace",1738,https://www.costco.com/.product.1844421.html
1845080,"Kirkland Signature Sport Drink, Variety Pack, 12 fl oz, 24-count",1738,https://www.costco.com/.product.1845080.html
1845205,"Kirkland Signature by Stearns & Foster 14"" Tight Top Lakeridge Mattress, Queen",1738,https://www.costco.com/.product.1845205.html
1845206,"Kirkland Signature by Stearns & Foster 14"" Tight Top Lakeridge Mattress, King",1738,https://www.costco.com/.product.1845206.html
1845207,"Kirkland Signature by Stearns & Foster 14"" Tight Top Lakeridge Mattress, California King",1738,https://www.costco.com/.product.1845207.html
1845747,"Sabatino's Tuscan Style Chicken Piccata, 32 oz",1738,https://www.costco.com/.product.1845747.html
1847133,"Novaform 14"" Legacy Premier Support Hybrid Euro Top Mattress, Queen, Firm",1738,https://www.costco.com/.product.1847133.html
1847134,"Novaform 14"" Legacy Premier Support Hybrid Euro Top Mattress, King, Firm",1738,https://www.costco.com/.product.1847134.html
1847476,"Ling Ling Potstickers, Chicken and Vegetable, 4.2 lbs",1738,https://www.costco.com/.product.1847476.html
1847677,"Noosa Yoghurt Variety Pack, 4 oz, 12-count",1738,https://www.costco.com/.product.1847677.html
1848511,Freshwater Cultured 8-8.5mm Pearl 14kt Yellow Gold Necklace,1738,https://www.costco.com/.product.1848511.html
1849805,"iPad, 128GB Wi-Fi (A16 chip), Sliver",1738,https://www.costco.com/.product.1849805.html
1849809,"iPad, 256GB Wi-Fi (A16 chip), Silver",1738,https://www.costco.com/.product.1849809.html
1849834,"iPad Pro 11-inch, 256GB Wi-Fi (M5 chip) Built For Apple Intelligence, Space Black",1738,https://www.costco.com/.product.1849834.html
1849835,"iPad Pro 11-inch, 256GB Wi-Fi (M5 chip) Built For Apple Intelligence, Silver",1738,https://www.costco.com/.product.1849835.html
1850863,"Kirkland Signature  Flavored Sparkling Water, 17 fl oz, 24-count",1738,https://www.costco.com/.product.1850863.html
1851141,"BUILT Puff Protein Bar, Variety Pack, 1.41 oz, 14-count",1738,https://www.costco.com/.product.1851141.html
1851488,7' Potted Tree with LED Lights,1738,https://www.costco.com/.product.1851488.html
1851539,"36"" Pre-Lit LED with Twinkle Mixed Pine Decorated Artificial Tree",1738,https://www.costco.com/.product.1851539.html
1851596,"15"" Peanuts Snoopy Tree with LED Light Statue by Jim Shore",1738,https://www.costco.com/.product.1851596.html
1851607,9' Ornament Arch with LED Twinkle Lights,1738,https://www.costco.com/.product.1851607.html
1851620,"48"" Red Bow with LED Twinkle Lights",1738,https://www.costco.com/.product.1851620.html
1851622,3.6' LED Mickey Pumpkin with Infinity LED Lights,1738,https://www.costco.com/.product.1851622.html
1851630,"42"" Color Changing LED Tree",1738,https://www.costco.com/.product.1851630.html
1851640,7' Flocked Cedar Tree with LED Lights,1738,https://www.costco.com/.product.1851640.html
1851645,"28-36"" Cone Trees with Color Changing LED Lights, Set of 3",1738,https://www.costco.com/.product.1851645.html
1851677,9' Pre-Lit Radiant Micro LED with Twinkle Artificial Greenery Garland,1738,https://www.costco.com/.product.1851677.html
1851698,"Kirkland Signature Nativity Set, 14-piece",1738,https://www.costco.com/.product.1851698.html
1853011,Playstation DualSense Wireless Controller and Charging Station - White,1738,https://www.costco.com/.product.1853011.html
1853013,PlayStation DualSense Wireless Controller and Charging Station - Starlight Blue,1738,https://www.costco.com/.product.1853013.html
1854959,"Kirkland Signature Atlantic Blackened Salmon, 6-count",1738,https://www.costco.com/.product.1854959.html
1856165,"Sunny Fruit Dried Apricots, 32 oz",1738,https://www.costco.com/.product.1856165.html
1856257,Teakhaus Teak Bench,1738,https://www.costco.com/.product.1856257.html
1856902,"Theraflu Severe Cold Relief Medicine Powder, 24 Packets",1738,https://www.costco.com/.product.1856902.html
1857160,"Kirkland Signature Grass-fed Beef Sticks, 1.15 oz, 12-count",1738,https://www.costco.com/.product.1857160.html
1859466,"Globe Electric 14"" Matte Black Outdoor Wall Light with GFCI Outlet",1738,https://www.costco.com/.product.1859466.html
1861502,"Aveeno Baby Moisture Set, 2 Wash & Shampoo + Lotion, 44 oz",1738,https://www.costco.com/.product.1861502.html
1861704,Thomasville Fallon Modular Sectional 6-piece Gray with Ottoman,1738,https://www.costco.com/.product.1861704.html
1861736,Westen Dining Table and 6 Chairs,1738,https://www.costco.com/.product.1861736.html
1861850,"Henredon Murphy Fabric 6-piece Modular Sectional with Ottoman, Beige",1738,https://www.costco.com/.product.1861850.html
1861872,Graham Dining Table and 8 Chairs,1738,https://www.costco.com/.product.1861872.html
1861998,"Rose Universal Broadmoore Bed Frame with Storage, White, King",1738,https://www.costco.com/.product.1861998.html
1861999,"Rose Universal Broadmoore Bed Frame with Storage, White, Queen",1738,https://www.costco.com/.product.1861999.html
1862009,Highland Gas-lift Adjustable Stool,1738,https://www.costco.com/.product.1862009.html
1862032,Portalis Dining Table and 6 Chairs,1738,https://www.costco.com/.product.1862032.html
1862033,Alpine Loft Dining Table and 6 Chairs,1738,https://www.costco.com/.product.1862033.html
1862067,"Henredon Murphy Fabric 6-piece Modular Sectional with Ottoman, Beige, Green",1738,https://www.costco.com/.product.1862067.html
1862072,"Sereen Fabric Swivel Accent Chair, Taupe",1738,https://www.costco.com/.product.1862072.html
1862117,Lathan 48” Round Dining Table and 4 Chairs,1738,https://www.costco.com/.product.1862117.html
1862118,Mendocino Dining Table and 8 Chairs,1738,https://www.costco.com/.product.1862118.html
1862119,Augusta Dining Table and 6 Chairs,1738,https://www.costco.com/.product.1862119.html
1862120,"Ophelia Counter Height Stool, Set of 2",1738,https://www.costco.com/.product.1862120.html
1862133,Henredon Caley Reversible Sofa Chaise with Ottoman,1738,https://www.costco.com/.product.1862133.html
1862180,Coddle Luke Sleeper Sectional with Reversible Chaise and Storage,1738,https://www.costco.com/.product.1862180.html
1862188,"Thomasville Davos Swivel Chairs, 2-pack, Gray",1738,https://www.costco.com/.product.1862188.html
1862201,"Thomasville Daxton Wood and Upholstered Bed Frame, Queen",1738,https://www.costco.com/.product.1862201.html
1862992,"Pepto Bismol Chews, Berry Mint Flavor, 70 Chewable Tablets",1738,https://www.costco.com/.product.1862992.html
1863995,"TheraBreath Icy Mint Oral Rinse, 1 Liter, 2-pack",1738,https://www.costco.com/.product.1863995.html
186626,"Kirkland Signature Aged Parmigiano Reggiano Cheese, Shredded, 1 lb",1738,https://www.costco.com/.product.186626.html
18668,"El Monterey Mexican Grill Taquitos, Chicken & Cheese, 30-count",1738,https://www.costco.com/.product.18668.html
1867788,Aquamarine and Diamond 14kt White Gold Halo Ring,1738,https://www.costco.com/.product.1867788.html
1867814,"Sealy Sterling Huggable Pillow Standard, 2-pack",1738,https://www.costco.com/.product.1867814.html
1867968,"Gemstone and Diamond 14kt Gold Flower Earrings, Amethyst",1738,https://www.costco.com/.product.1867968.html
1868789,"Jacquard Flatwoven Kitchen Towels, 8-pack, Flower Fields",1738,https://www.costco.com/.product.1868789.html
1868792,"Jacquard Flatwoven Kitchen Towels, 8-pack,  Lemons",1738,https://www.costco.com/.product.1868792.html
1869292,Akoya Cultured 7.5-8mm Pearl & Diamond 14kt White Gold Pendant,1738,https://www.costco.com/.product.1869292.html
18695,"Chinet Classic Lunch 8-3/4"" Paper Plate, 225-count",1738,https://www.costco.com/.product.18695.html
1871118,"Hisense 8,000 BTU Smart Inverter Window Air Conditioner with Easy Install Bracket",1738,https://www.costco.com/.product.1871118.html
1872067,Centr by Inspire 300 lb. Rubber Olympic Weight Set with Bar,1738,https://www.costco.com/.product.1872067.html
187207,"Round Brilliant 0.63 ctw VS2 Clarity, I Color Diamond Band, Platinum - Size 7",1738,https://www.costco.com/.product.187207.html
1872124,Centr Runr Folding Tool-less Assembly Treadmill,1738,https://www.costco.com/.product.1872124.html
1872142,Sealy Air Mattress Queen with Built-in Headboard,1738,https://www.costco.com/.product.1872142.html
1872183,CORE 13 ft. x 13 ft. Instant Pop-up Canopy,1738,https://www.costco.com/.product.1872183.html
1872192,SaluSpa Santa Monica Energy-Efficient AirJet Inflatable 5-7 Person Spa,1738,https://www.costco.com/.product.1872192.html
1872209,H2OGO! Inflatable Family Lounge Pool,1738,https://www.costco.com/.product.1872209.html
1872214,KidKraft Summit Vista Swing Set,1738,https://www.costco.com/.product.1872214.html
1872231,"Bestway Platinum Series Power Steel 20' x 12' x 48"" Oval Pool Set",1738,https://www.costco.com/.product.1872231.html
1872236,"Bestway Steel Pro MAX 13' x 30” Round Above Ground Pool Set, Gray",1738,https://www.costco.com/.product.1872236.html
1872239,LifeStraw Water Filter Variety Pack,1738,https://www.costco.com/.product.1872239.html
1872240,H2OGO! Under the Sea 10' Splash Pad,1738,https://www.costco.com/.product.1872240.html
1872247,Infinity X1 2000L Camp Site Light,1738,https://www.costco.com/.product.1872247.html
1873241,"T-fal Ceramic Non-Stick Frypan Set, 3-piece",1738,https://www.costco.com/.product.1873241.html
1874533,"Apple Watch Ultra 3 (GPS + Cellular) 49mm Black Titanium Case with 5G and Satellite Communications (Size M/L), Black Ocean.",1738,https://www.costco.com/.product.1874533.html
1875027,"Refresh Optive MEGA-3 Preservative-Free Lubricating Eye Drop, 70 Vials",1738,https://www.costco.com/.product.1875027.html
1875033,"ROC Advanced Hydration + Water Cream, 1.7 oz, 2-pack",1738,https://www.costco.com/.product.1875033.html
1875756,"SeroVital Skin Revive, 240-count",1738,https://www.costco.com/.product.1875756.html
1876159,White Topaz 14kt Yellow Gold Necklace,1738,https://www.costco.com/.product.1876159.html
1877320,"Vacation Classic Sunscreen Lotion, SPF 50, 6 fl oz Duo",1738,https://www.costco.com/.product.1877320.html
1878939,American Standard Slim-Line 1.25HP Garbage Disposer,1738,https://www.costco.com/.product.1878939.html
1881000,Magic Keyboard — White iPad Air 11-inch,1738,https://www.costco.com/.product.1881000.html
188140,"Frito Lay Classic Mix, Variety Pack, 30-count",1738,https://www.costco.com/.product.188140.html
1881829,Bergner 16.9-quart Stainless Steel Stock Pot with Lid,1738,https://www.costco.com/.product.1881829.html
1882000,Magic Keyboard — White iPad Air 13-inch,1738,https://www.costco.com/.product.1882000.html
1882002,"Mohawk Home 6MM Thick 9.4in X 47.8in 22 MIL Waterproof Luxury Vinyl Plank Flooring (15.65 sq ft/ctn), Bloomington Oak",1738,https://www.costco.com/.product.1882002.html
1882051,"Kirkland Signature Mini Ibuprofen, 200 mg, 500 Liquid-Filled Capsules",1738,https://www.costco.com/.product.1882051.html
1884152,"Acer 15.6"" Portable Monitor",1738,https://www.costco.com/.product.1884152.html
1886106,"Oral-B Glide Advanced Deep Clean Floss, 6-pack",1738,https://www.costco.com/.product.1886106.html
1886268,14kt Yellow Gold High Polish Cross Stud Earrings,1738,https://www.costco.com/.product.1886268.html
1886852,"Sports Research Magtein Magnesium L-Threonate, 2000 mg, 135 Veggie Capsules",1738,https://www.costco.com/.product.1886852.html
1887516,"Chef iQ Smart Thermometer and Hub, 2-probe Set",1738,https://www.costco.com/.product.1887516.html
1888555,Blue Sapphire and Diamond 14kt White Gold Ring,1738,https://www.costco.com/.product.1888555.html
1888647,"Sports Research L-Theanine Suntheanine 200 mg, 150 Softgels",1738,https://www.costco.com/.product.1888647.html
1889176,Morganite and Diamond 14kt Yellow Gold Flower Necklace,1738,https://www.costco.com/.product.1889176.html
1889400,"GE Profile 23.2 cu. ft. Counter Depth 4-Door French Door Refrigerator with Internal AutoFill Pitcher, WiFi",1738,https://www.costco.com/.product.1889400.html
1889510,"Kirkland Signature Powder Laundry Detergent, 200 Loads, 348.8 oz",1738,https://www.costco.com/.product.1889510.html
1889825,"Delta Adjustable Shower Head with Hand Shower, Brushed Nickel",1738,https://www.costco.com/.product.1889825.html
1890281,"Kirkland Signature Heavy Duty Diesel 15W40 Synblen, 1 gal, 3-count",1738,https://www.costco.com/.product.1890281.html
1891451,"Philipp Plein Spectre Chronograph Gold Tone Quartz Men's Watch, 44mm",1738,https://www.costco.com/.product.1891451.html
1893016,Frigidaire 20.0 cu. ft. Garage Ready Frost Free Upright Freezer in Carbon,1738,https://www.costco.com/.product.1893016.html
1895187,"Glad Take-Aways Food Storage Containers with Lids, 38 oz Rectangle, 35-sets",1738,https://www.costco.com/.product.1895187.html
1895504,"Freshwater Cultured 8-8.5mm Pearl 14kt Gold Pendant, Yellow Gold",1738,https://www.costco.com/.product.1895504.html
1895900,"Novaform 14” ComfortGrande Advanced Gel Memory Foam Mattress, Twin XL",1738,https://www.costco.com/.product.1895900.html
1896109,"Hiboy C1 Electric Bike, Black",1738,https://www.costco.com/.product.1896109.html
1896208,"Q-tips Cotton Swabs, 1875-count",1738,https://www.costco.com/.product.1896208.html
1896944,14kt Yellow Gold Cross Bolo Bracelet,1738,https://www.costco.com/.product.1896944.html
1897215,Graco 4Ever DLX Grad 5-in-1 Car Seat,1738,https://www.costco.com/.product.1897215.html
1897217,"Ziploc Seal Top Freezer Bag, Gallon, 136-count",1738,https://www.costco.com/.product.1897217.html
1897229,"Ziploc Seal Top Bag, Variety Pack, 322-count",1738,https://www.costco.com/.product.1897229.html
1897232,"Ziploc Seal Top Bag, Sandwich, 480-count",1738,https://www.costco.com/.product.1897232.html
1897598,"Grace & Stella Under Eye Masks, Under Eye Patches Combo Pack, 24-count",1738,https://www.costco.com/.product.1897598.html
1899064,LifeTrend Solitude Integrated Cold Plunge & Hot Soak Tub,1738,https://www.costco.com/.product.1899064.html
1899232,"Temptations Cat Treats Variety Pack, 16 oz, 3-count",1738,https://www.costco.com/.product.1899232.html
1900477,"Sealy Posturepedic Pro Highland Manor 13"" Medium Mattress, Full",1738,https://www.costco.com/.product.1900477.html
1900478,"Sealy Posturepedic Pro Highland Manor 13"" Medium Mattress, Queen",1738,https://www.costco.com/.product.1900478.html
1900479,"Sealy Posturepedic Pro Highland Manor 13"" Medium Mattress, King",1738,https://www.costco.com/.product.1900479.html
1900480,"Sealy Posturepedic Pro Highland Manor 13"" Medium Mattress, Cal King",1738,https://www.costco.com/.product.1900480.html
1900481,"Sealy Posturepedic Plus Prosser Hills 12"" Firm Tight Top Mattress, Firm, Full",1738,https://www.costco.com/.product.1900481.html
1900482,"Sealy Posturepedic Plus Prosser Hills 12"" Firm Tight Top Mattress, Queen",1738,https://www.costco.com/.product.1900482.html
1900483,"Sealy Posturepedic Plus Prosser Hills 12"" Firm Tight Top Mattress, King",1738,https://www.costco.com/.product.1900483.html
1900484,"Sealy Posturepedic Plus Prosser Hills 12"" Firm Tight Top Mattress, California King",1738,https://www.costco.com/.product.1900484.html
1900485,"Sealy Posturepedic Plus Prosser Hills 13.5"" Plush Pillow Top Mattress, Full",1738,https://www.costco.com/.product.1900485.html
1900486,"Sealy Posturepedic Plus Prosser Hills 13.5"" Plush Pillow Top Mattress, Queen",1738,https://www.costco.com/.product.1900486.html
1900487,"Sealy Posturepedic Plus Prosser Hills 13.5"" Plush Pillow Top Mattress, King",1738,https://www.costco.com/.product.1900487.html
1900488,"Sealy Posturepedic Plus Prosser Hills 13.5"" Plush Pillow Top Mattress, California King",1738,https://www.costco.com/.product.1900488.html
1900568,"Sealy Posturepedic Pro Lincoln Heights 14"" Firm, Medium, or Plush Mattress, Firm Full",1738,https://www.costco.com/.product.1900568.html
1900569,"Sealy Posturepedic Pro Lincoln Heights 14"" Firm, Medium, or Plush Mattress, Firm Queen",1738,https://www.costco.com/.product.1900569.html
1900570,"Sealy Posturepedic Pro Lincoln Heights 14"" Firm, Medium, or Plush Mattress, Firm King",1738,https://www.costco.com/.product.1900570.html
1901727,Henckels Paradigm Ceramic 11-piece Cookware Set,1738,https://www.costco.com/.product.1901727.html
1901757,"Signature Housewares Figural Christmas Mugs, 4-piece Set",1738,https://www.costco.com/.product.1901757.html
1901805,Tramontina 8-Quart Stainless Steel Tri-ply Base Multicooker with Pasta Insert,1738,https://www.costco.com/.product.1901805.html
1901845,GreenPan 3-Piece Spectra Hybrid Frypan Set,1738,https://www.costco.com/.product.1901845.html
1901847,Trudeau 12-piece Glass Airtight Food Containers,1738,https://www.costco.com/.product.1901847.html
1901867,T-fal 12-piece Tri-Ply Stainless Steel Cookware Set,1738,https://www.costco.com/.product.1901867.html
1901878,Smith & Clark 15” Pre-Seasoned Cast Iron Skillet,1738,https://www.costco.com/.product.1901878.html
1902471,Yardistry 12' x 10' Gazebo with Aluminum Roof,1738,https://www.costco.com/.product.1902471.html
1902493,Yardistry 8' x 7' Greenhouse,1738,https://www.costco.com/.product.1902493.html
1902789,Brio 740 Series Self-Cleaning Bottom Load Water Cooler,1738,https://www.costco.com/.product.1902789.html
1904317,"Emerald Cut & Round Brilliant 1.17 ctw VS2 Clarity, G Color Diamond Platinum Three Stone Ring, Size 7",1738,https://www.costco.com/.product.1904317.html
1904353,"Colgate Bluey Toothbrush, 6-count",1738,https://www.costco.com/.product.1904353.html
1904630,"Pure Protein Bars, Variety Pack, 1.76 oz, 25-count",1738,https://www.costco.com/.product.1904630.html
1904701,"Mohawk Home 6MM Thick x 8.9in x 46.5in 22 mil Waterproof Luxury Vinyl Plank Flooring (14.35 sq ft/ctn), Beckett Oak",1738,https://www.costco.com/.product.1904701.html
1905061,Dyson Purifier Hot+Cool HP11,1738,https://www.costco.com/.product.1905061.html
1905590,14kt Yellow Gold Rectangular Hoop Earrings,1738,https://www.costco.com/.product.1905590.html
1905921,"Crunchmaster 6-Seed Multi-Grain Crackers, 28 oz",1738,https://www.costco.com/.product.1905921.html
1906773,"OLLY Women's Multivitamin Gummy, 200 Gummies",1738,https://www.costco.com/.product.1906773.html
1906829,14kt Yellow Gold Huggie Hoop Earrings,1738,https://www.costco.com/.product.1906829.html
1907127,Swiffer Sweep + Mop Deluxe Sweeping Kit,1738,https://www.costco.com/.product.1907127.html
1908250,"Design Optics by Foster Grant, +1.25, #668 Metal Square Reading Glasses, 3-pack",1738,https://www.costco.com/.product.1908250.html
1908251,"Design Optics by Foster Grant, +1.50, #668 Metal Square Reading Glasses, 3-pack",1738,https://www.costco.com/.product.1908251.html
1908252,"Design Optics by Foster Grant, +1.75, #668 Metal Square Reading Glasses, 3-pack",1738,https://www.costco.com/.product.1908252.html
1908253,"Design Optics by Foster Grant, +2.00, #668 Metal Square Reading Glasses, 3-pack",1738,https://www.costco.com/.product.1908253.html
1908254,"Design Optics by Foster Grant, +2.50, #668 Metal Square Reading Glasses, 3-pack",1738,https://www.costco.com/.product.1908254.html
1908257,"Design Optics by Foster Grant, +1.25, #811 Fashion Cateye Reading Glasses, 3-pack",1738,https://www.costco.com/.product.1908257.html
1908258,"Design Optics by Foster Grant, +1.50, #811 Fashion Cateye Reading Glasses, 3-pack",1738,https://www.costco.com/.product.1908258.html
1908259,"Design Optics by Foster Grant, +1.75, #811 Fashion Cateye Reading Glasses, 3-pack",1738,https://www.costco.com/.product.1908259.html
1908260,"Design Optics by Foster Grant, +2.00, #811 Fashion Cateye Reading Glasses, 3-pack",1738,https://www.costco.com/.product.1908260.html
1908267,"Design Optics by Foster Grant, +2.50, #811 Fashion Cateye Reading Glasses, 3-pack",1738,https://www.costco.com/.product.1908267.html
1908270,"Design Optics by Foster Grant, +1.25, #815 Classic Plastic Square Reading Glasses, 3-pack",1738,https://www.costco.com/.product.1908270.html
1908271,"Design Optics by Foster Grant, +1.50, #815 Classic Plastic Square Reading Glasses, 3-pack",1738,https://www.costco.com/.product.1908271.html
1908272,"Design Optics by Foster Grant, +1.75, #815 Classic Plastic Square Reading Glasses, 3-pack",1738,https://www.costco.com/.product.1908272.html
1908273,"Design Optics by Foster Grant, +2.00, #815 Classic Plastic Square Reading Glasses, 3-pack",1738,https://www.costco.com/.product.1908273.html
1908274,"Design Optics by Foster Grant, +2.50, #815 Classic Plastic Square Reading Glasses, 3-pack",1738,https://www.costco.com/.product.1908274.html
1908277,"Design Optics by Foster Grant, +1.25, #809 Classic Plastic Round Reading Glasses, 3-pack",1738,https://www.costco.com/.product.1908277.html
1908278,"Design Optics by Foster Grant, +1.50, #809 Classic Plastic Round Reading Glasses, 3-pack",1738,https://www.costco.com/.product.1908278.html
1908279,"Design Optics by Foster Grant, +1.75, #809 Classic Plastic Round Reading Glasses, 3-pack",1738,https://www.costco.com/.product.1908279.html
1908280,"Design Optics by Foster Grant, +2.00, #809 Classic Plastic Round Reading Glasses, 3-pack",1738,https://www.costco.com/.product.1908280.html
1908281,"Design Optics by Foster Grant, +2.50, #809 Classic Plastic Round Reading Glasses, 3-pack",1738,https://www.costco.com/.product.1908281.html
1908284,"Design Optics by Foster Grant, +1.25, #666 Classic Plastic Rectangle Reading Glasses, 3-pack",1738,https://www.costco.com/.product.1908284.html
1908286,"Design Optics by Foster Grant, +1.75, #666 Classic Plastic Rectangle Reading Glasses, 3-pack",1738,https://www.costco.com/.product.1908286.html
1908287,"Design Optics by Foster Grant, +2.00, #666 Classic Plastic Rectangle Reading Glasses, 3-pack",1738,https://www.costco.com/.product.1908287.html
1908288,"Design Optics by Foster Grant, +2.50, #666 Classic Plastic Rectangle Reading Glasses, 3-pack",1738,https://www.costco.com/.product.1908288.html
1908290,"Design Optics by Foster Grant, +3.00, #666 Classic Plastic Rectangle Reading Glasses, 3-pack",1738,https://www.costco.com/.product.1908290.html
1908633,"Kinder Joy Eggs, Treat + Toy, 0.7 oz, 20-count",1738,https://www.costco.com/.product.1908633.html
1908880,"Gillette Venus Ultra Smooth Razor, 11-count",1738,https://www.costco.com/.product.1908880.html
1909829,"Dr. Groot Scalp Revitalizing Shampoo, 23.6 fl oz, 2-pack",1738,https://www.costco.com/.product.1909829.html
1910048,"SnakYard Organic Shitake Mushrooms, 14.11 oz",1738,https://www.costco.com/.product.1910048.html
1912780,"Sonos Arc Ultra 9.1.4 Ch Soundbar Bundle, Black",1738,https://www.costco.com/.product.1912780.html
1913150,"Frito Lay Simply Variety Pack, 30-count",1738,https://www.costco.com/.product.1913150.html
1913302,"Olipop Soda, Variety Pack, 12 fl oz, 15-count",1738,https://www.costco.com/.product.1913302.html
1914459,"Huggies Plus Diapers Size 3, 204-count",1738,https://www.costco.com/.product.1914459.html
1914460,"Huggies Plus Diapers Size 4, 180-count",1738,https://www.costco.com/.product.1914460.html
1914461,"Huggies Plus Diapers Size 5, 156-count",1738,https://www.costco.com/.product.1914461.html
1914462,"Huggies Plus Diapers Size 6, 126-count",1738,https://www.costco.com/.product.1914462.html
1914463,"Huggies Plus Diapers Size 7, 104-count",1738,https://www.costco.com/.product.1914463.html
1914943,"OmniHeat Digital Ceramic Personal Heater, 2-pack",1738,https://www.costco.com/.product.1914943.html
1915056,Nextbase Piqo 2K Dashcam with 64GB MicroSD Card and Piqo Quick Connect Cable,1738,https://www.costco.com/.product.1915056.html
1917654,"AG1 Daily Foundational Nutrition, 40-count",1738,https://www.costco.com/.product.1917654.html
1917880,"Salonpas LIDOCAINE 4% Pain Relieving Gel-Patch, 30 Patches",1738,https://www.costco.com/.product.1917880.html
1919326,"Bounty Advanced Paper Towels, 2-Ply, 103 Sheets, 12-count",1738,https://www.costco.com/.product.1919326.html
1919455,"14kt Yellow Gold High Polish & Diamond Cut Round Box Chain, 22 inches",1738,https://www.costco.com/.product.1919455.html
1919460,18kt Yellow Gold Love Knot Earrings,1738,https://www.costco.com/.product.1919460.html
1919858,"Kirkland Signature Favorites Candy Variety, 90 oz",1738,https://www.costco.com/.product.1919858.html
1920008,"Chobani Protein Lowfat Greek Yogurt, 6.7 oz, 16-count",1738,https://www.costco.com/.product.1920008.html
1920427,Mikasa Quinn 12-piece Bone China Dinnerware Set,1738,https://www.costco.com/.product.1920427.html
1920495,"Lysol Disinfecting Wipes, Variety Pack, 95-count, 4-pack",1738,https://www.costco.com/.product.1920495.html
1921672,"Round Brilliant 1.00 ctw VS2 Clarity, I Color Diamond 14kt White Gold Earrings",1738,https://www.costco.com/.product.1921672.html
1922000,"Delta Rinna Two Handle Widespread Bathroom Faucet, Brushed Nickel",1738,https://www.costco.com/.product.1922000.html
1922359,"Round Brilliant 1.00 ctw VS2 Clarity, I Color Diamond 14kt White Gold Smile Necklace",1738,https://www.costco.com/.product.1922359.html
1922924,"Brita Champlain Water Filter Pitcher, 10 Cup with 2 Filters",1738,https://www.costco.com/.product.1922924.html
1922992,Meguiar's Classic Tire Shine Shine 15oz 3-Pack,1738,https://www.costco.com/.product.1922992.html
1924266,"San Pellegrino Ciao! Sparkling Water, Variety Pack, 11.15 fl oz, 24-count",1738,https://www.costco.com/.product.1924266.html
1924746,Super Nature Shampoo/Conditioner 30 fl oz each,1738,https://www.costco.com/.product.1924746.html
1925186,"Jojo's Dark Chocolate Pistachio Almond Cranberry Bites, 14.4 oz",1738,https://www.costco.com/.product.1925186.html
1925449,Epson EcoTank ET-2988 Wireless SuperTank Printer - White,1738,https://www.costco.com/.product.1925449.html
1925701,"Mae Fine Foods Bonbon - 2 x 48 Count Tray Bundle, 96 Pieces Total",1738,https://www.costco.com/.product.1925701.html
1925804,"Kirkland Signature Artisan Crust Pepperoni Pizza, 21.52 oz, 4-count",1738,https://www.costco.com/.product.1925804.html
1925833,"Kirkland Signature Sparkling Energy Drink, Variety Pack, 12 fl oz, 24-count",1738,https://www.costco.com/.product.1925833.html
1926987,"SHOKZ OpenRun SE- Open-Ear Bluetooth Wireless Bone Conduction Sport Headphones, Standard - Indigo",1738,https://www.costco.com/.product.1926987.html
1926991,SHOKZ OpenFit 2 SE Open-Ear True Wireless Earbuds,1738,https://www.costco.com/.product.1926991.html
1927215,"Orgain, Micronized Creatine Monohydrate, Unflavored, 1.48lbs",1738,https://www.costco.com/.product.1927215.html
1927496,2025 Topps Baseball Flagship Collection 2,1738,https://www.costco.com/.product.1927496.html
1927586,MSI Aegis Gaming Desktop – AMD Ryzen 9 9900X – GeForce RTX 5080 – Windows 11 Home - 32GB RAM - 2TB SSD,1738,https://www.costco.com/.product.1927586.html
1928295,"Dove Deep Moisture Body Wash, 23 fl oz, 3-pack",1738,https://www.costco.com/.product.1928295.html
1928743,"SINGER Heavy Duty 8832 Sewing Machine, Black",1738,https://www.costco.com/.product.1928743.html
1928806,BISSELL PowerClean FurGuard Deluxe 280W Cordless Vacuum with Extra Battery,1738,https://www.costco.com/.product.1928806.html
1929666,"Wood Inspired Holiday Trees, Set of 3",1738,https://www.costco.com/.product.1929666.html
1929667,4.5' Pre-Lit Whimsical Tree with LED Lights,1738,https://www.costco.com/.product.1929667.html
1929673,Pokémon Holiday Calendar,1738,https://www.costco.com/.product.1929673.html
1929676,9' Pre-Lit Radiant Micro LED with Twinkle Artificial Flocked Greenery Garland,1738,https://www.costco.com/.product.1929676.html
1929678,"12"" Color Changing Candy Cane LED Pathway Lights, Set of 6",1738,https://www.costco.com/.product.1929678.html
1929696,"BOO Wooden Light Up Letters, Set of 3",1738,https://www.costco.com/.product.1929696.html
1929700,7.2' Pop Up Santa Bear with LED Twinkle Lights,1738,https://www.costco.com/.product.1929700.html
1929704,"72"" Candy Canes with LED Twinkle Lights",1738,https://www.costco.com/.product.1929704.html
1929710,"9"" Infinity Mirror LED Pathway Lights, Set of 6",1738,https://www.costco.com/.product.1929710.html
1929716,Mini Brands Mini Vinyls Playset with Three Capsules,1738,https://www.costco.com/.product.1929716.html
1929720,4' Nutcracker Bear with LED Lights,1738,https://www.costco.com/.product.1929720.html
1929736,"12"" Red & White Candy Cane LED Lawn Stakes, Set of 6",1738,https://www.costco.com/.product.1929736.html
1929748,"Metal Inspired Holiday Trees, Set of 3",1738,https://www.costco.com/.product.1929748.html
1929834,"30"" Disney Mickey and Minnie Flocked Pre-Lit LED Wreath",1738,https://www.costco.com/.product.1929834.html
1930184,"Flents Wipe 'N Clear Lens Wipes, 4 Boxes, 75 Wipes Each",1738,https://www.costco.com/.product.1930184.html
1930479,Hisense 10.2 cu. ft. Garage Ready Frost Free Convertible Upright Freezer with Seal Break Handle,1738,https://www.costco.com/.product.1930479.html
1930499,Hisense 17 cu. ft. Garage Ready Frost Free Convertible Upright Freezer with Seal Break Handle,1738,https://www.costco.com/.product.1930499.html
1930531,"Sukhi's Indian Butter Chicken Prepared Meal, 18 oz, 2-count",1738,https://www.costco.com/.product.1930531.html
1931211,Kirkland Signature Micellar Facial Cleansing Wipes 180-count,1738,https://www.costco.com/.product.1931211.html
1932071,"Liquid I.V. Hydration Multiplier, 30 Individual Serving Stick Packs in Resealable Pouch, Variety Pack",1738,https://www.costco.com/.product.1932071.html
1932095,"Giovanni Rana French Onion-style Ravioli Bake Kit with Beef Sauce, 35 oz",1738,https://www.costco.com/.product.1932095.html
1932497,"Samsung Bespoke AI All-in-One Washer Dryer Combo 5.3 cu. ft. Ultra Capacity Washer and VENTLESS Heat Pump Dryer, Brushed Black",1738,https://www.costco.com/.product.1932497.html
1932536,"Samsung Bespoke AI All-in-One Washer Dryer Combo 5.3 cu. ft. Ultra Capacity Washer and VENTLESS Heat Pump Dryer, Ivory",1738,https://www.costco.com/.product.1932536.html
1932660,MSI Codex R2 Gaming Desktop – Intel Core Ultra 7 265 - NVIDIA RTX 5060 Ti 8GB – Windows 11 Home - 32GB RAM – 2TB SSD,1738,https://www.costco.com/.product.1932660.html
1933884,"Solar LED Flamingo Pair, Set of 2",1738,https://www.costco.com/.product.1933884.html
1933896,"SunVilla 13ft. Round 3-Tier Cantilever Umbrella, Tan",1738,https://www.costco.com/.product.1933896.html
1933937,"SunVilla Julia Woven Chaise Lounge 2-pack, Gray",1738,https://www.costco.com/.product.1933937.html
1933941,SPIRE 550X 6 Burner Gas Grill,1738,https://www.costco.com/.product.1933941.html
1933982,Henredon Arlow 4-piece Outdoor Patio Seating Set,1738,https://www.costco.com/.product.1933982.html
1933997,Thomasville Dillard 3-piece Convertible Outdoor Patio Sectional,1738,https://www.costco.com/.product.1933997.html
1934055,"SunVilla Knox 6-piece Outdoor Patio Seating Set, Tan",1738,https://www.costco.com/.product.1934055.html
1934061,SunVilla Anchor 9-piece Outdoor Patio Dining Set with Folding Chairs,1738,https://www.costco.com/.product.1934061.html
1934126,Dynatrap Solar Outdoor Bug Trap 1/4 Acre,1738,https://www.costco.com/.product.1934126.html
1934144,"Mirador 11.4' Cantilever Umbrella with Rolling Base, Tan",1738,https://www.costco.com/.product.1934144.html
1934157,"SunVilla Julia Woven Chaise Lounge 2-pack, Brown",1738,https://www.costco.com/.product.1934157.html
1934161,"SunVilla Knox 6-Piece Outdoor Patio Seating Set, Blue",1738,https://www.costco.com/.product.1934161.html
1934167,Thomasville Elko 3-piece Outdoor Patio Swivel Glider Recliner Set,1738,https://www.costco.com/.product.1934167.html
1934171,"SunVilla 13ft. Round 3-Tier Cantilever Umbrella, Blue",1738,https://www.costco.com/.product.1934171.html
1934186,SunVilla Bernard 6-piece Outdoor Patio Seating Set,1738,https://www.costco.com/.product.1934186.html
1934189,MoDe Bogota 4-piece Outdoor Patio Deep Seating Set,1738,https://www.costco.com/.product.1934189.html
1934203,Blackstone 22” Griddle with Hard Cover and Carry Bag Bundle,1738,https://www.costco.com/.product.1934203.html
1934214,Agio Juniper 5-piece Outdoor Fire Seating Set,1738,https://www.costco.com/.product.1934214.html
1934226,Blackstone 36” Omnivore Griddle with Hinged Hood and Soft Cover,1738,https://www.costco.com/.product.1934226.html
1934294,Henredon Calis 4-piece Outdoor Patio Seating Set,1738,https://www.costco.com/.product.1934294.html
1935000,"Huggies Pull-Ups Plus Training Pants Unisex, 2T - 3T",1738,https://www.costco.com/.product.1935000.html
1935001,"Huggies Pull-Ups Plus Training Pants Unisex, 3T - 4T",1738,https://www.costco.com/.product.1935001.html
1935002,"Huggies Pull-Ups Plus Training Pants Unisex, 4T - 5T",1738,https://www.costco.com/.product.1935002.html
1935003,"Huggies Pull-Ups Plus Training Pants Unisex, 5T - 6T",1738,https://www.costco.com/.product.1935003.html
1936026,HOTO Wand Cordless Spin Scrubber,1738,https://www.costco.com/.product.1936026.html
1936069,Hero Mighty Patch 84 Total Patches,1738,https://www.costco.com/.product.1936069.html
1936264,"Gatorade Zero Variety Pack, 20 fl oz, 24-count",1738,https://www.costco.com/.product.1936264.html
1937492,"Alani Nu Energy Drink, Witch's Brew, 12 fl oz, 18-count",1738,https://www.costco.com/.product.1937492.html
1937919,"Artika Royce 32” x 24” LED Wall Mirror with Defogger, Brushed Nickel",1738,https://www.costco.com/.product.1937919.html
1937944,"Tommy Bahama Smart Focus 100/60 Lumen LED Solar Spotlight, 2-Pack",1738,https://www.costco.com/.product.1937944.html
1937952,"Energetic Lighting 14” Arcadia Flush Mount with Selectable CCT & Halo Accent Light, 1 Light",1738,https://www.costco.com/.product.1937952.html
1937955,"GTX Solar LED Pathway Lights, 4-pack",1738,https://www.costco.com/.product.1937955.html
1937970,Kohler Calidus 2-piece Elongated Toilet,1738,https://www.costco.com/.product.1937970.html
1937993,KODA Hardwire Motion Activated LED Security Floodlight,1738,https://www.costco.com/.product.1937993.html
1937997,COSCO 5 in 1 Convertible Hand Truck with 3 Position Extendable Handle,1738,https://www.costco.com/.product.1937997.html
1938000,Feit Electric 15” Round Ceiling Fixture with Night Light,1738,https://www.costco.com/.product.1938000.html
1938012,Kohler 8L Step Trash Can,1738,https://www.costco.com/.product.1938012.html
1938016,Sanctuary Reserve 6.0 cu. ft. Fireproof and Waterproof Safe with Electronic Lock,1738,https://www.costco.com/.product.1938016.html
1938018,Artika Bowen Solar LED Address Wall Light,1738,https://www.costco.com/.product.1938018.html
1938066,"Duracell 1600 Lumen Hybrid Power LED Flashlight, 3-Pack",1738,https://www.costco.com/.product.1938066.html
1938084,DeWalt 8-Gallon 4 HP Stealthsonic Quiet Stainless Steel Wet Dry Vacuum,1738,https://www.costco.com/.product.1938084.html
1938099,Artika Eclipse Solar String Light with Remote,1738,https://www.costco.com/.product.1938099.html
1938108,"Infinity X1 Under Cabinet Lights, 3-pack",1738,https://www.costco.com/.product.1938108.html
1938239,"Kevin's Natural Foods Hawaiian Style Chicken, 32 oz",1738,https://www.costco.com/.product.1938239.html
1938489,"Bellevue Embossed Glass 12 oz. Candle, 4-pack",1738,https://www.costco.com/.product.1938489.html
1938952,"Olay Regenerist 10 Niacinamide Moisturizer, 1.7 oz, 2-pack",1738,https://www.costco.com/.product.1938952.html
1939916,"LaCroix Sparkling Water, Spring Variety Pack, 12 fl oz, 24-count",1738,https://www.costco.com/.product.1939916.html
1939944,"Dove Intensive Repair Damage Therapy Shampoo & Conditioner Set, 33.8 fl oz",1738,https://www.costco.com/.product.1939944.html
1939979,"Celsius Sparkling Energy Drink, Vibe Variety Pack, 12 fl oz, 18-count",1738,https://www.costco.com/.product.1939979.html
1940204,14kt Gold High Polish Rosary,1738,https://www.costco.com/.product.1940204.html
1940334,"Platterful, Charcuterie Kit - Board Not Included 41.2oz Total",1738,https://www.costco.com/.product.1940334.html
1940345,Ninja Fireside360 Outdoor Heater & Fire Pit and Top Cover Bundle,1738,https://www.costco.com/.product.1940345.html
1940874,Dell Tower Desktop - Intel Core Ultra 5 225 - 16GB RAM - 512GB SSD - Windows 11 Home,1738,https://www.costco.com/.product.1940874.html
1940909,"Kirkland Signature Daily Dry Facial Towels, 200-count",1738,https://www.costco.com/.product.1940909.html
1940911,Anker 70W/30W Wall Charger Bundle,1738,https://www.costco.com/.product.1940911.html
1942260,Nordic Ware Naturals 3-piece Baking Sheet Set,1738,https://www.costco.com/.product.1942260.html
1942663,"Gemstone and Diamond 14kt Gold Flower Earrings, White Opal",1738,https://www.costco.com/.product.1942663.html
1942664,"Gemstone and Diamond 14kt Gold Flower Earrings, Topaz",1738,https://www.costco.com/.product.1942664.html
1943045,"iPad Pro 13-inch, 256GB Wi-Fi (M5 chip) Built For Apple Intelligence, Space Black",1738,https://www.costco.com/.product.1943045.html
1943046,"iPad Pro 13-inch, 256GB Wi-Fi (M5 chip) Built For Apple Intelligence, Silver",1738,https://www.costco.com/.product.1943046.html
1943678,"Epson EcoTank ET-3958 Wireless All-in-One Color Supertank Printer, White",1738,https://www.costco.com/.product.1943678.html
1943983,Singing Machine Karaoke WIFI Vocal Hero,1738,https://www.costco.com/.product.1943983.html
1944421,Kohler 26kW Home Standby Generator with 200A Automatic Transfer Switch,1738,https://www.costco.com/.product.1944421.html
1945057,"Oikos 30g Protein Shake, Vanilla, 12 fl oz, 18-pack",1738,https://www.costco.com/.product.1945057.html
1945139,"MacBook Pro Laptop (14-inch) - Apple M5 chip, Built for Apple Intelligence, 10-core CPU, 10-core GPU, 16GB Memory, 1TB SSD Storage, Space Black",1738,https://www.costco.com/.product.1945139.html
1945194,"Apple AirPods Pro 3, Wireless Earbuds, Active Noise Cancellation, Hearing Aid Feature, Heart Rate Sensing, Includes 2 Years of AppleCare+",1738,https://www.costco.com/.product.1945194.html
1945458,"HP OmniBook 7 Flip 16"" 2-in-1 AI Laptop - Intel Evo Platform Powered by Intel Core Ultra 7 258V - Copilot+ PC - 3K OLED Touchscreen - 32GB Memory - 1TB SSD - Windows 11 Home",1738,https://www.costco.com/.product.1945458.html
1946730,Lavazza Dolcevita Classico 80-count K-Cup Pods,1738,https://www.costco.com/.product.1946730.html
1946913,"Gemstone and Diamond 14kt Gold Flower Earrings, Garnet",1738,https://www.costco.com/.product.1946913.html
1947401,Lifetime 170-Gallon Resin Outdoor Storage Deck Box,1738,https://www.costco.com/.product.1947401.html
1947788,Samsung Galaxy Tab S10 FE 10.9” Wi-Fi Tablet 128GB – Includes S Pen and Book Cover Keyboard,1738,https://www.costco.com/.product.1947788.html
1947935,Lab Created Emerald and Diamond 14kt White Gold Pendant,1738,https://www.costco.com/.product.1947935.html
1948305,"Comvita Manuka Honey UMF 12+, 17.6 oz",1738,https://www.costco.com/.product.1948305.html
1948787,14kt Yellow Gold Forzatina Chain Necklace,1738,https://www.costco.com/.product.1948787.html
1949725,JBL PartyBox 130 Portable Party Speaker with Wireless Microphone,1738,https://www.costco.com/.product.1949725.html
1950298,Atomi Smart 12K BTU Tempestas Inverter Ductless Mini-Split Air Conditioner and Heat Pump,1738,https://www.costco.com/.product.1950298.html
1951122,14kt Yellow Gold Love Knot Earrings,1738,https://www.costco.com/.product.1951122.html
1952509,"Kirkland Signature Straight Bourbon Whiskey, Kentucky, 1.75 L",1738,https://www.costco.com/.product.1952509.html
1953158,Ingersoll Rand Edge 155 Piece Master Mechanic's Tool Set,1738,https://www.costco.com/.product.1953158.html
1953371,"Beyond Meat Plant-Based Patties, 4 oz, 10-count",1738,https://www.costco.com/.product.1953371.html
1953411,"Old Spice Swagger Scent Boosted Aluminum Free Deodorant, 3 oz, 4-pack",1738,https://www.costco.com/.product.1953411.html
1954168,Fitz and Floyd Sicily Blue 12-piece Dinnerware Set,1738,https://www.costco.com/.product.1954168.html
1954447,"Round Brilliant 0.50 ctw VS2 Clarity, I Color Diamond Platinum Halo Ring, Size 7",1738,https://www.costco.com/.product.1954447.html
1956136,"Kirkland Signature Crispy Wings with Classic Buffalo Sauce, 64 oz",1738,https://www.costco.com/.product.1956136.html
1956161,18kt Yellow Gold High Polish Love Knot Pendant,1738,https://www.costco.com/.product.1956161.html
1956337,"Nescafé Blonde Gold Instant Espresso, 7 oz",1738,https://www.costco.com/.product.1956337.html
1956341,Skylight 27” Calendar Max Classic Bundle,1738,https://www.costco.com/.product.1956341.html
1956465,"Kize Life Changing Bars, Variety Pack, 12-count",1738,https://www.costco.com/.product.1956465.html
1956868,14kt Yellow Gold Puffed Heart Necklace,1738,https://www.costco.com/.product.1956868.html
1957384,"Mars Minis Chocolate Candy, Variety Pack, 200-count",1738,https://www.costco.com/.product.1957384.html
1957640,Bose SoundLink Flex SE Gen 2 Portable Waterproof Bluetooth Speaker - Blue,1738,https://www.costco.com/.product.1957640.html
1957813,"Sports Research Multi Collagen, 180 Capsules",1738,https://www.costco.com/.product.1957813.html
1957823,"Sports Research Vitamin B Complex, 180 Veggie Soft Gels",1738,https://www.costco.com/.product.1957823.html
1958890,Nintendo Switch 2 + NSO + Memory Card Bundle,1738,https://www.costco.com/.product.1958890.html
1959005,Hisense AX700 5.1.4 Ch Soundbar with Wireless Subwoofer,1738,https://www.costco.com/.product.1959005.html
1959104,HOTO Flexi Cordless Spin Scrubber,1738,https://www.costco.com/.product.1959104.html
1960747,"Bosch 800 Series Top Control Dishwasher with CrystalDry and TimeLight, 42dBA",1738,https://www.costco.com/.product.1960747.html
1961136,Samsung HW-Q60CF 3.1.2 Ch Soundbar with Wireless Subwoofer,1738,https://www.costco.com/.product.1961136.html
1961630,"Samsung Galaxy Watch8 40mm Smartwatch with Two Wireless Fast Chargers, Silver",1738,https://www.costco.com/.product.1961630.html
1961641,"Samsung Galaxy Watch8 44mm Smartwatch with Two Wireless Fast Chargers, Graphite",1738,https://www.costco.com/.product.1961641.html
1961920,HOTO Cordless Auto-Dispensing Glue Gun,1738,https://www.costco.com/.product.1961920.html
1962753,"Qunol Brain Health Memory Plus, 100 Count",1738,https://www.costco.com/.product.1962753.html
1963239,"Airwick Scented Oils, 1 Plug-in + 9 Refills, Variety Pack, Assorted Scents",1738,https://www.costco.com/.product.1963239.html
1964082,"Novaform 14” ComfortGrande Advanced Hybrid Mattress, Queen",1738,https://www.costco.com/.product.1964082.html
1964083,"Novaform 14” ComfortGrande Advanced Hybrid Mattress, King",1738,https://www.costco.com/.product.1964083.html
1965335,Cuisinart Extra-Large 26L 10-in-1 Digital Air Fryer Oven,1738,https://www.costco.com/.product.1965335.html
1965989,"Aveeno Skin Relief Body Wash, 18 fl oz, 3-pack",1738,https://www.costco.com/.product.1965989.html
1966263,"Olay Every Night Retinol, 1.7 oz, 2-pack",1738,https://www.costco.com/.product.1966263.html
1966293,"Frito-Lay NFL Gameday Mix, 54-count",1738,https://www.costco.com/.product.1966293.html
1966500,"Mirador 11.4' Cantilever Umbrella with Rolling Base, Blue",1738,https://www.costco.com/.product.1966500.html
1966501,"Mirador 11.4' Cantilever Umbrella with Rolling Base, Gray",1738,https://www.costco.com/.product.1966501.html
1966529,"Celsius Sparkling Energy Drink, Core Variety Pack, 12 fl oz, 18-count",1738,https://www.costco.com/.product.1966529.html
1967400,Soundcore Space One Noise Cancelling Headphones - Black,1738,https://www.costco.com/.product.1967400.html
1967401,Soundcore Space One Noise Cancelling Headphones - Cream,1738,https://www.costco.com/.product.1967401.html
1967795,"Honeyque Deep Repair Shampoo & Conditioner, 15.2 fl oz, 2-pack",1738,https://www.costco.com/.product.1967795.html
1968128,"youtheory Ashwagandha, 180 Gummies, Mixed Berry Flavor",1738,https://www.costco.com/.product.1968128.html
1968702,&honey Deep Moist Shampoo & Conditioner Set,1738,https://www.costco.com/.product.1968702.html
1968803,"GUM Professional Clean Floss Picks, 150-count, 3-pack",1738,https://www.costco.com/.product.1968803.html
1968869,TIKI® Brand 25 Inch Celebration Smokeless Fire Pit,1738,https://www.costco.com/.product.1968869.html
1969459,"OLLY Kids Multivitamin & Probiotic, 160 Gummies",1738,https://www.costco.com/.product.1969459.html
1969480,"OLLY Sleep Gummy, 110 Gummies",1738,https://www.costco.com/.product.1969480.html
197197,"Kirkland Signature Naproxen Sodium, 220 mg, 400 Caplets",1738,https://www.costco.com/.product.197197.html
1972488,"Oats Overnight Variety Pack, 30g Protein Shake, Fudge Brownie, Cookies & Cream, 14-pack",1738,https://www.costco.com/.product.1972488.html
1973500,Adam's Polishes Ultimate 12-piece Detailing Kit,1738,https://www.costco.com/.product.1973500.html
1974257,"Fanttik W10 APEX 4"" Mini Chainsaw",1738,https://www.costco.com/.product.1974257.html
1974451,"KitchenAid 24 in. Front Control Built-In PrintShield Stainless Steel Dishwasher with 360 Max Jets 3rd Rack, 44 dBA",1738,https://www.costco.com/.product.1974451.html
1974664,"KitchenAid 24 in. Top Control Built-In PrintShield Stainless Steel Dishwasher with Ultra-Bright LED Lighting, 44 dBA",1738,https://www.costco.com/.product.1974664.html
1974794,"Kellogg's Special K Extra Red Berries Cereal, 21.5 oz, 2-count",1738,https://www.costco.com/.product.1974794.html
1975346,Rowenta Pro Steam Iron,1738,https://www.costco.com/.product.1975346.html
1975451,"Lifetime Outdoor Utility Storage Shed - 75"" x 43"" x 69"", Gray",1738,https://www.costco.com/.product.1975451.html
1975527,"Kirkland Signature Ultra Filtered 2% Lactose Free Milk, Half Gallon, 3-count",1738,https://www.costco.com/.product.1975527.html
1975676,"Dove Sensitive Body Wash, 23 fl oz, 3-pack",1738,https://www.costco.com/.product.1975676.html
1975695,"Mohawk Home 12MM Thick 9.4in X 47.2in AC4 Waterproof Surface Laminate Wood Plank Flooring (18.6 sq ft/ctn), Westhighland Oak",1738,https://www.costco.com/.product.1975695.html
1975773,"Feit Electric 100W Replacement 5-CCT LED Classic Glass A19 Bulbs, 4-pack",1738,https://www.costco.com/.product.1975773.html
1975952,Lifesmart TM6500 PowerTouch Treadmill,1738,https://www.costco.com/.product.1975952.html
1976293,"Braun IPL At Home Laser Hair Removal, Permanent Hair Reduction, Venus Razor",1738,https://www.costco.com/.product.1976293.html
1977050,"LG 34"" WQHD 120Hz Curved Ultrawide Monitor",1738,https://www.costco.com/.product.1977050.html
1977124,"Bai Antioxidant Beverage, Fruit Variety Pack, 18 fl oz, 15-count",1738,https://www.costco.com/.product.1977124.html
1977763,"SANUS Preferred 26""-65"" Full-Motion TV Mount",1738,https://www.costco.com/.product.1977763.html
1978507,Greenworks 80V 730 CFM Blower & 17” String Trimmer,1738,https://www.costco.com/.product.1978507.html
1978580,"Kirkland Signature Tonkotsu Pork Ramen Broth, 32 fl oz, 4-count",1738,https://www.costco.com/.product.1978580.html
1981743,"Kirkland Signature Five Cheese Tortelloni, 24 oz, 2-count",1738,https://www.costco.com/.product.1981743.html
1982330,"Hawaiian Tropic Sheer Touch Lotion Sunscreen SPF 30, 10.8 fl oz, 2-pack",1738,https://www.costco.com/.product.1982330.html
1983478,"Avocado Organic 13"" Medium-Plush Pillowtop Hybrid Mattress, Full",1738,https://www.costco.com/.product.1983478.html
1983479,"Avocado Organic 13"" Medium-Plush Pillowtop Hybrid Mattress, Queen",1738,https://www.costco.com/.product.1983479.html
1983480,"Avocado Organic 13"" Medium-Plush Pillowtop Hybrid Mattress, King",1738,https://www.costco.com/.product.1983480.html
1983640,LumiPur 6-piece Flameless LED Candles Design Series Glass with Remote,1738,https://www.costco.com/.product.1983640.html
1984074,Belkin 3-in-1 Charging Stand Qi2 25W,1738,https://www.costco.com/.product.1984074.html
1984296,"Mezcla Puff-Crispy Bar, Pistachio Chocolate, 1.4 oz, 14-count",1738,https://www.costco.com/.product.1984296.html
1984999,"Kirkland Signature Rice Crackers, 32 oz",1738,https://www.costco.com/.product.1984999.html
1985130,"youtheory Concentrated Effect Verisol Collagen with Biotin, 345 Count",1738,https://www.costco.com/.product.1985130.html
1985161,Lifesmart TM22X PowerTouch Treadmill,1738,https://www.costco.com/.product.1985161.html
1985324,Duracell 5000L Tri-Powered Lantern,1738,https://www.costco.com/.product.1985324.html
1985333,RinseKit Pro 2.0 Portable Shower,1738,https://www.costco.com/.product.1985333.html
1985364,Stern Pokémon Pinball Machine,1738,https://www.costco.com/.product.1985364.html
1985544,Rabbit Garden Statues Set of Two,1738,https://www.costco.com/.product.1985544.html
1986173,"Snapdragon Foods Vietnamese Pho Bowls, Beef, 3.1 oz, 9-count",1738,https://www.costco.com/.product.1986173.html
1987067,Aigo E3 Rainbow Kids Electric Scooter,1738,https://www.costco.com/.product.1987067.html
1987084,Chirp Contour Decompression and Massage Roller Table with Additional Roller Set,1738,https://www.costco.com/.product.1987084.html
1987111,"Kirkland Signature Diaper Sizes 1-2, Size One",1738,https://www.costco.com/.product.1987111.html
1987112,"Kirkland Signature Diaper Sizes 1-2, Size Two",1738,https://www.costco.com/.product.1987112.html
1987113,"Kirkland Signature Diaper Sizes 3-7, Size Three",1738,https://www.costco.com/.product.1987113.html
1987114,"Kirkland Signature Diaper Sizes 3-7, Size Four",1738,https://www.costco.com/.product.1987114.html
1987115,"Kirkland Signature Diaper Sizes 3-7, Size Five",1738,https://www.costco.com/.product.1987115.html
1987116,"Kirkland Signature Diaper Sizes 3-7, Size Six",1738,https://www.costco.com/.product.1987116.html
1987117,"Kirkland Signature Diaper Sizes 3-7, Size Seven",1738,https://www.costco.com/.product.1987117.html
1987193,"Aleve Naproxen Sodium 220 mg Pain Reliever, Fever Reducer, 180 Liquid Gel Capsules",1738,https://www.costco.com/.product.1987193.html
1987550,Wren Zero Gravity Power Leather Recliner with Power Headrest,1738,https://www.costco.com/.product.1987550.html
1987577,"Thomasville Daxton Wood and Upholstered Bed Frame, King",1738,https://www.costco.com/.product.1987577.html
1987603,Ashton Counter Height Dining Table and 8 Chairs,1738,https://www.costco.com/.product.1987603.html
1987608,Avondale Dining Table and 6 Chairs,1738,https://www.costco.com/.product.1987608.html
1987610,Gilman Creek Aldryn Leather Gliding Power Recliner with Power Headrest,1738,https://www.costco.com/.product.1987610.html
1987612,Tresanti Juliette 75” Console with Electric Fireplace,1738,https://www.costco.com/.product.1987612.html
1987622,"Coddle Cameron Convertible Sofa with Reversible Chaise and Storage, Taupe",1738,https://www.costco.com/.product.1987622.html
1987646,Hartford Dining Table and 6 Chairs,1738,https://www.costco.com/.product.1987646.html
1987657,"Hawthorne 3-piece Fabric Sectional with Ottoman, Brown",1738,https://www.costco.com/.product.1987657.html
1987706,"Broyhill Oswin Fabric 3-piece Sectional with Storage Ottoman, Tan",1738,https://www.costco.com/.product.1987706.html
1987762,DPS Recon Gaming Office Chair,1738,https://www.costco.com/.product.1987762.html
1987843,"Sydney 6-piece Fabric Modular Sectional, Taupe",1738,https://www.costco.com/.product.1987843.html
1988113,"Fabuloso Multi-Purpose Cleaner, Lavender, 210 fl oz",1738,https://www.costco.com/.product.1988113.html
1988210,SunVilla Alden 3-piece Outdoor Patio Seating Set,1738,https://www.costco.com/.product.1988210.html
1989555,"NewAge Products Bold Series 6 Piece Cabinet Set with 30 in. Locker, Base and Wall Cabinet, Gray",1738,https://www.costco.com/.product.1989555.html
1990971,"Novaform 14"" Legacy Premier Support Hybrid Euro Top Mattress, Queen, Medium",1738,https://www.costco.com/.product.1990971.html
1990972,"Novaform 14"" Legacy Premier Support Hybrid Euro Top Mattress, King, Medium",1738,https://www.costco.com/.product.1990972.html
1990973,"Novaform 16"" Legacy Elite Premier Hybrid Euro Top Mattress, Queen",1738,https://www.costco.com/.product.1990973.html
1990974,"Novaform 16"" Legacy Elite Premier Hybrid Euro Top Mattress, King",1738,https://www.costco.com/.product.1990974.html
1991335,"Mr. Clean Magic Eraser, Whole Home Extra Durable, 18-count",1738,https://www.costco.com/.product.1991335.html
1991395,"OLLY Men's Multivitamin Gummy, 200 Gummies",1738,https://www.costco.com/.product.1991395.html
1991633,"Sports Research CoQ10 200mg, 150ct",1738,https://www.costco.com/.product.1991633.html
1991771,"Sports Research Advanced Multivitamin, 180 Veggie Capsules",1738,https://www.costco.com/.product.1991771.html
1991797,"Sports Research Vitamin C Liposomal, 1000 mg, 180 Veggie Capsules",1738,https://www.costco.com/.product.1991797.html
1992278,"Sports Research Omega-3 Krill Oil Superba2 1000mg, 90ct Softgels",1738,https://www.costco.com/.product.1992278.html
1993993,TOTO Drake 2-Piece Elongated Toilet with C5 Washlet Bidet Seat,1738,https://www.costco.com/.product.1993993.html
1994222,HTH Pool Care Shock Advanced All-in-one,1738,https://www.costco.com/.product.1994222.html
19954,"Kirkland Signature Vitamin E 180 mg., 500 Softgels",1738,https://www.costco.com/kirkland-signature-vitamin-e-180-mg-500-softgels.product.19954.html
1995727,"Nello Supercalm Drink Mix, Variety Pack, 26-ct",1738,https://www.costco.com/.product.1995727.html
1996039,Artika Sonokit Wall Panel Accessory Kit,1738,https://www.costco.com/.product.1996039.html
1996719,"Sealy Posturepedic Pro Omak Valley 13"" Firm Hybrid Mattress, Queen",1738,https://www.costco.com/.product.1996719.html
1996720,"Sealy Posturepedic Pro Omak Valley 13"" Firm Hybrid Mattress, King",1738,https://www.costco.com/.product.1996720.html
1996833,"Metamucil Fiber Gummies, 150 Gummies",1738,https://www.costco.com/.product.1996833.html
1996983,"belVita Energy Snack Bites Variety Pack, 25-count",1738,https://www.costco.com/.product.1996983.html
1996984,Jackery Explorer 1500 v2 Solar Generator with Solar Panel 100Air,1738,https://www.costco.com/.product.1996984.html
1997781,Kohler Tresham 2-piece Elongated Toilet,1738,https://www.costco.com/.product.1997781.html
1998181,"SnapPower GuideLight 2 LED Outlet Cover, 3-pack, Duplex",1738,https://www.costco.com/.product.1998181.html
1998335,GreenPan Reserve Stainless Steel 12-piece Cookware Set,1738,https://www.costco.com/.product.1998335.html
1998494,"SuperBeets Heart Gummies, Strawberry, 150ct",1738,https://www.costco.com/.product.1998494.html
1998559,"Natrol Melatonin 10mg Gummies, 200ct",1738,https://www.costco.com/.product.1998559.html
1999292,14kt Yellow Gold Paperclip Necklace,1738,https://www.costco.com/.product.1999292.html
1999335,"Weber Genesis C-335E Gas Grill, Liquid Propane",1738,https://www.costco.com/.product.1999335.html
1999336,"Weber Genesis C-335E Gas Grill, Natural Gas",1738,https://www.costco.com/.product.1999336.html
1999435,"Weber Genesis C-435S Gas Grill, Liquid Propane",1738,https://www.costco.com/.product.1999435.html
1999436,"Weber Genesis C-435S Gas Grill, Natural Gas",1738,https://www.costco.com/.product.1999436.html
1999652,"BARNUM'S Animal Crackers, 1 oz, 30-count",1738,https://www.costco.com/.product.1999652.html
1999716,"Sparkling Ice Zero Sugar Sparkling Water Purple Variety Pack, 17 fl oz, 24-count",1738,https://www.costco.com/.product.1999716.html
2001199,"Ritual Prenatal Multivitamin, 120 Capsules",1738,https://www.costco.com/.product.2001199.html
2001297,"30"" Disney Mickey Figural Pre-Lit LED Wreath",1738,https://www.costco.com/.product.2001297.html
2002026,Swarovski Annual Edition Ornament 2026,1738,https://www.costco.com/.product.2002026.html
2002510,Serenity by Tempur-Pedic Frost Cooling Memory Foam Pillow,1738,https://www.costco.com/.product.2002510.html
2002648,"Brio 740i Nugget Ice Maker, 44lbs",1738,https://www.costco.com/.product.2002648.html
2003097,"Quest Protein Bar Variety Pack, 2.12 oz, 16-count",1738,https://www.costco.com/.product.2003097.html
2004079,Ello 10-piece Glass Meal Prep Container Set.,1738,https://www.costco.com/.product.2004079.html
2004793,"Mohawk Home 6MM Thick x 9.43in x 47.8in 22 mil Waterproof Luxury Vinyl Plank Flooring (15.65 sq ft/ctn) , Coppervale Oak",1738,https://www.costco.com/.product.2004793.html
2006955,InfinitiPRO by Conair High-Speed Digital Dryer,1738,https://www.costco.com/.product.2006955.html
2007062,"Premier Protein High Protein Chocolate Shake, 11 fl oz, 18-count",1738,https://www.costco.com/.product.2007062.html
2007063,"Premier Protein Vanilla High Protein Shake, 11 fl oz, 18-count",1738,https://www.costco.com/.product.2007063.html
2007064,"Premier Protein High Protein Café Latte Shake, 11 fl oz, 18-count",1738,https://www.costco.com/.product.2007064.html
2007065,"Premier Protein High Protein Strawberries & Cream Shake, 11 fl oz, 18-count",1738,https://www.costco.com/.product.2007065.html
2007527,"Vital Proteins Collagen Gummies, Raspberry 256 Count",1738,https://www.costco.com/.product.2007527.html
2007587,Harry's Chrome Edition Razor Set 16 Cartridges + 1 Handle,1738,https://www.costco.com/.product.2007587.html
2008132,"Always Infinity FlexFoam Pads, 72-count",1738,https://www.costco.com/.product.2008132.html
2008181,"Chomps Smokey BBQ Seasoned Beef Sticks, 1.15 oz, 12-count",1738,https://www.costco.com/.product.2008181.html
2008684,Hoody's Honey Roasted Nut Mix,1738,https://www.costco.com/.product.2008684.html
2008742,"Kirkland Signature Gift Bows, 50ct",1738,https://www.costco.com/.product.2008742.html
2009004,14kt Yellow Gold High Polish Clover Stud Earrings,1738,https://www.costco.com/.product.2009004.html
2009061,"Huggies Plus Diapers Size 1, 192-count",1738,https://www.costco.com/.product.2009061.html
2009062,"Huggies Plus Diapers Size 2, 174-count",1738,https://www.costco.com/.product.2009062.html
2009145,"Solely Organic Fruit Jerky Variety Pack, 0.8 oz, 16-count",1738,https://www.costco.com/.product.2009145.html
2009547,Pioneer PSX615 700 Watt All-In-One Party Speaker with Auracast,1738,https://www.costco.com/.product.2009547.html
2009560,Little Giant Ladders Megalite™ M18 Telescoping Multi-position Ladder with Ladder Rack,1738,https://www.costco.com/.product.2009560.html
2009618,"MaryRuth's Morning Multivitamin + Hair Growth, Peach Mango, 22 fl. oz., 2-pack",1738,https://www.costco.com/.product.2009618.html
2009879,"Lasko Super Fan MAX, 4-Speed Multi-Purpose Compact Air Mover, Blower Fan",1738,https://www.costco.com/.product.2009879.html
2009964,"Gatorade Lower Sugar Variety Pack, 12 fl oz, 24-count",1738,https://www.costco.com/.product.2009964.html
2010942,"Nature Valley Crispy Creamy Wafer Bars, Variety Pack, 1.3 oz, 28-count",1738,https://www.costco.com/.product.2010942.html
2011581,Sharper Image Power Percussion Duo Max Deep Tissue Massager,1738,https://www.costco.com/.product.2011581.html
2012125,"15"" Skylight Calendar 2 Touchscreen Display and Organizer Classic Bundle",1738,https://www.costco.com/.product.2012125.html
2012412,"United Weavers Urban Impressions WPC Flooring 8 MM Thick with 22 Mil Wear Layer, 14.74 sq.ft/ctn, Scottsdale",1738,https://www.costco.com/.product.2012412.html
2012683,eufy Video Doorbell with Dual Cameras - No Monthly Fees,1738,https://www.costco.com/.product.2012683.html
2013232,"Alienware 15.3"" Gaming Laptop - AMD Ryzen 7 260 Processor - NVIDIA GeForce RTX 5060 - 16GB RAM - WUXGA (1920 x 1200) 165Hz Display - 1TB SSD - Windows 11 Home",1738,https://www.costco.com/.product.2013232.html
2013862,"BFGoodrich Premium Front and Rear Beam Wiper Blades, 16""",1738,https://www.costco.com/.product.2013862.html
2013866,"BFGoodrich Premium Front and Rear Beam Wiper Blades, 20""",1738,https://www.costco.com/.product.2013866.html
2013868,"BFGoodrich Premium Front and Rear Beam Wiper Blades, 22""",1738,https://www.costco.com/.product.2013868.html
2013869,"BFGoodrich Premium Front and Rear Beam Wiper Blades, 24""",1738,https://www.costco.com/.product.2013869.html
2013870,"BFGoodrich Premium Front and Rear Beam Wiper Blades, 26""",1738,https://www.costco.com/.product.2013870.html
2014292,"Dell Plus 16"" Touchscreen Laptop - Intel Core Ultra 7 256V Processor - FHD (1920 x 1080) - 16GB RAM - 512GB SSD - Windows 11 Home - Ice Blue",1738,https://www.costco.com/.product.2014292.html
2015479,"Dr. Groot Scalp Revitalizing Conditioner, 9.46 fl oz, 2-pack",1738,https://www.costco.com/.product.2015479.html
2016277,"Beautyrest Cooling Memory Foam Cluster Pillow, 2-pack",1738,https://www.costco.com/.product.2016277.html
2016900,"PURCELL Pixcell Biom Glow Barrier Serum, 3.38 fl oz",1738,https://www.costco.com/.product.2016900.html
2016969,"Galaxy Book4 Edge 14"" Copilot+ PC Touchscreen Laptop - Snapdragon X Elite (12 Core) - Dynamic AMOLED 2X WQXGA+ (2880 x 1800) - 16GB RAM - 512GB SSD - Windows 11 Home",1738,https://www.costco.com/.product.2016969.html
2017037,"Orgain 35g Dairy Free Protein Shake, Creamy Chocolate 14 fl oz, 12-count",1738,https://www.costco.com/.product.2017037.html
2017575,"ASUS ROG Strix G18 18"" Gaming Laptop - Intel Core Ultra 9 290HX PLUS - NVIDIA® GeForce RTX 5060, 2.5K 300Hz/3ms ROG Nebula Display - 32GB RAM, 1TB SSD - Windows 11 Home",1738,https://www.costco.com/.product.2017575.html
2017995,"L'Oreal Paris Voluminous Panorama Mascara, Blackest Black, 0.33 fl oz, 2 -pack",1738,https://www.costco.com/.product.2017995.html
2021189,"Olay Essential Botanical Body Wash, 23.6 fl oz, 3-pack",1738,https://www.costco.com/.product.2021189.html
2021451,Dyson HushJet Compact Pure Control Air Purifier,1738,https://www.costco.com/.product.2021451.html
2021527,"Skinny Dipped Dark Chocolate Coconut Almond Bites, 30-count",1738,https://www.costco.com/.product.2021527.html
202195,"SPAM Canned Meat, 25% Less Sodium, 12 oz, 8-Count",1738,https://www.costco.com/.product.202195.html
2022550,"Samsung Galaxy Tab A11+ 11.0"" Wi-Fi Tablet 128GB - Includes Book Cover",1738,https://www.costco.com/.product.2022550.html
2023152,Lifesmart TM55 PowerTouch Treadmill,1738,https://www.costco.com/.product.2023152.html
2023427,"Rao's Homemade Marinara Sauce Made with Italian Tomatoes, 31.7 oz, 2-count",1738,https://www.costco.com/.product.2023427.html
2023727,"Once Upon a Farm Organic Immunity Blends Variety Pack, 3.2 fl oz, 12-count",1738,https://www.costco.com/.product.2023727.html
2024351,LifeTrend Classic Cold Plunge with Chiller System,1738,https://www.costco.com/.product.2024351.html
2024965,"Disney Youth Varsity Jacket, X-Small (5/6)",1738,https://www.costco.com/.product.2024965.html
2024966,"Disney Youth Varsity Jacket, Small (7/8)",1738,https://www.costco.com/.product.2024966.html
2024967,"Disney Youth Varsity Jacket, Medium (10/12)",1738,https://www.costco.com/.product.2024967.html
2024968,"Disney Youth Varsity Jacket, Large (14/16)",1738,https://www.costco.com/.product.2024968.html
2024969,"Disney Youth Varsity Jacket, X-Large (18/20)",1738,https://www.costco.com/.product.2024969.html
2024970,"Disney Youth Hooded Varsity Jacket, X-Small (5/6)",1738,https://www.costco.com/.product.2024970.html
2024971,"Disney Youth Hooded Varsity Jacket, Small (7/8)",1738,https://www.costco.com/.product.2024971.html
2024972,"Disney Youth Hooded Varsity Jacket, Medium (10/12)",1738,https://www.costco.com/.product.2024972.html
2024973,"Disney Youth Hooded Varsity Jacket, Large (14/16)",1738,https://www.costco.com/.product.2024973.html
2024974,"Disney Youth Hooded Varsity Jacket, X-Large (18/20)",1738,https://www.costco.com/.product.2024974.html
2025322,"Grüns Adult Greens Gummies, 35 Daily Packs",1738,https://www.costco.com/.product.2025322.html
2025437,"Force Factor Total Beets Chews, 90 Soft Chews",1738,https://www.costco.com/.product.2025437.html
2025583,"Nexxus Advanced Hydration Therappe Humectress Shampoo & Conditioner, 32 fl oz each",1738,https://www.costco.com/.product.2025583.html
2026156,"Acer Aspire Go 15.6"" Touchscreen Laptop – AMD Ryzen 5 40 Processor – FHD (1920 x 1080) – 16GB RAM - 1TB SSD - Windows 11 Home - Steam Blue",1738,https://www.costco.com/.product.2026156.html
2026275,Shark FlexStyle IonCurl Air Styling System with Curl IQ,1738,https://www.costco.com/.product.2026275.html
2027121,"Acer Aspire 16"" AI Copilot+ PC Touchscreen Laptop - Intel Core Ultra 5 processor 226V - WUXGA (1920 x 1200) Touchscreen - 16GB RAM - 1TB SSD - Windows 11 Home - Steel Gray",1738,https://www.costco.com/.product.2027121.html
2027264,Nordic Ware Deluxe Kettle Smoker with 5 Woodchip Varieties,1738,https://www.costco.com/.product.2027264.html
2027490,"Orgain 30g Ultra Filtered A2 Milk Protein Shake, Chocolate 11 fl oz, 15-count",1738,https://www.costco.com/.product.2027490.html
2027530,"SANUS Preferred 42""-100"" Advanced Tilt TV Mount",1738,https://www.costco.com/.product.2027530.html
2027551,"Muscle Milk 33g Protein Ultra-Filtered Milk Shake, Cookies 'N Crème, 11 fl oz, 18-pack",1738,https://www.costco.com/.product.2027551.html
2027800,"Soundcore Boom 3i Outdoor Waterproof Bluetooth Speaker, Black",1738,https://www.costco.com/.product.2027800.html
2027845,"Design Optics by Foster Grant +1.25 #669 Upsweep Cateye Reading Glasses, 3- pack",1738,https://www.costco.com/.product.2027845.html
2027848,"Design Optics by Foster Grant +1.75 #669 Upsweep Cateye Reading Glasses, 3- pack",1738,https://www.costco.com/.product.2027848.html
2027849,"Design Optics by Foster Grant +2.00 #669 Upsweep Cateye Reading Glasses, 3- pack",1738,https://www.costco.com/.product.2027849.html
2027851,"Design Optics by Foster Grant +2.50 #669 Upsweep Cateye Reading Glasses, 3- pack",1738,https://www.costco.com/.product.2027851.html
2028273,"Bellevue Luxury 11 oz. Glass Candle, Set of 4",1738,https://www.costco.com/.product.2028273.html
2028780,Almost Heaven Arcadia 2-person Outdoor Barrel Sauna,1738,https://www.costco.com/.product.2028780.html
2028787,"Poise Advanced Ultimate Absorbency Incontinence and Postpartum Long Pads, 108-Count",1738,https://www.costco.com/.product.2028787.html
2029388,"LesserEvil Organic Cheddar Cheese Space Balls, 17 oz",1738,https://www.costco.com/.product.2029388.html
2030869,"LG FlushFit Top Control Dishwasher Third Rack and 1-Hour Wash and Dry, 42 dBA, Stainless Steel",1738,https://www.costco.com/.product.2030869.html
2030871,"LG FlushFit Top Control Dishwasher 1-Hour Wash and Dry Cycle with Bar Handle, Black Stainless Steel",1738,https://www.costco.com/.product.2030871.html
2031749,Joy-Con 2 (L)/(R) Light Purple/Light Green - Nintendo Switch 2,1738,https://www.costco.com/.product.2031749.html
2031978,"Home & Body Toile Fleur Reed Diffuser, Set of 3",1738,https://www.costco.com/.product.2031978.html
2032153,"Tree Hut Body Scrub, Vanilla and Coco Colada, 21 fl oz, 2-pack",1738,https://www.costco.com/.product.2032153.html
2032156,"SmartyPants Kids Plus Multivitamin & Omegas, 180 Gummies",1738,https://www.costco.com/.product.2032156.html
2032432,KitchenAid 24 in. 360 Max Jets Third Rack Dishwasher with 90-Minute Normal Cycle,1738,https://www.costco.com/.product.2032432.html
2032595,"LG 27"" Full HD 100Hz Monitor with HDR 10 and USB Type-C 15W P",1738,https://www.costco.com/.product.2032595.html
2032764,"Dove Men +Care Body & Face Wash, 32 fl oz, 2-pack",1738,https://www.costco.com/.product.2032764.html
2033364,OFF! Clean Feel Mosquito Repellent Picaridin DEET-free Bug Spray Set,1738,https://www.costco.com/.product.2033364.html
2033366,Flamingo by Harry's Moisture Plus Razor Set 11 Cartridges + 1 Handle,1738,https://www.costco.com/.product.2033366.html
2034091,"TP-Link Deco 7 Pro BE13000 Tri-Band Wi-Fi 7 Whole Home Mesh Router System, 3-Pack",1738,https://www.costco.com/.product.2034091.html
2034213,Smart Design Acacia Couch Console,1738,https://www.costco.com/.product.2034213.html
2034237,"Trudeau Structure Muffin Pans, 2-pack",1738,https://www.costco.com/.product.2034237.html
203444,"Kirkland Signature Pecan Halves, 2 lbs",1738,https://www.costco.com/.product.203444.html
2034508,"Bayer Aspirin Regimen Low Dose 81 mg., 365 Enteric Coated Tablets",1738,https://www.costco.com/.product.2034508.html
2035569,"Purina Friskies Pate Wet Cat Food Variety Pack, 5.5 oz, 60-count",1738,https://www.costco.com/.product.2035569.html
2036427,"Bulova Classic Stainless Steel Diamond Rectangle Blue Dial Women's Quartz Watch, 21mm",1738,https://www.costco.com/.product.2036427.html
2036501,"Nordic Naturals Omega Mini Fish Oil, 110 Mini Softgels, Lemon Flavor",1738,https://www.costco.com/.product.2036501.html
2036911,Jetson Halos 3-Wheel Light-Up Kick Scooter,1738,https://www.costco.com/.product.2036911.html
2036982,"MiraFAST Soft Chews Pouch, 100 Soft Chews",1738,https://www.costco.com/.product.2036982.html
2037327,"Alani Nu Energy Drink, Cotton Candy Variety Pack, 12 fl oz, 18-count",1738,https://www.costco.com/.product.2037327.html
2037453,"Nurri 30g Protein Shake, Chocolate, 11 fl oz , 15-pack",1738,https://www.costco.com/.product.2037453.html
2037470,"Nurri 30g Protein Shake, Coffee, 11 fl oz, 15-pack",1738,https://www.costco.com/.product.2037470.html
2037490,Halloween Board Book,1738,https://www.costco.com/.product.2037490.html
2037515,"Nurri 30g Protein Shake, Vanilla, 11 fl oz, 15-pack",1738,https://www.costco.com/.product.2037515.html
2038055,"Seeds of Change Organic Quinoa & Brown Rice with Garlic & Lentils, 6-count",1738,https://www.costco.com/.product.2038055.html
2038099,"bella 12""x24"" XL Fold and Store Griddle",1738,https://www.costco.com/.product.2038099.html
2038523,"Garden of Life Advanced Women's Daily Probiotic, 60 Capsules",1738,https://www.costco.com/.product.2038523.html
2040153,"Covergirl Lash Blast Volume Mascara, 3-pack",1738,https://www.costco.com/.product.2040153.html
2040216,Ring Battery Doorbell Pro with Extra Battery and Chime,1738,https://www.costco.com/.product.2040216.html
2040251,"Maison Perrier French Kiss Sparkling Juice Beverage, Variety Pack, 11.15 fl oz, 20-count",1738,https://www.costco.com/.product.2040251.html
2040272,"Kinder's Organic Signature Grill Variety Pack, 54.4 oz",1738,https://www.costco.com/.product.2040272.html
2040581,OSAKI 3D QUEST BEIGE MODEL EC-1616 PLT1,1738,https://www.costco.com/.product.2040581.html
2040897,"USA Pan Half Baking Sheets, Set of 2",1738,https://www.costco.com/.product.2040897.html
2041010,"Lenovo Legion 5 15.3"" Gaming Laptop  - Ryzen AI 9 465 - GeForce RTX 5070 - WQXGA (2560 x 1600) - 32GB RAM - 1TB SSD -  Windows 11 Home",1738,https://www.costco.com/.product.2041010.html
2041212,"Lenovo IdeaPad 5 2-in-1 14"" Touchscreen Laptop -  Ryzen AI 7 445 Processor - WUXGA (1920 x 1200) - 16GB RAM - 1TB SSD -  Windows 11 Home - Digital Pen Included",1738,https://www.costco.com/.product.2041212.html
2041444,"Olipop Mini Soda, Variety Pack, 7.5 fl oz, 15-count",1738,https://www.costco.com/.product.2041444.html
2041830,"Chomps Chomplings Original Turkey Mini Sticks, 0.5 oz, 24-count",1738,https://www.costco.com/.product.2041830.html
2041964,"Yankee Candle Small Tumbler Candle Set, 6-pack",1738,https://www.costco.com/.product.2041964.html
2042369,"Lenovo IdeaPad Pro 5i 16"" TouchScreen Laptop - Intel Core Ultra 9 386H Processor - NVIDIA GeForce RTX 5050 - 32GB RAM -  1TB SSD - Windows 11 Home",1738,https://www.costco.com/.product.2042369.html
2042802,"iPad Air 11-inch, 128GB Wi-Fi (M4 chip) Built For Apple Intelligence, Space Gray",1738,https://www.costco.com/.product.2042802.html
2042803,"iPad Air 11-inch, 128GB Wi-Fi (M4 chip) Built For Apple Intelligence, Starlight",1738,https://www.costco.com/.product.2042803.html
2042804,"iPad Air 11-inch, 128GB Wi-Fi (M4 chip) Built For Apple Intelligence, Blue",1738,https://www.costco.com/.product.2042804.html
2042805,"iPad Air 11-inch, 128GB Wi-Fi (M4 chip) Built For Apple Intelligence, Purple",1738,https://www.costco.com/.product.2042805.html
2042811,"iPad Air 13-inch, 128GB Wi-Fi (M4 chip) Built For Apple Intelligence, Space Gray",1738,https://www.costco.com/.product.2042811.html
2042812,"iPad Air 13-inch, 128GB Wi-Fi (M4 chip) Built For Apple Intelligence, Starlight",1738,https://www.costco.com/.product.2042812.html
2042813,"iPad Air 13-inch, 128GB Wi-Fi (M4 chip) Built For Apple Intelligence, Blue",1738,https://www.costco.com/.product.2042813.html
2042814,"iPad Air 13-inch, 128GB Wi-Fi (M4 chip) Built For Apple Intelligence, Purple",1738,https://www.costco.com/.product.2042814.html
2042833,Apple Watch SE 3 (GPS) 40mm Case with Sport Band (Size S/M) - Starlight,1738,https://www.costco.com/.product.2042833.html
2042837,"Apple Watch Series 12 (GPS) 42mm Case with Sport Band (Size S/M), Hypertension Notifications, Sleep Score, Advanced Workout Metrics, Light Gold.",1738,https://www.costco.com/.product.2042837.html
2042840,"Apple Watch Series 12 (GPS) 42mm Case with Sport Band (Size S/M), Hypertension Notifications, Sleep Score, Advanced Workout Metrics, Dark Bronze.",1738,https://www.costco.com/.product.2042840.html
2042842,"Apple Watch Series 12 (GPS) 46mm Case with Sport Band (Size M/L), Hypertension Notifications, Sleep Score, Advanced Workout Metrics - Black",1738,https://www.costco.com/.product.2042842.html
2042843,"Apple Watch Series 12 (GPS) 46mm Case with Sport Band (Size M/L), Hypertension Notifications, Sleep Score, Advanced Workout Metrics - Space Gray",1738,https://www.costco.com/.product.2042843.html
2042857,"Apple Watch Ultra 4 (GPS + Cellular) 49mm Black Titanium Case with 5G and Satellite Communications (Size M/L), Translucent Black Ocean",1738,https://www.costco.com/.product.2042857.html
2042863,"MacBook Air Laptop (13-inch) - Apple M5 Chip, Built for Apple Intelligence, 10-core CPU, 8-core GPU, 16GB Memory, 512GB SSD Storage, Midnight",1738,https://www.costco.com/.product.2042863.html
2042865,"MacBook Air Laptop (13-inch) - Apple M5 Chip, Built for Apple Intelligence, 10-core CPU, 8-core GPU, 16GB Memory, 512GB SSD Storage, Sky Blue",1738,https://www.costco.com/.product.2042865.html
2042867,"MacBook Air Laptop (13-inch) - Apple M5 Chip, Built for Apple Intelligence, 10-core CPU, 10-core GPU, 16GB Memory, 1TB SSD Storage, Midnight",1738,https://www.costco.com/.product.2042867.html
2042877,"MacBook Air Laptop (15-inch) - Apple M5 chip, Built for Apple Intelligence, 10-core CPU, 10-core GPU, 16GB Memory, 512GB SSD Storage, Sky Blue",1738,https://www.costco.com/.product.2042877.html
2042887,"MacBook Pro Laptop (14-inch) - Apple M5 Pro Chip, Built for Apple Intelligence, 15-core CPU, 16-core GPU, 24GB Memory, 1TB SSD Storage, Space Black",1738,https://www.costco.com/.product.2042887.html
2042897,"MacBook Pro Laptop (16-inch) - Apple M5 Pro Chip, Built for Apple Intelligence, 18-core CPU, 20-core GPU, 24GB Memory, 1TB SSD Storage, Space Black",1738,https://www.costco.com/.product.2042897.html
2042938,"Mac mini Desktop Computer - Apple M6 chip, Built for Apple Intelligence, 12-core CPU, 12-core GPU, 16GB Memory, 256GB SSD Storage",1738,https://www.costco.com/.product.2042938.html
2042943,AirPods 5 with Active Noise Cancellation,1738,https://www.costco.com/.product.2042943.html
2043018,"Olay Daily Radiance Lotion Vitamin C + Niacinamide, 1.7 fl oz, 2-pack",1738,https://www.costco.com/.product.2043018.html
2043146,"Feit Electric Triple Outlet Outdoor Smart Plugs, 3-pack",1738,https://www.costco.com/.product.2043146.html
2043159,"Poppi Soda, Juicy Hits Variety Pack, 12 fl oz, 18-count",1738,https://www.costco.com/.product.2043159.html
2043170,"Tasty Bite Organic Madras Lentils, 10 oz, 8-count",1738,https://www.costco.com/.product.2043170.html
2043254,Frigidaire Gallery Garage Ready 7 cu. ft. Convertible Chest Freezer with Black Granite Finish,1738,https://www.costco.com/.product.2043254.html
2043398,"Skin1004 Pore Perfecting Centella Ampoule, 4.06 fl oz, 2-pack",1738,https://www.costco.com/.product.2043398.html
2043903,"Blueair Blue Signature Mini Air Purifier, 2-pack",1738,https://www.costco.com/.product.2043903.html
2043904,"Nello Superfocus Drink Mix, 26-ct, Variety Pack",1738,https://www.costco.com/.product.2043904.html
2043945,"Haribo Gummi Candy Happy Mix Variety Pack, 120-count",1738,https://www.costco.com/.product.2043945.html
2044023,"Ghost Energy Drink, Variety Pack, 16 fl oz, 18-count",1738,https://www.costco.com/.product.2044023.html
2045021,"Kirkland Signature Ultra Soft Fabric Softener, 257 Loads, 150 fl oz",1738,https://www.costco.com/.product.2045021.html
2045147,"Sealy Posturepedic Pro Lincoln Heights 14"" Firm, Medium, or Plush Mattress, Medium Queen",1738,https://www.costco.com/.product.2045147.html
2045148,"Sealy Posturepedic Pro Lincoln Heights 14"" Firm, Medium, or Plush Mattress, Medium, King",1738,https://www.costco.com/.product.2045148.html
2045189,"Monster Energy Drink, Ultra Variety Pack, 12 fl oz, 24-count",1738,https://www.costco.com/.product.2045189.html
2045757,"Lenovo IdeaPad Slim 5i 16"" Touchscreen Copilot+ PC Laptop -  WUXGA (1920 x 1200) - Intel Core Ultra 5 Processor - 16GB RAM - 512GB SSD - Windows 11 Home - Cosmic Blue",1738,https://www.costco.com/.product.2045757.html
2045878,"Lenovo IdeaPad Slim 5i 16"" Touchscreen Laptop - Intel Core Ultra 7 355 - WUXGA 1920 x 1200 - 16GB RAM -  1TB SSD - Windows 11 Home",1738,https://www.costco.com/.product.2045878.html
2046716,"MacBook Neo Laptop (13-inch) - Apple A18 Pro Chip, Built for Apple Intelligence, 6-core CPU, 5-core GPU, 8GB Memory, 256GB SSD Storage, Silver",1738,https://www.costco.com/.product.2046716.html
2046717,"MacBook Neo Laptop (13-inch) - Apple A18 Pro chip, Built for Apple Intelligence, 6-core CPU, 5-core GPU, 8GB Memory, 256GB SSD Storage, Indigo",1738,https://www.costco.com/.product.2046717.html
2046928,Lifetime 10' x 8' Outdoor Storage Shed,1738,https://www.costco.com/.product.2046928.html
2047030,Joie Orzo Mini Lightweight Compact Travel Stroller,1738,https://www.costco.com/.product.2047030.html
2047386,Lume Whole Body Soft Powder Deodorant Set,1738,https://www.costco.com/.product.2047386.html
2047480,DO NOT USE,1738,https://www.costco.com/.product.2047480.html
2048096,"Genius Gourmet Sparkling Clear 30g Protein Variety Pack, 12 fl oz, 15-pack",1738,https://www.costco.com/.product.2048096.html
2048113,Ninja CRISPi DualZone 2-Basket Glass Air Fryer,1738,https://www.costco.com/.product.2048113.html
2048159,"Celsius Vibe Energy Drink, Variety Pack, 12 fl oz, 18-count",1738,https://www.costco.com/.product.2048159.html
2048444,"UltraPro Elite 8-outlet Surge Protector, 2-pack",1738,https://www.costco.com/.product.2048444.html
2049073,Axil MX II Pro SE + X30i Earplug Bundle,1738,https://www.costco.com/.product.2049073.html
2049358,"Liquid I.V. Hydration Multiplier, 30 Individual Serving Stick Packs in Resealable Pouch, Sugar Free, Variety Pack",1738,https://www.costco.com/.product.2049358.html
2049359,"Liquid I.V. Hydration Multiplier, 30 Individual Serving Stick Packs in Resealable Pouch, Sugar Free, Ring Pop Cherry",1738,https://www.costco.com/.product.2049359.html
2049492,"All Free & Clear Plus+ Laundry Detergent Mighty Pacs, 118-count",1738,https://www.costco.com/.product.2049492.html
2049570,Level Readers - 10 book Packs,1738,https://www.costco.com/.product.2049570.html
2049779,"Nature's Path Organic Pumpkin Seed Flax Granola, 35.3 oz",1738,https://www.costco.com/.product.2049779.html
2049874,"Lenovo IdeaPad 5i 2-in-1 15.3"" Touchscreen Copilot+PC - Core Ultra 7 355 - WUXGA (1920 x 1200) - 16GB RAM - 1TB SSD - Windows 11 Home - Digital Pen Included",1738,https://www.costco.com/.product.2049874.html
2049977,"youtheory Total Body Turmeric, 90 Vegetarian Capsules",1738,https://www.costco.com/.product.2049977.html
2050373,Pyrex 8-piece Glass Mixing Bowls with Lids,1738,https://www.costco.com/.product.2050373.html
2051218,"Tylenol Extra Strength Caplets, Fever Reducer & Pain Reliever, 500 mg, 320 ct.",1738,https://www.costco.com/.product.2051218.html
2051275,"Acer Nitro 31.5"" Class 180Hz WQHD Curved Gaming Monitor",1738,https://www.costco.com/.product.2051275.html
2051427,"HP HyperX OMEN 15.3"" Gaming Laptop - Intel Core Ultra 9 275HX - GeForce RTX 5070 - 2.5K (2560 x 1600) 180Hz - 32GB RAM - 1TB SSD - Windows 11 Home",1738,https://www.costco.com/.product.2051427.html
2051490,"Saint James Organic Brewed Tea, Variety Pack, 16 fl oz, 15-count",1738,https://www.costco.com/.product.2051490.html
2051862,"LMNT Sparkling Electrolyte Drink, Variety Pack, 12 fl oz, 15-count",1738,https://www.costco.com/.product.2051862.html
2051888,"HP OmniBook 3 14"" Next Gen AI Laptop - Qualcomm Snapdragon X - Copilot+ PC - 2K OLED (1920 x 1200) - 16GB Memory - 512GB SSD - Windows 11 Home",1738,https://www.costco.com/.product.2051888.html
2052010,"Bose SoundLink Home Bluetooth Speaker, Warm Wood",1738,https://www.costco.com/.product.2052010.html
2052012,"Bose SoundLink Home Bluetooth Speaker, Cool Gray",1738,https://www.costco.com/.product.2052012.html
2052093,"FeelGood Creatine+, 120 Capsules",1738,https://www.costco.com/.product.2052093.html
2052182,"Liquid Death Soda-Flavored Sparkling Water, Variety Pack, 24-count",1738,https://www.costco.com/.product.2052182.html
2052212,"Oura Ring 5 Silver Smart Ring, Size 7, Exclusive Bundle, Ring + Additional Charger + Additional Year of Manufacturer’s Warranty",1738,https://www.costco.com/.product.2052212.html
2052213,"Oura Ring 5 Silver Smart Ring, Size 8, Exclusive Bundle, Ring + Additional Charger + Additional Year of Manufacturer’s Warranty",1738,https://www.costco.com/.product.2052213.html
2052214,"Oura Ring 5 Silver Smart Ring, Size 9, Exclusive Bundle, Ring + Additional Charger + Additional Year of Manufacturer’s Warranty",1738,https://www.costco.com/.product.2052214.html
2052615,"Zena Creatine + D3/K2 Gummies 180ct, Variety Pack",1738,https://www.costco.com/.product.2052615.html
2054350,"Crest 3D White Brilliant Mint Whitening Toothpaste, 5.2 oz, 5-pack",1738,https://www.costco.com/.product.2054350.html
2054363,"SANUS Preferred 50""-100"" Full-Motion TV Mount",1738,https://www.costco.com/.product.2054363.html
2054567,"HP OmniBook X 14"" Touchscreen Laptop - Intel Core Ultra 7 355 - Copilot+ PC - 3K (2880 x 1800) OLED - 16GB RAM - 1TB SSD - Windows 11 Home",1738,https://www.costco.com/.product.2054567.html
2055110,Raptor 9.5ft Fin Drive Modular Fishing Kayak,1738,https://www.costco.com/.product.2055110.html
2055389,"HP OmniBook 5 16"" Touchscreen Laptop - Qualcomm Snapdragon X Plus (8 core) - Copilot+ PC - 2K OLED (1920 x 1200) - 16GB RAM - 1TB SSD - Windows 11 Home",1738,https://www.costco.com/.product.2055389.html
2056363,"HP OmniStudio 27"" Touchscreen All-in-One Desktop - Intel Core Ultra 5 325 - Copilot+ PC - FHD (1920 x 1080) - 16GB RAM - 1TB SSD - Windows 11 Home",1738,https://www.costco.com/.product.2056363.html
2056753,"Bloom Sparkling Energy Drink, Flavor Obsessions, Variety Pack, 12 fl oz, 18-count",1738,https://www.costco.com/.product.2056753.html
2056767,"HP OmniBook 3 17.3"" Touchscreen Laptop - Intel Core Ultra 5 322 - Copilot+ PC - FHD (1920 x 1080) - 16GB RAM - 512GB SSD - Windows 11 Home",1738,https://www.costco.com/.product.2056767.html
2056897,"MSI 27"" Gaming QHD QD-OLED 240Hz 0.03ms NVIDIA G-Sync & AMD FreeSync Monitor",1738,https://www.costco.com/.product.2056897.html
2056983,"Force Factor Hair Growth Accelerator, 90-count",1738,https://www.costco.com/.product.2056983.html
2057644,"Kinder's The Flavor Rack Signature Organic Seasoning Variety Pack, 12-count",1738,https://www.costco.com/.product.2057644.html
2057989,Blink Whole Home 2K+ Security Bundle,1738,https://www.costco.com/.product.2057989.html
2058938,Shark CryoGlow Under-Eye Cooling Plus LED Anti-Aging and Skin Clearing Face Mask,1738,https://www.costco.com/.product.2058938.html
2058976,"Bose QuietComfort SC Headphones (2nd Gen), Black",1738,https://www.costco.com/.product.2058976.html
2058979,"Bose QuietComfort SC Headphones (2nd Gen), Blue Dusk",1738,https://www.costco.com/.product.2058979.html
2058981,"Bose QuietComfort Ultra Headphones (Gen1), Black",1738,https://www.costco.com/.product.2058981.html
2058998,"Bose QuietComfort Ultra Headphones (Gen1), Sandstone",1738,https://www.costco.com/.product.2058998.html
2059615,"Neuro Energy & Focus Gum, Peppermint and Spearmint, 12-packs, 72 Total Pieces",1738,https://www.costco.com/.product.2059615.html
2059712,"Chobani 20g Protein Lowfat Plain Greek Yogurt, 40 oz",1738,https://www.costco.com/.product.2059712.html
2059823,"HP OmniBook 5 16"" Touchscreen Laptop - Intel Core Ultra 9 386H - Copilot+ PC - 2K OLED (1920 x 1200) - 32GB RAM - 1TB SSD - Windows 11 Home",1738,https://www.costco.com/.product.2059823.html
2059836,"Kirkland Signature Double Sided Hanukkah Wrap, 6-rolls, 540 sq. ft. Total",1738,https://www.costco.com/.product.2059836.html
2060571,"ROC Line Smoothing Eye Cream, 0.6 fl oz, 3-pack",1738,https://www.costco.com/.product.2060571.html
2060578,"Pantene Essential Botanical Green Tea & Lily Hydrating Volume Conditioner, 38.2 fl oz",1738,https://www.costco.com/.product.2060578.html
2060580,"Pantene Essential Botanical Green Tea & Lily Hydrating Volume Shampoo, 38.2 fl oz",1738,https://www.costco.com/.product.2060580.html
2062082,"Pulmuone Teriyaki Stir-fry Udon, 30.9 oz",1738,https://www.costco.com/.product.2062082.html
2063186,"Kids Grüns Superfood Greens Strawberry Burst Flavored Gummies, 35 Daily Packs",1738,https://www.costco.com/.product.2063186.html
2063822,HP OfficeJet Pro 8138 All-in-One Color Inkjet Printer- AI Capable,1738,https://www.costco.com/.product.2063822.html
2064507,"34"" ViewFinity S5 Ultrawide QHD 120Hz Curved Monitor",1738,https://www.costco.com/.product.2064507.html
2064924,Googly Eyes Sound Book,1738,https://www.costco.com/.product.2064924.html
2065849,My Big Wipe Clean: Spiral Floor Pad,1738,https://www.costco.com/.product.2065849.html
2066493,"Parker Stone Collection by Aura Wi-Fi Digital Photo Frame, Slate",1738,https://www.costco.com/.product.2066493.html
2066550,TUSCANY 2- PERSON INFRARE INFRARED SAUNA P3,1738,https://www.costco.com/.product.2066550.html
2067029,"Tide Pods Unstopables Laundry Detergent Pods, Fresh, 80-count",1738,https://www.costco.com/.product.2067029.html
2067295,"Native Body Wash Coconut & Vanilla, 34 fl oz, 2-pack",1738,https://www.costco.com/.product.2067295.html
2067452,"Olay Advanced Repair Serum Body Wash, 35 fl oz, 2-pack",1738,https://www.costco.com/.product.2067452.html
2068077,"Fairlife Nutrition Plan, 30g Protein Shake, Vanilla, 11.5 fl oz, 18-pack",1738,https://www.costco.com/.product.2068077.html
2068507,"ONE Protein Bar, Variety Pack, 2.12 oz, 16-count",1738,https://www.costco.com/.product.2068507.html
2068911,"Aura Summit 15"" Wi-Fi Digital Photo Frame, Gravel",1738,https://www.costco.com/.product.2068911.html
2069070,"Physician's Choice Advanced 60 Billion Probiotic, 75 Capsules",1738,https://www.costco.com/.product.2069070.html
2069480,"Samsung Galaxy Watch9 40mm Smartwatch with Two Wireless Fast Chargers, Black",1738,https://www.costco.com/.product.2069480.html
2069491,"Samsung Galaxy Watch9 44mm Smartwatch with Two Wireless Fast Chargers, Black",1738,https://www.costco.com/.product.2069491.html
207,"Homai California Calrose Rice, 25 lbs",1738,https://www.costco.com/.product.207.html
2070165,"Native Moisturizing Lotion Coconut & Vanilla, 23 fl oz, 2-pack",1738,https://www.costco.com/.product.2070165.html
2070429,Jackery FridgeGuard Smart Fridge Backup Power Station,1738,https://www.costco.com/.product.2070429.html
2070826,"Nutella Peanut Spread with Cocoa, 26.5 oz, 2-count",1738,https://www.costco.com/.product.2070826.html
2071117,Quiz It Book & Set / Book & Talking Flash Card Set,1738,https://www.costco.com/.product.2071117.html
2074545,"MSI Prestige 16 AI+ Copilot+ Laptop - 16"" OLED 2880 x 1800 Touchscreen - Intel Core Ultra X7 358H - 32GB RAM - 1TB SSD - Windows 11",1738,https://www.costco.com/.product.2074545.html
2075676,"Celsius Sparkling Energy Drink, Variety Pack, 12 fl oz, 18-count",1738,https://www.costco.com/.product.2075676.html
2075999,"FEELGOOD NAD+ NMN, 120 Vegan Capsules",1738,https://www.costco.com/.product.2075999.html
2076005,"FEELGOOD Magnesium Glycinate, 180 Vegan Capsules",1738,https://www.costco.com/.product.2076005.html
2076158,FEELGOOD Glutathione Phytosome 120 Vegan Capsules,1738,https://www.costco.com/.product.2076158.html
2076169,"Marshall Stockwell III Portable Bluetooth Speaker, Black",1738,https://www.costco.com/.product.2076169.html
2076170,"Marshall Stockwell III Portable Bluetooth Speaker, Cream",1738,https://www.costco.com/.product.2076170.html
2076416,"Health-Ade Organic Fruity Fusion Kombucha Variety Pack, 16 fl oz, 6-count",1738,https://www.costco.com/.product.2076416.html
2077334,"Mucinex 12HR Cold & Fever Multi-Symptom, 50 Extended Release Tablets",1738,https://www.costco.com/.product.2077334.html
2077439,Ultimate Ears Megaboom 4 SE Portable Bluetooth Speaker - Black,1738,https://www.costco.com/.product.2077439.html
2077441,Ultimate Ears Megaboom 4 SE Portable Bluetooth Speaker - Blue,1738,https://www.costco.com/.product.2077441.html
2077790,"Grüns Immün Daily Defense 13-in-1 Sour Pineapple Gummies, 35 Daily Packs",1738,https://www.costco.com/.product.2077790.html
2079404,"Bolder Foods Loaded Baked Potato Soup, 24 oz, 2-count",1738,https://www.costco.com/.product.2079404.html
2080753,TUMS CHEWY BITES ASSORTED WNTRMNT VNL CRM T9H6MPK20,1738,https://www.costco.com/.product.2080753.html
2081890,Tiger 5.5-Cup Micom Rice Cooker and Warmer,1738,https://www.costco.com/.product.2081890.html
2081894,"Crown Bakeries Mini Muffin Bites, Birthday Cake, 1.65 oz, 20-count",1738,https://www.costco.com/.product.2081894.html
2084956,CyberPowerPC Gamer Xtreme Gaming Desktop - Intel Core Ultra 5 225F - GeForce RTX 5060 - 32GB RAM - 1TB SSD - Windows 11,1738,https://www.costco.com/.product.2084956.html
2085460,"Nopalera Cactus Shower Gel, 24oz, 2-pack",1738,https://www.costco.com/.product.2085460.html
2088958,Joie Baby Saffron SI 4-in-1 Car Seat,1738,https://www.costco.com/.product.2088958.html
2091245,"iBUYPOWER Element Gaming PC Desktop - AMD Ryzen 7 9800X3D - NVIDIA GeForce RTX 5070 12GB - 32GB RAM, 2TB SSD",1738,https://www.costco.com/.product.2091245.html
2092119,"THOR Kitchen 48"" 6.8 cu. ft. Professional Double Oven Gas Range, Matte Black",1738,https://www.costco.com/.product.2092119.html
2092120,"THOR Kitchen 48"" 6.8 cu. ft. Professional Double Oven Gas Range, Stainless Steel",1738,https://www.costco.com/.product.2092120.html
2092122,"THOR Kitchen 17.5 cu. ft. 30""  French Door Refrigerator, Stainless Steel",1738,https://www.costco.com/.product.2092122.html
2092123,"THOR Kitchen 20.3 cu. ft. 36"" French Door Refrigerator, Matte Black",1738,https://www.costco.com/.product.2092123.html
2092124,"THOR Kitchen 20.3 cu. ft. 36"" French Door Refrigerator, Stainless Steel",1738,https://www.costco.com/.product.2092124.html
2094503,Logitech MX Performance Keyboard and Mouse Combo,1738,https://www.costco.com/.product.2094503.html
21046,"Gourmet Tomato Medley, Greenhouse Grown, 2 lbs",1738,https://www.costco.com/.product.21046.html
2108043,Guardian by Generac 22kw Home Standby Generator with 200A Automatic Transfer Switch Included,1738,https://www.costco.com/.product.2108043.html
21272,"Smucker's Uncrustables, Peanut Butter & Grape Jelly Sandwich, 18-count",1738,https://www.costco.com/.product.21272.html
2189436,"Clorox Disinfecting Wipes, Variety Pack, 85-count, 5-pack",1738,https://www.costco.com/.product.2189436.html
219854,"La Dolce Vita Classic Italian Biscotti, 40 oz",1738,https://www.costco.com/.product.219854.html
2203187,"Lysol Laundry Sanitizer, Crisp Linen, 150 fl oz",1738,https://www.costco.com/.product.2203187.html
221177,"Kirkland Signature Wild Alaskan Sockeye Salmon, 5 oz - 7 oz Portion, 3 lbs",1738,https://www.costco.com/.product.221177.html
2213964,Trifold Coloring and Activity Set,1738,https://www.costco.com/.product.2213964.html
221663,"Kleenex Ultra Soft Facial Tissue, 3-Ply, 85-count, 12-pack",1738,https://www.costco.com/.product.221663.html
2218574,"Swiffer Heavy Duty Wet Mopping Cloths, Lavender, 54-count",1738,https://www.costco.com/.product.2218574.html
2218587,"Swiffer Duster Heavy Duty Dusting Kit, 1 Handle + 17 Refills",1738,https://www.costco.com/.product.2218587.html
2222019,"Kirkland Signature Organic Ancient Grain Granola, 35.3 oz",1738,https://www.costco.com/.product.2222019.html
222464,"Petite Cuisine Mozzarella Sticks in a Crispy Seasoned Breading, 5 lb",1738,https://www.costco.com/.product.222464.html
222490,"Kirkland Signature Super Extra-Large Peanuts, 2.5 lbs",1738,https://www.costco.com/.product.222490.html
2251987,"Kirkland Signature Organic Roasted Pine Nut Hummus, 34 oz",1738,https://www.costco.com/.product.2251987.html
2295022,Shark Detect Performance Lift-Away Advanced Upright Vacuum with DuoClean Detect,1738,https://www.costco.com/.product.2295022.html
2308572,"Mrs Meyers Multi-Surface Variety, 24 fl oz, 3-count",1738,https://www.costco.com/.product.2308572.html
2312000,"Finish Jet-Dry Ultra Dishwasher Rinse Aid, 38 fl oz",1738,https://www.costco.com/.product.2312000.html
2322029,Greenmade 5-Tier Utility Rack,1738,https://www.costco.com/.product.2322029.html
2345775,"Poo-Pourri Toilet Spray, Variety Pack, 3.4 fl oz, 3-count",1738,https://www.costco.com/.product.2345775.html
238120,"Kirkland Signature Super B-Complex with Electrolytes, 500 Tablets",1738,https://www.costco.com/.product.238120.html
239600,"FIJI Natural Artesian Water, 16.9 fl oz, 24-count",1738,https://www.costco.com/.product.239600.html
2419572,GE 21.9 cu. ft. Counter Depth 3-Door French-Door Refrigerator with Internal Water Dispenser and Ice Maker,1738,https://www.costco.com/.product.2419572.html
2424148,Joy-Con 2 (L)/(R) Light Blue/Light Red - Nintendo Switch 2,1738,https://www.costco.com/.product.2424148.html
242668,"Red Bull Energy Drink, 8.4 fl oz, 24 count",1738,https://www.costco.com/.product.242668.html
249375,"Kirkland Signature Extra Strength Glucosamine with MSM, 375 Tablets",1738,https://www.costco.com/.product.249375.html
251680,"Organic Raspberries, 12 oz",1738,https://www.costco.com/.product.251680.html
251767,"Lipton Original Tea Bags, 312 count",1738,https://www.costco.com/.product.251767.html
25313,"Marathon Dispenser Paper Towels, 2-Ply, 450 ft Rolls, 12-count",1738,https://www.costco.com/.product.25313.html
2533324,"Lysol Disinfectant Spray, Crisp Linen, 19 oz, 3-count",1738,https://www.costco.com/.product.2533324.html
25551,"Kirkland Signature Farm-Raised Raw Shrimp, Tail-On, 21-25-count per Pound, 2 lbs",1738,https://www.costco.com/.product.25551.html
25595,"Campari Tomatoes, 2 lbs",1738,https://www.costco.com/.product.25595.html
25949,"Colossal Garlic, 2 lbs",1738,https://www.costco.com/.product.25949.html
261574,"Kirkland Signature Aller-Tec D 12 Hour, 24 Extended Release Tablets",1738,https://www.costco.com/.product.261574.html
2619,"Organic Bananas, 3 lbs",1738,https://www.costco.com/.product.2619.html
262092,"USPS First-Class Holiday Forever Stamp, 100-count",1738,https://www.costco.com/.product.262092.html
2621064,H2OGO! Underwater Oasis Spray Pool,1738,https://www.costco.com/.product.2621064.html
2622028,H2OGO! Rectangular 10' Inflatable Family Pool,1738,https://www.costco.com/.product.2622028.html
2622078,"Bestway Platinum Series Power Steel 31'4"" x 16' x 52"" Above Ground Pool Set, White",1738,https://www.costco.com/.product.2622078.html
2626431,"Arm & Hammer Plus OxiClean Max HE Liquid Laundry Detergent, Fresh, 200 Loads, 200 fl oz",1738,https://www.costco.com/.product.2626431.html
262838,"Cholula, Hot Sauce Original, 12 fl oz, 2-Count",1738,https://www.costco.com/.product.262838.html
264266,"Starbucks Mocha Frappuccino Chilled Coffee, 9.5 fl oz, 15-count",1738,https://www.costco.com/.product.264266.html
2658468,"Ninja Deluxe Blender & Kitchen System with 88-oz. Pitcher, 9-Cup Processor & Auto-iQ",1738,https://www.costco.com/.product.2658468.html
2659551,Dyson Airstrait Wet-to-Dry Straightener with Omega Hydrating Hair Oil,1738,https://www.costco.com/.product.2659551.html
2662877,"Lysol Advanced Toilet Bowl Cleaner, 32 fl oz, 4-count",1738,https://www.costco.com/.product.2662877.html
2665100,Tineco GO HammerHead MessDetect Ultra Cordless Mop and Vacuum,1738,https://www.costco.com/.product.2665100.html
26757,"Kirkland Signature 12"" Plastic Food Wrap, 750 ft, 2 count",1738,https://www.costco.com/.product.26757.html
26802,"President Crumbled Feta Cheese, 1.5 lbs",1738,https://www.costco.com/.product.26802.html
2700048,"Tide Pods Laundry Detergent Pods, Free & Gentle, 152-count",1738,https://www.costco.com/.product.2700048.html
27003,"Strawberries, 2 lbs",1738,https://www.costco.com/.product.27003.html
2725160,"Tide Pods Laundry Detergent Pods, Spring Meadow, 156-count",1738,https://www.costco.com/.product.2725160.html
2727590,"Cascade Platinum Plus Dishwasher Detergent ActionPacs, Fresh, 82-count",1738,https://www.costco.com/.product.2727590.html
2733527,Dash 5qt SmartStore Ceramic Stirring Popcorn Maker,1738,https://www.costco.com/.product.2733527.html
2741541,Ninja DualBrew Grounds & Pods Hot & Iced Coffee Maker with Rapid Cold Brew,1738,https://www.costco.com/.product.2741541.html
2749064,Dyson Supersonic Nural Hair Dryer with Chitosan Post-Style Serum,1738,https://www.costco.com/.product.2749064.html
2751,"Red Star, Active Dry Yeast, 32 oz",1738,https://www.costco.com/.product.2751.html
2776560,"Whirlpool 25 cu. ft. Large Side-by-Side Refrigerator with Deli Drawer, Stainless Steel",1738,https://www.costco.com/.product.2776560.html
2791272,"Roborock QX Revo PLUS Robot Vacuum and Mop with Multifunctional Dock 3.0, White",1738,https://www.costco.com/.product.2791272.html
279783,"Kirkland Signature, Bacon Crumbles, 20 oz",1738,https://www.costco.com/.product.279783.html
2826615,Lasko MotionX Whole Room Heater with Remote,1738,https://www.costco.com/.product.2826615.html
2835898,"Nespresso Vertuo UP Coffee and Espresso Maker by DeLonghi, Graphite with Aeroccino Milk Frother",1738,https://www.costco.com/.product.2835898.html
2837566,Braun Series 9 Sport + Electric Shaver with Clean and Charge Station and Travel Case,1738,https://www.costco.com/.product.2837566.html
284601,"Kirkland Signature Supreme Whole Almonds, 3 lbs",1738,https://www.costco.com/.product.284601.html
2848101,"Cascade Complete Shine Boost Dishwasher Detergent ActionPacs, Fresh, 92-count",1738,https://www.costco.com/.product.2848101.html
2850285,Shark PowerDetect 2-in-1 Robot Vacuum & Mop with NeverTouch Pro Self-Cleaning Base,1738,https://www.costco.com/.product.2850285.html
2887016,bella 10-in-1 8.5qt MultiCooker,1738,https://www.costco.com/.product.2887016.html
289685,"Sun-Maid Organic California Sun-Dried Raisins, 2 lbs, 2-count",1738,https://www.costco.com/.product.289685.html
2899021,"Peet's Coffee Major Dickason’s K-Cup Coffee Pods, 80-count",1738,https://www.costco.com/.product.2899021.html
2949962,Sharper Image Motorized Handheld Rolling Massager,1738,https://www.costco.com/.product.2949962.html
296917,"Dixie Ultra 20 oz Paper Bowl, 135-count",1738,https://www.costco.com/.product.296917.html
29755,"Kirkland Signature Boneless Lamb Leg Roast, Australian",1738,https://www.costco.com/.product.29755.html
2990,"Honest Kids, Organic Juice Drink, Variety Pack, 6 fl oz, 40-count",1738,https://www.costco.com/.product.2990.html
2990929,"Dawn Platimum Advanced Power Dishwashing Liquid, 90 fl oz",1738,https://www.costco.com/.product.2990929.html
3006152,"Bounce Select a Size Fabric Softener Dryer Sheets, Outdoor Fresh, 400-count",1738,https://www.costco.com/.product.3006152.html
301341,"Gas-X Extra Strength, 120 Softgels",1738,https://www.costco.com/.product.301341.html
303285,"Finlandia Premium Cheese Slices, 2 lbs",1738,https://www.costco.com/.product.303285.html
3062725,Bose Solo Soundbar Series II,1738,https://www.costco.com/.product.3062725.html
30669,"Bananas, 3 lbs",1738,https://www.costco.com/.product.30669.html
310455,"Oregon Chai, Original Organic Chai Tea Latte Concentrate, 32 fl. oz., 3-Count",1738,https://www.costco.com/.product.310455.html
311676,"Kirkland Signature Aller-Tec 10 mg Tablets, 365 count",1738,https://www.costco.com/.product.311676.html
3123235,"Starbucks Pike Place Medium Roast Single Cup Coffee K-Cup Pod, 72-count",1738,https://www.costco.com/.product.3123235.html
3123239,"Starbucks French Roast Coffee, Dark, Keurig K-Cup Pods, 72 count",1738,https://www.costco.com/.product.3123239.html
3133113,"Kirkland Signature, Black Pepper with Grinder, 6.3 oz, 2-Count",1738,https://www.costco.com/.product.3133113.html
3160440,"Tide Plus Advanced Power with Oxi Liquid Laundry Detergent, Original, 78 Loads, 138 fl oz",1738,https://www.costco.com/.product.3160440.html
316629,"Welch’s, 100% Grape Juice Blend, Concord Grape, 96 fl oz, 2-Count",1738,https://www.costco.com/.product.316629.html
316689,"Lotus Foods, Organic Millet & Brown Rice Ramen, 2.5 oz, 12-Count",1738,https://www.costco.com/.product.316689.html
316780,"Cheetos Cheese Flavored Snacks, Crunchy, 28.8 oz",1738,https://www.costco.com/.product.316780.html
31680,"Kirkland Signature Aluminum Foil, 12""W x 1000'L",1738,https://www.costco.com/.product.31680.html
31801,"Morey's Seasoned Wild Alaskan Salmon, 6-Count",1738,https://www.costco.com/.product.31801.html
320888,"Hershey's Assorted Bar Variety Pack, 30-count",1738,https://www.costco.com/.product.320888.html
325112,"Lipton, Iced Tea Mix, Lemon, 5 lbs",1738,https://www.costco.com/.product.325112.html
326965,The Honey Baked Ham Co. Two $50 Mailed Gift Cards ($100 Value),1738,https://www.costco.com/.product.326965.html
327081,"Don Miguel Chipotle Chicken Mini Tacos, 35 oz",1738,https://www.costco.com/.product.327081.html
32711,"Chinet Classic Dinner 10-3/8"" Paper Plate, 165-count",1738,https://www.costco.com/.product.32711.html
32911,"Kirkland Signature Pure Vanilla, 16 fl oz",1738,https://www.costco.com/.product.32911.html
331100,"Gourmet Creamer Potato, 5 lbs",1738,https://www.costco.com/.product.331100.html
3325480,Panasonic 1.3 cu ft. Countertop Black Stainless Microwave Oven with Inverter Technology,1738,https://www.costco.com/.product.3325480.html
3330816,"Kirkland Signature Popcorn, Sea Salt, 0.65 oz, 36-count",1738,https://www.costco.com/.product.3330816.html
335047,"Round Brilliant 0.45 ctw VS2 Clarity, I Color Diamond 14kt White Gold Halo Earrings",1738,https://www.costco.com/.product.335047.html
3365592,"Caribou Coffee Caribou Blend K-Cup Pod, 80-count",1738,https://www.costco.com/.product.3365592.html
337754,"Royal Asia Vegetable Spring Rolls with Soy Ginger Sauce, 50-count",1738,https://www.costco.com/.product.337754.html
33841,"Kirkland Signature Fresh Boneless Skinless Chicken Breasts, 6 lb Avg Wt",1738,https://www.costco.com/.product.33841.html
3399074,"Oral-B iO Series 5 All-in-One Clean Rechargeable Electric Toothbrush, 2-pack",1738,https://www.costco.com/.product.3399074.html
3451400,"Marathon Jumbo Roll Bath Tissue, 2-Ply, 900 ft Rolls, 6 Rolls",1738,https://www.costco.com/.product.3451400.html
3510120,TYPE S Portable Jump Starter with Powerguide Assistance & Flashlight,1738,https://www.costco.com/.product.3510120.html
352457,MedMassager Body Massager,1738,https://www.costco.com/.product.352457.html
355476,"Kirkland Signature Extra Strength Acetaminophen 500 mg., 400 Gelcaps",1738,https://www.costco.com/.product.355476.html
3603480,Ninja CREAMi Deluxe 11-in-1 Ice Cream and Frozen Treat Maker,1738,https://www.costco.com/.product.3603480.html
3603482,"Ninja SLUSHi Professional Frozen Drink Maker, 96-oz. Capacity, 5 Preset Programs",1738,https://www.costco.com/.product.3603482.html
36285,"Kirkland Signature Walnut Halves, 3 lbs",1738,https://www.costco.com/.product.36285.html
3670779,BISSELL Little Green MultiClean Wet and Dry Portable Carpet and Upholstery Cleaner,1738,https://www.costco.com/.product.3670779.html
370945,"Ocuvite Eye Vitamin Adult 50+ Formula, 150 Soft Gels",1738,https://www.costco.com/.product.370945.html
3797974,"Dawn Platinum Plus Powerwash Dish Soap Spray, Fresh Clean, 1 Starter Kit + 2 Refills",1738,https://www.costco.com/.product.3797974.html
38175,"Cara Cara Oranges, 5 lbs",1738,https://www.costco.com/.product.38175.html
3818035,"The Original Donut Shop Coffee K-Cup Pod, 80-count",1738,https://www.costco.com/.product.3818035.html
383241,"Kirkland Signature Extra Strength Acetaminophen 500 mg., 1000 Caplets",1738,https://www.costco.com/.product.383241.html
383456,"Sweet Baby Ray's, Barbecue Sauce, 40 oz, 2-Count",1738,https://www.costco.com/.product.383456.html
383667,"Round Brilliant 1.30 ctw VS2 Clarity, I Color Diamond 14kt White Gold Tear Drop Necklace",1738,https://www.costco.com/.product.383667.html
384732,"Kirkland Signature, Pure Sea Salt, 30 oz",1738,https://www.costco.com/.product.384732.html
3847868,Dyson Airwrap i.d. Multi-Styler and Dryer with Chitosan Post-Style Serum,1738,https://www.costco.com/.product.3847868.html
38742,"Super Sweet Corn, 8-count",1738,https://www.costco.com/.product.38742.html
3882772,"Starbucks K-Cup Coffee Pods 72ct, Limited Edition Holiday Blend Medium Roast Coffee, 100% Arabica",1738,https://www.costco.com/.product.3882772.html
388467,"Boursin Garlic & Fine Herbs + Shallot & Chive, Gourmet Cheese, 5.3 oz, 3-count",1738,https://www.costco.com/.product.388467.html
389194,"Kirkland Signature Calcium 600 mg + D3, 500-count",1738,https://www.costco.com/.product.389194.html
3907391,"Oral-B iO Series 2 Complete Clean Rechargeable Electric Toothbrush, 2-pack",1738,https://www.costco.com/.product.3907391.html
3923,"Limes, 3 lbs",1738,https://www.costco.com/.product.3923.html
393914,"Kirkland Signature Vitamin D3, 2000 IU, 600-count",1738,https://www.costco.com/.product.393914.html
3987,"Grapefruit, 5 lbs",1738,https://www.costco.com/.product.3987.html
4000021858,"Round Brilliant 0.75 ctw VS2 Clarity, G Color Diamond 14kt White Gold Ring",1738,https://www.costco.com/round-brilliant-075-ctw-vs2-clarity-g-color-diamond-14kt-white-gold-ring.product.4000021858.html
4000022053,"Simply Fuel Protein Balls, 14.4 oz",1738,https://www.costco.com/simply-fuel-protein-balls-144-oz.product.4000022053.html
4000023859,14kt Yellow Gold Hoop Earrings,1738,https://www.costco.com/14kt-yellow-gold-hoop-earrings.product.4000023859.html
4000024702,"Emergen-C 1000 mg Vitamin C Daily Immune Support Variety Pack Drink Mix, 120 Packets",1738,https://www.costco.com/emergen-c-1000-mg-vitamin-c-daily-immune-support-variety-pack-drink-mix-120-packets.product.4000024702.html
4000025085,"Sports Research D3 + K2, 160 Veggie Softgels",1738,https://www.costco.com/sports-research-d3--k2-160-veggie-softgels.product.4000025085.html
4000026392,"Nonni’s Biscotti, Almond Dark Chocolate, 1.34 oz, 25-count",1738,https://www.costco.com/nonnis-biscotti-almond-dark-chocolate-134-oz-25-count.product.4000026392.html
4000027517,"Herodog Outer Armor Durable Dog Toys, 3-pack",1738,https://www.costco.com/herodog-outer-armor-durable-dog-toys-3-pack.product.4000027517.html
4000027857,"Giovanni Rana Beef and Short Rib Lasagna, 42 oz",1738,https://www.costco.com/giovanni-rana-beef-and-short-rib-lasagna-42-oz.product.4000027857.html
4000033127,"Lubriderm Daily Moisture Lotion, Fragrance Free 24 fl oz, 2-count + 6 fl oz Travel Size",1738,https://www.costco.com/lubriderm-daily-moisture-lotion-fragrance-free-24-fl-oz-2-count--6-fl-oz-travel-size.product.4000033127.html
4000033243,"Irish Spring Bar Soap, 4.5 oz, 20-count",1738,https://www.costco.com/irish-spring-bar-soap-45-oz-20-count.product.4000033243.html
4000033301,"FIJI Natural Artesian Water, 16.9 fl oz, 24-count",1738,https://www.costco.com/fiji-natural-artesian-water-169-fl-oz-24-count.product.4000033301.html
4000035726,"Austin Cake Ball Catering Assortment, 48 Cake Balls",1738,https://www.costco.com/austin-cake-ball-catering-assortment-48-cake-balls.product.4000035726.html
4000036664,"Kirkland Signature Organic Roasted Pine Nut Hummus, 34 oz",1738,https://www.costco.com/kirkland-signature-organic-roasted-pine-nut-hummus-34-oz.product.4000036664.html
4000036684,"Enfamil NeuroPro Care Gentlease Formula, 20 oz, 2-pack",1738,https://www.costco.com/enfamil-neuropro-care-gentlease-formula-20-oz-2-pack.product.4000036684.html
4000038003,"Sports Research Triple Strength Omega-3 Fish Oil, 150 Fish Softgels",1738,https://www.costco.com/sports-research-triple-strength-omega-3-fish-oil-150-fish-softgels.product.4000038003.html
4000039993,Samsung 30 cu. ft. Bespoke 3-Door French Door Refrigerator with Beverage Center,1738,https://www.costco.com/samsung-30-cu-ft-bespoke-3-door-french-door-refrigerator-with-beverage-center.product.4000039993.html?preselect=top%2Fbottom%20panel%20color%3Awhiteglass
4000040390,"Bibigo, Cooked Sticky White Rice Bowls, Medium Grain, 7.4 oz, 12-Count",1738,https://www.costco.com/bibigo-cooked-sticky-white-rice-bowls-medium-grain-74-oz-12-count.product.4000040390.html
4000042060,"Kirkland Signature Canned Dog Food, 13.2 oz, 24-count",1738,https://www.costco.com/kirkland-signature-canned-dog-food-132-oz-24-count.product.4000042060.html
4000042734,"Kirkland Signature Extra Fancy Mixed Nuts, Salted, 2.5 lbs",1738,https://www.costco.com/kirkland-signature-extra-fancy-mixed-nuts-salted-25-lbs.product.4000042734.html
4000042766,"Qunol Ultra CoQ10 100 mg., 180 Softgels",1738,https://www.costco.com/qunol-ultra-coq10-100-mg-180-softgels.product.4000042766.html
4000042930,"Kirkland Signature Extra Fancy Mixed Nuts, Unsalted, 2.5 lbs",1738,https://www.costco.com/kirkland-signature-extra-fancy-mixed-nuts-unsalted-25-lbs.product.4000042930.html
4000042932,Tahitian Cultured 8-9mm Pearl & Diamond 14kt White Gold Necklace,1738,https://www.costco.com/tahitian-cultured-8-9mm-pearl--diamond-14kt-white-gold-necklace.product.4000042932.html
4000042946,14kt Yellow Gold Rope Chain Bracelet,1738,https://www.costco.com/14kt-yellow-gold-rope-chain-bracelet.product.4000042946.html
4000043309,"Kirkland Signature Glucosamine & Chondroitin, 280 Tablets",1738,https://www.costco.com/kirkland-signature-glucosamine--chondroitin-280-tablets.product.4000043309.html
4000044496,"Kirkland Signature Premoistened Flushable Wipes, Fragrance Free, 640-count",1738,https://www.costco.com/kirkland-signature-premoistened-flushable-wipes-fragrance-free-640-count.product.4000044496.html
4000050834,Midea 18.7 cu. ft. Bottom Mount Freezer Refrigerator,1738,https://www.costco.com/midea-187-cu-ft-bottom-mount-freezer-refrigerator.product.4000050834.html
4000050930,Samsung 23 cu. ft. Counter Depth 4-Door French Door Refrigerator with Beverage Center in Stainless Steel,1738,https://www.costco.com/samsung-23-cu-ft-counter-depth-4-door-french-door-refrigerator-with-beverage-center-in-stainless-steel.product.4000050930.html
4000051981,"Qunol Magnesium Extra Strength 250 mg, 150 Gummies",1738,https://www.costco.com/qunol-magnesium-extra-strength-250-mg-150-gummies.product.4000051981.html
4000053321,"Dixie Ultra 8-1/2"" Paper Plate, 240-count",1738,https://www.costco.com/dixie-ultra-8-12-paper-plate-240-count.product.4000053321.html
4000054192,"Kirkland Signature Garlic Butter Shrimp, 2 lbs",1738,https://www.costco.com/kirkland-signature-garlic-butter-shrimp-2-lbs.product.4000054192.html
4000058742,"Cetaphil Moisturizing Cream Ultimate with Prebiotic Aloe, Very Dry to Dry Sensitive Skin, 20 oz + 16 oz, 2-pack",1738,https://www.costco.com/cetaphil-moisturizing-cream-ultimate-with-prebiotic-aloe-very-dry-to-dry-sensitive-skin-20-oz--16-oz-2-pack.product.4000058742.html
4000061877,"Nature Made Fish Oil 2400 mg, 300 Softgels",1738,https://www.costco.com/nature-made-fish-oil-2400-mg-300-softgels.product.4000061877.html
4000061905,"Lenovo Legion 5 15.3"" Gaming Laptop - Ryzen AI 9 465 - GeForce RTX 5070 - WQXGA (2560 x 1600) - 32GB RAM - 1TB SSD - Windows 11 Home",1738,https://www.costco.com/lenovo-legion-5-153-gaming-laptop----ryzen-ai-9-465---geforce-rtx-5070---wqxga-2560-x-1600---32gb-ram---1tb-ssd----windows-11-home.product.4000061905.html
4000062546,"Cetaphil Gentle Skin Cleanser, Dry to Normal Sensitive Skin, 20 fl oz, 2-count",1738,https://www.costco.com/cetaphil-gentle-skin-cleanser-dry-to-normal-sensitive-skin-20-fl-oz-2-count.product.4000062546.html
4000062580,"Cetaphil Moisturizing Lotion, Dry to Normal Sensitive Skin, 20 fl oz, 2-count",1738,https://www.costco.com/cetaphil-moisturizing-lotion-dry-to-normal-sensitive-skin-20-fl-oz-2-count.product.4000062580.html
4000062713,"Duracell 2032 Lithium Coin Batteries, 12-count",1738,https://www.costco.com/duracell-2032-lithium-coin-batteries-12-count.product.4000062713.html
4000063331,"Kirkland Signature Organic Unbleached All Purpose Flour, 10 lbs, 2-count",1738,https://www.costco.com/kirkland-signature-organic-unbleached-all-purpose-flour-10-lbs-2-count.product.4000063331.html
4000063845,"Gillette Venus ComfortGlide Essential Botanicals, 1 Razor + 12 Cartridges Gel",1738,https://www.costco.com/gillette-venus-comfortglide-essential-botanicals-1-razor--12-cartridges-gel.product.4000063845.html
4000064056,"Kirkland Signature Organic Whole Cashews, Unsalted, Unroasted, 2.5 lbs",1738,https://www.costco.com/kirkland-signature-organic-whole-cashews-unsalted-unroasted-25-lbs.product.4000064056.html
4000064657,"Skinny Dipped Cups, Dark Chocolate Peanut Butter, 30-count",1738,https://www.costco.com/skinny-dipped-cups-dark-chocolate-peanut-butter-30-count.product.4000064657.html
4000064788,"Zarbee's Children's Cough Daytime / Nighttime, Two 4 Ounce Daytime + One 4 Ounce Nighttime",1738,https://www.costco.com/zarbees-childrens-cough-daytime--nighttime-two-4-ounce-daytime--one-4-ounce-nighttime.product.4000064788.html
4000067571,"Nutella B-Ready Crispy Wafers Filled with Nutella, 0.7 oz, 36-count",1738,https://www.costco.com/nutella-b-ready-crispy-wafers-filled-with-nutella-07-oz-36-count.product.4000067571.html
4000079755,"Orgain Collagen Peptides + Probiotics, Unflavored, 1.6 lbs",1738,https://www.costco.com/orgain-collagen-peptides--probiotics-unflavored-16-lbs.product.4000079755.html
4000092340,"Swiffer Sweeper Heavy Duty Wet Cloths, Lavender, 54-count",1738,https://www.costco.com/swiffer-sweeper-heavy-duty-wet-cloths-lavender-54-count.product.4000092340.html
4000092361,"Swiffer Duster Heavy Duty Dusting Kit, 1 Handle + 17 Refills",1738,https://www.costco.com/swiffer-duster-heavy-duty-dusting-kit-1-handle--17-refills.product.4000092361.html
4000094517,"Milano Cookies, Double Dark Chocolate, 0.98 oz, 30-count",1738,https://www.costco.com/milano-cookies-double-dark-chocolate-098-oz-30-count.product.4000094517.html
4000095951,"Invicta Bolt Stainless Steel Women's Quartz Watch, 36.5mm",1738,https://www.costco.com/invicta-bolt-stainless-steel-womens-quartz-watch-365mm.product.4000095951.html
4000099743,"Jackson's Kettle Cooked Sweet Potato Chips, Sea Salt, 16 oz",1738,https://www.costco.com/jacksons-kettle-cooked-sweet-potato-chips-sea-salt-16-oz.product.4000099743.html
4000099834,"Kirkland Signature Fresh Goat Cheese, 10.5 oz, 2-count",1738,https://www.costco.com/kirkland-signature-fresh-goat-cheese-105-oz-2-count.product.4000099834.html
4000100002,"Kirkland Signature Extra Strength Energy Shot, 48 Bottles, 2 Ounces Each",1738,https://www.costco.com/kirkland-signature-extra-strength-energy-shot-48-bottles-2-ounces-each.product.4000100002.html
4000100321,"Tide Ultra Concentrated Liquid Laundry Detergent, Original, 152 Loads, 170 fl oz",1738,https://www.costco.com/tide-ultra-concentrated-liquid-laundry-detergent-original-152-loads-170-fl-oz.product.4000100321.html
4000102332,"Whirlpool 24 in. Top Control Built-In Fingerprint Resistant Stainless Steel Dishwasher with 3rd Rack, 51 dBA",1738,https://www.costco.com/whirlpool-24-in-top-control-built-in-fingerprint-resistant-stainless-steel-dishwasher-with-3rd-rack-51-dba.product.4000102332.html
4000103494,"Boulder Organic Chicken Wild Rice Soup, 24 oz, 2-count",1738,https://www.costco.com/boulder-organic-chicken-wild-rice-soup-24-oz-2-count.product.4000103494.html
4000103938,LG Counter-Depth MAX with Zero Clearance 3-Door French Door Refrigerator,1738,https://www.costco.com/lg-counter-depth-max-with-zero-clearance-3-door-french-door-refrigerator.product.4000103938.html
4000103974,LG 26 cu. ft. Smart Counter-Depth MAX French Door Refrigerator,1738,https://www.costco.com/lg-26-cu-ft-smart-counter-depth-max-french-door-refrigerator.product.4000103974.html
4000104772,Suncast 6' x 5' Modern Shed,1738,https://www.costco.com/suncast-6-x-5-modern-shed.product.4000104772.html
4000105235,"Crest Pro Health Advanced Toothpaste, 5.9 oz, 5-pack",1738,https://www.costco.com/crest-pro-health-advanced-toothpaste-59-oz-5-pack.product.4000105235.html
4000106843,"Baking Potatoes, 10 lbs",1738,https://www.costco.com/baking-potatoes-10-lbs.product.4000106843.html
4000109647,"Country Farms FiberCare Fiber Gummies, 240 Gummies",1738,https://www.costco.com/country-farms-fibercare-fiber-gummies-240-gummies.product.4000109647.html
4000109678,"Babybel Mini Snack Cheese, Original, 0.71 oz, 36-count",1738,https://www.costco.com/babybel-mini-snack-cheese-original-071-oz-36-count.product.4000109678.html
4000111426,"Kellogg's Cracker Collection, Variety Pack, 13-stacks",1738,https://www.costco.com/kelloggs-cracker-collection-variety-pack-13-stacks.product.4000111426.html
4000111758,"Nature's Garden, Probiotic Strawberry Yoggies, 0.7 oz, 30-count",1738,https://www.costco.com/natures-garden-probiotic-strawberry-yoggies-07-oz--30-count.product.4000111758.html
4000112513,First Alert Rechargeable Heavy Duty Fire Extinguisher UL Rated 3-A:40-BC,1738,https://www.costco.com/first-alert-rechargeable-heavy-duty-fire-extinguisher-ul-rated-3-a40-bc.product.4000112513.html
4000113662,14kt Gold Hoop Earrings,1738,https://www.costco.com/14kt-gold-hoop-earrings.product.4000113662.html
4000113981,"Lysol Disinfecting Wipes, Variety Pack, 95-count, 4-pack",1738,https://www.costco.com/lysol-disinfecting-wipes-variety-pack-95-count-4-pack.product.4000113981.html
4000116300,Roundup Dual Action Weed and Grass Killer Plus 4 Month Preventer with Easy Mix Refill,1738,https://www.costco.com/roundup-dual-action-weed-and-grass-killer-plus-4-month-preventer-with-easy-mix-refill.product.4000116300.html
4000116714,"Novaform DreamAway 8"" Gel Memory Foam Mattress",1738,https://www.costco.com/novaform-dreamaway-8-gel-memory-foam-mattress.product.4000116714.html
4000118775,Freshwater Cultured 7-7.5mm Pearl 14kt White Gold Stud Earrings,1738,https://www.costco.com/freshwater-cultured-7-75mm-pearl-14kt-white-gold-stud-earrings.product.4000118775.html
4000119129,"Arm & Hammer Plus OxiClean Max HE Liquid Laundry Detergent, Fresh, 200 Loads, 200 fl oz",1738,https://www.costco.com/arm--hammer-plus-oxiclean-max-he-liquid-laundry-detergent-fresh-200-loads-200-fl-oz.product.4000119129.html
4000120581,"Fabuloso Multi-Purpose Cleaner, Lavender, 210 fl oz",1738,https://www.costco.com/fabuloso-multi-purpose-cleaner-lavender-210-fl-oz.product.4000120581.html
4000138099,"Kohler Jaro One-Piece Elongated Smart Toilet, Dual-flush",1738,https://www.costco.com/kohler-jaro-one-piece-elongated-smart-toilet-dual-flush.product.4000138099.html
4000139632,LG 20 cu. ft. Top Freezer Refrigerator,1738,https://www.costco.com/lg-20-cu-ft-top-freezer-refrigerator.product.4000139632.html
4000140199,"Neutrogena Beach Defense Sunscreen Spray SPF 60+, 8.5 oz, 2-pack",1738,https://www.costco.com/neutrogena-beach-defense-sunscreen-spray-spf-60-85-oz-2-pack.product.4000140199.html
4000141368,"Scotch-Brite Heavy Duty Sponge, 24-count",1738,https://www.costco.com/scotch-brite-heavy-duty-sponge-24-count.product.4000141368.html
4000141369,"Scotch-Brite Zero Scratch Sponge, 24-count",1738,https://www.costco.com/scotch-brite-zero-scratch-sponge-24-count.product.4000141369.html
4000141950,"Oral-B iO Series 2 Complete Clean Rechargeable Electric Toothbrush, 2-pack",1738,https://www.costco.com/oral-b-io-series-2-complete-clean-rechargeable-electric-toothbrush-2-pack.product.4000141950.html
4000142365,"The SnakYard Organic Sweet Potato Sticks, 2.82 oz, 6-count",1738,https://www.costco.com/the-snakyard-organic-sweet-potato-sticks-282-oz-6-count.product.4000142365.html
4000142909,"Round Brilliant 5.00 ctw VS2 Clarity, G Color Diamond 14kt Gold Strand Necklace",1738,https://www.costco.com/round-brilliant-500-ctw-vs2-clarity-g-color-diamond-14kt-gold-strand-necklace.product.4000142909.html
4000146524,"Nature's Bounty Optimal Solutions Hair Growth, 90 Capsules",1738,https://www.costco.com/natures-bounty-optimal-solutions-hair-growth-90-capsules.product.4000146524.html
4000146862,"Kirkland Signature Coffee Organic Breakfast Blend K-Cup Pod, 120-count",1738,https://www.costco.com/kirkland-signature-coffee-organic-breakfast-blend-k-cup-pod-120-count.product.4000146862.html
4000147352,"Kirkland Signature Coffee Organic Summit Roast K-Cup Pod, 120-count",1738,https://www.costco.com/kirkland-signature-coffee-organic-summit-roast-k-cup-pod-120-count.product.4000147352.html
4000147442,"Kirkland Signature Coffee Organic Pacific Bold K-Cup Pod, 120-count",1738,https://www.costco.com/kirkland-signature-coffee-organic-pacific-bold-k-cup-pod-120-count.product.4000147442.html
4000149472,"Kirkland Signature Smoked Pulled Pork, Rubbed with Seasonings, 2 lbs",1738,https://www.costco.com/kirkland-signature-smoked-pulled-pork-rubbed-with-seasonings-2-lbs.product.4000149472.html
4000151041,"Crest Pro-Health Advanced Mouthwash, 33.8 fl oz, 3-pack",1738,https://www.costco.com/crest-pro-health-advanced-mouthwash-338-fl-oz-3-pack.product.4000151041.html
4000151095,Klipsch Reference Dolby Atmos 5.0.2 Surround System,1738,https://www.costco.com/klipsch-reference-dolby-atmos-502-surround-system.product.4000151095.html
4000152227,Sonos Era 100 Wireless Smart Speaker Set,1738,https://www.costco.com/sonos-era-100-wireless-smart-speaker-set.product.4000152227.html
4000152601,"Nature Made Extra Strength Vitamin C 500 mg, 180 Gummies",1738,https://www.costco.com/nature-made-extra-strength-vitamin-c-500-mg-180-gummies.product.4000152601.html
4000154348,Parks 5-piece Counter Height Dining Table Set,1738,https://www.costco.com/.product.4000154348.html
4000154400,"Samsung 25 cu. ft. 33"" 3-Door French Door Refrigerator with Beverage Center",1738,https://www.costco.com/samsung-25-cu-ft-33-3-door-french-door-refrigerator-with-beverage-center.product.4000154400.html
4000156724,Baxter 5-piece Dining Table Set,1738,https://www.costco.com/.product.4000156724.html
4000157183,Bestway Steel Pro MAX 13' x 30” Round Above Ground Pool Set,1738,https://www.costco.com/.product.4000157183.html
4000159426,"Kirkland Signature Wild Smoked Sockeye Salmon, 8 oz, 2-count",1738,https://www.costco.com/kirkland-signature-wild-smoked-sockeye-salmon-8-oz-2-count.product.4000159426.html
4000160155,"TUMS Antacid Chewy Bites Assorted Berries, 108 Chewable Tablets",1738,https://www.costco.com/tums-antacid-chewy-bites-assorted-berries-108-chewable-tablets.product.4000160155.html
4000160436,"Mrs. Meyers Multi-Surface Variety Pack, 24 fl oz, 3-count",1738,https://www.costco.com/mrs-meyers-multi-surface-variety-pack-24-fl-oz-3-count.product.4000160436.html
4000160794,"Kirkland Signature Cheese Pizza, 18.25 oz, 4-count",1738,https://www.costco.com/kirkland-signature-cheese-pizza-1825-oz-4-count.product.4000160794.html
4000175265,Blue Sapphire and Diamond 14kt White Gold Band,1738,https://www.costco.com/blue-sapphire-and-diamond-14kt-white-gold-band.product.4000175265.html
4000175271,120-stem Ranunculus,1738,https://www.costco.com/120-stem-ranunculus.product.4000175271.html
4000176130,"Sylvania Stay-lit C9 Multi LED Faceted Lights, 4 Strings, 50 Lights Per String",1738,https://www.costco.com/sylvania-stay-lit-c9-multi-led-faceted-lights-4-strings-50-lights-per-string.product.4000176130.html
4000176325,Green Malachite 14kt Yellow Gold Oval Hoop Earrings,1738,https://www.costco.com/green-malachite-14kt-yellow-gold-oval-hoop-earrings.product.4000176325.html
4000176397,Green Malachite 14kt Yellow Gold Necklace,1738,https://www.costco.com/green-malachite-14kt-yellow-gold-necklace.product.4000176397.html
4000176414,Black Onyx Bead 14kt Yellow Gold Necklace,1738,https://www.costco.com/black-onyx-bead-14kt-yellow-gold-necklace.product.4000176414.html
4000177608,"Optimum Nutrition Gold Standard 100% Whey Protein Powder, Vanilla Ice Cream, 5.47 lbs",1738,https://www.costco.com/optimum-nutrition-gold-standard-100-whey-protein-powder-vanilla-ice-cream-547-lbs.product.4000177608.html
4000177679,"Ascent 100% Whey, Native Whey Protein Blend, Vanilla Bean, 4.25 lbs",1738,https://www.costco.com/ascent-100-whey-native-whey-protein-blend-vanilla-bean-425-lbs.product.4000177679.html
4000178846,Kohler Adair One-Piece Elongated Toilet,1738,https://www.costco.com/kohler-adair-one-piece-elongated-toilet.product.4000178846.html
4000179611,"San Pellegrino Sparkling Natural Mineral Water, 25.3 fl oz, 15-count",1738,https://www.costco.com/san-pellegrino-sparkling-natural-mineral-water-253-fl-oz-15-count.product.4000179611.html
4000179673,"StriVectin TL Advanced Tightening Neck Cream Plus, 1 oz, 2-pack",1738,https://www.costco.com/strivectin-tl-advanced-tightening-neck-cream-plus-1-oz-2-pack.product.4000179673.html
4000179943,"Skinny Pop Organic Popcorn, 14 oz",1738,https://www.costco.com/skinny-pop-organic-popcorn-14-oz.product.4000179943.html
4000181013,"youtheory Ashwagandha 1000 mg, 180 Vegetarian Capsules",1738,https://www.costco.com/youtheory-ashwagandha-1000-mg-180-vegetarian-capsules.product.4000181013.html
4000181373,"The Cake Bake Shop 8"" Round Carrot Cake (16-22 Servings)",1738,https://www.costco.com/the-cake-bake-shop-8-round-carrot-cake-16-22-servings.product.4000181373.html
4000181409,"Filtrete Air Filter 1”, MPR 2500 MERV 14, High Performance Premium Allergen, Ultrafine Particles, Bacteria and Virus Filter, 4-pack",1738,https://www.costco.com/filtrete-air-filter-1-mpr-2500-merv-14-high-performance-premium-allergen-ultrafine-particles-bacteria-and-virus-filter-4-pack.product.4000181409.html
4000181704,"PurpleRenew 11"" Gel Grid Mattress",1738,https://www.costco.com/purplerenew-11-gel-grid-mattress.product.4000181704.html
4000183052,"Kirkland Signature Fabric Softener Sheets, 250-count, 2-pack",1738,https://www.costco.com/kirkland-signature-fabric-softener-sheets-250-count-2-pack.product.4000183052.html
4000183076,"Pantene Multi-Tasker 10 Shampoo, 38.2 fl oz",1738,https://www.costco.com/pantene-multi-tasker-10-shampoo-382-fl-oz.product.4000183076.html
4000183119,"Pantene Multi-Tasker 10 Conditioner, 38.2 fl oz",1738,https://www.costco.com/pantene-multi-tasker-10-conditioner-382-fl-oz.product.4000183119.html
4000183496,"Round Brilliant 0.50 ctw VS2 Clarity, I Color Diamond 14kt Yellow Gold Flower Pendant",1738,https://www.costco.com/round-brilliant-050-ctw-vs2-clarity-i-color-diamond-14kt-yellow-gold-flower-pendant.product.4000183496.html
4000184371,"Extra Sugar Free Chewing Gum, Mint Variety Pack, 15 Sticks, 18-Count",1738,https://www.costco.com/extra-sugar-free-chewing-gum-mint-variety-pack-15-sticks-18-count.product.4000184371.html
4000184387,"Samyang Buldak Ramen Carbonara, Spicy Chicken, 3.7 oz, 6-count",1738,https://www.costco.com/samyang-buldak-ramen-carbonara-spicy-chicken-37-oz-6-count.product.4000184387.html
4000184414,14kt Gold Diamond Cut Box Chain,1738,https://www.costco.com/14kt-gold-diamond-cut-box-chain.product.4000184414.html
4000186399,"Systane Complete Preservative Free Lubricant Drops, 30ml",1738,https://www.costco.com/systane-complete-preservative-free-lubricant-drops-30ml.product.4000186399.html
4000186988,"Versace Hellenyium Green Sunray Dial Quartz Men's Watch, 42mm",1738,https://www.costco.com/versace-hellenyium-green-sunray-dial-quartz-mens-watch-42mm.product.4000186988.html
4000187057,"Siete Grain Free Tortilla Chips, Variety Pack, 1 oz, 14-count",1738,https://www.costco.com/siete-grain-free-tortilla-chips-variety-pack-1-oz-14-count.product.4000187057.html
4000187059,"Round Brilliant 1.00 ctw VS2 Clarity, I Color Diamond 14kt Gold Hoop Earrings",1738,https://www.costco.com/round-brilliant-100-ctw-vs2-clarity-i-color-diamond-14kt-gold-hoop-earrings.product.4000187059.html
4000187587,"Round Brilliant 0.80 ctw VS2 Clarity, I Color Solitaire Diamond 14kt White Gold Stud Earrings",1738,https://www.costco.com/round-brilliant-080-ctw-vs2-clarity-i-color-solitaire-diamond-14kt-white-gold-stud-earrings.product.4000187587.html
4000187605,"Round Brilliant 0.70 ctw VS2 Clarity, I Color Diamond 14kt Gold Clover Necklace",1738,https://www.costco.com/round-brilliant-070-ctw-vs2-clarity-i-color-diamond-14kt-gold-clover-necklace.product.4000187605.html
4000187946,"Round Brilliant 0.50 ctw VS2 Clarity, I Color Diamond 14kt Yellow Gold Band",1738,https://www.costco.com/round-brilliant-050-ctw-vs2-clarity-i-color-diamond-14kt-yellow-gold-band.product.4000187946.html
4000188033,London Blue Topaz & Swiss Blue Topaz 14kt White Gold Earrings,1738,https://www.costco.com/london-blue-topaz--swiss-blue-topaz-14kt-white-gold-earrings.product.4000188033.html
4000188044,Kohler Layne Quick Release Toilet Seat,1738,https://www.costco.com/kohler-layne-quick-release-toilet-seat.product.4000188044.html
4000188074,"Round Brilliant 0.70 ctw VS2 Clarity, I Color Diamond 14kt Gold Band",1738,https://www.costco.com/round-brilliant-070-ctw-vs2-clarity-i-color-diamond-14kt-gold-band.product.4000188074.html
4000188332,14kt Gold Diamond Cut Round Box Chain,1738,https://www.costco.com/14kt-gold-diamond-cut-round-box-chain.product.4000188332.html
4000188751,Morganite and Diamond 14kt White Gold Ring,1738,https://www.costco.com/morganite-and-diamond-14kt-white-gold-ring.product.4000188751.html
4000188770,"Round Brilliant 1.00 ctw VS2 Clarity, I Color Diamond 14kt Yellow Gold Huggie Hoop Earrings",1738,https://www.costco.com/round-brilliant-100-ctw-vs2-clarity-i-color-diamond-14kt-yellow-gold-huggie-hoop-earrings.product.4000188770.html
4000188857,"Round Brilliant 0.57 ctw VS2 Clarity, I Color Diamond 14kt White Gold Pendant",1738,https://www.costco.com/round-brilliant-057-ctw-vs2-clarity-i-color-diamond-14kt-white-gold-pendant.product.4000188857.html
4000189320,"Round Brilliant 0.50 ctw VS2 Clarity, I Color Diamond 14kt White Gold Necklace",1738,https://www.costco.com/round-brilliant-050-ctw-vs2-clarity-i-color-diamond-14kt-white-gold-necklace.product.4000189320.html
4000191177,"Seiko Essentials Two Tone Mother of Pearl Dial Women's Quartz Watch, 29.8mm",1738,https://www.costco.com/seiko-essentials-two-tone-mother-of-pearl-dial-womens-quartz-watch-298mm.product.4000191177.html
4000191539,"Gen Bake Churro Donut Bites, 30 oz",1738,https://www.costco.com/gen-bake-churro-donut-bites-30-oz.product.4000191539.html
4000192800,SaluSpa Coronado EnergySense Square Air Jet 4-6 Person Inflatable Spa,1738,https://www.costco.com/.product.4000192800.html
4000193139,"Zevo Flying Insect Trap Starter Kit, 2 Devices + 6 Refills",1738,https://www.costco.com/zevo-flying-insect-trap-starter-kit-2-devices--6-refills.product.4000193139.html
4000194335,SaluSpa Ventura EnergySense Smart Air Jet 6-8 Person Inflatable Hot Tub Spa,1738,https://www.costco.com/.product.4000194335.html
4000195107,Bridgeton 7-piece Outdoor Patio Seating Set,1738,https://www.costco.com/bridgeton-7-piece-outdoor-patio-seating-set.product.4000195107.html
4000195517,"Round Brilliant 1.50 ctw VS2 Clarity, I Color Diamond Platinum Three Stone Halo Ring",1738,https://www.costco.com/round-brilliant-150-ctw-vs2-clarity-i-color-diamond-platinum-three-stone-halo-ring.product.4000195517.html
4000195523,"Round Brilliant 1.41 ctw VS2 Clarity, I Color Diamond Platinum Halo Ring",1738,https://www.costco.com/round-brilliant-141-ctw-vs2-clarity-i-color-diamond-platinum-halo-ring.product.4000195523.html
4000197665,Mikasa Lemons 40-piece Dinnerware Set,1738,https://www.costco.com/mikasa-lemons-40-piece-dinnerware-set.product.4000197665.html
4000199926,"Round Brilliant 0.25 ctw VS2 Clarity, I Color Diamond 14kt Gold Hoop Earrings",1738,https://www.costco.com/round-brilliant-025-ctw-vs2-clarity-i-color-diamond-14kt-gold-hoop-earrings.product.4000199926.html
4000201023,"Miss Vickie's Kettle Cooked Potato Chips, 1.38 oz, Variety Pack, 30-count",1738,https://www.costco.com/miss-vickies-kettle-cooked-potato-chips-138-oz-variety-pack-30-count.product.4000201023.html
4000202668,"Neutrogena Hydro Boost Water Cream, 1.7 fl oz, 2-pack",1738,https://www.costco.com/neutrogena-hydro-boost-water-cream-17-fl-oz-2-pack.product.4000202668.html
4000202951,"Kirkland Signature Lightly Breaded Chicken Breast Chunks, 4 lbs",1738,https://www.costco.com/kirkland-signature-lightly-breaded-chicken-breast-chunks-4-lbs.product.4000202951.html
4000203095,"GoGo SqueeZ, Organic Applesauce, Variety Pack, 3.2 oz, 28-Count",1738,https://www.costco.com/gogo-squeez-organic-applesauce-variety-pack-32-oz-28-count.product.4000203095.html
4000203417,"Casper Cooling Select 12"" Memory Foam Mattress",1738,https://www.costco.com/casper-cooling-select-12-memory-foam-mattress.product.4000203417.html
4000204335,"RXBAR Protein Bars, Variety Pack, 14-count",1738,https://www.costco.com/rxbar-protein-bars-variety-pack-14-count.product.4000204335.html
4000204559,Agio Menorca 4-piece Outdoor Patio Deep Seating Set,1738,https://www.costco.com/agio-menorca-4-piece-outdoor-patio-deep-seating-set.product.4000204559.html
4000205144,"AllerEase Organic Cotton Top Allergy Protection Pillow, 2-pack",1738,https://www.costco.com/allerease-organic-cotton-top-allergy-protection-pillow-2-pack.product.4000205144.html
4000205398,"Emergen-C Immune+ 1000 mg Vitamin C + Vitamin D & Zinc, 90 Packets",1738,https://www.costco.com/emergen-c-immune-1000-mg-vitamin-c--vitamin-d--zinc-90-packets.product.4000205398.html
4000206004,"Kirkland Signature Ultra Soft Bath Tissue, 2-Ply, 231 Sheets, 36 Rolls",1738,https://www.costco.com/kirkland-signature-ultra-soft-bath-tissue-2-ply-231-sheets-36-rolls.product.4000206004.html
4000206163,"Harrison Dining Chair, 2-pack",1738,https://www.costco.com/.product.4000206163.html
4000206470,"Lysol Laundry Sanitizer, Crisp Linen, 150 fl oz",1738,https://www.costco.com/lysol-laundry-sanitizer-crisp-linen-150-fl-oz.product.4000206470.html
4000206526,"Blue Buffalo Life Protection Formula Chicken and Brown Rice Recipe Dog Food, 38 lbs",1738,https://www.costco.com/blue-buffalo-life-protection-formula-chicken-and-brown-rice-recipe-dog-food-38-lbs.product.4000206526.html
4000207473,Kenneth Cole Youth Dress Shirt,1738,https://www.costco.com/.product.4000207473.html
4000209362,"Round Brilliant 1.40 ctw VS2 Clarity, I Color Diamond 14kt White Gold Wedding Set",1738,https://www.costco.com/round-brilliant-140-ctw-vs2-clarity-i-color-diamond-14kt-white-gold-wedding-set.product.4000209362.html
4000212572,Nephrite Green Jade 18kt Yellow Gold Pendant,1738,https://www.costco.com/nephrite-green-jade-18kt-yellow-gold-pendant.product.4000212572.html
4000212584,LG 30 cu. ft. Smart Standard-Depth MAX 4-Door French Door Refrigerator with Full-Convert Drawer,1738,https://www.costco.com/lg-30-cu-ft-smart-standard-depth-max-4-door-french-door-refrigerator-with-full-convert-drawer.product.4000212584.html
4000212654,LG 29 cu. ft. Smart Standard-Depth MAX 4-Door French Door Refrigerator with Full-Convert Drawer,1738,https://www.costco.com/lg-29-cu-ft-smart-standard-depth-max-4-door-french-door-refrigerator-with-full-convert-drawer.product.4000212654.html
4000212689,Centr 2 by Inspire FTX Functional Trainer with Folding Bench and 1-year Centr App Subscription Included,1738,https://www.costco.com/centr-2-by-inspire-ftx-functional-trainer-with-folding-bench-and-1-year-centr-app-subscription-included.product.4000212689.html
4000212863,"Round Brilliant 0.30 ctw VS2 Clarity, I Color Diamond 14kt Gold Hoop Earrings",1738,https://www.costco.com/round-brilliant-030-ctw-vs2-clarity-i-color-diamond-14kt-gold-hoop-earrings.product.4000212863.html
4000213579,"Kirkland Signature Mild Italian Sausage, 3.5 lbs",1738,https://www.costco.com/kirkland-signature-mild-italian-sausage-35-lbs.product.4000213579.html
4000213634,BARK Winter Wooferland Toy and Treat Dog Advent Calendar,1738,https://www.costco.com/bark-winter-wooferland-toy-and-treat-dog-advent-calendar.product.4000213634.html
4000213642,Ninja CREAMi Deluxe 11-in-1 Ice Cream and Frozen Treat Maker,1738,https://www.costco.com/ninja-creami-deluxe-11-in-1-ice-cream-and-frozen-treat-maker.product.4000213642.html
4000213851,Centr 300 lb. Rubber Olympic Weight Set and 1-year Centr App Subscription Included,1738,https://www.costco.com/centr-300-lb-rubber-olympic-weight-set-and-1-year-centr-app-subscription-included.product.4000213851.html
4000213921,"DUDE Wipes Fragrance-Free + Moisturizing XL Flushable Wipes, 480 Wipes",1738,https://www.costco.com/dude-wipes-fragrance-free--moisturizing-xl-flushable-wipes-480-wipes.product.4000213921.html
4000214872,"Kirkland Signature Breakfast Sandwich, 4.82 oz, 8-count",1738,https://www.costco.com/kirkland-signature-breakfast-sandwich-482-oz-8-count.product.4000214872.html
4000215513,"Round Brilliant 0.24 ctw VS2 Clarity, I Color Diamond 14kt Gold Two Tone Band",1738,https://www.costco.com/round-brilliant-024-ctw-vs2-clarity-i-color-diamond-14kt-gold-two-tone-band.product.4000215513.html
4000215531,Yardistry 8' x 10' Greenhouse,1738,https://www.costco.com/yardistry-8-x-10-greenhouse.product.4000215531.html
4000216444,Ruby and Diamond 14kt White Gold Earrings,1738,https://www.costco.com/ruby-and-diamond-14kt-white-gold-earrings.product.4000216444.html
4000217395,"Round Brilliant 0.50 ctw VS2 Clarity, I Color Diamond 14kt Yellow Gold Bar Pendant Necklace",1738,https://www.costco.com/round-brilliant-050-ctw-vs2-clarity-i-color-diamond-14kt-yellow-gold-bar-pendant-necklace.product.4000217395.html
4000217415,"Aveeno Daily Moisture Lotion, 24 fl oz, 2-pack",1738,https://www.costco.com/aveeno-daily-moisture-lotion-24-fl-oz-2-pack.product.4000217415.html
4000218323,"Round Brilliant 0.14 ct VS2 Clarity, I Color Diamond 14kt White Gold Heart Pendant",1738,https://www.costco.com/round-brilliant-014-ct-vs2-clarity-i-color-diamond-14kt-white-gold-heart-pendant.product.4000218323.html
4000218386,"Round Brilliant 0.10 ctw VS2 Clarity, I Color Diamond 14kt White Gold Heart Earrings",1738,https://www.costco.com/round-brilliant-010-ctw-vs2-clarity-i-color-diamond-14kt-white-gold-heart-earrings.product.4000218386.html
4000218743,"First Alert Precision Detection, 10-year Battery Smoke and Carbon Monoxide Alarm, 2-pack",1738,https://www.costco.com/first-alert-precision-detection-10-year-battery-smoke-and-carbon-monoxide-alarm-2-pack.product.4000218743.html
4000220045,Bose Solo Soundbar Series II,1738,https://www.costco.com/bose-solo-soundbar-series-ii.product.4000220045.html
4000220055,"Ajinomoto Japanese Style Gyoza, Pork And Chicken, 60-count",1738,https://www.costco.com/ajinomoto-japanese-style-gyoza-pork-and-chicken-60-count.product.4000220055.html
4000221236,"Pulmuone Teriyaki Stir-Fry Udon, 29.4 oz",1738,https://www.costco.com/pulmuone-teriyaki-stir-fry-udon-294-oz.product.4000221236.html
4000221387,Rose Nightstand,1738,https://www.costco.com/rose-nightstand.product.4000221387.html
4000221416,SunVilla Havana 4-piece Fire Pit Outdoor Patio Seating Set,1738,https://www.costco.com/sunvilla-havana-4-piece-fire-pit-outdoor-patio-seating-set.product.4000221416.html
4000221583,14kt Gold High Polish Rope Chain,1738,https://www.costco.com/14kt-gold-high-polish-rope-chain.product.4000221583.html
4000222234,"Henredon Murphy Swivel Boucle Chair, Cream",1738,https://www.costco.com/henredon-murphy-swivel-boucle-chair-cream.product.4000222234.html
4000222320,Apple Watch SE 3 (GPS) 40mm Case with Sport Band (Size S/M),1738,https://www.costco.com/apple-watch-se-3-gps-40mm-case-with-sport-band-size-sm.product.4000222320.html
4000222494,Novaform 14” ComfortGrande Advanced Gel Memory Foam Mattress,1738,https://www.costco.com/novaform-14-comfortgrande-advanced-gel-memory-foam-mattress.product.4000222494.html
4000222925,"Round Brilliant 0.76 ctw VS2 Clarity, I Color Diamond 14kt White Gold Halo Necklace",1738,https://www.costco.com/round-brilliant-076-ctw-vs2-clarity-i-color-diamond-14kt-white-gold-halo-necklace.product.4000222925.html
4000223033,Lathan 7-piece Dining Table Set,1738,https://www.costco.com/.product.4000223033.html
4000223339,"Beauty of Joseon Glow Serum Propolis + Niacinamide, 3.38 fl oz",1738,https://www.costco.com/beauty-of-joseon-glow-serum-propolis--niacinamide-338-fl-oz.product.4000223339.html
4000225058,"Kirkland Signature Chunks in Gravy, Canned Cat Food Variety Pack, 3 oz, 48-count",1738,https://www.costco.com/kirkland-signature-chunks-in-gravy-canned-cat-food-variety-pack-3-oz-48-count.product.4000225058.html
4000225180,"iMac All-in-One Desktop Computer (24-inch) - Apple M4 chip, Built for Apple Intelligence, 8-core CPU, 8-core GPU, 16GB Memory, 256GB SSD Storage",1738,https://www.costco.com/imac-all-in-one-desktop-computer-24-inch---apple-m4-chip-built-for-apple-intelligence-8-core-cpu-8-core-gpu-16gb-memory-256gb-ssd-storage.product.4000225180.html
4000225361,"Joyburst Hydration Drink, Variety Pack, 16.9 fl oz, 18-count",1738,https://www.costco.com/joyburst-hydration-drink-variety-pack-169-fl-oz-18-count.product.4000225361.html
4000225384,"Freshpet Deli Fresh Dog Food, Chicken Recipe, 1.5 lbs, 6-rolls",1738,https://www.costco.com/freshpet-deli-fresh-dog-food-chicken-recipe-15-lbs-6-rolls.product.4000225384.html
4000225756,CORE 13 ft. x 13 ft. Instant Pop-up Canopy,1738,https://www.costco.com/core-13-ft-x-13-ft-instant-pop-up-canopy.product.4000225756.html
4000225967,Rose 6 Drawer Dresser,1738,https://www.costco.com/rose-6-drawer-dresser.product.4000225967.html
4000226905,"Bulova Classic Two Tone Stainless Steel Quartz Men's Watch, 39mm",1738,https://www.costco.com/bulova-classic-two-tone-stainless-steel-quartz-mens-watch-39mm.product.4000226905.html
4000228507,"Bestway Platinum Series Power Steel 20' x 12' x 48"" Oval Pool Set",1738,https://www.costco.com/bestway-platinum-series-power-steel-20-x-12-x-48-oval-pool-set.product.4000228507.html
4000228742,H2OGO! Under the Sea 10' Splash Pad,1738,https://www.costco.com/.product.4000228742.html
4000229166,"Frederique Constant Classic Carree Diamond Quartz Women's Watch, 23 x 21mm",1738,https://www.costco.com/frederique-constant-classic-carree-diamond-quartz-womens-watch-23-x-21mm.product.4000229166.html
4000229278,14kt Gold Hoop Earrings,1738,https://www.costco.com/14kt-gold-hoop-earrings.product.4000229278.html
4000229893,"Taylor Farms Organic Mediterranean Bagged Chopped Salad Kit, 12 oz, 2-count",1738,https://www.costco.com/taylor-farms-organic-mediterranean-bagged-chopped-salad-kit-12-oz-2-count.product.4000229893.html
4000230606,La-Z-Boy Manager Office Chair,1738,https://www.costco.com/la-z-boy-manager-office-chair.product.4000230606.html
4000230797,"Round Brilliant 1.00 ctw VS2 Clarity, I Color Diamond Channel Set Band",1738,https://www.costco.com/round-brilliant-100-ctw-vs2-clarity-i-color-diamond-channel-set-band.product.4000230797.html
4000231229,H2OGO! Inflatable Family Lounge Pool,1738,https://www.costco.com/.product.4000231229.html
4000231504,"Princess Cut 0.73 ctw VS2 Clarity, G Color Diamond 14kt Gold Stud Earrings",1738,https://www.costco.com/princess-cut-073-ctw-vs2-clarity-g-color-diamond-14kt-gold-stud-earrings.product.4000231504.html
4000232205,"Kirkland Signature House Blend Whole Bean Coffee, Medium Roast, 2.5 lbs",1738,https://www.costco.com/kirkland-signature-house-blend-whole-bean-coffee-medium-roast-25-lbs.product.4000232205.html
4000233330,"Kirkland Signature Flex-Tech 33-Gallon Trash Bag, 90-count",1738,https://www.costco.com/kirkland-signature-flex-tech-33-gallon-trash-bag-90-count.product.4000233330.html
4000233382,"Kirkland Signature 50-Gallon Outdoor Trash Bag, 70-count",1738,https://www.costco.com/kirkland-signature-50-gallon-outdoor-trash-bag-70-count.product.4000233382.html
4000233544,"Kirkland Signature Sweet Heat Snack Mix, 24 oz",1738,https://www.costco.com/kirkland-signature-sweet-heat-snack-mix-24-oz.product.4000233544.html
4000233733,"Jongga Sliced Napa Cabbage Kimchi, 52.9 oz",1738,https://www.costco.com/jongga-sliced-napa-cabbage-kimchi-529-oz.product.4000233733.html
4000233754,"POM Wonderful 100% Pomegranate Juice, 64 fl oz",1738,https://www.costco.com/pom-wonderful-100-pomegranate-juice-64-fl-oz.product.4000233754.html
4000234602,"Kirkland Signature 18-Gallon Compactor & Kitchen Trash Bag, 70-count",1738,https://www.costco.com/kirkland-signature-18-gallon-compactor--kitchen-trash-bag-70-count.product.4000234602.html
4000234662,"Maison Perrier Sparkling Water, 16.9 fl oz, 24-count",1738,https://www.costco.com/maison-perrier-sparkling-water-169-fl-oz-24-count.product.4000234662.html
4000234678,"Children's Zyrtec Allergy Cetirizine HCl 10 mg Dye-Free Grape Flavored Chewables, 72 Tablets",1738,https://www.costco.com/childrens-zyrtec-allergy-cetirizine-hcl-10-mg-dye-free-grape-flavored-chewables-72-tablets.product.4000234678.html
4000234847,Samsung 51 dBA Fingerprint Resistant Top Control Dishwasher with AutoRelease and 3rd Rack,1738,https://www.costco.com/samsung-51-dba-fingerprint-resistant-top-control-dishwasher-with-autorelease-and-3rd-rack.product.4000234847.html
4000235669,"IZZE, Sparkling Juice Beverage, Variety Pack, 8.4 fl oz, 24-Count",1738,https://www.costco.com/izze-sparkling-juice-beverage-variety-pack-84-fl-oz-24-count.product.4000235669.html
4000235947,Thomasville Dillard 3-piece Convertible Outdoor Patio Sectional,1738,https://www.costco.com/thomasville-dillard-3-piece-convertible-outdoor-patio-sectional.product.4000235947.html
4000236133,"FEELGOOD Berberine Phytosome, 120 Vegan Capsules",1738,https://www.costco.com/feelgood-berberine-phytosome-120-vegan-capsules.product.4000236133.html
4000236767,"Kirkland Signature 7-piece Players Iron Set, Right Handed",1738,https://www.costco.com/kirkland-signature-7-piece-players-iron-set-right-handed.product.4000236767.html
4000236826,Kirkland Signature Adjustable Driver,1738,https://www.costco.com/kirkland-signature-adjustable-driver.product.4000236826.html
4000237460,"Kirkland Signature Roasted Almonds, Sea Salt, 2.5 lbs",1738,https://www.costco.com/kirkland-signature-roasted-almonds-sea-salt-25-lbs.product.4000237460.html
4000238412,"eos Super Balm 24 Hour Moisture, 5 Tubes",1738,https://www.costco.com/eos-super-balm-24-hour-moisture-5-tubes.product.4000238412.html
4000239178,14kt Yellow Gold Double Rope Necklace,1738,https://www.costco.com/14kt-yellow-gold-double-rope-necklace.product.4000239178.html
4000240044,"Kirkland Signature Organic Whole Milk, 8 fl oz, 18-count",1738,https://www.costco.com/kirkland-signature-organic-whole-milk-8-fl-oz-18-count.product.4000240044.html
4000240166,"Sanctuary 6.0 cu. ft. Gun Safe, Electronic Lock, Water & Fire Rated",1738,https://www.costco.com/sanctuary-60-cu-ft-gun-safe-electronic-lock-water--fire-rated.product.4000240166.html
4000240239,"Scotts MAX Southern Weed & Feed, 12,000 Sq. Ft.",1738,https://www.costco.com/scotts-max-southern-weed--feed-12000-sq-ft.product.4000240239.html
4000240522,"Siete Grain Free Sea Salt Tortilla Chips, 15 oz",1738,https://www.costco.com/siete-grain-free-sea-salt-tortilla-chips-15-oz.product.4000240522.html
4000242113,"BODYARMOR Lyte Sports Drink, Variety Pack, 20 fl oz, 18-count",1738,https://www.costco.com/bodyarmor-lyte-sports-drink-variety-pack-20-fl-oz-18-count.product.4000242113.html
4000242669,"Round Brilliant 1.00 ctw VS2 Clarity, I Color Diamond 14kt White Gold Stud Earrings",1738,https://www.costco.com/round-brilliant-100-ctw-vs2-clarity-i-color-diamond-14kt-white-gold-stud-earrings.product.4000242669.html
4000242671,Thomasville Tisdale Modular Sectional 6-piece Dark Gray with Storage Ottoman,1738,https://www.costco.com/thomasville-tisdale-modular-sectional-6-piece-dark-gray-with-storage-ottoman.product.4000242671.html
4000244918,Thomasville Lowell 6-piece Modular Sectional,1738,https://www.costco.com/thomasville-lowell-6-piece-modular-sectional.product.4000244918.html
4000247808,"Kirkland Signature Ultra Shine Liquid Dish Soap, Fresh, 90 fl. oz.",1738,https://www.costco.com/kirkland-signature-ultra-shine-liquid-dish-soap-fresh-90-fl-oz.product.4000247808.html
4000248680,"Pine-Sol Multi-Surface Cleaner, Original, 60 fl oz, 2-count",1738,https://www.costco.com/pine-sol-multi-surface-cleaner-original-60-fl-oz-2-count.product.4000248680.html
4000248754,"HTH 3"" Chlorine Tablets for Pool Sanitization, 40 lbs.",1738,https://www.costco.com/hth-3-chlorine-tablets-for-pool-sanitization-40-lbs.product.4000248754.html
4000249145,"Head & Shoulders 2-in-1 Dandruff Shampoo and Conditioner Advanced Scalp Care with Aloe Vera, Coconut Water & Vitamins, 40 fl oz",1738,https://www.costco.com/head--shoulders-2-in-1-dandruff-shampoo-and-conditioner-advanced-scalp-care-with-aloe-vera-coconut-water--vitamins-40-fl-oz.product.4000249145.html
4000249186,"Benefiber Fiber Supplement Powder, 410 Teaspoons",1738,https://www.costco.com/benefiber-fiber-supplement-powder-410-teaspoons.product.4000249186.html
4000249535,"Keeley 72"" Accent Cabinet",1738,https://www.costco.com/keeley-72-accent-cabinet.product.4000249535.html
4000249674,"Qunol Turmeric 1500 mg, 220 Capsules",1738,https://www.costco.com/qunol-turmeric-1500-mg-220-capsules.product.4000249674.html
4000249930,"Neuriva Brain Supplement Original, 50 Capsules",1738,https://www.costco.com/neuriva-brain-supplement-original-50-capsules.product.4000249930.html
4000250022,"Nutella Biscuits, 9.7 oz, 4-count",1738,https://www.costco.com/nutella-biscuits-97-oz-4-count.product.4000250022.html
4000250809,"Gillette Custom Plus3 Disposable Razors Sensitive, 30-count",1738,https://www.costco.com/gillette-custom-plus3-disposable-razors-sensitive-30-count.product.4000250809.html
4000250846,"Nature Made Extra Strength Vitamin D3 125 mcg, 200 Gummies",1738,https://www.costco.com/nature-made-extra-strength-vitamin-d3-125-mcg-200-gummies.product.4000250846.html
4000250881,"IQBAR Clean Protein Bars, Variety Pack, 1.6 oz, 18-count",1738,https://www.costco.com/iqbar-clean-protein-bars-variety-pack-16-oz-18-count.product.4000250881.html
4000250894,"Kirkland Signature Pate Wet Dog Food Variety Pack, 3.5 oz, 45-count",1738,https://www.costco.com/kirkland-signature-pate-wet-dog-food-variety-pack-35-oz-45-count.product.4000250894.html
4000251265,"Downy Ultimate Infusions In-Wash Scent Booster Beads, Whimsical Wonder, 24.5 oz",1738,https://www.costco.com/downy-ultimate-infusions-in-wash-scent-booster-beads-whimsical-wonder-245-oz.product.4000251265.html
4000251346,"Zena USDA Organic Supergreens Fruits & Vegetables Powder, 45 Stick Packets",1738,https://www.costco.com/zena-usda-organic-supergreens-fruits--vegetables-powder-45-stick-packets.product.4000251346.html
4000252119,Freshwater Cultured 6.5-7mm 14kt Gold Hoop Earrings,1738,https://www.costco.com/freshwater-cultured-65-7mm-14kt-gold-hoop-earrings.product.4000252119.html
4000252751,Osaki OS-3D Aspire Massage Chair,1738,https://www.costco.com/osaki-os-3d-aspire-massage-chair.product.4000252751.html
4000252817,"Round Brilliant 0.50 ctw VS2 Clarity, I Color Diamond Platinum Halo Ring",1738,https://www.costco.com/round-brilliant-050-ctw-vs2-clarity-i-color-diamond-platinum-halo-ring.product.4000252817.html
4000252966,"Nabisco Cookies & Crackers, Variety Pack, 1 oz, 40-count",1738,https://www.costco.com/nabisco-cookies--crackers-variety-pack-1-oz-40-count.product.4000252966.html
4000253039,"Digestive Advantage Probiotic, 120 Gummies",1738,https://www.costco.com/digestive-advantage-probiotic-120-gummies.product.4000253039.html
4000254102,"Tide Plus Advanced Power with Oxi Liquid Laundry Detergent, Original, 78 Loads, 138 fl oz",1738,https://www.costco.com/tide-plus-advanced-power-with-oxi-liquid-laundry-detergent-original-78-loads-138-fl-oz.product.4000254102.html
4000256329,"eos Natural USDA Organic Lip Balm, 9 Sticks",1738,https://www.costco.com/eos-natural-usda-organic-lip-balm-9-sticks.product.4000256329.html
4000256470,Samsung Bespoke AI All-in-One Washer Dryer Combo 5.3 cu. ft. Ultra Capacity Washer and VENTLESS Heat Pump Dryer,1738,https://www.costco.com/samsung-bespoke-ai-all-in-one-washer-dryer-combo-53-cu-ft-ultra-capacity-washer-and-ventless-heat-pump-dryer.product.4000256470.html
4000256643,Chamberlain ½ HP Smart Belt Drive Garage Door Opener with Wi-fi Compatibility Battery Backup,1738,https://www.costco.com/.product.4000256643.html
4000257142,"Kirkland Signature Krill Oil 500mg, 180 Softgels",1738,https://www.costco.com/kirkland-signature-krill-oil-500mg-180-softgels.product.4000257142.html
4000257190,"Neutrogena Makeup Remover Wipes, 125-count",1738,https://www.costco.com/neutrogena-makeup-remover-wipes-125-count.product.4000257190.html
4000257742,"Kirkland Signature Turmeric 1000 mg, 320 Vegetarian Capsules",1738,https://www.costco.com/kirkland-signature-turmeric-1000-mg-320-vegetarian-capsules.product.4000257742.html
4000258410,"Colin 72"" Accent Console",1738,https://www.costco.com/colin-72-accent-console.product.4000258410.html
4000258628,"Emerald & Round Brilliant 1.39 ctw VS2 Clarity, I Color Diamond 14kt White Gold Ring",1738,https://www.costco.com/emerald--round-brilliant-139-ctw-vs2-clarity-i-color-diamond-14kt-white-gold-ring.product.4000258628.html
4000258686,"Casper Cooling Select 12"" Hybrid Medium Firm Mattress",1738,https://www.costco.com/casper-cooling-select-12-hybrid-medium-firm-mattress.product.4000258686.html
4000259693,"Simply Protein Crispy Bar Variety Pack, 15-count",1738,https://www.costco.com/simply-protein-crispy-bar-variety-pack-15-count.product.4000259693.html
4000260032,"Dawn Platinum Plus Powerwash Dish Soap Spray, Fresh Clean, 1 Starter Kit + 2 Refills",1738,https://www.costco.com/dawn-platinum-plus-powerwash-dish-soap-spray-fresh-clean-1-starter-kit--2-refills.product.4000260032.html
4000260362,"Selkirk Pro S1 Pickleball Ball, 24-pack",1738,https://www.costco.com/selkirk-pro-s1-pickleball-ball-24-pack.product.4000260362.html
4000261878,SHOKZ OpenRun SE- Open-Ear Bluetooth Wireless Bone Conduction Sport Headphones,1738,https://www.costco.com/shokz-openrun-se--open-ear-bluetooth-wireless-bone-conduction-sport-headphones.product.4000261878.html
4000262373,"Kirkland Signature Parmesan Black Pepper & Parmesan Chicken Sausage, 3 lbs",1738,https://www.costco.com/kirkland-signature-parmesan-black-pepper--parmesan-chicken-sausage-3-lbs.product.4000262373.html
4000262621,"Kirkland Signature Olive Oil, 3 L",1738,https://www.costco.com/kirkland-signature-olive-oil-3-l.product.4000262621.html
4000265185,"Caribou Coffee Caribou Blend K-Cup Pod, 80-count",1738,https://www.costco.com/caribou-coffee-caribou-blend-k-cup-pod-80-count.product.4000265185.html
4000265204,Mercer Dining Table and 8 Chairs,1738,https://www.costco.com/.product.4000265204.html
4000265359,"The Original Donut Shop Coffee K-Cup Pod, 80-count",1738,https://www.costco.com/the-original-donut-shop-coffee-k-cup-pod-80-count.product.4000265359.html
4000266385,Mohawk Home 6MM Thick 9.4in X 47.8in 22 MIL Waterproof Luxury Vinyl Plank Flooring (15.65 sq ft/ctn),1738,https://www.costco.com/mohawk-home-6mm-thick-94in-x-478in-22-mil-waterproof-luxury-vinyl-plank-flooring-1565-sq-ftctn.product.4000266385.html
4000266418,"Airborne Gummy Immune Support Supplement, 90 Gummies",1738,https://www.costco.com/airborne-gummy-immune-support-supplement-90-gummies.product.4000266418.html
4000266579,"Dove Advanced Care Invisible+ Deodorant, 2.6 oz, 4-pack",1738,https://www.costco.com/dove-advanced-care-invisible-deodorant-26-oz-4-pack.product.4000266579.html
4000266608,14kt Yellow Gold Serpentine Chain Bracelet,1738,https://www.costco.com/14kt-yellow-gold-serpentine-chain-bracelet.product.4000266608.html
4000267135,Freshwater Cultured 5-9mm Graduated Pearl Strand with 14kt Yellow Gold Bead and Clasp,1738,https://www.costco.com/freshwater-cultured-5-9mm-graduated-pearl-strand-with-14kt-yellow-gold-bead-and-clasp.product.4000267135.html
4000267634,eufy Security SoloCam S3 Pan Tilt Outdoor Camera - No Monthly Fees,1738,https://www.costco.com/eufy-security-solocam-s3-pan-tilt-outdoor-camera---no-monthly-fees.product.4000267634.html
4000268676,"Round Brilliant 1.50 ctw VS2 Clarity, G Color Diamond 14kt White Gold Hoop Earrings",1738,https://www.costco.com/round-brilliant-150-ctw-vs2-clarity-g-color-diamond-14kt-white-gold-hoop-earrings.product.4000268676.html
4000269075,TOTO Eco UltraMax 1 Piece Elongated Toilet,1738,https://www.costco.com/toto-eco-ultramax-1-piece-elongated-toilet.product.4000269075.html
4000269151,Freshwater Cultured 7-7.5mm Pearl Bracelet with 14kt Yellow Gold Clasp,1738,https://www.costco.com/freshwater-cultured-7-75mm-pearl-bracelet-with-14kt-yellow-gold-clasp.product.4000269151.html
4000269171,"Round Brilliant 0.80 ctw VS2 Clarity, G Color Diamond 14kt White Gold Dangle Earrings",1738,https://www.costco.com/round-brilliant-080-ctw-vs2-clarity-g-color-diamond-14kt-white-gold-dangle-earrings.product.4000269171.html
4000269222,"Round Brilliant 1.00 ctw VS2 Clarity, I Color Diamond 14kt White Gold Heart Pendant",1738,https://www.costco.com/round-brilliant-100-ctw-vs2-clarity-i-color-diamond-14kt-white-gold-heart-pendant.product.4000269222.html
4000269305,"Round Brilliant 1.00 ctw VS2 Clarity, I Color Diamond Platinum Bridal Ring",1738,https://www.costco.com/round-brilliant-100-ctw-vs2-clarity-i-color-diamond-platinum-bridal-ring.product.4000269305.html
4000269735,14kt Yellow Gold Oval Hoop Earrings,1738,https://www.costco.com/14kt-yellow-gold-oval-hoop-earrings.product.4000269735.html
4000269804,Freshwater Cultured 8-8.5mm Pearl & Diamond 14kt Yellow Gold Pendant,1738,https://www.costco.com/freshwater-cultured-8-85mm-pearl--diamond-14kt-yellow-gold-pendant.product.4000269804.html
4000269836,"Alani Nu Energy Drink, Variety Pack, 12 fl oz, 18-count",1738,https://www.costco.com/alani-nu-energy-drink-variety-pack-12-fl-oz-18-count.product.4000269836.html
4000272609,Frigidaire 20.0 cu. ft. Garage Ready Frost Free Upright Freezer,1738,https://www.costco.com/frigidaire-200-cu-ft-garage-ready-frost-free-upright-freezer.product.4000272609.html
4000275820,"Casio Pro Trek Men's Quartz Watch, 51.5mm",1738,https://www.costco.com/casio-pro-trek-mens-quartz-watch-515mm.product.4000275820.html
4000276531,"Round Brilliant 1.00 ctw VS2 Clarity, I Color Diamond 14kt White Gold Dangle Earrings",1738,https://www.costco.com/round-brilliant-100-ctw-vs2-clarity-i-color-diamond-14kt-white-gold-dangle-earrings.product.4000276531.html
4000276544,"Round Brilliant 0.60 ctw VS2 Clarity, I Color Diamond 14kt White Gold Flower Earrings",1738,https://www.costco.com/round-brilliant-060-ctw-vs2-clarity-i-color-diamond-14kt-white-gold-flower-earrings.product.4000276544.html
4000276565,"Round Brilliant 0.75 ctw VS2 Clarity, I Color Diamond 14kt White Gold Flower Necklace",1738,https://www.costco.com/round-brilliant-075-ctw-vs2-clarity-i-color-diamond-14kt-white-gold-flower-necklace.product.4000276565.html
4000276943,Magic Keyboard — White iPad Air 13-inch,1738,https://www.costco.com/magic-keyboard--white-ipad-air-13-inch.product.4000276943.html
4000276944,Magic Keyboard — White iPad Air 11-inch,1738,https://www.costco.com/magic-keyboard--white-ipad-air-11-inch.product.4000276944.html
4000276952,Magic Keyboard for iPad Pro 13‑inch - US English,1738,https://www.costco.com/magic-keyboard-for-ipad-pro-13inch---us-english.product.4000276952.html
4000276972,Magic Keyboard for iPad Pro 11‑inch - US English,1738,https://www.costco.com/magic-keyboard-for-ipad-pro-11inch---us-english.product.4000276972.html
4000276983,"Bulova Two Tone Stainless Steel Quartz Women's Watch, 28mm",1738,https://www.costco.com/bulova-two-tone-stainless-steel-quartz-womens-watch-28mm.product.4000276983.html
4000277076,"Kirkland Signature by Stearns & Foster 14.5"" Pillow Top Lakeridge Mattress",1738,https://www.costco.com/kirkland-signature-by-stearns--foster-145-pillow-top-lakeridge-mattress.product.4000277076.html
4000277848,Kohler 47L Step Trash Can,1738,https://www.costco.com/kohler-47l-step-trash-can.product.4000277848.html
4000278026,"Downy Soft Liquid Fabric Softener, April Fresh, 257 Loads, 150 fl oz",1738,https://www.costco.com/downy-soft-liquid-fabric-softener-april-fresh-257-loads-150-fl-oz.product.4000278026.html
4000278027,"Gain +Oxi Liquid Laundry Detergent, Original, 159 Loads, 170 fl oz",1738,https://www.costco.com/gain-oxi-liquid-laundry-detergent-original-159-loads-170-fl-oz.product.4000278027.html
4000279490,GE ENERGY STAR 21.9 cu. ft. Fingerprint Resistant Counter-Depth French-Door Refrigerator,1738,https://www.costco.com/ge-energy-star-219-cu-ft-fingerprint-resistant-counter-depth-french-door-refrigerator.product.4000279490.html
4000279561,14kt Yellow Gold Teardrop Necklace,1738,https://www.costco.com/14kt-yellow-gold-teardrop-necklace.product.4000279561.html
4000279578,"SanDisk Extreme Go Portable SSD, 2TB",1738,https://www.costco.com/sandisk-extreme-go-portable-ssd-2tb.product.4000279578.html
4000280764,HP Color LaserJet Pro MFP 3301cdw Wireless All-in-One Printer,1738,https://www.costco.com/hp-color-laserjet-pro-mfp-3301cdw-wireless-all-in-one-printer.product.4000280764.html
4000281005,"Invicta Racing Black Stainless Steel Case Men's Quartz Watch, 47mm",1738,https://www.costco.com/invicta-racing-black-stainless-steel-case-mens-quartz-watch-47mm.product.4000281005.html
4000281308,LG 25 cu. ft. Smart Counter-Depth MAX 4-Door French Door Refrigerator with Full-Convert Drawer,1738,https://www.costco.com/lg-25-cu-ft-smart-counter-depth-max-4-door-french-door-refrigerator-with-full-convert-drawer.product.4000281308.html
4000281387,Copper Bullet Pocket-hose,1738,https://www.costco.com/copper-bullet-pocket-hose.product.4000281387.html
4000281502,"Kirkland Signature Uncured Bacon and Gouda Egg Bites, 10-count",1738,https://www.costco.com/kirkland-signature-uncured-bacon-and-gouda-egg-bites-10-count.product.4000281502.html
4000281541,"Kirkland Signature Egg White with Cheese Trio and Peppers Egg Bites, 10-count",1738,https://www.costco.com/kirkland-signature-egg-white-with-cheese-trio-and-peppers-egg-bites-10-count.product.4000281541.html
4000281779,"Sony 77"" Class - BRAVIA 8 OLED Series - 4K Smart TV - Allstate 3-Year Protection Plan Bundle Included for 5 Years of Total Coverage*",1738,https://www.costco.com/sony-77-class---bravia-8-oled-series---4k-smart-tv---allstate-3-year-protection-plan-bundle-included-for-5-years-of-total-coverage.product.4000281779.html
4000281800,Holley Oversized Fabric Accent Chair with Storage Ottoman,1738,https://www.costco.com/holley-oversized-fabric-accent-chair-with-storage-ottoman.product.4000281800.html
4000281814,"Sony 65"" Class - BRAVIA 8 OLED Series - 4K Smart TV - Allstate 3-Year Protection Plan Bundle Included for 5 Years of Total Coverage*",1738,https://www.costco.com/sony-65-class---bravia-8-oled-series---4k-smart-tv---allstate-3-year-protection-plan-bundle-included-for-5-years-of-total-coverage.product.4000281814.html
4000281966,Thomasville Caler Convertible Sleeper Sectional with Storage,1738,https://www.costco.com/thomasville-caler-convertible-sleeper-sectional-with-storage.product.4000281966.html
4000281974,"La Colombe Draft Latte Cold Brew Coffee, Variety Pack, 9 fl oz, 12-count",1738,https://www.costco.com/la-colombe-draft-latte-cold-brew-coffee-variety-pack-9-fl-oz-12-count.product.4000281974.html
4000282203,Freshwater Cultured 8-8.5mm Pearl 14kt Yellow Gold Necklace,1738,https://www.costco.com/freshwater-cultured-8-85mm-pearl-14kt-yellow-gold-necklace.product.4000282203.html
4000282542,"Sabatino's Tuscan Style Chicken Piccata, 32 oz",1738,https://www.costco.com/sabatinos-tuscan-style-chicken-piccata-32-oz.product.4000282542.html
4000283624,Crest 3D Whitestrips 20 Professional Treatments with 10 Bonus Brightening Treatments,1738,https://www.costco.com/crest-3d-whitestrips-20-professional-treatments-with-10-bonus-brightening-treatments.product.4000283624.html
4000283792,"Ling Ling Potstickers, Chicken and Vegetable, 4.2 lbs",1738,https://www.costco.com/ling-ling-potstickers-chicken-and-vegetable-42-lbs.product.4000283792.html
4000283857,"Noosa Yoghurt Variety Pack, 4 oz, 12-count",1738,https://www.costco.com/noosa-yoghurt-variety-pack-4-oz-12-count.product.4000283857.html
4000284151,"Gladiator Heavy Duty Rack, 60"" x 18"" x 72""",1738,https://www.costco.com/gladiator-heavy-duty-rack-60-x-18-x-72.product.4000284151.html
4000284187,"Gladiator Heavy Duty Mega Rack, 90"" x 24"" x 90""",1738,https://www.costco.com/gladiator-heavy-duty-mega-rack-90-x-24-x-90.product.4000284187.html
4000285631,"iPad, 256GB Wi-Fi (A16 chip)",1738,https://www.costco.com/ipad-256gb-wi-fi-a16-chip.product.4000285631.html
4000285636,"iPad Pro 11-inch, 256GB Wi-Fi (M5 chip) Built For Apple Intelligence",1738,https://www.costco.com/ipad-pro-11-inch-256gb-wi-fi-m5-chip-built-for-apple-intelligence.product.4000285636.html
4000285678,"iPad, 128GB Wi-Fi (A16 chip)",1738,https://www.costco.com/ipad-128gb-wi-fi-a16-chip.product.4000285678.html
4000289289,Nespresso Vertuo Next Deluxe with Aeroccino 3 and 32 Capsules,1738,https://www.costco.com/nespresso-vertuo-next-deluxe-with-aeroccino-3-and-32-capsules.product.4000289289.html
4000291062,"Theraflu Severe Cold Relief Medicine Powder, 24 Packets",1738,https://www.costco.com/theraflu-severe-cold-relief-medicine-powder-24-packets.product.4000291062.html
4000291493,"Kirkland Signature V3.0 Golf Ball, 2-dozen",1738,https://www.costco.com/kirkland-signature-v30-golf-ball-2-dozen.product.4000291493.html
4000292011,"Gorilla Rack Z-Beam 5-shelf Steel Storage Rack, 48“ x 24“ x 72""",1738,https://www.costco.com/gorilla-rack-z-beam-5-shelf-steel-storage-rack-48-x-24-x-72.product.4000292011.html
4000293351,Ruby and Diamond 14kt White Gold Ring,1738,https://www.costco.com/ruby-and-diamond-14kt-white-gold-ring.product.4000293351.html
4000294926,"BUILT Puff Protein Bar, Variety Pack, 1.41 oz, 14-count",1738,https://www.costco.com/built-puff-protein-bar-variety-pack-141-oz-14-count.product.4000294926.html
4000295255,"Gorilla Rack Industrial Shelving, 77” x 24” x 72""",1738,https://www.costco.com/gorilla-rack-industrial-shelving-77-x-24-x-72.product.4000295255.html
4000298044,"Kirkland Signature Wild Argentine Raw Shrimp, 2 lb",1738,https://www.costco.com/kirkland-signature-wild-argentine-raw-shrimp-2-lb.product.4000298044.html
4000298387,"Finish Jet-Dry Ultra Dishwasher Rinse Aid, 38 fl oz",1738,https://www.costco.com/finish-jet-dry-ultra-dishwasher-rinse-aid-38-fl-oz.product.4000298387.html
4000298430,"Tampax Pearl Advanced Duopack, 87-count",1738,https://www.costco.com/tampax-pearl-advanced-duopack-87-count.product.4000298430.html
4000300047,"Lifetime Outdoor Utility Storage Shed - 75"" x 43"" x 69""",1738,https://www.costco.com/lifetime-outdoor-utility-storage-shed---75-x-43-x-69.product.4000300047.html
4000300337,Aquamarine and Diamond 14kt White Gold Halo Ring,1738,https://www.costco.com/aquamarine-and-diamond-14kt-white-gold-halo-ring.product.4000300337.html
4000300492,Gemstone and Diamond 14kt Gold Flower Earrings,1738,https://www.costco.com/gemstone-and-diamond-14kt-gold-flower-earrings.product.4000300492.html
4000300941,"Kirkland Signature Lightly Breaded Chicken Breast Fillets, 3 lbs",1738,https://www.costco.com/kirkland-signature-lightly-breaded-chicken-breast-fillets-3-lbs.product.4000300941.html
4000301292,Akoya Cultured 7.5-8mm Pearl & Diamond 14kt White Gold Pendant,1738,https://www.costco.com/akoya-cultured-75-8mm-pearl--diamond-14kt-white-gold-pendant.product.4000301292.html
4000303268,"GoPro HERO13 Black Action Camera Bundle with Additional Enduro Battery, 128GB microSD Card and Carrying Case",1738,https://www.costco.com/gopro-hero13-black-action-camera-bundle-with-additional-enduro-battery-128gb-microsd-card-and-carrying-case.product.4000303268.html
4000303477,"Novaform 14"" Serafina PerfectTemp Gel Memory Foam Mattress",1738,https://www.costco.com/novaform-14-serafina-perfecttemp-gel-memory-foam-mattress.product.4000303477.html
4000304002,Springfree All Black 13' Jumbo Round Trampoline,1738,https://www.costco.com/springfree-all-black-13-jumbo-round-trampoline.product.4000304002.html
4000306850,Apple Watch Ultra 3 (GPS + Cellular) 49mm Black Titanium Case with 5G and Satellite Communications (Size M/L),1738,https://www.costco.com/apple-watch-ultra-3-gps--cellular-49mm-black-titanium-case-with-5g-and-satellite-communications-size-ml.product.4000306850.html
4000307143,"Refresh Optive MEGA-3 Preservative-Free Lubricating Eye Drop, 70 Vials",1738,https://www.costco.com/refresh-optive-mega-3-preservative-free-lubricating-eye-drop-70-vials.product.4000307143.html
4000307156,"SENSODYNE Advanced Whitening Toothpaste, 6.5 oz, 4-pack",1738,https://www.costco.com/sensodyne-advanced-whitening-toothpaste-65-oz-4-pack.product.4000307156.html
4000308293,"SENSODYNE Pronamel Gentle Whitening Advanced Toothpaste, 6.5 oz, 4-pack",1738,https://www.costco.com/sensodyne-pronamel-gentle-whitening-advanced-toothpaste-65-oz-4-pack.product.4000308293.html
4000308504,AirPods 4 with Active Noise Cancellation,1738,https://www.costco.com/airpods-4-with-active-noise-cancellation.product.4000308504.html
4000308669,"Downy Unstopables In-Wash Scent Booster Beads, Fresh, 39.9 oz",1738,https://www.costco.com/downy-unstopables-in-wash-scent-booster-beads-fresh-399-oz.product.4000308669.html
4000308699,White Topaz 14kt Yellow Gold Necklace,1738,https://www.costco.com/white-topaz-14kt-yellow-gold-necklace.product.4000308699.html
4000308813,"SeroVital Skin Revive, 240-count",1738,https://www.costco.com/.product.4000308813.html
4000309209,Phantom A10 Smart Electric Scooter,1738,https://www.costco.com/phantom-a10-smart-electric-scooter.product.4000309209.html
4000310896,Dayna 4-piece Fabric Modular Sectional,1738,https://www.costco.com/dayna-4-piece-fabric-modular-sectional.product.4000310896.html
4000311101,"Kirkland Signature Reduced Sodium Dry Salame, 16 oz, 2-count",1738,https://www.costco.com/kirkland-signature-reduced-sodium-dry-salame-16-oz-2-count.product.4000311101.html
4000311525,Blue Sapphire and Diamond 14kt White Gold Ring,1738,https://www.costco.com/blue-sapphire-and-diamond-14kt-white-gold-ring.product.4000311525.html
4000311977,Thomasville Whidbey Dining Table and 6 Chairs,1738,https://www.costco.com/thomasville-whidbey-dining-table-and-6-chairs.product.4000311977.html
4000312330,"Kirkland Signature Freezer Quart Plus Bags, 264-count",1738,https://www.costco.com/kirkland-signature-freezer-quart-plus-bags-264-count.product.4000312330.html
4000312404,"Kirkland Signature Gallon Plus Freezer Bags, 192-count",1738,https://www.costco.com/kirkland-signature-gallon-plus-freezer-bags-192-count.product.4000312404.html
4000315371,Meguiar's Classic Tire Shine Shine 15oz 3-Pack,1738,https://www.costco.com/meguiars-classic-tire-shine-shine-15oz-3-pack.product.4000315371.html
4000315454,"NewAge Products Bold Series 6-piece Cabinet Set with 30 in. Locker, Base and Wall Cabinet",1738,https://www.costco.com/newage-products-bold-series-6-piece-cabinet-set-with-30-in-locker-base-and-wall-cabinet.product.4000315454.html
4000317145,14kt Yellow Gold High Polish Cross Stud Earrings,1738,https://www.costco.com/14kt-yellow-gold-high-polish-cross-stud-earrings.product.4000317145.html
4000317768,"Aveeno Baby Moisture Set, 2 Wash & Shampoo + Lotion, 44 fl oz",1738,https://www.costco.com/aveeno-baby-moisture-set-2-wash--shampoo--lotion-44-fl-oz.product.4000317768.html
4000317780,"Sports Research Magtein Magnesium L-Threonate, 2000 mg, 135 Veggie Capsules",1738,https://www.costco.com/sports-research-magtein-magnesium-l-threonate-2000-mg-135-veggie-capsules.product.4000317780.html
4000318627,"Kirkland Signature Extra Crispy French Fries, 5 lbs",1738,https://www.costco.com/kirkland-signature-extra-crispy-french-fries-5-lbs.product.4000318627.html
4000318673,"Pepto Bismol Chews, Berry Mint Flavor, 70 Chewable Tablets",1738,https://www.costco.com/pepto-bismol-chews-berry-mint-flavor-70-chewable-tablets.product.4000318673.html
4000319402,"Acer 15.6"" Portable Monitor",1738,https://www.costco.com/acer-156-portable-monitor.product.4000319402.html
4000319422,"Sports Research L-Theanine Suntheanine 200 mg, 150 Softgels",1738,https://www.costco.com/sports-research-l-theanine-suntheanine-200-mg-150-softgels.product.4000319422.html
4000319673,American Standard Slim-Line 1.25HP Garbage Disposer,1738,https://www.costco.com/american-standard-slim-line-125hp-garbage-disposer.product.4000319673.html
4000320061,Morganite and Diamond 14kt Yellow Gold Flower Necklace,1738,https://www.costco.com/morganite-and-diamond-14kt-yellow-gold-flower-necklace.product.4000320061.html
4000320081,Artika Sonolok Sound-Absorbing Slatted Panel Kit,1738,https://www.costco.com/artika-sonolok-sound-absorbing-slatted-panel-kit.product.4000320081.html
4000320120,"GE Profile 23.2 cu. ft. Counter Depth 4-Door French Door Refrigerator with Internal AutoFill Pitcher, WiFi",1738,https://www.costco.com/ge-profile-232-cu-ft-counter-depth-4-door-french-door-refrigerator-with-internal-autofill-pitcher-wifi.product.4000320120.html
4000320960,"Bounce Select a Size Fabric Softener Dryer Sheets, Outdoor Fresh, 400-count",1738,https://www.costco.com/bounce-select-a-size-fabric-softener-dryer-sheets-outdoor-fresh-400-count.product.4000320960.html
4000322199,"T-fal Ceramic Non-Stick Frypan Set, 3-piece",1738,https://www.costco.com/t-fal-ceramic-non-stick-frypan-set-3-piece.product.4000322199.html
4000322224,"Dixie Ultra Deep Dish Paper Plate, 115-count",1738,https://www.costco.com/dixie-ultra-deep-dish-paper-plate-115-count.product.4000322224.html
4000322307,"Philipp Plein Spectre Chronograph Gold Tone Quartz Men's Watch, 44mm",1738,https://www.costco.com/philipp-plein-spectre-chronograph-gold-tone-quartz-mens-watch-44mm.product.4000322307.html
4000322532,"Oral-B Glide Advanced Deep Clean Floss, 6-pack",1738,https://www.costco.com/oral-b-glide-advanced-deep-clean-floss-6-pack.product.4000322532.html
4000323423,Shark PowerDetect 2-in-1 Robot Vacuum & Mop with NeverTouch Pro Self-Cleaning Base,1738,https://www.costco.com/shark-powerdetect-2-in-1-robot-vacuum--mop-with-nevertouch-pro-self-cleaning-base.product.4000323423.html
4000324062,"Jacquard Flatwoven Kitchen Towels, 8-pack",1738,https://www.costco.com/jacquard-flatwoven-kitchen-towels-8-pack.product.4000324062.html
4000324979,"TheraBreath Icy Mint Oral Rinse, 1 Liter, 2-pack",1738,https://www.costco.com/therabreath-icy-mint-oral-rinse-1-liter-2-pack.product.4000324979.html
4000325224,"Monterey Bay 74"" Accent Console, Brown",1738,https://www.costco.com/monterey-bay-74-accent-console-brown.product.4000325224.html
4000325610,Tetris Tumble XL,1738,https://www.costco.com/tetris-tumble-xl.product.4000325610.html
4000326113,"Vacation Classic Sunscreen Lotion, SPF 50, 6 fl oz Duo",1738,https://www.costco.com/vacation-classic-sunscreen-lotion-spf-50-6-fl-oz-duo.product.4000326113.html
4000326605,"Novaform 14"" Legacy Premier Support Hybrid Euro Top Mattress",1738,https://www.costco.com/novaform-14-legacy-premier-support-hybrid-euro-top-mattress.product.4000326605.html
4000326645,"Sealy Sterling Huggable Pillow Standard, 2-pack",1738,https://www.costco.com/sealy-sterling-huggable-pillow-standard-2-pack.product.4000326645.html
4000326871,14kt Yellow Gold Cross Bolo Bracelet,1738,https://www.costco.com/14kt-yellow-gold-cross-bolo-bracelet.product.4000326871.html
4000326884,"Glad Take-Aways Food Storage Containers with Lids, 38 oz Rectangle, 35-sets",1738,https://www.costco.com/glad-take-aways-food-storage-containers-with-lids-38-oz-rectangle-35-sets.product.4000326884.html
4000327076,Graco 4Ever DLX Grad 5-in-1 Car Seat,1738,https://www.costco.com/graco-4ever-dlx-grad-5-in-1-car-seat.product.4000327076.html
4000328476,"Temptations Cat Treats Variety Pack, 16 oz, 3-count",1738,https://www.costco.com/temptations-cat-treats-variety-pack-16-oz-3-count.product.4000328476.html
4000329435,Neatfreak 3-Tier Extra-Wide Rolling Cart,1738,https://www.costco.com/.product.4000329435.html
4000329562,"Variety Snack Pack, 40-count",1738,https://www.costco.com/variety-snack-pack-40-count.product.4000329562.html
4000331278,"Oral-B iO Series 5 All-in-One Clean Rechargeable Electric Toothbrush, 2-pack",1738,https://www.costco.com/oral-b-io-series-5-all-in-one-clean-rechargeable-electric-toothbrush-2-pack.product.4000331278.html
4000331592,"Colgate Bluey Toothbrush, 6-count",1738,https://www.costco.com/colgate-bluey-toothbrush-6-count.product.4000331592.html
4000331635,"Emerald Cut & Round Brilliant 1.17 ctw VS2 Clarity, G Color Diamond Platinum Three Stone Ring",1738,https://www.costco.com/emerald-cut--round-brilliant-117-ctw-vs2-clarity-g-color-diamond-platinum-three-stone-ring.product.4000331635.html
4000331846,"Kirkland Signature V3.0 Yellow Golf Ball, 2-dozen",1738,https://www.costco.com/kirkland-signature-v30-yellow-golf-ball-2-dozen.product.4000331846.html
4000332507,14kt Yellow Gold Rectangular Hoop Earrings,1738,https://www.costco.com/14kt-yellow-gold-rectangular-hoop-earrings.product.4000332507.html
4000332792,"Crunchmaster 6-Seed Multi-Grain Crackers, 28 oz",1738,https://www.costco.com/crunchmaster-6-seed-multi-grain-crackers-28-oz.product.4000332792.html
4000334276,Brio 740 Series Self-Cleaning Bottom Load Water Cooler,1738,https://www.costco.com/brio-740-series-self-cleaning-bottom-load-water-cooler.product.4000334276.html
4000334369,14kt Yellow Gold Huggie Hoop Earrings,1738,https://www.costco.com/14kt-yellow-gold-huggie-hoop-earrings.product.4000334369.html
4000334373,"OLLY Women's Multivitamin Gummy, 200 Gummies",1738,https://www.costco.com/olly-womens-multivitamin-gummy-200-gummies.product.4000334373.html
4000335610,TOTO Washlet Elongated Bidet Seat with SoftClose Lid,1738,https://www.costco.com/toto-washlet-elongated-bidet-seat-with-softclose-lid.product.4000335610.html
4000335771,"Kinder Joy Eggs, Treat + Toy, 0.7 oz, 20-count",1738,https://www.costco.com/kinder-joy-eggs-treat--toy-07-oz-20-count.product.4000335771.html
4000336842,"SnakYard Organic Shitake Mushrooms, 14.11 oz",1738,https://www.costco.com/snakyard-organic-shitake-mushrooms-1411-oz.product.4000336842.html
4000338568,Westen Dining Table and 6 Chairs,1738,https://www.costco.com/.product.4000338568.html
4000338599,"Hisense 8,000 BTU Smart Inverter Window Air Conditioner with Easy Install Bracket",1738,https://www.costco.com/hisense-8000-btu-smart-inverter-window-air-conditioner-with-easy-install-bracket.product.4000338599.html
4000339188,"Frito Lay Simply Variety Pack, 30-count",1738,https://www.costco.com/frito-lay-simply-variety-pack-30-count.product.4000339188.html
4000339320,Delta Rinna Two Handle Widespread Bathroom Faucet,1738,https://www.costco.com/delta-rinna-two-handle-widespread-bathroom-faucet.product.4000339320.html
4000340166,"Kirkland Signature Uncured Black Forest Ham, 28 oz",1738,https://www.costco.com/kirkland-signature-uncured-black-forest-ham-28-oz.product.4000340166.html
4000340294,Hughes Storage Bed,1738,https://www.costco.com/hughes-storage-bed.product.4000340294.html
4000340299,"Gillette Venus Ultra Smooth Razor, 11-count",1738,https://www.costco.com/gillette-venus-ultra-smooth-razor-11-count.product.4000340299.html
4000340301,"Globe Electric 14"" Matte Black Outdoor Wall Light with GFCI Outlet",1738,https://www.costco.com/globe-electric-14-matte-black-outdoor-wall-light-with-gfci-outlet.product.4000340301.html
4000340685,"Dr. Groot Scalp Revitalizing Shampoo, 23.6 fl oz, 2-pack",1738,https://www.costco.com/dr-groot-scalp-revitalizing-shampoo-236-fl-oz-2-pack.product.4000340685.html
4000341628,"Kohler Fora One-piece Elongated Smart Toilet, Dual-flush",1738,https://www.costco.com/kohler-fora-one-piece-elongated-smart-toilet-dual-flush.product.4000341628.html
4000343144,"Ziploc Seal Top Bag, Variety Pack, 322-count",1738,https://www.costco.com/ziploc-seal-top-bag-variety-pack-322-count.product.4000343144.html
4000343162,"Salonpas LIDOCAINE 4% Pain Relieving Gel-Patch, 30 Patches",1738,https://www.costco.com/salonpas-lidocaine-4-pain-relieving-gel-patch-30-patches.product.4000343162.html
4000343984,14kt Yellow Gold High Polish & Diamond Cut Round Box Chain,1738,https://www.costco.com/14kt-yellow-gold-high-polish--diamond-cut-round-box-chain.product.4000343984.html
4000344034,18kt Yellow Gold Love Knot Earrings,1738,https://www.costco.com/18kt-yellow-gold-love-knot-earrings.product.4000344034.html
4000344094,"SnapPower GuideLight 2 LED Outlet Cover, 3-pack",1738,https://www.costco.com/snappower-guidelight-2-led-outlet-cover-3-pack.product.4000344094.html
4000345017,"Chobani Protein Lowfat Greek Yogurt, 6.7 oz, 16-count",1738,https://www.costco.com/chobani-protein-lowfat-greek-yogurt-67-oz-16-count.product.4000345017.html
4000346087,"Bounty Advanced Paper Towels, 2-Ply, 103 Sheets, 12-count",1738,https://www.costco.com/bounty-advanced-paper-towels-2-ply-103-sheets-12-count.product.4000346087.html
4000346103,"Round Brilliant 1.00 ctw VS2 Clarity, I Color Diamond 14kt White Gold Earrings",1738,https://www.costco.com/round-brilliant-100-ctw-vs2-clarity-i-color-diamond-14kt-white-gold-earrings.product.4000346103.html
4000346129,Sonos Arc Ultra 9.1.4 Ch Soundbar Bundle,1738,https://www.costco.com/sonos-arc-ultra-914-ch-soundbar-bundle.product.4000346129.html
4000346461,Nextbase Piqo 2K Dashcam with 64GB MicroSD Card and Piqo Quick Connect Cable,1738,https://www.costco.com/nextbase-piqo-2k-dashcam-with-64gb-microsd-card-and-piqo-quick-connect-cable.product.4000346461.html
4000346686,"Kirkland Signature 5W-30 High Mileage Full Synthetic Motor Oil, 5-Quart 2-pack",1738,https://www.costco.com/kirkland-signature-5w-30-high-mileage-full-synthetic-motor-oil-5-quart-2-pack.product.4000346686.html
4000346741,"Round Brilliant 1.00 ctw VS2 Clarity, I Color Diamond 14kt White Gold Smile Necklace",1738,https://www.costco.com/round-brilliant-100-ctw-vs2-clarity-i-color-diamond-14kt-white-gold-smile-necklace.product.4000346741.html
4000346776,"Kirkland Signature Heavy Duty Diesel 15W40 Synblen, 1 gal, 3-count",1738,https://www.costco.com/kirkland-signature-heavy-duty-diesel-15w40-synblen-1-gal-3-count.product.4000346776.html
4000348053,Centr by Inspire 300 lb. Rubber Olympic Weight Set with Bar,1738,https://www.costco.com/centr-by-inspire-300-lb-rubber-olympic-weight-set-with-bar.product.4000348053.html
4000348391,"San Pellegrino Ciao! Sparkling Water, Variety Pack, 11.15 fl oz, 24-count",1738,https://www.costco.com/san-pellegrino-ciao-sparkling-water-variety-pack-1115-fl-oz-24-count.product.4000348391.html
4000348787,"Super Nature Shampoo/Conditioner, 30 fl oz each",1738,https://www.costco.com/super-nature-shampooconditioner-30-fl-oz-each.product.4000348787.html
4000349222,"Jojo's Dark Chocolate Pistachio Almond Cranberry Bites, 14.4 oz",1738,https://www.costco.com/jojos-dark-chocolate-pistachio-almond-cranberry-bites-144-oz.product.4000349222.html
4000349261,"AG1 Daily Foundational Nutrition, 40-count",1738,https://www.costco.com/ag1-daily-foundational-nutrition-40-count.product.4000349261.html
4000349841,"Mae Fine Foods Bonbon - 2 x 48 Count Tray Bundle, 96 Pieces Total",1738,https://www.costco.com/mae-fine-foods-bonbon---2-x-48-count-tray-bundle-96-pieces-total.product.4000349841.html
4000349934,Epson EcoTank ET-2988 Wireless SuperTank Printer - White,1738,https://www.costco.com/epson-ecotank-et-2988-wireless-supertank-printer---white.product.4000349934.html
4000350136,"Ziploc Seal Top Freezer Bag, Gallon, 136-count",1738,https://www.costco.com/ziploc-seal-top-freezer-bag-gallon-136-count.product.4000350136.html
4000350943,Huggies Plus Diapers Sizes 3 - 7,1738,https://www.costco.com/huggies-plus-diapers-sizes-3---7.product.4000350943.html
4000350951,"Cascade Platinum Plus Dishwasher Detergent ActionPacs, Fresh, 82-count",1738,https://www.costco.com/cascade-platinum-plus-dishwasher-detergent-actionpacs-fresh-82-count.product.4000350951.html
4000350964,"Tide Plus Ultra Oxi Powder Laundry Detergent, Original, 143 Loads, 225 oz",1738,https://www.costco.com/tide-plus-ultra-oxi-powder-laundry-detergent-original-143-loads-225-oz.product.4000350964.html
4000350969,"Pure Protein Bars, Variety Pack, 1.76 oz, 25-count",1738,https://www.costco.com/pure-protein-bars-variety-pack-176-oz-25-count.product.4000350969.html
4000350998,"Kohler Provo 33"" Dual Mount Single-bowl Workstation Kitchen Sink Kit",1738,https://www.costco.com/kohler-provo-33-dual-mount-single-bowl-workstation-kitchen-sink-kit.product.4000350998.html
4000351024,"Olipop Soda, Variety Pack, 12 fl oz, 15-count",1738,https://www.costco.com/olipop-soda-variety-pack-12-fl-oz-15-count.product.4000351024.html
4000351907,Mikasa Quinn 12-piece Bone China Dinnerware Set,1738,https://www.costco.com/mikasa-quinn-12-piece-bone-china-dinnerware-set.product.4000351907.html
4000352107,"Dove Deep Moisture Body Wash, 23 fl oz, 3-pack",1738,https://www.costco.com/dove-deep-moisture-body-wash-23-fl-oz-3-pack.product.4000352107.html
4000352254,Samsung Bespoke 29 cu. ft. 4-Door French Door Refrigerator with Family Hub+,1738,https://www.costco.com/samsung-bespoke-29-cu-ft-4-door-french-door-refrigerator-with-family-hub.product.4000352254.html
4000353639,"Flents Wipe 'N Clear Lens Wipes, 4 Boxes, 75 Wipes Each",1738,https://www.costco.com/flents-wipe-n-clear-lens-wipes-4-boxes-75-wipes-each.product.4000353639.html
4000353891,Hisense 17 cu. ft. Garage Ready Frost Free Convertible Upright Freezer with Seal Break Handle,1738,https://www.costco.com/hisense-17-cu-ft-garage-ready-frost-free-convertible-upright-freezer-with-seal-break-handle.product.4000353891.html
4000353948,Hisense 10.2 cu. ft. Garage Ready Frost Free Convertible Upright Freezer with Seal Break Handle,1738,https://www.costco.com/hisense-102-cu-ft-garage-ready-frost-free-convertible-upright-freezer-with-seal-break-handle.product.4000353948.html
4000353979,"Sukhi's Indian Butter Chicken Prepared Meal, 18 oz, 2-count",1738,https://www.costco.com/.product.4000353979.html
4000354051,Playstation DualSense Wireless Controller and Charging Station - White,1738,https://www.costco.com/playstation-dualsense-wireless-controller-and-charging-station---white.product.4000354051.html
4000354083,PlayStation DualSense Wireless Controller and Charging Station - Starlight Blue,1738,https://www.costco.com/playstation-dualsense-wireless-controller-and-charging-station---starlight-blue.product.4000354083.html
4000354460,BISSELL PowerClean FurGuard Deluxe 280W Cordless Vacuum with Extra Battery,1738,https://www.costco.com/bissell-powerclean-furguard-deluxe-280w-cordless-vacuum-with-extra-battery.product.4000354460.html
4000354629,LG 31.7 cu. ft. Smart Standard-Depth MAX French Door Refrigerator,1738,https://www.costco.com/lg-317-cu-ft-smart-standard-depth-max-french-door-refrigerator.product.4000354629.html
4000354684,LG 26.5 cu. ft. Smart Counter-Depth MAX French Door Refrigerator,1738,https://www.costco.com/lg-265-cu-ft-smart-counter-depth-max-french-door-refrigerator.product.4000354684.html?preselect=color%3Ablackstainlesssteel
4000354689,KODA Solar LED Rock Spotlight with Adjustable Color Temperature,1738,https://www.costco.com/.product.4000354689.html
4000355070,Lutec Craftsman Style Outdoor LED Wall Lantern,1738,https://www.costco.com/lutec-craftsman-style-outdoor-led-wall-lantern.product.4000355070.html
4000355164,"HP OmniBook 7 Flip 16"" 2-in-1 AI Laptop - Intel Evo Platform Powered by Intel Core Ultra 7 258V - Copilot+ PC - 3K OLED Touchscreen - 32GB Memory - 1TB SSD - Windows 11 Home",1738,https://www.costco.com/hp-omnibook-7-flip-16-2-in-1-ai-laptop---intel-evo-platform-powered-by-intel-core-ultra-7-258v---copilot-pc---3k-oled-touchscreen---32gb-memory---1tb-ssd---windows-11-home.product.4000355164.html
4000355722,"Giovanni Rana French Onion-style Ravioli Bake Kit with Beef Sauce, 35 oz",1738,https://www.costco.com/.product.4000355722.html
4000355739,Midea 20.5 cu. ft. Garage Ready Top-Mount Refrigerator,1738,https://www.costco.com/midea-20.5-cu.-ft.-garage-ready-top-mount-refrigerator.product.4000355739.html
4000355760,MSI Aegis Gaming Desktop - AMD Ryzen 9 9900X - GeForce RTX 5080 - Windows 11 Home - 32GB RAM - 2TB SSD,1738,https://www.costco.com/msi-aegis-gaming-desktop---amd-ryzen-9-9900x---geforce-rtx-5080---windows-11-home---32gb-ram---2tb-ssd.product.4000355760.html
4000355839,"Gorilla Rack 5-tier Industrial Rack, 72"" x 24"" x 84""",1738,https://www.costco.com/gorilla-rack-5-tier-industrial-rack-72-x-24-x-84.product.4000355839.html
4000356069,Kohler HydroRail 3-in-1 Multifunction Showerhead and Column Kit,1738,https://www.costco.com/kohler-hydrorail-3-in-1-multifunction-showerhead-and-column-kit.product.4000356069.html
4000356985,"Ziploc Seal Top Bag, Sandwich, 480-count",1738,https://www.costco.com/ziploc-seal-top-bag-sandwich-480-count.product.4000356985.html
4000357500,"Samsung 75"" Class - QN80F Neo QLED Series - 4K Mini LED - Vision AI Smart TV - Allstate 3-Year Protection Plan Bundle Included For 5 Years of Total Coverage*",1738,https://www.costco.com/samsung-75-class---qn80f-neo-qled-series---4k-mini-led---vision-ai-smart-tv---allstate-3-year-protection-plan-bundle-included-for-5-years-of-total-coverage.product.4000357500.html
4000358804,Sony Playstation 5 Slim Disc Console and DualSense Controller Bundle,1738,https://www.costco.com/sony-playstation-5-slim-disc-console-and-dualsense-controller-bundle.product.4000358804.html
4000358811,7.5' Pre-Lit Slim Micro LED with Twinkle Artificial Christmas Tree,1738,https://www.costco.com/75-pre-lit-slim-micro-led-with-twinkle-artificial-christmas-tree.product.4000358811.html
4000358838,"Chef iQ Smart Thermometer and Hub, 2-probe Set",1738,https://www.costco.com/chef-iq-smart-thermometer-and-hub-2-probe-set.product.4000358838.html
4000359188,9' Pre-Lit Glitter Flocked Micro LED with Twinkle Artificial Christmas Tree,1738,https://www.costco.com/.product.4000359188.html
4000359330,12' Pre-Lit Radiant Micro LED with Twinkle Artificial Christmas Tree,1738,https://www.costco.com/12-pre-lit-radiant-micro-led-with-twinkle-artificial-christmas-tree.product.4000359330.html
4000359331,9' Pre-Lit Slim Micro LED with Twinkle Artificial Christmas Tree,1738,https://www.costco.com/9-pre-lit-slim-micro-led-with-twinkle-artificial-christmas-tree.product.4000359331.html
4000359351,7.5' Pre-Lit Glitter Flocked Micro LED with Twinkle Artificial Christmas Tree,1738,https://www.costco.com/75-pre-lit-glitter-flocked-micro-led-with-twinkle-artificial-christmas-tree.product.4000359351.html
4000359360,9' Pre-Lit Radiant Micro LED with Twinkle Artificial Christmas Tree,1738,https://www.costco.com/9-pre-lit-radiant-micro-led-with-twinkle-artificial-christmas-tree.product.4000359360.html
4000359361,Shark Stratos Cordless Vacuum with Clean Sense IQ DuoClean PowerFins HairPro,1738,https://www.costco.com/shark-stratos-cordless-vacuum-with-clean-sense-iq-duoclean-powerfins-hairpro.product.4000359361.html
4000359602,7.5' Pre-Lit Radiant Micro LED with Twinkle Artificial Christmas Tree,1738,https://www.costco.com/75-pre-lit-radiant-micro-led-with-twinkle-artificial-christmas-tree.product.4000359602.html
4000359830,Ninja Flip 10-in-1 Toaster Oven & Air Fryer with Added Broil Rack,1738,https://www.costco.com/ninja-flip-10-in-1-toaster-oven--air-fryer-with-added-broil-rack.product.4000359830.html
4000360298,"Kevin's Natural Foods Hawaiian Style Chicken, 32 oz",1738,https://www.costco.com/kevins-natural-foods-hawaiian-style-chicken-32-oz.product.4000360298.html
4000360553,"Samsung 65"" Class - S90F OLED Series - 4K Vision AI Smart TV - Allstate 3-Year Protection Plan Bundle Included For 5 Years of Total Coverage*",1738,https://www.costco.com/samsung-65-class---s90f-oled-series---4k-vision-ai-smart-tv---allstate-3-year-protection-plan-bundle-included-for-5-years-of-total-coverage.product.4000360553.html
4000360679,HOTO Wand Cordless Spin Scrubber,1738,https://www.costco.com/hoto-wand-cordless-spin-scrubber.product.4000360679.html
4000360868,Sony Playstation 5 Digital Slim Console & DualSense Controller Bundle,1738,https://www.costco.com/sony-playstation-5-digital-slim-console--dualsense-controller-bundle.product.4000360868.html
4000361179,Huggies Pull-Ups Plus Training Pants Unisex,1738,https://www.costco.com/huggies-pull-ups-plus-training-pants-unisex.product.4000361179.html
4000361228,"LaCroix Sparkling Water, Spring Variety Pack, 12 fl oz, 24-count",1738,https://www.costco.com/lacroix-sparkling-water-spring-variety-pack-12-fl-oz-24-count.product.4000361228.html
4000361281,"SINGER Heavy Duty 8832 Sewing Machine, Black",1738,https://www.costco.com/singer-heavy-duty-8832-sewing-machine-black.product.4000361281.html
4000361369,"Celsius Sparkling Energy Drink, Vibe Variety Pack, 12 fl oz, 18-count",1738,https://www.costco.com/celsius-sparkling-energy-drink-vibe-variety-pack-12-fl-oz-18-count.product.4000361369.html
4000361493,"Platterful, Charcuterie Kit - Board Not Included 41.2oz Total",1738,https://www.costco.com/platterful-charcuterie-kit---board-not-included-412oz-total.product.4000361493.html
4000361515,Del Rey Oaks 74” Accent Console,1738,https://www.costco.com/del-rey-oaks-74-accent-console.product.4000361515.html
4000361556,14kt Gold High Polish Rosary,1738,https://www.costco.com/14kt-gold-high-polish-rosary.product.4000361556.html
4000361733,"Vulcan Nitrile Gloves, Medium, Indigo",1738,https://www.costco.com/vulcan-nitrile-gloves-medium-indigo.product.4000361733.html
4000361758,"Vulcan Nitrile Gloves, Large, Indigo",1738,https://www.costco.com/vulcan-nitrile-gloves-large-indigo.product.4000361758.html
4000361814,"Vulcan Nitrile Gloves, XL, Indigo",1738,https://www.costco.com/vulcan-nitrile-gloves-xl-indigo.product.4000361814.html
4000362087,"Brita Champlain Water Filter Pitcher, 10 Cup with 2 Filters",1738,https://www.costco.com/brita-champlain-water-filter-pitcher-10-cup-with-2-filters.product.4000362087.html
4000362178,HOVERAir X1 PROMAX 8K Self-Flying Camera Bundle,1738,https://www.costco.com/hoverair-x1-promax-8k-self-flying-camera-bundle.product.4000362178.html
4000362373,"Liquid I.V. Hydration Multiplier, 30 Individual Serving Stick Packs in Resealable Pouch, Variety Pack",1738,https://www.costco.com/liquid-iv-hydration-multiplier-30-individual-serving-stick-packs-in-resealable-pouch-variety-pack.product.4000362373.html
4000362495,Emma Fabric Power Reclining Sectional with Power Footrest,1738,https://www.costco.com/emma-fabric-power-reclining-sectional-with-power-footrest.product.4000362495.html
4000362946,"TCL 98"" Class - QM6K Pro Series - 4K UHD QD-Mini LED Smart TV - Allstate 3-Year Protection Plan Bundle Included for 5 Years of Total Coverage*",1738,https://www.costco.com/tcl-98-class---qm6k-pro-series---4k-uhd-qd-mini-led-smart-tv----allstate-3-year-protection-plan-bundle-included-for-5-years-of-total-coverage.product.4000362946.html
4000362984,"TCL 55"" Class - Q77K Series - 4K UHD QLED Smart TV - Allstate 3-Year Protection Plan Bundle Included for 5 Years of Total Coverage*",1738,https://www.costco.com/tcl-55-class---q77k-series---4k-uhd-qled-smart-tv---allstate-3-year-protection-plan-bundle-included-for-5-years-of-total-coverage.product.4000362984.html
4000363407,"Dove Intensive Repair Damage Therapy Shampoo & Conditioner Set, 33.8 fl oz",1738,https://www.costco.com/dove-intensive-repair-damage-therapy-shampoo--conditioner-set-338-fl-oz.product.4000363407.html
4000363508,"Sealy Posturepedic Pro Highland Manor 13"" Medium Mattress",1738,https://www.costco.com/sealy-posturepedic-pro-highland-manor-13-medium-mattress.product.4000363508.html
4000363784,Dell Tower Desktop - Intel Core Ultra 5 225 - 16GB RAM - 512GB SSD - Windows 11 Home,1738,https://www.costco.com/dell-tower-desktop---intel-core-ultra-5-225---16gb-ram---512gb-ssd---windows-11-home.product.4000363784.html
4000363969,"TCL 75"" Class - Q77K Series - 4K UHD QLED Smart TV - Allstate 3-Year Protection Plan Bundle Included for 5 Years of Total Coverage*",1738,https://www.costco.com/tcl-75-class---q77k-series---4k-uhd-qled-smart-tv---allstate-3-year-protection-plan-bundle-included-for-5-years-of-total-coverage.product.4000363969.html
4000364007,"TCL 65"" Class - Q77K Series - 4K UHD QLED Smart TV - Allstate 3-Year Protection Plan Bundle Included for 5 Years of Total Coverage*",1738,https://www.costco.com/tcl-65-class---q77k-series---4k-uhd-qled-smart-tv---allstate-3-year-protection-plan-bundle-included-for-5-years-of-total-coverage.product.4000364007.html
4000364009,"TCL 85"" Class - QM6K Pro Series - 4K UHD QD-Mini LED Smart TV - Allstate 3-Year Protection Plan Bundle Included for 5 Years of Total Coverage*",1738,https://www.costco.com/tcl-85-class---qm6k-pro-series---4k-uhd-qd-mini-led-smart-tv----allstate-3-year-protection-plan-bundle-included-for-5-years-of-total-coverage.product.4000364009.html
4000364018,"TCL 75"" Class - QM6K Pro Series - 4K UHD QD-Mini LED Smart TV - Allstate 3-Year Protection Plan Bundle Included for 5 Years of Total Coverage*",1738,https://www.costco.com/tcl-75-class---qm6k-pro-series---4k-uhd-qd-mini-led-smart-tv----allstate-3-year-protection-plan-bundle-included-for-5-years-of-total-coverage.product.4000364018.html
4000364039,"TCL 65"" Class - QM6K Pro Series - 4K UHD QD-Mini LED Smart TV - Allstate 3-Year Protection Plan Bundle Included for 5 Years of Total Coverage*",1738,https://www.costco.com/tcl-65-class---qm6k-pro-series---4k-uhd-qd-mini-led-smart-tv---allstate-3-year-protection-plan-bundle-included-for-5-years-of-total-coverage.product.4000364039.html
4000364046,"Potensic ATOM 2 4K Drone Bundle with 128GB MicroSD Card, Remote Lanyard and 2 Spare Propeller Kits.",1738,https://www.costco.com/potensic-atom-2-4k-drone-bundle-with-128gb-microsd-card-remote-lanyard-and-2-spare-propeller-kits.product.4000364046.html
4000364057,"TCL 85"" Class - Q77K Series - 4K UHD QLED Smart TV - Allstate 3-Year Protection Plan Bundle Included for 5 Years of Total Coverage*",1738,https://www.costco.com/tcl-85-class---q77k-series---4k-uhd-qled-smart-tv---allstate-3-year-protection-plan-bundle-included-for-5-years-of-total-coverage.product.4000364057.html
4000364539,Canon IVY 2 Mini Photo Printer Bundle - White,1738,https://www.costco.com/canon-ivy-2-mini-photo-printer-bundle---white.product.4000364539.html
4000364542,"Tide Plus with Ultra Downy Liquid Laundry Detergent, April Fresh, 100 Loads, 128 fl oz",1738,https://www.costco.com/tide-plus-with-ultra-downy-liquid-laundry-detergent-april-fresh-100-loads-128-fl-oz.product.4000364542.html
4000364543,7' Potted Tree with LED Lights,1738,https://www.costco.com/7-potted-tree-with-led-lights.product.4000364543.html
4000364564,"Disney Holiday Village, 13-piece Set",1738,https://www.costco.com/disney-holiday-village-13-piece-set.product.4000364564.html
4000364577,7' Flocked Cedar Tree with LED Lights,1738,https://www.costco.com/.product.4000364577.html
4000364616,9.5' Star Arch with LED Twinkle Lights,1738,https://www.costco.com/95-star-arch-with-led-twinkle-lights.product.4000364616.html
4000364641,"Epson EcoTank ET-3958 Wireless All-in-One Color Supertank Printer, White",1738,https://www.costco.com/epson-ecotank-et-3958-wireless-all-in-one-color-supertank-printer-white.product.4000364641.html
4000365323,7’ Triple Lamp Post with LED Lights,1738,https://www.costco.com/7-triple-lamp-post-with-led-lights.product.4000365323.html
4000365567,Hero Mighty Patch 84 Total Patches,1738,https://www.costco.com/hero-mighty-patch-84-total-patches.product.4000365567.html
4000365630,"42"" Color Changing LED Tree",1738,https://www.costco.com/42-color-changing-led-tree.product.4000365630.html
4000365658,"Alani Nu Energy Drink, Witch's Brew, 12 fl oz, 18-count",1738,https://www.costco.com/alani-nu-energy-drink-witchs-brew-12-fl-oz-18-count.product.4000365658.html
4000365702,Graham Dining Table and 8 Chairs,1738,https://www.costco.com/graham-dining-table-and-8-chairs.product.4000365702.html
4000365721,"28-36"" Cone Trees with Color Changing LED Lights, Set of 3",1738,https://www.costco.com/.product.4000365721.html
4000365952,"48"" Red Bow with LED Twinkle Lights",1738,https://www.costco.com/48-red-bow-with-led-twinkle-lights.product.4000365952.html
4000366312,Freshwater Cultured 8-8.5mm Pearl 14kt Gold Pendant,1738,https://www.costco.com/freshwater-cultured-8-85mm-pearl-14kt-gold-pendant.product.4000366312.html
4000366330,TrueWellness All Mesh Office Chair,1738,https://www.costco.com/truewellness-all-mesh-office-chair.product.4000366330.html
4000366387,"Excello Global Products 10 ft. String Light Pole, 2-pack",1738,https://www.costco.com/excello-global-products-10-ft-string-light-pole-2-pack.product.4000366387.html
4000366440,Insta360 X5 - 8K 360° Action Camera Bundle,1738,https://www.costco.com/insta360-x5---8k-360-action-camera-bundle.product.4000366440.html
4000366725,"iPad Pro 13-inch, 256GB Wi-Fi (M5 chip) Built For Apple Intelligence",1738,https://www.costco.com/ipad-pro-13-inch-256gb-wi-fi-m5-chip-built-for-apple-intelligence.product.4000366725.html
4000367195,9' Ornament Arch with LED Twinkle Lights,1738,https://www.costco.com/.product.4000367195.html
4000367875,"Kirkland Signature Grass-fed Beef Sticks, 1.15 oz, 12-count",1738,https://www.costco.com/kirkland-signature-grass-fed-beef-sticks-115-oz-12-count.product.4000367875.html
4000367918,"Bestway Platinum Series Power Steel 31'4"" x 16' x 52"" Above Ground Pool Set, White",1738,https://www.costco.com/.product.4000367918.html
4000368166,"Ornamental Hares, 2-pack",1738,https://www.costco.com/ornamental-hares-2-pack.product.4000368166.html
4000368757,"Ninja SLUSHi Professional Frozen Drink Maker, 96-oz. Capacity, 5 Preset Programs",1738,https://www.costco.com/ninja-slushi-professional-frozen-drink-maker-96-oz-capacity-5-preset-programs.product.4000368757.html
4000369114,Lab Created Emerald and Diamond 14kt White Gold Pendant,1738,https://www.costco.com/lab-created-emerald-and-diamond-14kt-white-gold-pendant.product.4000369114.html
4000369135,"Infinity X1 Under Cabinet Lights, 3-pack",1738,https://www.costco.com/infinity-x1-under-cabinet-lights-3-pack.product.4000369135.html
4000369537,Sealy Posturepedic Plus Prosser Hills 12” Firm Tight Top Mattress,1738,https://www.costco.com/sealy-posturepedic-plus-prosser-hills-12-firm-tight-top-mattress.product.4000369537.html
4000369677,14kt Yellow Gold Forzatina Chain Necklace,1738,https://www.costco.com/14kt-yellow-gold-forzatina-chain-necklace.product.4000369677.html
4000369765,Nordic Ware Naturals 3-piece Baking Sheet Set,1738,https://www.costco.com/nordic-ware-naturals-3-piece-baking-sheet-set.product.4000369765.html
4000370724,"Swiffer Sweep + Mop Deluxe Sweeping Kit, 1 Sweeper + 30 Refills",1738,https://www.costco.com/swiffer-sweep--mop-deluxe-sweeping-kit-1-sweeper--30-refills.product.4000370724.html
4000370739,"MacBook Pro Laptop (14-inch) - Apple M5 chip, Built for Apple Intelligence, 10-core CPU, 10-core GPU, 16GB Memory, 1TB SSD Storage",1738,https://www.costco.com/macbook-pro-laptop-14-inch---apple-m5-chip-built-for-apple-intelligence-10-core-cpu-10-core-gpu-16gb-memory-1tb-ssd-storage.product.4000370739.html
4000370781,Samsung Galaxy Tab S10 FE 10.9” Wi-Fi Tablet 128GB – Includes S Pen and Book Cover Keyboard,1738,https://www.costco.com/samsung-galaxy-tab-s10-fe-109-wi-fi-tablet-128gb--includes-s-pen-and-book-cover-keyboard.product.4000370781.html
4000370809,"Grace & Stella Under Eye Masks, Under Eye Patches Combo Pack, 24-count",1738,https://www.costco.com/grace--stella-under-eye-masks-under-eye-patches-combo-pack-24-count.product.4000370809.html
4000371775,Lavazza Dolcevita Classico 80-count K-Cup Pods,1738,https://www.costco.com/lavazza-dolcevita-classico-80-count-k-cup-pods.product.4000371775.html
4000371939,"Oikos 30g Protein Shake, Vanilla, 12 fl oz, 18-pack",1738,https://www.costco.com/oikos-30g-protein-shake-vanilla-12-fl-oz-18-pack.product.4000371939.html
4000371942,Sony PlayStation Portal Remote Player Bundle,1738,https://www.costco.com/sony-playstation-portal-remote-player-bundle.product.4000371942.html
4000372072,Delta Adjustable Shower Head with Hand Shower,1738,https://www.costco.com/delta-adjustable-shower-head-with-hand-shower.product.4000372072.html
4000372136,14kt Yellow Gold Love Knot Earrings,1738,https://www.costco.com/14kt-yellow-gold-love-knot-earrings.product.4000372136.html
4000372303,Cuisinart Brew Central Plus 14-Cup Programmable Coffee Maker,1738,https://www.costco.com/cuisinart-brew-central-plus-14-cup-programmable-coffee-maker.product.4000372303.html
4000372336,"Bellevue Embossed Glass 12 oz. Candle, 4-pack",1738,https://www.costco.com/.product.4000372336.html
4000372651,"Kirkland Signature Flavored Sparkling Water, 17 fl oz, 24-count",1738,https://www.costco.com/kirkland-signature-flavored-sparkling-water-17-fl-oz-24-count.product.4000372651.html
4000373193,Canon IVY 2 Mini Photo Printer Bundle - Pink,1738,https://www.costco.com/canon-ivy-2-mini-photo-printer-bundle---pink.product.4000373193.html
4000373211,Sealy Air Mattress Queen with Built-in Headboard,1738,https://www.costco.com/sealy-air-mattress-queen-with-built-in-headboard.product.4000373211.html
4000373637,"Orgain, Micronized Creatine Monohydrate, Unflavored, 1.48lbs",1738,https://www.costco.com/orgain-micronized-creatine-monohydrate-unflavored-148lbs.product.4000373637.html
4000374014,"Comvita Manuka Honey UMF 12+, 17.6 oz",1738,https://www.costco.com/comvita-manuka-honey-umf-12-176-oz.product.4000374014.html
4000374144,Ingersoll Rand Edge 155-piece Master Mechanic's Tool Set,1738,https://www.costco.com/ingersoll-rand-edge-155-piece-master-mechanics-tool-set.product.4000374144.html
4000374415,"Q-tips Cotton Swabs, 1875-count",1738,https://www.costco.com/q-tips-cotton-swabs-1875-count.product.4000374415.html
4000374834,Atomi Smart 12K BTU Tempestas Inverter Ductless Mini-Split Air Conditioner and Heat Pump,1738,https://www.costco.com/atomi-smart-12k-btu-tempestas-inverter-ductless-mini-split-air-conditioner-and-heat-pump.product.4000374834.html
4000375126,"Beyond Meat Plant-Based Patties, 4 oz, 10-count",1738,https://www.costco.com/beyond-meat-plant-based-patties-4-oz-10-count.product.4000375126.html
4000375159,Mohawk Home 6MM Thick x 8.9in x 46.5in 22 mil Waterproof Luxury Vinyl Plank Flooring (14.35 sq ft/ctn),1738,https://www.costco.com/mohawk-home-6mm-thick-x-89in-x-465in-22-mil-waterproof-luxury-vinyl-plank-flooring-1435-sq-ftctn.product.4000375159.html
4000375475,14kt Yellow Gold Puffed Heart Necklace,1738,https://www.costco.com/14kt-yellow-gold-puffed-heart-necklace.product.4000375475.html
4000375485,18kt Yellow Gold High Polish Love Knot Pendant,1738,https://www.costco.com/18kt-yellow-gold-high-polish-love-knot-pendant.product.4000375485.html
4000375512,"Kirkland Signature Daily Dry Facial Towels, 200-count",1738,https://www.costco.com/kirkland-signature-daily-dry-facial-towels-200-count.product.4000375512.html
4000375722,Shark Detect Performance Lift-Away Advanced Upright Vacuum with DuoClean Detect,1738,https://www.costco.com/shark-detect-performance-lift-away-advanced-upright-vacuum-with-duoclean-detect.product.4000375722.html
4000375972,MSI Codex R2 Gaming Desktop - Intel Core Ultra 7 265 - NVIDIA RTX 5060 Ti 8GB - Windows 11 Home - 32GB RAM - 2TB SSD,1738,https://www.costco.com/msi-codex-r2-gaming-desktop---intel-core-ultra-7-265---nvidia-rtx-5060-ti-8gb---windows-11-home---32gb-ram---2tb-ssd.product.4000375972.html
4000376082,"Nescafé Blonde Gold Instant Espresso, 7 oz",1738,https://www.costco.com/nescaf-blonde-gold-instant-espresso-7-oz.product.4000376082.html
4000377029,"Kize Life Changing Bars, Variety Pack, 12-count",1738,https://www.costco.com/kize-life-changing-bars-variety-pack-12-count.product.4000377029.html
4000377118,"Mars Minis Chocolate Candy, Variety Pack, 200-count",1738,https://www.costco.com/mars-minis-chocolate-candy-variety-pack-200-count.product.4000377118.html
4000377480,"Starbucks Coffee and Espresso Capsules for Nespresso Vertuo Machines 60-count Variety Pack, 100% Arabica Coffee",1738,https://www.costco.com/starbucks-coffee-and-espresso-capsules-for-nespresso-vertuo-machines-60-count-variety-pack-100-arabica-coffee.product.4000377480.html
4000377517,"Sports Research Vitamin B Complex, 180 Veggie Soft Gels",1738,https://www.costco.com/sports-research-vitamin-b-complex-180-veggie-soft-gels.product.4000377517.html
4000377574,"Sports Research Multi Collagen, 180 Capsules",1738,https://www.costco.com/sports-research-multi-collagen-180-capsules.product.4000377574.html
4000378432,Hisense AX700 5.1.4 Ch Soundbar with Wireless Subwoofer,1738,https://www.costco.com/hisense-ax700-514-ch-soundbar-with-wireless-subwoofer.product.4000378432.html
4000379649,"Kirkland Signature Favorites Candy Variety, 90 oz",1738,https://www.costco.com/kirkland-signature-favorites-candy-variety-90-oz.product.4000379649.html
4000380465,TOTO Drake 2-piece Elongated Toilet with C5 Washlet Bidet Seat,1738,https://www.costco.com/toto-drake-2-piece-elongated-toilet-with-c5-washlet-bidet-seat.product.4000380465.html
4000380579,2025 Topps Baseball Flagship Collection 2,1738,https://www.costco.com/2025-topps-baseball-flagship-collection-2.product.4000380579.html
4000380591,Samsung HW-Q60CF 3.1.2 Ch Soundbar with Wireless Subwoofer,1738,https://www.costco.com/samsung-hw-q60cf-312-ch-soundbar-with-wireless-subwoofer.product.4000380591.html
4000381357,"Kirkland Signature Mini Ibuprofen, 200 mg, 500 Liquid-Filled Capsules",1738,https://www.costco.com/kirkland-signature-mini-ibuprofen-200-mg-500-liquid-filled-capsules.product.4000381357.html
4000381672,Kohler 26kW Home Standby Generator with 200A Automatic Transfer Switch,1738,https://www.costco.com/kohler-26kw-home-standby-generator-with-200a-automatic-transfer-switch.product.4000381672.html
4000382105,Kohler Assert Multifunction 1.75GPM Handshower,1738,https://www.costco.com/kohler-assert-multifunction-175gpm-handshower.product.4000382105.html
4000382822,Dyson Purifier Hot+Cool HP11,1738,https://www.costco.com/dyson-purifier-hotcool-hp11.product.4000382822.html
4000382849,"Design Optics by Foster Grant #668 Metal Square Reading Glasses, 3-pack",1738,https://www.costco.com/design-optics-by-foster-grant-668-metal-square-reading-glasses-3-pack.product.4000382849.html
4000382852,"Design Optics by Foster Grant #811 Fashion Cateye Reading Glasses, 3-pack",1738,https://www.costco.com/design-optics-by-foster-grant-811-fashion-cateye-reading-glasses-3-pack.product.4000382852.html
4000382902,"Design Optics by Foster Grant #666 Classic Plastic Rectangle Reading Glasses, 3-pack",1738,https://www.costco.com/design-optics-by-foster-grant-666-classic-plastic-rectangle-reading-glasses-3-pack.product.4000382902.html
4000382914,"Design Optics by Foster Grant #815 Classic Plastic Square Reading Glasses, 3-pack",1738,https://www.costco.com/design-optics-by-foster-grant-815-classic-plastic-square-reading-glasses-3-pack.product.4000382914.html
4000382918,"Design Optics by Foster Grant #809 Classic Plastic Round Reading Glasses, 3-pack",1738,https://www.costco.com/design-optics-by-foster-grant-809-classic-plastic-round-reading-glasses-3-pack.product.4000382918.html
4000383447,Fitz and Floyd Sicily Blue 12-piece Dinnerware Set,1738,https://www.costco.com/fitz-and-floyd-sicily-blue-12-piece-dinnerware-set.product.4000383447.html
4000383457,"Sealy Posturepedic Pro Lincoln Heights 14"" Firm, Medium, or Plush Mattress",1738,https://www.costco.com/sealy-posturepedic-pro-lincoln-heights-14-firm-medium-or-plush-mattress.product.4000383457.html
4000383692,DPS Encode 3D Insight Gaming Chair,1738,https://www.costco.com/dps-encode-3d-insight-gaming-chair.product.4000383692.html
4000383853,"Tide Advanced Care Liquid Laundry Detergent, Free & Gentle, 125 Loads, 154 fl oz",1738,https://www.costco.com/tide-advanced-care-liquid-laundry-detergent-free--gentle-125-loads-154-fl-oz.product.4000383853.html
4000383963,"Old Spice Swagger Scent Boosted Aluminum Free Deodorant, 3 oz, 4-pack",1738,https://www.costco.com/old-spice-swagger-scent-boosted-aluminum-free-deodorant-3-oz-4-pack.product.4000383963.html
4000384289,Skylight 27” Calendar Max Classic Bundle,1738,https://www.costco.com/skylight-27-calendar-max-classic-bundle.product.4000384289.html
4000384368,"OmniHeat Digital Ceramic Personal Heater, 2-pack",1738,https://www.costco.com/omniheat-digital-ceramic-personal-heater-2-pack.product.4000384368.html
4000385777,"Frito-Lay NFL Gameday Mix, 54-count",1738,https://www.costco.com/frito-lay-nfl-gameday-mix-54-count.product.4000385777.html
4000385781,HOTO Cordless Auto-Dispensing Glue Gun,1738,https://www.costco.com/hoto-cordless-auto-dispensing-glue-gun.product.4000385781.html
4000385903,Henredon Calis 4-piece Outdoor Patio Seating Set,1738,https://www.costco.com/henredon-calis-4-piece-outdoor-patio-seating-set.product.4000385903.html
4000385994,Feit 48' LED String Light,1738,https://www.costco.com/feit-48-led-string-light.product.4000385994.html
4000386492,Agio Nicolet 7-piece Fire Outdoor Patio High Dining Set,1738,https://www.costco.com/agio-nicolet-7-piece-fire-outdoor-patio-high-dining-set.product.4000386492.html
4000386542,"Qunol Brain Health Memory Plus, 100 Count",1738,https://www.costco.com/qunol-brain-health-memory-plus-100-count.product.4000386542.html
4000386923,Agio Juniper 5-piece Outdoor Fire Seating Set,1738,https://www.costco.com/agio-juniper-5-piece-outdoor-fire-seating-set.product.4000386923.html
4000386924,Samsung Galaxy Watch8 44mm Smartwatch with Two Wireless Fast Chargers,1738,https://www.costco.com/samsung-galaxy-watch8-44mm-smartwatch-with-two-wireless-fast-chargers.product.4000386924.html
4000386976,"Honeyque Deep Repair Shampoo & Conditioner, 15.2 fl oz, 2-pack",1738,https://www.costco.com/honeyque-deep-repair-shampoo--conditioner-152-fl-oz-2-pack.product.4000386976.html
4000387097,Samsung Galaxy Watch8 40mm Smartwatch with Two Wireless Fast Chargers,1738,https://www.costco.com/samsung-galaxy-watch8-40mm-smartwatch-with-two-wireless-fast-chargers.product.4000387097.html
4000387163,"youtheory Ashwagandha, 180 Gummies, Mixed Berry Flavor",1738,https://www.costco.com/youtheory-ashwagandha-180-gummies-mixed-berry-flavor.product.4000387163.html
4000387897,"Celsius Sparkling Energy Drink, Core Variety Pack, 12 fl oz, 18-count",1738,https://www.costco.com/celsius-sparkling-energy-drink-core-variety-pack-12-fl-oz-18-count.product.4000387897.html
4000388263,"OLLY Sleep Gummy, 110 Gummies",1738,https://www.costco.com/olly-sleep-gummy-110-gummies.product.4000388263.html
4000388338,"OLLY Kids Multivitamin & Probiotic, 160 Gummies",1738,https://www.costco.com/olly-kids-multivitamin--probiotic-160-gummies.product.4000388338.html
4000388365,LifeTrend Solitude Integrated Cold Plunge & Hot Soak Tub,1738,https://www.costco.com/.product.4000388365.html
4000388367,Anker 70W/30W Wall Charger Bundle,1738,https://www.costco.com/anker-70w30w-wall-charger-bundle.product.4000388367.html
4000389102,MoDe Bogota 4-piece Outdoor Patio Deep Seating Set,1738,https://www.costco.com/mode-bogota-4-piece-outdoor-patio-deep-seating-set.product.4000389102.html
4000389928,SaluSpa Santa Monica Energy-Efficient AirJet Inflatable 5-7 Person Spa,1738,https://www.costco.com/saluspa-santa-monica-energy-efficient-airjet-inflatable-5-7-person-spa.product.4000389928.html
4000390930,HOTO Flexi Cordless Spin Scrubber,1738,https://www.costco.com/hoto-flexi-cordless-spin-scrubber.product.4000390930.html
4000391607,Thomasville Fallon Modular Sectional 6-piece Cream with Ottoman,1738,https://www.costco.com/thomasville-fallon-modular-sectional-6-piece-cream-with-ottoman.product.4000391607.html
4000391685,Thomasville Fallon Modular Sectional 6-piece Gray with Ottoman,1738,https://www.costco.com/thomasville-fallon-modular-sectional-6-piece-gray-with-ottoman.product.4000391685.html
4000391717,Shark FlexFusion Styling and Drying System,1738,https://www.costco.com/shark-flexfusion-styling-and-drying-system.product.4000391717.html
4000391766,Tiger 5.5-Cup Micom Rice Cooker and Warmer,1738,https://www.costco.com/tiger-55-cup-micom-rice-cooker-and-warmer.product.4000391766.html
4000392131,"KitchenAid 24 in. Front Control Built-In PrintShield Stainless Steel Dishwasher with 360 Max Jets 3rd Rack, 44 dBA",1738,https://www.costco.com/kitchenaid-24-in-front-control-built-in-printshield-stainless-steel-dishwasher-with-360-max-jets-3rd-rack-44-dba.product.4000392131.html
4000392180,"Fanttik W10 APEX 4"" Mini Chainsaw",1738,https://www.costco.com/fanttik-w10-apex-4-mini-chainsaw.product.4000392180.html
4000392432,"KitchenAid 24 in. Top Control Built-In PrintShield Stainless Steel Dishwasher with Ultra-Bright LED Lighting, 44 dBA",1738,https://www.costco.com/kitchenaid-24-in-top-control-built-in-printshield-stainless-steel-dishwasher-with-ultra-bright-led-lighting-44-dba.product.4000392432.html
4000392764,Blackstone 22” Griddle with Hard Cover and Carry Bag Bundle,1738,https://www.costco.com/blackstone-22-griddle-with-hard-cover-and-carry-bag-bundle.product.4000392764.html
4000392766,"Airwick Scented Oils, 1 Plug-in + 9 Refills, Variety Pack, Assorted Scents",1738,https://www.costco.com/airwick-scented-oils-1-plug-in--9-refills-variety-pack-assorted-scents.product.4000392766.html
4000392769,"Dove Sensitive Body Wash, 23 fl oz, 3-pack",1738,https://www.costco.com/dove-sensitive-body-wash-23-fl-oz-3-pack.product.4000392769.html
4000392789,Artika Sunnyvale 28” Fandelier with Remote,1738,https://www.costco.com/artika-sunnyvale-28-fandelier-with-remote.product.4000392789.html
4000392838,"Kirkland Signature Artisan Crust Pepperoni Pizza, 21.52 oz, 4-count",1738,https://www.costco.com/kirkland-signature-artisan-crust-pepperoni-pizza-2152-oz-4-count.product.4000392838.html
4000393051,"Kellogg's Special K Extra Red Berries Cereal, 21.5 oz, 2-count",1738,https://www.costco.com/kelloggs-special-k-extra-red-berries-cereal-215-oz-2-count.product.4000393051.html
4000393086,"Solar LED Flamingo Pair, Set of 2",1738,https://www.costco.com/solar-led-flamingo-pair-set-of-2.product.4000393086.html
4000394200,"LG 34"" WQHD 120Hz Curved Ultrawide Monitor",1738,https://www.costco.com/lg-34-wqhd-120hz-curved-ultrawide-monitor.product.4000394200.html
4000394691,"Kirkland Signature Men's Midweight Crew Tee, 6-pack",1738,https://www.costco.com/kirkland-signature-mens-midweight-crew-tee-6-pack.product.4000394691.html
4000394705,Thomasville Gilroy Fabric Oversized Storage Chair and Storage Ottoman,1738,https://www.costco.com/thomasville-gilroy-fabric-oversized-storage-chair-and-storage-ottoman.product.4000394705.html
4000394757,Henckels Paradigm Ceramic 11-piece Cookware Set,1738,https://www.costco.com/henckels-paradigm-ceramic-11-piece-cookware-set.product.4000394757.html
4000395132,"Sunny Fruit Dried Apricots, 32 oz",1738,https://www.costco.com/sunny-fruit-dried-apricots-32-oz.product.4000395132.html
4000395703,Novaform 14” ComfortGrande Advanced Hybrid Mattress,1738,https://www.costco.com/novaform-14-comfortgrande-advanced-hybrid-mattress.product.4000395703.html
4000395717,Bryce Dining Table and 6 Chairs,1738,https://www.costco.com/bryce-dining-table-and-6-chairs.product.4000395717.html
4000395754,Thomasville Elko 3-piece Outdoor Patio Swivel Glider Recliner Set,1738,https://www.costco.com/thomasville-elko-3-piece-outdoor-patio-swivel-glider-recliner-set.product.4000395754.html
4000395758,Joy-Con 2 (L)/(R) Light Blue/Light Red - Nintendo Switch 2,1738,https://www.costco.com/joy-con-2-lr-light-bluelight-red---nintendo-switch-2.product.4000395758.html
4000395848,"Braun IPL At Home Laser Hair Removal, Permanent Hair Reduction, Venus Razor",1738,https://www.costco.com/braun-ipl-at-home-laser-hair-removal-permanent-hair-reduction-venus-razor.product.4000395848.html
4000396062,Lifesmart TM6500 PowerTouch Treadmill,1738,https://www.costco.com/lifesmart-tm6500-powertouch-treadmill.product.4000396062.html
4000396113,Centr Runr Folding Tool-less Assembly Treadmill,1738,https://www.costco.com/centr-runr-folding-tool-less-assembly-treadmill.product.4000396113.html
4000396167,"Tommy Bahama Smart Focus 100/60 Lumen LED Solar Spotlight, 2-Pack",1738,https://www.costco.com/.product.4000396167.html
4000396212,"LG 86"" Class - UA9000 Series - 4K UHD Smart TV - Allstate 3-Year Protection Plan Bundle Included For 5 Years of Total Coverage*",1738,https://www.costco.com/lg-86-class---ua9000-series---4k-uhd-smart-tv---allstate-3-year-protection-plan-bundle-included-for-5-years-of-total-coverage.product.4000396212.html
4000396252,"Henredon Murphy Fabric 6-piece Modular Sectional with Ottoman, Beige",1738,https://www.costco.com/henredon-murphy-fabric-6-piece-modular-sectional-with-ottoman-beige.product.4000396252.html
4000396318,"Henredon Murphy Fabric 6-piece Modular Sectional with Ottoman, Green",1738,https://www.costco.com/henredon-murphy-fabric-6-piece-modular-sectional-with-ottoman-green.product.4000396318.html
4000396491,"Rose Universal Broadmoore Bed Frame with Storage, White",1738,https://www.costco.com/rose-universal-broadmoore-bed-frame-with-storage-white.product.4000396491.html
4000396564,Alpine Loft Dining Table and 6 Chairs,1738,https://www.costco.com/.product.4000396564.html
4000396579,Portalis Dining Table and 6 Chairs,1738,https://www.costco.com/.product.4000396579.html
4000397074,Blackstone 36” Omnivore Griddle with Hinged Hood and Soft Cover,1738,https://www.costco.com/blackstone-36-omnivore-griddle-with-hinged-hood-and-soft-cover.product.4000397074.html
4000397135,Sanders Leather Power Recliner with Power Headrest,1738,https://www.costco.com/sanders-leather-power-recliner-with-power-headrest.product.4000397135.html
4000397460,"Bai Antioxidant Beverage, Fruit Variety Pack, 18 fl oz, 15-count",1738,https://www.costco.com/bai-antioxidant-beverage-fruit-variety-pack-18-fl-oz-15-count.product.4000397460.html
4000398506,Tresanti Aurora 47” Adjustable Height Desk with LED Lighting,1738,https://www.costco.com/tresanti-aurora-47-adjustable-height-desk-with-led-lighting.product.4000398506.html
4000398962,Cuisinart Extra-Large 26L 10-in-1 Digital Air Fryer Oven,1738,https://www.costco.com/cuisinart-extra-large-26l-10-in-1-digital-air-fryer-oven.product.4000398962.html
4000399251,"Montebello 68"" Accent Console",1738,https://www.costco.com/montebello-68-accent-console.product.4000399251.html
4000399353,TIKI Brand 25 Inch Celebration Smokeless Fire Pit,1738,https://www.costco.com/tiki-brand-25-inch-celebration-smokeless-fire-pit.product.4000399353.html
4000399607,"TCL 55"" Class - QM6K Pro Series - 4K UHD QD-Mini LED Smart TV - Allstate 3-Year Protection Plan Bundle Included for 5 Years of Total Coverage*",1738,https://www.costco.com/tcl-55-class---qm6k-pro-series---4k-uhd-qd-mini-led-smart-tv---allstate-3-year-protection-plan-bundle-included-for-5-years-of-total-coverage.product.4000399607.html
4000399687,DeWalt 8-Gallon 4 HP Stealthsonic Quiet Stainless Steel Wet Dry Vacuum,1738,https://www.costco.com/dewalt-8-gallon-4-hp-stealthsonic-quiet-stainless-steel-wet-dry-vacuum.product.4000399687.html
4000399984,LumiPur 6-piece Flameless LED Candles Design Series Glass with Remote,1738,https://www.costco.com/.product.4000399984.html
4000399994,Highland Gas-lift Adjustable Stool,1738,https://www.costco.com/highland-gas-lift-adjustable-stool.product.4000399994.html
4000400472,"Mezcla Puff-Crispy Bar, Pistachio Chocolate, 1.4 oz, 14-count",1738,https://www.costco.com/mezcla-puff-crispy-bar-pistachio-chocolate-14-oz-14-count.product.4000400472.html
4000400860,LG S80TY 3.1.3 Ch Soundbar with Wireless Subwoofer,1738,https://www.costco.com/lg-s80ty-313-ch-soundbar-with-wireless-subwoofer.product.4000400860.html
4000401066,"All Free & Clear Plus+ Liquid Laundry Detergent, 160 Loads, 200 fl oz",1738,https://www.costco.com/all-free--clear-plus-liquid-laundry-detergent-160-loads-200-fl-oz.product.4000401066.html
4000401195,"youtheory Concentrated Effect Verisol Collagen with Biotin, 345 Count",1738,https://www.costco.com/youtheory-concentrated-effect-verisol-collagen-with-biotin-345-count.product.4000401195.html
4000401335,Lifesmart TM22X PowerTouch Treadmill,1738,https://www.costco.com/lifesmart-tm22x-powertouch-treadmill.product.4000401335.html
4000401490,Rabbit Garden Statues Set of Two,1738,https://www.costco.com/rabbit-garden-statues-set-of-two.product.4000401490.html
4000401691,"Snapdragon Foods Vietnamese Pho Bowls, 3.1 oz, 9-count",1738,https://www.costco.com/snapdragon-foods-vietnamese-pho-bowls-31-oz-9-count.product.4000401691.html
4000402707,Aigo E3 Rainbow Kids Electric Scooter,1738,https://www.costco.com/aigo-e3-rainbow-kids-electric-scooter.product.4000402707.html
4000403366,SunVilla Alden 3-piece Outdoor Patio Seating Set,1738,https://www.costco.com/sunvilla-alden-3-piece-outdoor-patio-seating-set.product.4000403366.html
4000403609,Mirador 11.4' Cantilever Umbrella with Rolling Base,1738,https://www.costco.com/mirador-114-cantilever-umbrella-with-rolling-base.product.4000403609.html
4000403639,"Aveeno Skin Relief Body Wash, 18 fl oz, 3-pack",1738,https://www.costco.com/aveeno-skin-relief-body-wash-18-fl-oz-3-pack.product.4000403639.html
4000403893,"GTX Solar LED Pathway Lights, 4-pack",1738,https://www.costco.com/gtx-solar-led-pathway-lights-4-pack.product.4000403893.html
4000403916,"ROC Advanced Hydration + Water Cream, 1.7 oz, 2-pack",1738,https://www.costco.com/roc-advanced-hydration--water-cream-17-oz-2-pack.product.4000403916.html
4000404510,"Apple AirPods Pro 3, Wireless Earbuds, Active Noise Cancellation, Hearing Aid Feature, Heart Rate Sensing, Includes 2 Years of AppleCare+",1738,https://www.costco.com/apple-airpods-pro-3-wireless-earbuds-active-noise-cancellation-hearing-aid-feature-heart-rate-sensing-includes-2-years-of-applecare.product.4000404510.html
4000404636,Conair 3-in-1 ExtremeSteam Garment Steamer,1738,https://www.costco.com/conair-3-in-1-extremesteam-garment-steamer.product.4000404636.html
4000404788,"Kirkland Signature Atlantic Blackened Salmon, 6-count",1738,https://www.costco.com/kirkland-signature-atlantic-blackened-salmon-6-count.product.4000404788.html
4000404952,Kohler Rodean Kitchen Sink Faucet,1738,https://www.costco.com/kohler-rodean-kitchen-sink-faucet.product.4000404952.html
4000405500,"GUM Professional Clean Floss Picks, 150-count, 3-pack",1738,https://www.costco.com/gum-professional-clean-floss-picks-150-count-3-pack.product.4000405500.html
4000405875,"Sports Research CoQ10 200mg, 150ct",1738,https://www.costco.com/sports-research-coq10-200mg-150ct.product.4000405875.html
4000405878,"Sports Research Vitamin C Liposomal, 1000 mg, 180 Veggie Capsules",1738,https://www.costco.com/sports-research-vitamin-c-liposomal-1000-mg-180-veggie-capsules.product.4000405878.html
4000406201,"Sports Research Omega-3 Krill Oil Superba2 1000mg, 90ct Softgels",1738,https://www.costco.com/sports-research-omega-3-krill-oil-superba2-1000mg-90ct-softgels.product.4000406201.html
4000406458,Ninja Fireside360 Outdoor Heater & Fire Pit and Top Cover Bundle,1738,https://www.costco.com/ninja-fireside360-outdoor-heater--fire-pit-and-top-cover-bundle.product.4000406458.html
4000406542,Belkin 3-in-1 Charging Stand Qi2 25W,1738,https://www.costco.com/belkin-3-in-1-charging-stand-qi2-25w.product.4000406542.html
4000406751,SunVilla Bernard 6-piece Outdoor Patio Seating Set,1738,https://www.costco.com/sunvilla-bernard-6-piece-outdoor-patio-seating-set.product.4000406751.html
4000406817,"Aleve Naproxen Sodium 220 mg Pain Reliever, Fever Reducer, 180 Liquid Gel Capsules",1738,https://www.costco.com/aleve-naproxen-sodium-220-mg-pain-reliever-fever-reducer-180-liquid-gel-capsules.product.4000406817.html
4000407636,"SANUS Preferred 26""-65"" Full-Motion TV Mount",1738,https://www.costco.com/sanus-preferred-26-65-full-motion-tv-mount.product.4000407636.html
4000407650,Coddle Luke Sleeper Sectional with Reversible Chaise and Storage,1738,https://www.costco.com/coddle-luke-sleeper-sectional-with-reversible-chaise-and-storage.product.4000407650.html
4000407757,SunVilla Anchor 9-piece Outdoor Patio Dining Set with Folding Chairs,1738,https://www.costco.com/sunvilla-anchor-9-piece-outdoor-patio-dining-set-with-folding-chairs.product.4000407757.html
4000408506,14kt Yellow Gold Paperclip Necklace,1738,https://www.costco.com/14kt-yellow-gold-paperclip-necklace.product.4000408506.html
4000408711,SunVilla Knox 6-piece Outdoor Patio Seating Set,1738,https://www.costco.com/sunvilla-knox-6-piece-outdoor-patio-seating-set.product.4000408711.html
4000408849,"Nello Supercalm Drink Mix, Variety Pack, 26-ct",1738,https://www.costco.com/nello-supercalm-drink-mix-variety-pack-26-ct.product.4000408849.html
4000409092,"OLLY Men's Multivitamin Gummy, 200 Gummies",1738,https://www.costco.com/olly-mens-multivitamin-gummy-200-gummies.product.4000409092.html
4000409796,"Metamucil Fiber Gummies, 150 Gummies",1738,https://www.costco.com/metamucil-fiber-gummies-150-gummies.product.4000409796.html
4000409800,Lifetime 170-Gallon Resin Outdoor Storage Deck Box,1738,https://www.costco.com/lifetime-170-gallon-resin-outdoor-storage-deck-box.product.4000409800.html
4000409855,"belVita Energy Snack Bites Variety Pack, 25-count",1738,https://www.costco.com/belvita-energy-snack-bites-variety-pack-25-count.product.4000409855.html
4000409907,Chirp Contour Decompression and Massage Roller Table with Additional Roller Set,1738,https://www.costco.com/chirp-contour-decompression-and-massage-roller-table-with-additional-roller-set.product.4000409907.html
4000410069,"Kirkland Signature Powder Laundry Detergent, 200 Loads, 348.8 oz",1738,https://www.costco.com/kirkland-signature-powder-laundry-detergent-200-loads-3488-oz.product.4000410069.html
4000410163,H2OGO! Inflatable Family Lounge Pool,1738,https://www.costco.com/.product.4000410163.html
4000410992,Henredon Caley Reversible Sofa Chaise with Ottoman,1738,https://www.costco.com/henredon-caley-reversible-sofa-chaise-with-ottoman.product.4000410992.html
4000411063,Artika Eclipse Solar String Light with Remote,1738,https://www.costco.com/artika-eclipse-solar-string-light-with-remote.product.4000411063.html
4000411433,"Natrol Melatonin 10mg Gummies, 200ct",1738,https://www.costco.com/natrol-melatonin-10mg-gummies-200ct.product.4000411433.html
4000411477,"Feit Electric 100W Replacement 5-CCT LED Classic Glass A19 Bulbs, 4-pack",1738,https://www.costco.com/feit-electric-100w-replacement-5-cct-led-classic-glass-a19-bulbs-4-pack.product.4000411477.html
4000411755,"Kirkland Signature Crispy Wings with Classic Buffalo Sauce, 64 oz",1738,https://www.costco.com/kirkland-signature-crispy-wings-with-classic-buffalo-sauce-64-oz.product.4000411755.html
4000411774,JBL Cinema SB595 3.1.2 Ch Soundbar with Wireless Subwoofer,1738,https://www.costco.com/jbl-cinema-sb595-312-ch-soundbar-with-wireless-subwoofer.product.4000411774.html
4000411792,Jackery Explorer 1500 v2 Solar Generator with Solar Panel 100Air,1738,https://www.costco.com/jackery-explorer-1500-v2-solar-generator-with-solar-panel-100air.product.4000411792.html
4000412083,Feit Electric 15” Round Ceiling Fixture with Night Light,1738,https://www.costco.com/feit-electric-15-round-ceiling-fixture-with-night-light.product.4000412083.html
4000412306,Hiboy C1 Electric Bike,1738,https://www.costco.com/hiboy-c1-electric-bike.product.4000412306.html
4000412420,"Sparkling Ice Zero Sugar Sparkling Water Purple Variety Pack, 17 fl oz, 24-count",1738,https://www.costco.com/sparkling-ice-zero-sugar-sparkling-water-purple-variety-pack-17-fl-oz-24-count.product.4000412420.html
4000412525,Mohawk Home 12MM Thick 9.4in X 47.2in AC4 Waterproof Surface Laminate Wood Plank Flooring (18.6 sq ft/ctn),1738,https://www.costco.com/mohawk-home-12mm-thick-94in-x-472in-ac4-waterproof-surface-laminate-wood-plank-flooring-186-sq-ftctn.product.4000412525.html
4000412583,"Firman Tri Fuel Portable Generator 7850/6300W Electric Start, Gas, CO Alert",1738,https://www.costco.com/firman-tri-fuel-portable-generator-78506300w-electric-start-gas-co-alert.product.4000412583.html
4000412817,"Ritual Prenatal Multivitamin, 120 Capsules",1738,https://www.costco.com/ritual-prenatal-multivitamin-120-capsules.product.4000412817.html
4000413059,"Sports Research Advanced Multivitamin, 180 Veggie Capsules",1738,https://www.costco.com/sports-research-advanced-multivitamin-180-veggie-capsules.product.4000413059.html
4000413091,GreenPan Reserve Stainless Steel 12-piece Cookware Set,1738,https://www.costco.com/greenpan-reserve-stainless-steel-12-piece-cookware-set.product.4000413091.html
4000413193,"SuperBeets Heart Gummies, Strawberry, 150ct",1738,https://www.costco.com/superbeets-heart-gummies-strawberry-150ct.product.4000413193.html
4000414741,SunVilla Julia Woven Chaise Lounge 2-pack,1738,https://www.costco.com/sunvilla-julia-woven-chaise-lounge-2-pack.product.4000414741.html
4000414778,"Kirkland Signature by Stearns & Foster 14"" Tight Top Lakeridge Mattress",1738,https://www.costco.com/kirkland-signature-by-stearns--foster-14-tight-top-lakeridge-mattress.product.4000414778.html
4000415010,Dynatrap Solar Outdoor Bug Trap 1/4 Acre,1738,https://www.costco.com/dynatrap-solar-outdoor-bug-trap-14-acre.product.4000415010.html
4000415351,"BARNUM'S Animal Crackers, 1 oz, 30-count",1738,https://www.costco.com/barnums-animal-crackers-1-oz-30-count.product.4000415351.html
4000415444,"Tide Pods Laundry Detergent Pods, Free & Gentle, 152-count",1738,https://www.costco.com/tide-pods-laundry-detergent-pods-free--gentle-152-count.product.4000415444.html
4000415850,Tresanti Kathryn Vanity Table with Adjustable LED Lighted Mirror,1738,https://www.costco.com/tresanti-kathryn-vanity-table-with-adjustable-led-lighted-mirror.product.4000415850.html
4000415903,"Oats Overnight Variety Pack, 30g Protein Shake, Fudge Brownie, Cookies & Cream, 14-pack",1738,https://www.costco.com/oats-overnight-variety-pack-30g-protein-shake-fudge-brownie-cookies--cream-14-pack.product.4000415903.html
4000415938,LifeStraw Water Filter Variety Pack,1738,https://www.costco.com/lifestraw-water-filter-variety-pack.product.4000415938.html
4000416065,Soundcore Space One Noise Cancelling Headphones,1738,https://www.costco.com/soundcore-space-one-noise-cancelling-headphones.product.4000416065.html
4000416239,"Kirkland Signature Ultra Soft Fabric Softener, 257 Loads, 150 fl oz",1738,https://www.costco.com/kirkland-signature-ultra-soft-fabric-softener-257-loads-150-fl-oz.product.4000416239.html
4000416377,"Novaform 16"" Legacy Elite Premier Hybrid Euro Top Mattress",1738,https://www.costco.com/novaform-16-legacy-elite-premier-hybrid-euro-top-mattress.product.4000416377.html
4000416452,"Kirkland Signature Milk Chocolate Covered Almonds, 48 oz",1738,https://www.costco.com/kirkland-signature-milk-chocolate-covered-almonds-48-oz.product.4000416452.html
4000417223,Henredon Arlow 4-piece Outdoor Patio Seating Set,1738,https://www.costco.com/henredon-arlow-4-piece-outdoor-patio-seating-set.product.4000417223.html
4000417255,SunVilla 13ft. Round 3-Tier Cantilever Umbrella,1738,https://www.costco.com/sunvilla-13ft-round-3-tier-cantilever-umbrella.product.4000417255.html
4000417483,"Vital Proteins Collagen Gummies, Raspberry 256 Count",1738,https://www.costco.com/vital-proteins-collagen-gummies-raspberry-256-count.product.4000417483.html
4000417530,BISSELL Little Green MultiClean Wet and Dry Portable Carpet and Upholstery Cleaner,1738,https://www.costco.com/bissell-little-green-multiclean-wet-and-dry-portable-carpet-and-upholstery-cleaner.product.4000417530.html
4000417685,"Olay Every Night Retinol, 1.7 oz, 2-pack",1738,https://www.costco.com/olay-every-night-retinol-17-oz-2-pack.product.4000417685.html
4000417736,"Olay Regenerist 10, 1.7 oz, 2-pack",1738,https://www.costco.com/olay-regenerist-10-17-oz-2-pack.product.4000417736.html
4000417929,"Tide Pods Laundry Detergent Pods, Spring Meadow, 156-count",1738,https://www.costco.com/tide-pods-laundry-detergent-pods-spring-meadow-156-count.product.4000417929.html
4000417937,14kt Yellow Gold High Polish Clover Stud Earrings,1738,https://www.costco.com/14kt-yellow-gold-high-polish-clover-stud-earrings.product.4000417937.html
4000418001,Weber Genesis C-435S Gas Grill,1738,https://www.costco.com/weber-genesis-c-435s-gas-grill.product.4000418001.html
4000418055,"Kirkland Signature Men's Tencel Boxer Brief, 4-pack",1738,https://www.costco.com/kirkland-signature-mens-tencel-boxer-brief-4-pack.product.4000418055.html
4000418223,"Bose SoundLink Flex SE Gen 2 Portable Waterproof Bluetooth Speaker, in Blue",1738,https://www.costco.com/bose-soundlink-flex-se-gen-2-portable-waterproof-bluetooth-speaker-in-blue.product.4000418223.html
4000418227,Hoody's Honey Roasted Nut Mix,1738,https://www.costco.com/hoodys-honey-roasted-nut-mix.product.4000418227.html
4000418526,Adam's Polishes Ultimate 12-piece Detailing Kit,1738,https://www.costco.com/adams-polishes-ultimate-12-piece-detailing-kit.product.4000418526.html
4000418551,"Solely Organic Fruit Jerky Variety Pack, 0.8 oz, 16-count",1738,https://www.costco.com/solely-organic-fruit-jerky-variety-pack-08-oz-16-count.product.4000418551.html
4000419023,"Little Giant Ladders Megalite M18 Telescoping Multi-position Ladder with Ladder Rack, 18-ft Reach",1738,https://www.costco.com/little-giant-ladders-megalite-m18-telescoping-multi-position-ladder-with-ladder-rack-18-ft-reach.product.4000419023.html
4000419032,KidKraft Summit Vista Swing Set,1738,https://www.costco.com/kidkraft-summit-vista-swing-set.product.4000419032.html
4000419100,"MaryRuth's Liquid Morning Multivitamin + Hair Growth, Peach Mango, 22 fl. oz., 2-pack",1738,https://www.costco.com/maryruths-liquid-morning-multivitamin--hair-growth-peach-mango-22-fl-oz-2-pack.product.4000419100.html
4000419156,"Sereen Fabric Swivel Accent Chair, Taupe",1738,https://www.costco.com/sereen-fabric-swivel-accent-chair-taupe.product.4000419156.html
4000419757,SPIRE 550X 6 Burner Gas Grill,1738,https://www.costco.com/spire-550x-6-burner-gas-grill.product.4000419757.html
4000419887,Rowenta Pro Steam Iron,1738,https://www.costco.com/rowenta-pro-steam-iron.product.4000419887.html
4000420266,Lathan 48” Round Dining Table and 4 Chairs,1738,https://www.costco.com/.product.4000420266.html
4000420284,"Nature Valley Crispy Creamy Wafer Bars, Variety Pack, 1.3 oz, 28-count",1738,https://www.costco.com/nature-valley-crispy-creamy-wafer-bars-variety-pack-13-oz-28-count.product.4000420284.html
4000420285,"Avocado Organic 13"" Medium-Plush Pillowtop Hybrid Mattress",1738,https://www.costco.com/avocado-organic-13-medium-plush-pillowtop-hybrid-mattress.product.4000420285.html
4000420691,Artika Royce 32” x 24” LED Wall Mirror with Defogger,1738,https://www.costco.com/artika-royce-32-x-24-led-wall-mirror-with-defogger.product.4000420691.html
4000421002,Artika Bowen Solar LED Address Wall Light,1738,https://www.costco.com/artika-bowen-solar-led-address-wall-light.product.4000421002.html
4000421286,Mendocino Dining Table and 8 Chairs,1738,https://www.costco.com/.product.4000421286.html
4000421362,"Ophelia Counter Height Swivel Stool, Set of 2",1738,https://www.costco.com/.product.4000421362.html
4000421581,eufy Video Doorbell with Dual Cameras - No Monthly Fees,1738,https://www.costco.com/eufy-video-doorbell-with-dual-cameras---no-monthly-fees.product.4000421581.html
4000421602,Greenworks 80V 730 CFM Blower & 17” String Trimmer,1738,https://www.costco.com/greenworks-80v-730-cfm-blower--17-string-trimmer.product.4000421602.html
4000422212,Tineco GO HammerHead MessDetect Ultra Cordless Mop and Vacuum,1738,https://www.costco.com/tineco-go-hammerhead-messdetect-ultra-cordless-mop-and-vacuum.product.4000422212.html
4000422253,"United Weavers Urban Impressions WPC Flooring 8 MM Thick with 22 Mil Wear Layer, 14.74 sq.ft/ctn",1738,https://www.costco.com/united-weavers-urban-impressions-wpc-flooring-8-mm-thick-with-22-mil-wear-layer-1474-sqftctn.product.4000422253.html
4000422340,Tramontina 8-Quart Stainless Steel Tri-ply Base Multicooker with Pasta Insert,1738,https://www.costco.com/tramontina-8-quart-stainless-steel-tri-ply-base-multicooker-with-pasta-insert.product.4000422340.html
4000423630,"Cascade Complete Shine Boost Dishwasher Detergent ActionPacs, Fresh, 92-count",1738,https://www.costco.com/cascade-complete-shine-boost-dishwasher-detergent-actionpacs-fresh-92-count.product.4000423630.html
4000424142,"Chomps Smokey BBQ Seasoned Beef Sticks, 1.15 oz, 12-count",1738,https://www.costco.com/chomps-smokey-bbq-seasoned-beef-sticks-115-oz-12-count.product.4000424142.html
4000424429,RinseKit Pro 2.0 Portable Shower,1738,https://www.costco.com/rinsekit-pro-20-portable-shower.product.4000424429.html
4000424476,Serenity by Tempur-Pedic Frost Cooling Memory Foam Pillow,1738,https://www.costco.com/serenity-by-tempur-pedic-frost-cooling-memory-foam-pillow.product.4000424476.html
4000424664,"Henredon Murphy Swivel Boucle Chair, Gray",1738,https://www.costco.com/henredon-murphy-swivel-boucle-chair-gray.product.4000424664.html
4000425266,"Hawaiian Tropic Sheer Touch Lotion Sunscreen SPF 30, 10.8 fl oz, 2-pack",1738,https://www.costco.com/hawaiian-tropic-sheer-touch-lotion-sunscreen-spf-30-108-fl-oz-2-pack.product.4000425266.html
4000425768,"Glucerna Original Diabetic Nutrition Shake, 8 fl oz, 24-pack, Vanilla",1738,https://www.costco.com/glucerna-original-diabetic-nutrition-shake-8-fl-oz-24-pack-vanilla.product.4000425768.html
4000426490,"Rao's Homemade Marinara Sauce, 31.7 oz, 2-count",1738,https://www.costco.com/raos-homemade-marinara-sauce-317-oz-2-count.product.4000426490.html
4000426511,Augusta Dining Table and 6 Chairs,1738,https://www.costco.com/.product.4000426511.html
4000426545,"Skinny Dipped Dark Chocolate Coconut Almond Bites, 30-count",1738,https://www.costco.com/skinny-dipped-dark-chocolate-coconut-almond-bites-30-count.product.4000426545.html
4000426561,Lifesmart TM55 PowerTouch Treadmill,1738,https://www.costco.com/lifesmart-tm55-powertouch-treadmill.product.4000426561.html
4000426972,"Once Upon a Farm Organic Immunity Blends Variety Pack, 3.2 fl oz, 12-count",1738,https://www.costco.com/once-upon-a-farm-organic-immunity-blends-variety-pack-32-fl-oz-12-count.product.4000426972.html
4000427075,"Samsung Galaxy Tab A11+ 11.0"" Wi-Fi Tablet 128GB - Includes Book Cover",1738,https://www.costco.com/samsung-galaxy-tab-a11-110-wi-fi-tablet-128gb---includes-book-cover.product.4000427075.html
4000427430,"Grüns Adult Greens Gummies, 35 Daily Packs",1738,https://www.costco.com/grns-adult-greens-gummies-35-daily-packs.product.4000427430.html
4000427496,"L'Oreal Paris Voluminous Panorama Mascara, Blackest Black, 0.33 fl oz, 2 -pack",1738,https://www.costco.com/loreal-paris-voluminous-panorama-mascara-blackest-black-033-fl-oz-2--pack.product.4000427496.html
4000427499,"Dr. Groot Scalp Revitalizing Conditioner, 9.46 fl oz, 2-pack",1738,https://www.costco.com/dr-groot-scalp-revitalizing-conditioner-946-fl-oz-2-pack.product.4000427499.html
4000427726,Disney Youth Hooded Varsity Jacket,1738,https://www.costco.com/.product.4000427726.html
4000428043,"Force Factor Total Beets Chews, 90 Soft Chews",1738,https://www.costco.com/force-factor-total-beets-chews-90-soft-chews.product.4000428043.html
4000428056,Infinity X1 2000L Camp Site Light,1738,https://www.costco.com/infinity-x1-2000l-camp-site-light.product.4000428056.html
4000428283,SHOKZ OpenFit 2 SE Open-Ear True Wireless Earbuds,1738,https://www.costco.com/shokz-openfit-2-se-open-ear-true-wireless-earbuds.product.4000428283.html
4000428870,Nordic Ware Deluxe Kettle Smoker with 5 Woodchip Varieties,1738,https://www.costco.com/nordic-ware-deluxe-kettle-smoker-with-5-woodchip-varieties.product.4000428870.html
4000428916,Harry's Chrome Edition Razor Set 16 Cartridges + 1 Handle,1738,https://www.costco.com/harrys-chrome-edition-razor-set-16-cartridges--1-handle.product.4000428916.html
4000429112,Ninja DualBrew Grounds & Pods Hot & Iced Coffee Maker with Rapid Cold Brew,1738,https://www.costco.com/ninja-dualbrew-grounds--pods-hot--iced-coffee-maker-with-rapid-cold-brew.product.4000429112.html
4000430343,Braun Series 9 Sport + Electric Shaver with Clean and Charge Station and Travel Case,1738,https://www.costco.com/braun-series-9-sport--electric-shaver-with-clean-and-charge-station-and-travel-case.product.4000430343.html
4000430710,"Premier 30g Protein PLUS Energy and Immune Support Shakes, Chocolate, 11 fl oz, 18-pack",1738,https://www.costco.com/premier-30g-protein-plus-energy-and-immune-support-shakes-chocolate-11-fl-oz-18-pack.product.4000430710.html
4000430749,"Premier 30g Protein PLUS Energy and Immune Support Shakes, Cafe Latte, 11 fl oz, 18-pack",1738,https://www.costco.com/premier-30g-protein-plus-energy-and-immune-support-shakes-cafe-latte-11-fl-oz-18-pack.product.4000430749.html
4000430793,&honey Deep Moist Shampoo & Conditioner Set,1738,https://www.costco.com/honey-deep-moist-shampoo--conditioner-set.product.4000430793.html
4000430800,"Premier 30g Protein PLUS Energy and Immune Support Shakes, Strawberries & Cream, 11 fl oz, 18-pack",1738,https://www.costco.com/premier-30g-protein-plus-energy-and-immune-support-shakes-strawberries--cream-11-fl-oz-18-pack.product.4000430800.html
4000430802,InfinitiPRO by Conair High-Speed Digital Dryer,1738,https://www.costco.com/infinitipro-by-conair-high-speed-digital-dryer.product.4000430802.html
4000430806,Kohler Tresham 2-piece Elongated Toilet,1738,https://www.costco.com/kohler-tresham-2-piece-elongated-toilet.product.4000430806.html
4000430814,"Premier 30g Protein PLUS Energy and Immune Support Shakes, Vanilla, 11 fl oz, 18-pack",1738,https://www.costco.com/premier-30g-protein-plus-energy-and-immune-support-shakes-vanilla-11-fl-oz-18-pack.product.4000430814.html
4000431282,"Coddle Cameron Convertible Sofa with Reversible Chaise and Storage, Taupe",1738,https://www.costco.com/coddle-cameron-convertible-sofa-with-reversible-chaise-and-storage-taupe.product.4000431282.html
4000431641,"Sealy Posturepedic Pro Omak Valley 13"" Firm Hybrid Mattress",1738,https://www.costco.com/sealy-posturepedic-pro-omak-valley-13-firm-hybrid-mattress.product.4000431641.html
4000431664,Almost Heaven Arcadia 2-person Outdoor Barrel Sauna,1738,https://www.costco.com/almost-heaven-arcadia-2-person-outdoor-barrel-sauna.product.4000431664.html
4000431693,Roborock QX Revo PLUS Robot Vacuum and Mop with Multifunctional Dock 3.0,1738,https://www.costco.com/roborock-qx-revo-plus-robot-vacuum-and-mop-with-multifunctional-dock-30.product.4000431693.html
4000432058,DeWalt Lithium Jump Starter with Compressor and USB Power Bank,1738,https://www.costco.com/dewalt-lithium-jump-starter-with-compressor-and-usb-power-bank.product.4000432058.html
4000432274,"Design Optics by Foster Grant #669 Upsweep Cateye Reading Glasses, 3- pack",1738,https://www.costco.com/design-optics-by-foster-grant-669-upsweep-cateye-reading-glasses-3--pack.product.4000432274.html
4000432481,Duracell 5000L Tri-Powered Lantern,1738,https://www.costco.com/duracell-5000l-tri-powered-lantern.product.4000432481.html
4000432874,"Nexxus Advanced Hydration Therappe Humectress Shampoo & Conditioner, 32 fl oz each",1738,https://www.costco.com/nexxus-advanced-hydration-therappe-humectress-shampoo--conditioner-32-fl-oz-each.product.4000432874.html
4000433207,BFGoodrich Premium Front and Rear Beam Wiper Blades,1738,https://www.costco.com/bfgoodrich-premium-front-and-rear-beam-wiper-blades.product.4000433207.html
4000433284,TYPE S Portable Jump Starter with Powerguide Assistance & Flashlight,1738,https://www.costco.com/type-s-portable-jump-starter-with-powerguide-assistance--flashlight.product.4000433284.html
4000433550,"Anistyn Wood Bed Frame with Upholstered Headboard, Gray Finish",1738,https://www.costco.com/anistyn-wood-bed-frame-with-upholstered-headboard-gray-finish.product.4000433550.html
4000434033,"Lasko Super Fan MAX, 4-Speed Multi-Purpose Compact Air Mover, Blower Fan",1738,https://www.costco.com/lasko-super-fan-max-4-speed-multi-purpose-compact-air-mover-blower-fan.product.4000434033.html
4000434121,"Olay Essential Botanical Body Wash, 23.6 fl oz, 3-pack",1738,https://www.costco.com/olay-essential-botanical-body-wash-236-fl-oz-3-pack.product.4000434121.html
4000434449,KitchenAid 24 in. 360 Max Jets Third Rack Dishwasher with 90-Minute Normal Cycle,1738,https://www.costco.com/kitchenaid-24-in-360-max-jets-third-rack-dishwasher-with-90-minute-normal-cycle.product.4000434449.html
4000434450,LifeTrend Classic Cold Plunge with Chiller System,1738,https://www.costco.com/lifetrend-classic-cold-plunge-with-chiller-system.product.4000434450.html
4000434487,"LG 27"" Full HD 100Hz Monitor with HDR 10 and USB Type-C 15W P",1738,https://www.costco.com/lg-27-full-hd-100hz-monitor-with-hdr-10-and-usb-type-c-15w-p.product.4000434487.html
4000434515,"Kirkland Signature Tonkotsu Pork Ramen Broth, 32 fl oz, 4-count",1738,https://www.costco.com/kirkland-signature-tonkotsu-pork-ramen-broth-32-fl-oz-4-count.product.4000434515.html
4000434521,"Dove Men +Care Body & Face Wash, 32 fl oz, 2-pack",1738,https://www.costco.com/dove-men-care-body--face-wash-32-fl-oz-2-pack.product.4000434521.html
4000434872,"Quest Protein Bar Variety Pack, 2.12 oz, 16-count",1738,https://www.costco.com/quest-protein-bar-variety-pack-212-oz-16-count.product.4000434872.html
4000434974,Ello 10-piece Glass Meal Prep Container Set.,1738,https://www.costco.com/ello-10-piece-glass-meal-prep-container-set.product.4000434974.html
4000434994,Shark BreatheClear MAX With NeverChange Air Purifier,1738,https://www.costco.com/shark-breatheclear-max-with-neverchange-air-purifier.product.4000434994.html
4000435427,"Cascade Platinum Liquid Dishwasher Detergent, Fresh, 125 fl oz",1738,https://www.costco.com/cascade-platinum-liquid-dishwasher-detergent-fresh-125-fl-oz.product.4000435427.html
4000435562,Nintendo Switch 2 + NSO + Memory Card Bundle,1738,https://www.costco.com/nintendo-switch-2--nso--memory-card-bundle.product.4000435562.html
4000435609,Thomasville Daxton Wood and Upholstered Bed Frame,1738,https://www.costco.com/thomasville-daxton-wood-and-upholstered-bed-frame.product.4000435609.html
4000435655,Kohler Calidus 2-piece Elongated Toilet,1738,https://www.costco.com/kohler-calidus-2-piece-elongated-toilet.product.4000435655.html
4000435907,Pioneer PSX615 700 Watt All-In-One Party Speaker with Auracast,1738,https://www.costco.com/pioneer-psx615-700-watt-all-in-one-party-speaker-with-auracast.product.4000435907.html
4000435912,"Bayer Aspirin Regimen Low Dose 81 mg., 365 Enteric Coated Tablets",1738,https://www.costco.com/bayer-aspirin-regimen-low-dose-81-mg-365-enteric-coated-tablets.product.4000435912.html
4000435997,Joy-Con 2 (L)/(R) Light Purple/Light Green - Nintendo Switch 2,1738,https://www.costco.com/joy-con-2-lr-light-purplelight-green---nintendo-switch-2.product.4000435997.html
4000436304,Wren Zero Gravity Power Leather Recliner with Power Headrest,1738,https://www.costco.com/wren-zero-gravity-power-leather-recliner-with-power-headrest.product.4000436304.html
4000436803,"Beautyrest Cooling Memory Foam Cluster Pillow, 2-pack",1738,https://www.costco.com/beautyrest-cooling-memory-foam-cluster-pillow-2-pack.product.4000436803.html
4000437479,"Purina Friskies Pate Wet Cat Food Variety Pack, 5.5 oz, 60-count",1738,https://www.costco.com/purina-friskies-pate-wet-cat-food-variety-pack-55-oz-60-count.product.4000437479.html
4000437576,Weber Genesis C-335E Gas Grill,1738,https://www.costco.com/weber-genesis-c-335e-gas-grill.product.4000437576.html
4000437994,"Bulova Classic Stainless Steel Diamond Rectangle Blue Dial Women's Quartz Watch, 21mm",1738,https://www.costco.com/bulova-classic-stainless-steel-diamond-rectangle-blue-dial-womens-quartz-watch-21mm.product.4000437994.html
4000438243,COSCO 5-in-1 Convertible Hand Truck with 3 Position Extendable Handle,1738,https://www.costco.com/cosco-5-in-1-convertible-hand-truck-with-3-position-extendable-handle.product.4000438243.html
4000438670,"MiraFAST Soft Chews, 100 Soft Chews",1738,https://www.costco.com/mirafast-soft-chews-100-soft-chews.product.4000438670.html
4000438748,"Alani Nu Energy Drink, Cotton Candy Variety Pack, 12 fl oz, 18-count",1738,https://www.costco.com/alani-nu-energy-drink-cotton-candy-variety-pack-12-fl-oz-18-count.product.4000438748.html
4000438931,"Nurri 30g Protein Shake, Chocolate, 11 fl oz , 15-pack",1738,https://www.costco.com/nurri-30g-protein-shake-chocolate-11-fl-oz--15-pack.product.4000438931.html
4000438933,"Nurri 30g Protein Shake, Coffee, 11 fl oz, 15-pack",1738,https://www.costco.com/nurri-30g-protein-shake-coffee-11-fl-oz-15-pack.product.4000438933.html
4000438966,"Kirkland Signature Five Cheese Tortelloni, 24 oz, 2-count",1738,https://www.costco.com/kirkland-signature-five-cheese-tortelloni-24-oz-2-count.product.4000438966.html
4000438985,"Dawn Platimum Advanced Power Dishwashing Liquid, Fresh, 90 fl oz",1738,https://www.costco.com/dawn-platimum-advanced-power-dishwashing-liquid-fresh-90-fl-oz.product.4000438985.html
4000439027,"Nurri 30g Protein Shake, Vanilla, 11 fl oz, 15-pack",1738,https://www.costco.com/nurri-30g-protein-shake-vanilla-11-fl-oz-15-pack.product.4000439027.html
4000439540,"Seeds of Change Organic Quinoa & Brown Rice with Garlic & Lentils, 6-count",1738,https://www.costco.com/seeds-of-change-organic-quinoa--brown-rice-with-garlic--lentils-6-count.product.4000439540.html
4000439630,Mohawk Home 6MM Thick x 9.43in x 47.8in 22 mil Waterproof Luxury Vinyl Plank Flooring (15.65 sq ft/ctn),1738,https://www.costco.com/mohawk-home-6mm-thick-x-943in-x-478in-22-mil-waterproof-luxury-vinyl-plank-flooring-1565-sq-ftctn.product.4000439630.html
4000439899,"Garden of Life Advanced Women's Daily Care Probiotic, 60 Capsules",1738,https://www.costco.com/garden-of-life-advanced-womens-daily-care-probiotic-60-capsules.product.4000439899.html
4000439916,"Gatorade Lower Sugar, Variety Pack, 12 fl oz, 24-count",1738,https://www.costco.com/gatorade-lower-sugar-variety-pack-12-fl-oz-24-count.product.4000439916.html
4000441170,"Kirkland Signature Popcorn, Sea Salt, 0.65 oz, 36-count",1738,https://www.costco.com/kirkland-signature-popcorn-sea-salt-065-oz-36-count.product.4000441170.html
4000441192,Kirkland Signature Micellar Facial Cleansing Wipes 180-count,1738,https://www.costco.com/kirkland-signature-micellar-facial-cleansing-wipes-180-count.product.4000441192.html
4000441835,"Mr. Clean Magic Eraser, Whole Home Extra Durable, 18-count",1738,https://www.costco.com/mr-clean-magic-eraser-whole-home-extra-durable-18-count.product.4000441835.html
4000442683,"Olipop Mini Soda, Variety Pack, 7.5 fl oz, 15-count",1738,https://www.costco.com/olipop-mini-soda-variety-pack-75-fl-oz-15-count.product.4000442683.html
4000442727,"Covergirl Lash Blast Volume Mascara, 3-pack",1738,https://www.costco.com/covergirl-lash-blast-volume-mascara-3-pack.product.4000442727.html
4000443169,Energetic Lighting 14” Arcadia Flush Mount with Selectable CCT & Halo Accent Light,1738,https://www.costco.com/energetic-lighting-14-arcadia-flush-mount-with-selectable-cct--halo-accent-light.product.4000443169.html
4000443229,"Kirkland Signature Sport Drink, Variety Pack, 12 fl oz, 24-count",1738,https://www.costco.com/kirkland-signature-sport-drink-variety-pack-12-fl-oz-24-count.product.4000443229.html
4000444157,"Tasty Bite Organic Madras Lentils, 10 oz, 8-count",1738,https://www.costco.com/tasty-bite-organic-madras-lentils-10-oz-8-count.product.4000444157.html
4000444178,"Kirkland Signature Sparkling Energy Drink, Variety Pack, 12 fl oz, 24-count",1738,https://www.costco.com/kirkland-signature-sparkling-energy-drink-variety-pack-12-fl-oz-24-count.product.4000444178.html
4000444184,Frigidaire Gallery Garage Ready 7 cu. ft. Convertible Chest Freezer with Black Granite Finish,1738,https://www.costco.com/frigidaire-gallery-garage-ready-7-cu-ft-convertible-chest-freezer-with-black-granite-finish.product.4000444184.html
4000444227,AirPods 5 with Active Noise Cancellation,1738,https://www.costco.com/airpods-5-with-active-noise-cancellation.product.4000444227.html
4000444232,"MacBook Air Laptop (15-inch) with Apple M5 Chip, Built for Apple Intelligence",1738,https://www.costco.com/macbook-air-laptop-15-inch-with-apple-m5-chip-built-for-apple-intelligence.product.4000444232.html
4000444264,"MacBook Pro Laptop (14-inch) - Apple M5 Pro Chip, Built for Apple Intelligence, 15-core CPU, 16-core GPU, 24GB Memory, 1TB SSD Storage",1738,https://www.costco.com/macbook-pro-laptop-14-inch---apple-m5-pro-chip-built-for-apple-intelligence-15-core-cpu-16-core-gpu-24gb-memory-1tb-ssd-storage.product.4000444264.html
4000444273,"Apple Watch Series 12 (GPS) 46mm Case with Sport Band (Size M/L), Hypertension Notifications, Sleep Score, Advanced Workout Metrics",1738,https://www.costco.com/apple-watch-series-12-gps-46mm-case-with-sport-band-size-ml-hypertension-notifications-sleep-score-advanced-workout-metrics.product.4000444273.html
4000444288,"MacBook Pro Laptop (16-inch) - Apple M5 Pro Chip, Built for Apple Intelligence, 18-core CPU, 20-core GPU, 24GB Memory, 1TB SSD Storage",1738,https://www.costco.com/macbook-pro-laptop-16-inch---apple-m5-pro-chip-built-for-apple-intelligence-18-core-cpu-20-core-gpu-24gb-memory-1tb-ssd-storage.product.4000444288.html
4000444297,"Mac mini Desktop Computer - Apple M6 chip, Built for Apple Intelligence, 12-core CPU, 12-core GPU, 16GB Memory, 256GB SSD Storage",1738,https://www.costco.com/mac-mini-desktop-computer---apple-m6-chip-built-for-apple-intelligence-12-core-cpu-12-core-gpu-16gb-memory-256gb-ssd-storage.product.4000444297.html
4000444327,Apple Watch SE 3 (GPS) 40mm Case with Sport Band (Size S/M),1738,https://www.costco.com/apple-watch-se-3-gps-40mm-case-with-sport-band-size-sm.product.4000444327.html
4000444330,"iPad Air 13-inch, 128GB Wi-Fi (M4 chip) Built For Apple Intelligence",1738,https://www.costco.com/ipad-air-13-inch-128gb-wi-fi-m4-chip-built-for-apple-intelligence.product.4000444330.html
4000444336,"MacBook Air Laptop (13-inch) with Apple M5 Chip, Built for Apple Intelligence",1738,https://www.costco.com/macbook-air-laptop-13-inch-with-apple-m5-chip-built-for-apple-intelligence.product.4000444336.html
4000444338,Apple Watch Ultra 4 (GPS + Cellular) 49mm Black Titanium Case with 5G and Satellite Communications (Size M/L),1738,https://www.costco.com/apple-watch-ultra-4-gps--cellular-49mm-black-titanium-case-with-5g-and-satellite-communications-size-ml.product.4000444338.html
4000444349,"iPad Air 11-inch, 128GB Wi-Fi (M4 chip) Built For Apple Intelligence",1738,https://www.costco.com/ipad-air-11-inch-128gb-wi-fi-m4-chip-built-for-apple-intelligence.product.4000444349.html
4000444356,"Apple Watch Series 12 (GPS) 42mm Case with Sport Band (Size S/M), Hypertension Notifications, Sleep Score, Advanced Workout Metrics.",1738,https://www.costco.com/apple-watch-series-12-gps-42mm-case-with-sport-band-size-sm-hypertension-notifications-sleep-score-advanced-workout-metrics.product.4000444356.html
4000444448,"Finish Powerball Ultimate Quantum Dish Detergent Tabs, 90-count",1738,https://www.costco.com/finish-powerball-ultimate-quantum-dish-detergent-tabs-90-count.product.4000444448.html
4000444453,"Tide Pods with Ultra Oxi Laundry Detergent Pods, 100-count",1738,https://www.costco.com/tide-pods-with-ultra-oxi-laundry-detergent-pods-100-count.product.4000444453.html
4000444539,"Nello Superfocus Drink Mix, 26-ct, Variety Pack",1738,https://www.costco.com/nello-superfocus-drink-mix-26-ct-variety-pack.product.4000444539.html
4000444745,"Ghost Energy Drink, Variety Pack, 16 fl oz, 18-count",1738,https://www.costco.com/ghost-energy-drink-variety-pack-16-fl-oz-18-count.product.4000444745.html
4000444766,"Haribo Gummi Candy Happy Mix Variety Pack, 120-count",1738,https://www.costco.com/haribo-gummi-candy-happy-mix-variety-pack-120-count.product.4000444766.html
4000444814,OFF! Clean Feel Mosquito Repellent Picaridin DEET-free Bug Spray Set,1738,https://www.costco.com/off-clean-feel-mosquito-repellent-picaridin-deet-free-bug-spray-set.product.4000444814.html
4000445080,"Muscle Milk 33g Protein Ultra-Filtered Milk Shake, Cookies 'N Crème, 11 fl oz, 18-pack",1738,https://www.costco.com/muscle-milk-33g-protein-ultra-filtered-milk-shake-cookies-n-crme-11-fl-oz-18-pack.product.4000445080.html
4000445388,"MSI Prestige 16 AI+ Copilot+ Laptop - 16"" OLED 2880 x 1800 Touchscreen - Intel Core Ultra X7 358H - 32GB RAM - 1TB SSD - Windows 11",1738,https://www.costco.com/msi-prestige-16-ai-copilot-laptop---16-oled-2880-x-1800-touchscreen---intel-core-ultra-x7-358h---32gb-ram---1tb-ssd---windows-11.product.4000445388.html
4000445406,CyberPowerPC Gamer Xtreme Gaming Desktop - Intel Core Ultra 5 225F - GeForce RTX 5060 - 32GB RAM - 1TB SSD - Windows 11,1738,https://www.costco.com/cyberpowerpc-gamer-xtreme-gaming-desktop---intel-core-ultra-5-225f---geforce-rtx-5060---32gb-ram---1tb-ssd---windows-11.product.4000445406.html
4000445408,Kohler 8L Step Trash Can,1738,https://www.costco.com/kohler-8l-step-trash-can.product.4000445408.html
4000445484,"LG FlushFit Top Control Dishwasher Third Rack and 1-Hour Wash and Dry, 42 dBA",1738,https://www.costco.com/lg-flushfit-top-control-dishwasher-third-rack-and-1-hour-wash-and-dry-42-dba.product.4000445484.html
4000445505,Tresanti Juliette 75” Console with Electric Fireplace,1738,https://www.costco.com/tresanti-juliette-75-console-with-electric-fireplace.product.4000445505.html
4000446220,"Acer Aspire 16"" AI Copilot+ PC Touchscreen Laptop - Intel Core Ultra 5 processor 226V - WUXGA (1920 x 1200) Touchscreen - 16GB RAM - 1TB SSD - Windows 11 Home - Steel Gray",1738,https://www.costco.com/acer-aspire-16-ai-copilot-pc-touchscreen-laptop---intel-core-ultra-5-processor-226v---wuxga-1920-x-1200-touchscreen---16gb-ram---1tb-ssd---windows-11-home---steel-gray.product.4000446220.html
4000446237,"Monster Energy Drink, Ultra Variety Pack, 12 fl oz, 24-count",1738,https://www.costco.com/monster-energy-drink-ultra-variety-pack-12-fl-oz-24-count.product.4000446237.html
4000446283,"Lenovo IdeaPad Slim 5i 16"" Touchscreen Laptop - Intel Core Ultra 7 355 - WUXGA 1920 x 1200 - 16GB RAM - 1TB SSD - Windows 11 Home",1738,https://www.costco.com/lenovo-ideapad-slim-5i-16-touchscreen-laptop---intel-core-ultra-7-355---wuxga-1920-x-1200---16gb-ram----1tb-ssd---windows-11-home.product.4000446283.html
4000446388,"Kinder's Organic Signature Grill Variety Pack, 54.4 oz",1738,https://www.costco.com/kinders-organic-signature-grill-variety-pack-544-oz.product.4000446388.html
4000446425,"Maison Perrier French Kiss Sparkling Juice Beverage, Variety Pack, 11.15 fl oz, 20-count",1738,https://www.costco.com/maison-perrier-french-kiss-sparkling-juice-beverage-variety-pack-1115-fl-oz-20-count.product.4000446425.html
4000446653,"Holiday Hooked Accent Rug, 22” x 38”",1738,https://www.costco.com/holiday-hooked-accent-rug-22-x-38.product.4000446653.html
4000447452,Trudeau 12-piece Glass Airtight Food Containers,1738,https://www.costco.com/trudeau-12-piece-glass-airtight-food-containers.product.4000447452.html
4000447603,"MacBook Neo Laptop (13-inch) - Apple A18 Pro Chip, Built for Apple Intelligence, 6-core CPU, 5-core GPU, 8GB Memory, 256GB SSD Storage",1738,https://www.costco.com/macbook-neo-laptop-13-inch---apple-a18-pro-chip-built-for-apple-intelligence-6-core-cpu-5-core-gpu-8gb-memory-256gb-ssd-storage.product.4000447603.html
4000448442,"Lenovo IdeaPad 5i 2-in-1 15.3"" Touchscreen Copilot+PC - Core Ultra 7 355 - WUXGA (1920 x 1200) - 16GB RAM - 1TB SSD - Windows 11 Home - Digital Pen Included",1738,https://www.costco.com/lenovo-ideapad-5i-2-in-1-153-touchscreen-copilotpc---core-ultra-7-355---wuxga-1920-x-1200---16gb-ram---1tb-ssd---windows-11-home---digital-pen-included.product.4000448442.html
4000448697,"Poppi Soda, Juicy Hits Variety Pack, 12 fl oz, 18-count",1738,https://www.costco.com/poppi-soda-juicy-hits-variety-pack-12-fl-oz-18-count.product.4000448697.html
4000448713,"Celsius Vibe Energy Drink, Variety Pack, 12 fl oz, 18-count",1738,https://www.costco.com/celsius-vibe-energy-drink-variety-pack-12-fl-oz-18-count.product.4000448713.html
4000448737,"Brio 740i Nugget Ice Maker, 44lbs",1738,https://www.costco.com/brio-740i-nugget-ice-maker-44lbs.product.4000448737.html
4000448743,"USA Pan Half Baking Sheets, Set of 2",1738,https://www.costco.com/usa-pan-half-baking-sheets-set-of-2.product.4000448743.html
4000449464,"Yankee Candle Small Tumbler Candle Set, 6-pack",1738,https://www.costco.com/yankee-candle-small-tumbler-candle-set-6-pack.product.4000449464.html
4000449524,"Duracell 1600 Lumen Hybrid Power LED Flashlight, 3-pack",1738,https://www.costco.com/duracell-1600-lumen-hybrid-power-led-flashlight-3-pack.product.4000449524.html
4000449713,"Samsung 43"" Class - U8000H Crystal UHD Series - 4K Smart TV",1738,https://www.costco.com/samsung-43-class---u8000h-crystal-uhd-series---4k-smart-tv.product.4000449713.html
4000449745,"Samsung 50"" Class - U8000H Crystal UHD Series - 4K Smart TV",1738,https://www.costco.com/samsung-50-class---u8000h-crystal-uhd-series---4k-smart-tv.product.4000449745.html
4000449752,"iBUYPOWER Element Gaming PC Desktop - AMD Ryzen 7 9800X3D - NVIDIA GeForce RTX 5070 12GB - 32GB RAM, 2TB SSD",1738,https://www.costco.com/ibuypower-element-gaming-pc-desktop---amd-ryzen-7-9800x3d---nvidia-geforce-rtx-5070-12gb---32gb-ram-2tb-ssd.product.4000449752.html
4000449798,"Feit Electric Triple Outlet Outdoor Smart Plugs, 3-pack",1738,https://www.costco.com/feit-electric-triple-outlet-outdoor-smart-plugs-3-pack.product.4000449798.html
4000449806,"UltraPro Elite 8-outlet Surge Protector, 2-pack",1738,https://www.costco.com/ultrapro-elite-8-outlet-surge-protector-2-pack.product.4000449806.html
4000449808,"Kirkland Signature Coffee Organic French Roast K-Cup Pod, 120-count",1738,https://www.costco.com/kirkland-signature-coffee-organic-french-roast-k-cup-pod-120-count.product.4000449808.html
4000449836,"Hawthorne 3-piece Fabric Sectional with Ottoman, Brown",1738,https://www.costco.com/hawthorne-3-piece-fabric-sectional-with-ottoman-brown.product.4000449836.html
4000449839,Flamingo by Harry's Moisture Plus Razor Set 11 Cartridges + 1 Handle,1738,https://www.costco.com/flamingo-by-harrys-moisture-plus-razor-set-11-cartridges--1-handle.product.4000449839.html
4000450030,KODA Hardwire Motion Activated LED Security Floodlight,1738,https://www.costco.com/koda-hardwire-motion-activated-led-security-floodlight.product.4000450030.html
401621,"Hershey's Nuggets Assortment, Variety Pack, 145-count",1738,https://www.costco.com/.product.401621.html
401993,"Hershey's Kisses, Milk Chocolate, 56 oz, 330-count",1738,https://www.costco.com/.product.401993.html
402146,"Nature's Way Joint Movement Glucosamine Extra Strength, 33.8 Fluid Ounces",1738,https://www.costco.com/.product.402146.html
402463,"Systane ULTRA Lubricant Eye Drops, 30 ml",1738,https://www.costco.com/.product.402463.html
40310,Refresh Plus Lubricant Eye Drops,1738,https://www.costco.com/.product.40310.html
4032,Seedless Watermelon,1738,https://www.costco.com/.product.4032.html
404609,"Eco-Foil Half Size Deep Steam Table Pan, 30-count",1738,https://www.costco.com/.product.404609.html
40532,"Philadelphia Original Cream Cheese Spread, 48 oz",1738,https://www.costco.com/.product.40532.html
4054210,"Kirkland Signature Coffee Organic Summit Roast K-Cup Pod, 120 count",1738,https://www.costco.com/.product.4054210.html
4054220,"Kirkland Signature Coffee Organic French Roast K-Cup Pod, 120-count",1738,https://www.costco.com/.product.4054220.html
4054232,"Kirkland Signature Coffee Organic Pacific Bold K-Cup Pod, 120-count",1738,https://www.costco.com/.product.4054232.html
4054238,"Kirkland Signature Coffee Organic Breakfast Blend K-Cup Pod, 120-count",1738,https://www.costco.com/.product.4054238.html
4101000068,"Bose SoundLink Home Bluetooth Speaker, Warm Wood",1738,https://www.costco.com/bose-soundlink-home-bluetooth-speaker-warm-wood.product.4101000068.html
4101000072,"Thomasville Davos Swivel Chairs, 2-pack, Gray",1738,https://www.costco.com/thomasville-davos-swivel-chairs-2-pack-gray.product.4101000072.html
4101000331,Disney Youth Varsity Jacket,1738,https://www.costco.com/.product.4101000331.html
4101000513,"Sealy Posturepedic Plus Prosser Hills 13.5"" Plush Pillow Top Mattress",1738,https://www.costco.com/sealy-posturepedic-plus-prosser-hills-135-plush-pillow-top-mattress.product.4101000513.html
41181,"Emmi Le Gruyere AOP Cheese, 1 lb",1738,https://www.costco.com/.product.41181.html
412,"Organic Peeled Carrots, 2 lbs, 2-count",1738,https://www.costco.com/.product.412.html
414,"Hellmann's, Real Mayonnaise, 64 oz",1738,https://www.costco.com/.product.414.html
415022,"Scotch Heavy Duty Shipping Tape, 8-pack",1738,https://www.costco.com/.product.415022.html
4160408,"Tide Plus with Ultra Downy Liquid Laundry Detergent, April Fresh, 100 Loads, 128 fl oz",1738,https://www.costco.com/.product.4160408.html
4160644,"Gain +Oxi Liquid Laundry Detergent, Original, 159 Loads, 170 fl oz",1738,https://www.costco.com/.product.4160644.html
4165671,"Kleenex Soothing Lotion Facial Tissue, 3-Ply, 85-count, 12-pack",1738,https://www.costco.com/.product.4165671.html
4165758,"Kirkland Signature Colombian Cold Brew Coffee, 11 fl oz, 12-count",1738,https://www.costco.com/.product.4165758.html
4165769,"Kirkland Signature Facial Tissue, 3-Ply, 84-count, 12-pack",1738,https://www.costco.com/.product.4165769.html
4201000175,"youtheory Total Body Turmeric, 90 Vegetarian Capsules",1738,https://www.costco.com/youtheory-total-body-turmeric-90-vegetarian-capsules.product.4201000175.html
4201000206,"Nature's Path Organic Pumpkin Seed Flax Granola, 35.3 oz",1738,https://www.costco.com/natures-path-organic-pumpkin-seed-flax-granola-353-oz.product.4201000206.html
4201000378,HTH Pool Care Shock Advanced All-in-one,1738,https://www.costco.com/hth-pool-care-shock-advanced-all-in-one.product.4201000378.html
4201000530,"Samsung 75"" Class - M70H Series - 4K Mini LED - Smart TV",1738,https://www.costco.com/samsung-75-class---m70h-series---4k-mini-led---smart-tv.product.4201000530.html
4201000533,"Samsung 55"" Class - M70H Series - 4K Mini LED - Smart TV",1738,https://www.costco.com/samsung-55-class---m70h-series---4k-mini-led---smart-tv.product.4201000533.html
4201000547,"Samsung 75"" Class - QN80H Neo QLED Series - 4K Mini LED - Vision AI Smart TV - Allstate 3-Year Protection Plan Bundle Included For 5 Years of Total Coverage*",1738,https://www.costco.com/samsung-75-class---qn80h-neo-qled-series---4k-mini-led---vision-ai-smart-tv---allstate-3-year-protection-plan-bundle-included-for-5-years-of-total-coverage.product.4201000547.html
4201000571,"Samsung 65"" Class - M70H Series - 4K Mini LED - Smart TV",1738,https://www.costco.com/samsung-65-class---m70h-series---4k-mini-led---smart-tv.product.4201000571.html
4201000638,Ashton Counter Height Dining Table and 8 Chairs,1738,https://www.costco.com/.product.4201000638.html
4201000935,"Lenovo IdeaPad Pro 5i 16"" TouchScreen Laptop - Intel Core Ultra 9 386H Processor - NVIDIA GeForce RTX 5050 - 32GB RAM - 1TB SSD - Windows 11 Home",1738,https://www.costco.com/lenovo-ideapad-pro-5i-16-touchscreen-laptop---intel-core-ultra-9-386h-processor---nvidia-geforce-rtx-5050---32gb-ram----1tb-ssd---windows-11-home.product.4201000935.html
4201000972,"HP OmniStudio 27"" Touchscreen All-in-One Desktop - Intel Core Ultra 5 325 - Copilot+ PC - FHD (1920 x 1080) - 16GB RAM - 1TB SSD - Windows 11 Home",1738,https://www.costco.com/hp-omnistudio-27-touchscreen-all-in-one-desktop---intel-core-ultra-5-325---copilot-pc---fhd-1920-x-1080---16gb-ram---1tb-ssd---windows-11-home.product.4201000972.html
4201001015,"15"" Skylight Calendar 2 Touchscreen Display and Organizer Classic Bundle",1738,https://www.costco.com/15-skylight-calendar-2-touchscreen-display-and-organizer-classic-bundle.product.4201001015.html
4201001042,"Kirkland Signature Ultra Filtered 2% Lactose Free Milk, Half Gallon, 3-count",1738,https://www.costco.com/kirkland-signature-ultra-filtered-2-lactose-free-milk-half-gallon-3-count.product.4201001042.html
4201001105,"Samsung 55"" Class - S90H OLED Series - 4K Vision AI Smart TV - Allstate 3-Year Protection Plan Bundle Included For 5 Years of Total Coverage*",1738,https://www.costco.com/samsung-55-class---s90h-oled-series---4k-vision-ai-smart-tv---allstate-3-year-protection-plan-bundle-included-for-5-years-of-total-coverage.product.4201001105.html
4201001261,"Samsung 77"" Class - S90H OLED Series - 4K Vision AI Smart TV - Allstate 3-Year Protection Plan Bundle Included For 5 Years of Total Coverage*",1738,https://www.costco.com/samsung-77-class---s90h-oled-series---4k-vision-ai-smart-tv---allstate-3-year-protection-plan-bundle-included-for-5-years-of-total-coverage.product.4201001261.html
4201001268,"Always Infinity FlexFoam Pads, 72-count",1738,https://www.costco.com/always-infinity-flexfoam-pads-72-count.product.4201001268.html
4201001300,Avondale Dining Table and 6 Chairs,1738,https://www.costco.com/.product.4201001300.html
4201001396,Gilman Creek Aldryn Leather Gliding Power Recliner with Power Headrest,1738,https://www.costco.com/gilman-creek-aldryn-leather-gliding-power-recliner-with-power-headrest.product.4201001396.html
4201001405,"Liquid I.V. Hydration Multiplier, 30 Individual Serving Stick Packs in Resealable Pouch, Sugar Free, Ring Pop Cherry",1738,https://www.costco.com/liquid-iv-hydration-multiplier-30-individual-serving-stick-packs-in-resealable-pouch-sugar-free-ring-pop-cherry.product.4201001405.html
4201001406,"Liquid I.V. Hydration Multiplier, 30 Individual Serving Stick Packs in Resealable Pouch, Sugar Free, Variety Pack",1738,https://www.costco.com/liquid-iv-hydration-multiplier-30-individual-serving-stick-packs-in-resealable-pouch-sugar-free-variety-pack.product.4201001406.html
4201001442,"Tylenol Extra Strength Caplets, Fever Reducer & Pain Reliever, 500 mg, 320 ct.",1738,https://www.costco.com/tylenol-extra-strength-caplets-fever-reducer--pain-reliever-500-mg-320-ct.product.4201001442.html
4201001463,"PURCELL Pixcell Biom Glow Barrier Serum, 3.38 fl oz",1738,https://www.costco.com/purcell-pixcell-biom-glow-barrier-serum-338-fl-oz.product.4201001463.html
4201001644,"Saint James Organic Brewed Tea, Variety Pack, 16 fl oz, 15-count",1738,https://www.costco.com/saint-james-organic-brewed-tea-variety-pack-16-fl-oz-15-count.product.4201001644.html
4201001800,"LMNT Sparkling Electrolyte Drink, Variety Pack, 12 fl oz, 15-count",1738,https://www.costco.com/lmnt-sparkling-electrolyte-drink-variety-pack-12-fl-oz-15-count.product.4201001800.html
4201001942,"FEELGOOD Creatine+, 120 Vegan Capsules",1738,https://www.costco.com/feelgood-creatine-120-vegan-capsules.product.4201001942.html
4201001962,"12"" Color Changing Candy Cane LED Pathway Lights, Set of 6",1738,https://www.costco.com/12-color-changing-candy-cane-led-pathway-lights-set-of-6.product.4201001962.html
4201002019,"Liquid Death Soda-Flavored Sparkling Water, Variety Pack, 24-count",1738,https://www.costco.com/liquid-death-soda-flavored-sparkling-water-variety-pack-24-count.product.4201002019.html
4201002118,Kirkland Signature Diaper Sizes 1-2,1738,https://www.costco.com/kirkland-signature-diaper-sizes-1-2.product.4201002118.html
4201002121,"HP OmniBook X 14"" Touchscreen Laptop - Intel Core Ultra 7 355 - Copilot+ PC - 3K (2880 x 1800) OLED - 16GB RAM - 1TB SSD - Windows 11 Home",1738,https://www.costco.com/hp-omnibook-x-14-touchscreen-laptop---intel-core-ultra-7-355---copilot-pc---3k-2880-x-1800-oled---16gb-ram---1tb-ssd---windows-11-home.product.4201002121.html
4201002147,"HP OmniBook 3 17.3"" Touchscreen Laptop - Intel Core Ultra 5 322 - Copilot+ PC - FHD (1920 x 1080) - 16GB RAM - 512GB SSD - Windows 11 Home",1738,https://www.costco.com/hp-omnibook-3-173-touchscreen-laptop---intel-core-ultra-5-322---copilot-pc---fhd-1920-x-1080---16gb-ram---512gb-ssd---windows-11-home.product.4201002147.html
4201002165,"Nordic Naturals Ultimate Omega Fish Oil, 110 Mini Softgels, Lemon Flavor",1738,https://www.costco.com/nordic-naturals-ultimate-omega-fish-oil-110-mini-softgels-lemon-flavor.product.4201002165.html
4201002177,Kirkland Signature Diaper Sizes 3-7,1738,https://www.costco.com/kirkland-signature-diaper-sizes-3-7.product.4201002177.html
4201002266,"HP OmniBook 5 16"" Touchscreen Laptop - Qualcomm Snapdragon X Plus (8 core) - Copilot+ PC - 2K OLED (1920 x 1200) - 16GB RAM - 1TB SSD - Windows 11 Home",1738,https://www.costco.com/hp-omnibook-5-16-touchscreen-laptop---qualcomm-snapdragon-x-plus-8-core---copilot-pc---2k-oled-1920-x-1200---16gb-ram---1tb-ssd---windows-11-home.product.4201002266.html
4201002280,Cuisinart SimpliTouch XL Color Touchscreen 2-Slice Toaster,1738,https://www.costco.com/cuisinart-simplitouch-xl-color-touchscreen-2-slice-toaster.product.4201002280.html
4201002553,Hartford Dining Table and 6 Chairs,1738,https://www.costco.com/.product.4201002553.html
4201002558,"ASUS ROG Strix G18 18"" Gaming Laptop - Intel Core Ultra 9 290HX PLUS - NVIDIA® GeForce RTX 5060, 2.5K 300Hz/3ms ROG Nebula Display - 32GB RAM, 1TB SSD - Windows 11 Home",1738,https://www.costco.com/asus-rog-strix-g18-18-gaming-laptop---intel-core-ultra-9-290hx-plus---nvidia-geforce-rtx-5060-25k-300hz3ms-rog-nebula-display---32gb-ram-1tb-ssd---windows-11-home.product.4201002558.html
4201002559,Gourmia 2 Quart Automatic Soft Serve Ice Cream and Frozen Drink Maker,1738,https://www.costco.com/gourmia-2-quart-automatic-soft-serve-ice-cream-and-frozen-drink-maker.product.4201002559.html
4201002581,DPS Recon Gaming Office Chair,1738,https://www.costco.com/dps-recon-gaming-office-chair.product.4201002581.html
4201002645,"Zena Creatine Gummies + D3/K2, Variety Pack",1738,https://www.costco.com/zena-creatine-gummies--d3k2-variety-pack.product.4201002645.html
4201002779,bella 10-in-1 8.5qt MultiCooker,1738,https://www.costco.com/bella-10-in-1-85qt-multicooker.product.4201002779.html
4201002833,"bella 12""x24"" XL Fold and Store Griddle",1738,https://www.costco.com/bella-12x24-xl-fold-and-store-griddle.product.4201002833.html
4201002837,"Lenovo IdeaPad 5 2-in-1 14"" Touchscreen Laptop - Ryzen AI 7 445 Processor - WUXGA (1920 x 1200) - 16GB RAM - 1TB SSD - Windows 11 Home - Digital Pen Included",1738,https://www.costco.com/lenovo-ideapad-5-2-in-1-14-touchscreen-laptop----ryzen-ai-7-445-processor---wuxga-1920-x-1200---16gb-ram---1tb-ssd----windows-11-home---digital-pen-included.product.4201002837.html
4201003302,"TP-Link Deco 7 Pro BE13000 Tri-Band Wi-Fi 7 Whole Home Mesh Router System, 3-Pack",1738,https://www.costco.com/tp-link-deco-7-pro-be13000-tri-band-wi-fi-7-whole-home-mesh-router-system-3-pack.product.4201003302.html
4201003385,"Genius Gourmet Sparkling Clear 30g Protein Variety Pack, 12 fl oz, 15-pack",1738,https://www.costco.com/genius-gourmet-sparkling-clear-30g-protein-variety-pack-12-fl-oz-15-pack.product.4201003385.html
4201003394,"Bellevue Luxury 11 oz. Glass Candle, Set of 4",1738,https://www.costco.com/bellevue-luxury-11-oz-glass-candle-set-of-4.product.4201003394.html
4201003615,"LG 65"" Class - OLED evo AI C6 Series - 4K Smart TV - Allstate 3-Year Protection Plan Bundle Included For 5 Years of Total Coverage*",1738,https://www.costco.com/lg-65-class---oled-evo-ai-c6-series---4k-smart-tv---allstate-3-year-protection-plan-bundle-included-for-5-years-of-total-coverage.product.4201003615.html
4201003635,"LG 55"" Class - OLED evo AI C6 Series - 4K Smart TV - Allstate 3-Year Protection Plan Bundle Included For 5 Years of Total Coverage*",1738,https://www.costco.com/lg-55-class---oled-evo-ai-c6-series---4k-smart-tv---allstate-3-year-protection-plan-bundle-included-for-5-years-of-total-coverage.product.4201003635.html
4201003638,"LG 77"" Class - OLED evo AI C6H Series - 4K Smart TV - Allstate 3-Year Protection Plan Bundle Included For 5 Years of Total Coverage*",1738,https://www.costco.com/lg-77-class---oled-evo-ai-c6h-series---4k-smart-tv---allstate-3-year-protection-plan-bundle-included-for-5-years-of-total-coverage.product.4201003638.html
4201003687,"Kirkland Signature A2 Chocolate Milk, 8 fl oz, 24-count",1738,https://www.costco.com/kirkland-signature-a2-chocolate-milk-8-fl-oz-24-count.product.4201003687.html
4201003708,"HP OmniBook 5 16"" Touchscreen Laptop - Intel Core Ultra 9 386H - Copilot+ PC - 2K OLED (1920 x 1200) - 32GB RAM - 1TB SSD - Windows 11 Home",1738,https://www.costco.com/hp-omnibook-5-16-touchscreen-laptop---intel-core-ultra-9-386h---copilot-pc---2k-oled-1920-x-1200---32gb-ram---1tb-ssd---windows-11-home.product.4201003708.html
4201003961,4.5' Pre-Lit Whimsical Tree with LED Lights,1738,https://www.costco.com/45-pre-lit-whimsical-tree-with-led-lights.product.4201003961.html
4201003967,"Kirkland Signature Snacking Nuts Variety Pack, 1.6 oz, 21-count",1738,https://www.costco.com/kirkland-signature-snacking-nuts-variety-pack-16-oz-21-count.product.4201003967.html
4201004034,9' Pre-Lit Radiant Micro LED with Twinkle Artificial Greenery Garland,1738,https://www.costco.com/9-pre-lit-radiant-micro-led-with-twinkle-artificial-greenery-garland.product.4201004034.html
4201004084,"Soundcore Boom 3i Outdoor Waterproof Bluetooth Speaker, Black",1738,https://www.costco.com/soundcore-boom-3i-outdoor-waterproof-bluetooth-speaker-black.product.4201004084.html
4201004349,"Oura Ring 5 Silver Smart Ring, Exclusive Bundle, Ring + Additional Charger + Additional Year of Manufacturer’s Warranty",1738,https://www.costco.com/oura-ring-5-silver-smart-ring-exclusive-bundle-ring--additional-charger--additional-year-of-manufacturers-warranty.product.4201004349.html
4201004387,"Kirkland Signature Gift Bows, 50ct",1738,https://www.costco.com/kirkland-signature-gift-bows-50ct.product.4201004387.html
4201004799,9' Pre-Lit Radiant Micro LED with Twinkle Artificial Flocked Greenery Garland,1738,https://www.costco.com/9-pre-lit-radiant-micro-led-with-twinkle-artificial-flocked-greenery-garland.product.4201004799.html
4201004860,"Orgain 30g Ultra Filtered A2 Milk Protein Shake, Chocolate, 11 fl oz, 15-count",1738,https://www.costco.com/orgain-30g-ultra-filtered-a2-milk-protein-shake-chocolate-11-fl-oz-15-count.product.4201004860.html
4201004909,T-fal 12-piece Tri-Ply Stainless Steel Cookware Set,1738,https://www.costco.com/t-fal-12-piece-tri-ply-stainless-steel-cookware-set.product.4201004909.html
4201005086,"Orgain 35g Dairy Free Protein Shake, Creamy Chocolate 14 fl oz, 12-count",1738,https://www.costco.com/orgain-35g-dairy-free-protein-shake-creamy-chocolate-14-fl-oz-12-count.product.4201005086.html
4201005378,"9"" Infinity Mirror LED Pathway Lights, Set of 6",1738,https://www.costco.com/.product.4201005378.html
4201005520,"12"" Red & White Candy Cane LED Lawn Stakes, Set of 6",1738,https://www.costco.com/12-red--white-candy-cane-led-lawn-stakes-set-of-6.product.4201005520.html
4201005563,GreenPan 3-Piece Spectra Hybrid Frypan Set,1738,https://www.costco.com/greenpan-3-piece-spectra-hybrid-frypan-set.product.4201005563.html
4201005694,"Bloom Sparkling Energy Drink, Flavor Obsessions Variety Pack, 12 fl oz, 18-count",1738,https://www.costco.com/bloom-sparkling-energy-drink-flavor-obsessions-variety-pack-12-fl-oz-18-count.product.4201005694.html
4201005757,"Home & Body Toile Fleur Reed Diffuser, Set of 3",1738,https://www.costco.com/home--body-toile-fleur-reed-diffuser-set-of-3.product.4201005757.html
4201005778,"LesserEvil Organic Cheddar Cheese Space Balls, 17 oz",1738,https://www.costco.com/lesserevil-organic-cheddar-cheese-space-balls-17-oz.product.4201005778.html
4201005849,"All Free & Clear Plus+ Laundry Detergent Mighty Pacs, 118-count",1738,https://www.costco.com/all-free--clear-plus-laundry-detergent-mighty-pacs-118-count.product.4201005849.html
4201005850,"Force Factor Hair Growth Accelerator, 90 Soft Chews",1738,https://www.costco.com/force-factor-hair-growth-accelerator-90-soft-chews.product.4201005850.html
4201005862,"Signature Housewares Figural Christmas Mugs, 4-piece Set",1738,https://www.costco.com/signature-housewares-figural-christmas-mugs-4-piece-set.product.4201005862.html
4201006132,Joie Orzo Mini Lightweight Compact Travel Stroller,1738,https://www.costco.com/joie-orzo-mini-lightweight-compact-travel-stroller.product.4201006132.html
4201006161,Bergner 16.9-quart Stainless Steel Stock Pot with Lid,1738,https://www.costco.com/bergner-169-quart-stainless-steel-stock-pot-with-lid.product.4201006161.html
4201006186,"Trudeau Structure Muffin Pans, 2-pack",1738,https://www.costco.com/trudeau-structure-muffin-pans-2-pack.product.4201006186.html
4201006210,Level Readers - 10 book Packs,1738,https://www.costco.com/level-readers---10-book-packs.product.4201006210.html
4201006215,Smith & Clark 15” Pre-Seasoned Cast Iron Skillet,1738,https://www.costco.com/smith--clark-15-pre-seasoned-cast-iron-skillet.product.4201006215.html
4201006223,Dash 5qt SmartStore Ceramic Stirring Popcorn Maker,1738,https://www.costco.com/dash-5qt-smartstore-ceramic-stirring-popcorn-maker.product.4201006223.html
4201006489,"Kinder's The Flavor Rack Signature Organic Seasoning Variety Pack, 12-count, 38.8 oz. Total",1738,https://www.costco.com/kinders-the-flavor-rack-signature-organic-seasoning-variety-pack-12-count-388-oz-total.product.4201006489.html
4201006537,Ring Battery Doorbell Pro with Extra Battery and Chime,1738,https://www.costco.com/ring-battery-doorbell-pro-with-extra-battery-and-chime.product.4201006537.html
4201006990,"BOO Wooden Light Up Letters, Set of 3",1738,https://www.costco.com/boo-wooden-light-up-letters-set-of-3.product.4201006990.html
4201007493,Lume Whole Body Soft Powder Deodorant Set,1738,https://www.costco.com/lume-whole-body-soft-powder-deodorant-set.product.4201007493.html
4201007792,Teakhaus Teak Bench,1738,https://www.costco.com/teakhaus-teak-bench.product.4201007792.html
4201007937,4' Nutcracker Bear with LED Lights,1738,https://www.costco.com/.product.4201007937.html
4201007940,"HP HyperX OMEN 15.3"" Gaming Laptop - Intel Core Ultra 9 275HX - GeForce RTX 5070 - 2.5K (2560 x 1600) 180Hz - 32GB RAM - 1TB SSD - Windows 11 Home",1738,https://www.costco.com/hp-hyperx-omen-153-gaming-laptop---intel-core-ultra-9-275hx---geforce-rtx-5070---25k-2560-x-1600-180hz---32gb-ram---1tb-ssd---windows-11-home.product.4201007940.html
4201007961,"72"" Candy Canes with LED Twinkle Lights",1738,https://www.costco.com/72-candy-canes-with-led-twinkle-lights.product.4201007961.html
4201007975,"Neuro Energy & Focus Gum, Peppermint and Spearmint, 12-packs, 72 Total Pieces",1738,https://www.costco.com/neuro-energy--focus-gum-peppermint-and-spearmint-12-packs-72-total-pieces.product.4201007975.html
4201008234,"LG 55"" Class - QNED AI Mini LED QNED75B Series - 4K Smart TV - Allstate 3-Year Protection Plan Bundle Included For 5 Years of Total Coverage*",1738,https://www.costco.com/lg-55-class---qned-ai-mini-led-qned75b-series---4k-smart-tv---allstate-3-year-protection-plan-bundle-included-for-5-years-of-total-coverage.product.4201008234.html
4201008235,"LG 65"" Class - QNED AI Mini LED QNED75B Series - 4K Smart TV - Allstate 3-Year Protection Plan Bundle Included For 5 Years of Total Coverage*",1738,https://www.costco.com/lg-65-class---qned-ai-mini-led-qned75b-series---4k-smart-tv---allstate-3-year-protection-plan-bundle-included-for-5-years-of-total-coverage.product.4201008235.html
4201008654,"Dash 14” Family Size Electric Skillet, Ceramic",1738,https://www.costco.com/dash-14-family-size-electric-skillet-ceramic.product.4201008654.html
4201008675,Smart Design Acacia Couch Console,1738,https://www.costco.com/smart-design-acacia-couch-console.product.4201008675.html
4201008704,"SmartyPants Kids Plus Multivitamin & Omegas, 180 Gummies",1738,https://www.costco.com/smartypants-kids-plus-multivitamin--omegas-180-gummies.product.4201008704.html
4201008752,"30"" Disney Mickey and Minnie Flocked Pre-Lit LED Wreath",1738,https://www.costco.com/.product.4201008752.html
4201008753,"Greenmade 27 Gallon Clear Storage Bin, 8‑pack",1738,https://www.costco.com/greenmade-27-gallon-clear-storage-bin-8pack.product.4201008753.html?preselect=bin%20color%3Abincolorredandclear
4201008811,"30"" Disney Mickey Figural Pre-Lit LED Wreath",1738,https://www.costco.com/.product.4201008811.html
4201008882,7.2' Pop Up Santa Bear with LED Twinkle Lights,1738,https://www.costco.com/.product.4201008882.html
4201008910,"Plush Ornament Advent Calendar, Set of 12",1738,https://www.costco.com/plush-ornament-advent-calendar-set-of-12.product.4201008910.html
4201008957,"Crest 3D White Brilliant Mint Whitening Toothpaste, 5.2 oz, 5-pack",1738,https://www.costco.com/crest-3d-white-brilliant-mint-whitening-toothpaste-52-oz-5-pack.product.4201008957.html
4201009011,"Bose SoundLink Home Bluetooth Speaker, Cool Gray",1738,https://www.costco.com/bose-soundlink-home-bluetooth-speaker-cool-gray.product.4201009011.html
4201009046,"36"" Pre-Lit LED with Twinkle Mixed Pine Decorated Artificial Tree",1738,https://www.costco.com/.product.4201009046.html
4201009048,"LG 50"" Class - QNED AI Mini LED QNED75B Series - 4K Smart TV - Allstate 3-Year Protection Plan Bundle Included For 5 Years of Total Coverage*",1738,https://www.costco.com/lg-50-class---qned-ai-mini-led-qned75b-series---4k-smart-tv---allstate-3-year-protection-plan-bundle-included-for-5-years-of-total-coverage.product.4201009048.html
4201009280,"Chomps Chomplings Original Turkey Mini Sticks, 0.5 oz, 24-count",1738,https://www.costco.com/chomps-chomplings-original-turkey-mini-sticks-05-oz-24-count.product.4201009280.html
4201009298,"15"" Peanuts Snoopy Tree with LED Light Statue by Jim Shore",1738,https://www.costco.com/.product.4201009298.html
4201009385,FoodSaver Preserve Vacuum Sealer Appliance with Bags and Marinate Container,1738,https://www.costco.com/foodsaver-preserve-vacuum-sealer-appliance-with-bags-and-marinate-container.product.4201009385.html
4201009388,Axil MX II Pro SE + X30i Earplug Bundle,1738,https://www.costco.com/axil-mx-ii-pro-se--x30i-earplug-bundle.product.4201009388.html
4201009659,Nex Playground + 12-Month Play Pass Bundle,1738,https://www.costco.com/nex-playground--12-month-play-pass-bundle.product.4201009659.html
4201010016,Osaki Pro Quest 3D Massage Chair with Flexible SL-Track Stretch,1738,https://www.costco.com/osaki-pro-quest-3d-massage-chair-with-flexible-sl-track-stretch.product.4201010016.html
4201010017,Pokémon Holiday Calendar,1738,https://www.costco.com/pokmon-holiday-calendar.product.4201010017.html
4201010446,"Kids Grüns Superfood Greens Strawberry Burst Flavored Gummies, 35 Daily Packs",1738,https://www.costco.com/kids-grns-superfood-greens-strawberry-burst-flavored-gummies-35-daily-packs.product.4201010446.html
4201011238,HP OfficeJet Pro 8138 All-in-One Color Inkjet Printer- AI Capable,1738,https://www.costco.com/hp-officejet-pro-8138-all-in-one-color-inkjet-printer--ai-capable.product.4201011238.html
4201011465,"Pantene Essential Botanicals Green Tea & Lily Hydrating Volume Conditioner, 38.2 fl oz",1738,https://www.costco.com/pantene-essential-botanicals-green-tea--lily-hydrating-volume-conditioner-382-fl-oz.product.4201011465.html
4201011493,"Kirkland Signature Double Sided Gift Wrap, 6-rolls, 540 sq. ft. Total",1738,https://www.costco.com/kirkland-signature-double-sided-gift-wrap-6-rolls-540-sq-ft-total.product.4201011493.html?preselect=color%3Ablue
4201011505,Dyson V10 Konical Cordless Stick Vacuum with Car Cleaning Kit,1738,https://www.costco.com/dyson-v10-konical-cordless-stick-vacuum-with-car-cleaning-kit.product.4201011505.html
4201011524,"Pantene Essential Botanicals Green Tea & Lily Hydrating Volume Shampoo, 38.2 fl oz",1738,https://www.costco.com/pantene-essential-botanicals-green-tea--lily-hydrating-volume-shampoo-382-fl-oz.product.4201011524.html
4201011528,Pyrex 8-piece Glass Mixing Bowls with Lids,1738,https://www.costco.com/pyrex-8-piece-glass-mixing-bowls-with-lids.product.4201011528.html
4201011537,"Kirkland Signature Kraft Double Sided Gift Wrap, 6-rolls, 540 sq. ft. Total",1738,https://www.costco.com/kirkland-signature-kraft-double-sided-gift-wrap-6-rolls-540-sq-ft-total.product.4201011537.html?preselect=color%3Apurple
4201011710,"Lenovo IdeaPad Slim 5i 16"" Touchscreen Copilot+ PC Laptop - WUXGA (1920 x 1200) - Intel Core Ultra 5 Processor - 16GB RAM - 512GB SSD - Windows 11 Home - Cosmic Blue",1738,https://www.costco.com/lenovo-ideapad-slim-5i-16-touchscreen-copilot-pc-laptop----wuxga-1920-x-1200---intel-core-ultra-5-processor---16gb-ram---512gb-ssd---windows-11-home---cosmic-blue.product.4201011710.html
4201012507,Googly Eyes Sound Book,1738,https://www.costco.com/googly-eyes-sound-book.product.4201012507.html
4201012514,"Blueair Blue Signature Mini Air Purifier, 2-pack",1738,https://www.costco.com/blueair-blue-signature-mini-air-purifier-2-pack.product.4201012514.html
4201012739,"Chobani 20g Protein Lowfat Plain Greek Yogurt, 40 oz",1738,https://www.costco.com/chobani-20g-protein-lowfat-plain-greek-yogurt-40-oz.product.4201012739.html
4201012827,Artika Sonokit Wall Panel Accessory Kit,1738,https://www.costco.com/artika-sonokit-wall-panel-accessory-kit.product.4201012827.html
4201012875,Huggies Plus Diapers Size 1-2,1738,https://www.costco.com/huggies-plus-diapers-size-1-2.product.4201012875.html
4201013001,Raptor 9.5ft Fin Drive Modular Fishing Kayak,1738,https://www.costco.com/raptor-95ft-fin-drive-modular-fishing-kayak.product.4201013001.html
4201013013,"Broyhill Oswin Fabric 3-piece Sectional with Storage Ottoman, Tan",1738,https://www.costco.com/broyhill-oswin-fabric-3-piece-sectional-with-storage-ottoman-tan.product.4201013013.html
4201013299,"Kirkland Signature Nativity Set, 14-piece",1738,https://www.costco.com/kirkland-signature-nativity-set-14-piece.product.4201013299.html
4201013324,My Big Wipe Clean: Spiral Floor Pad,1738,https://www.costco.com/my-big-wipe-clean-spiral-floor-pad.product.4201013324.html
4201013672,"Galaxy Book4 Edge 14"" Copilot+ PC Touchscreen Laptop - Snapdragon X Elite (12 Core) - Dynamic AMOLED 2X WQXGA+ (2880 x 1800) - 16GB RAM - 512GB SSD - Windows 11 Home",1738,https://www.costco.com/galaxy-book4-edge-14-copilot-pc-touchscreen-laptop---snapdragon-x-elite-12-core---dynamic-amoled-2x-wqxga-2880-x-1800---16gb-ram---512gb-ssd---windows-11-home.product.4201013672.html
4201013674,"Kirkland Signature Straight Bourbon Whiskey, Kentucky, 1.75 L",1738,https://www.costco.com/kirkland-signature-straight-bourbon-whiskey-kentucky-175-l.product.4201013674.html
4201013692,"Hisense 55"" Class - QD7 Series - 4K Hi-QLED Smart TV - Allstate 3-Year Protection Plan Bundle Included for 5 Years of Total Coverage*",1738,https://www.costco.com/hisense-55-class---qd7-series---4k-hi-qled-smart-tv---allstate-3-year-protection-plan-bundle-included-for-5-years-of-total-coverage.product.4201013692.html
4201013741,Jetson Halos 3-Wheel Light-Up Kick Scooter,1738,https://www.costco.com/jetson-halos-3-wheel-light-up-kick-scooter.product.4201013741.html
4201013747,"Hisense 100"" Class - QD7 Series - 4K Hi-QLED Smart TV - Allstate 3-Year Protection Plan Bundle Included for 5 Years of Total Coverage*",1738,https://www.costco.com/hisense-100-class---qd7-series---4k-hi-qled-smart-tv---allstate-3-year-protection-plan-bundle-included-for-5-years-of-total-coverage.product.4201013747.html
4201013776,3.6' LED Mickey Pumpkin with Infinity LED Lights,1738,https://www.costco.com/36-led-mickey-pumpkin-with-infinity-led-lights.product.4201013776.html
4201013845,Cuisinart Precision Prep 3-in-1 Immersion Blending System,1738,https://www.costco.com/cuisinart-precision-prep-3-in-1-immersion-blending-system.product.4201013845.html
4201014349,Lifetime 10' x 8' Outdoor Storage Shed,1738,https://www.costco.com/lifetime-10-x-8-outdoor-storage-shed.product.4201014349.html
4201014793,"LG 77"" Class - OLED AI B6E Series - 4K Smart TV - Allstate 3-Year Protection Plan Bundle Included For 5 Years of Total Coverage*",1738,https://www.costco.com/lg-77-class---oled-ai-b6e-series---4k-smart-tv---allstate-3-year-protection-plan-bundle-included-for-5-years-of-total-coverage.product.4201014793.html
4201014833,"LG 65"" Class - OLED AI B6E Series - 4K Smart TV - Allstate 3-Year Protection Plan Bundle Included For 5 Years of Total Coverage*",1738,https://www.costco.com/lg-65-class---oled-ai-b6e-series---4k-smart-tv---allstate-3-year-protection-plan-bundle-included-for-5-years-of-total-coverage.product.4201014833.html
4201015338,Trifold Coloring and Activity Set,1738,https://www.costco.com/trifold-coloring-and-activity-set.product.4201015338.html
4201015412,"Alienware 15.3"" Gaming Laptop - AMD Ryzen 7 260 Processor - NVIDIA GeForce RTX 5060 - 16GB RAM - WUXGA (1920 x 1200) 165Hz Display - 1TB SSD - Windows 11 Home",1738,https://www.costco.com/alienware-153-gaming-laptop---amd-ryzen-7-260-processor---nvidia-geforce-rtx-5060---16gb-ram---wuxga-1920-x-1200-165hz-display---1tb-ssd---windows-11-home.product.4201015412.html
4201015551,"Hisense 43"" Class - QD65 Series - 4K Hi-QLED Smart TV - Allstate 3-Year Protection Plan Bundle Included for 5 Years of Total Coverage*",1738,https://www.costco.com/hisense-43-class---qd65-series---4k-hi-qled-smart-tv---allstate-3-year-protection-plan-bundle-included-for-5-years-of-total-coverage.product.4201015551.html
4201015703,"Skin1004 Pore Perfecting Centella Ampoule, 4.06 fl oz, 2-pack",1738,https://www.costco.com/skin1004-pore-perfecting-centella-ampoule-406-fl-oz-2-pack.product.4201015703.html
4201016078,"Metal Inspired Holiday Trees, Set of 3",1738,https://www.costco.com/.product.4201016078.html
4201016216,"Physician's Choice Advanced 60 Billion Probiotic, 75 Capsules",1738,https://www.costco.com/physicians-choice-advanced-60-billion-probiotic-75-capsules.product.4201016216.html
4201016405,"Wooden Holiday Light Up Icons, Snowflake and Tree, Set of 2",1738,https://www.costco.com/wooden-holiday-light-up-icons-snowflake-and-tree-set-of-2.product.4201016405.html
4201016630,Shark PowerDetect Speed Clean and Empty Cordless Stick Vacuum with Auto-Empty System,1738,https://www.costco.com/shark-powerdetect-speed-clean-and-empty-cordless-stick-vacuum-with-auto-empty-system.product.4201016630.html
4201016861,Panasonic 1.3 cu ft. Countertop Black Stainless Microwave Oven with Inverter Technology,1738,https://www.costco.com/panasonic-13-cu-ft-countertop-black-stainless-microwave-oven-with-inverter-technology.product.4201016861.html
4201016943,Mini Brands Mini Vinyls Playset with Three Capsules,1738,https://www.costco.com/mini-brands-mini-vinyls-playset-with-three-capsules.product.4201016943.html
4201017291,Blink Whole Home 2K+ Security Bundle,1738,https://www.costco.com/blink-whole-home-2k-security-bundle.product.4201017291.html
4201017325,"Wood Inspired Holiday Trees, Set of 3",1738,https://www.costco.com/.product.4201017325.html
4201017343,Singing Machine Karaoke WIFI Vocal Hero,1738,https://www.costco.com/singing-machine-karaoke-wifi-vocal-hero.product.4201017343.html
4201017698,"Crafted Classics Coffee K-Cup Pod Variety Pack, 72ct K-Cup Pods",1738,https://www.costco.com/crafted-classics-coffee-k-cup-pod-variety-pack-72ct-k-cup-pods.product.4201017698.html
4201017782,Jackery FridgeGuard Smart Fridge Backup Power Station,1738,https://www.costco.com/jackery-fridgeguard-smart-fridge-backup-power-station.product.4201017782.html
4201017794,"Hisense 75"" Class - U65 Pro Series - 4K ULED MiniLED Smart TV - Allstate 3-Year Protection Plan Bundle Included for 5 Years of Total Coverage*",1738,https://www.costco.com/hisense-75-class---u65-pro-series---4k-uled-miniled-smart-tv---allstate-3-year-protection-plan-bundle-included-for-5-years-of-total-coverage.product.4201017794.html
4201017809,"Hisense 65"" Class - U65 Pro Series - 4K ULED MiniLED Smart TV - Allstate 3-Year Protection Plan Bundle Included for 5 Years of Total Coverage*",1738,https://www.costco.com/hisense-65-class---u65-pro-series---4k-uled-miniled-smart-tv---allstate-3-year-protection-plan-bundle-included-for-5-years-of-total-coverage.product.4201017809.html
4201018035,"Nutella Peanut Spread with Cocoa, 26.5 oz, 2-count",1738,https://www.costco.com/nutella-peanut-spread-with-cocoa-265-oz-2-count.product.4201018035.html
4201018118,Allspace 2 in 1 LED Vanity Mirror and Lamp,1738,https://www.costco.com/allspace-2-in-1-led-vanity-mirror-and-lamp.product.4201018118.html
4201018130,Insta360 Luna Ultra Dual-Lens 8K Gimbal Camera,1738,https://www.costco.com/insta360-luna-ultra-dual-lens-8k-gimbal-camera.product.4201018130.html
4201018202,"Native Moisturizing Lotion Coconut & Vanilla, 23 fl oz, 2-pack",1738,https://www.costco.com/native-moisturizing-lotion-coconut--vanilla-23-fl-oz-2-pack.product.4201018202.html
4201018295,"Ninja Deluxe Blender & Kitchen System with 88-oz. Pitcher, 9-Cup Processor & Auto-iQ",1738,https://www.costco.com/ninja-deluxe-blender--kitchen-system-with-88-oz-pitcher-9-cup-processor--auto-iq.product.4201018295.html
4201018330,Dynamic Tuscany Elite 2-Person Ultra Low EMF Infrared Sauna,1738,https://www.costco.com/dynamic-tuscany-elite-2-person-ultra-low-emf-infrared-sauna.product.4201018330.html
4201018429,"Acer Nitro 31.5"" Class 180Hz WQHD Curved Gaming Monitor",1738,https://www.costco.com/acer-nitro-315-class-180hz-wqhd-curved-gaming-monitor.product.4201018429.html
4201018723,"LG 85"" Class - NANO 4K UHD AI NU87 Series - 4K Smart TV - Allstate 3-Year Protection Plan Bundle Included For 5 Years of Total Coverage*",1738,https://www.costco.com/lg-85-class---nano-4k-uhd-ai-nu87-series---4k-smart-tv---allstate-3-year-protection-plan-bundle-included-for-5-years-of-total-coverage.product.4201018723.html
4201019049,"Samsung 98"" Class - U9000H Crystal UHD Series - 4K Smart TV - Allstate 3 -Year Protection Plan Bundle Included For 5 Years of Total Coverage*",1738,https://www.costco.com/samsung-98-class---u9000h-crystal-uhd-series---4k-smart-tv---allstate-3--year-protection-plan-bundle-included-for-5-years-of-total-coverage.product.4201019049.html
4201019071,"Samsung 70"" Class - U8000H Crystal UHD Series - 4K Smart TV",1738,https://www.costco.com/samsung-70-class---u8000h-crystal-uhd-series---4k-smart-tv.product.4201019071.html
4201019352,"Sydney 6-piece Fabric Modular Sectional, Taupe",1738,https://www.costco.com/sydney-6-piece-fabric-modular-sectional-taupe.product.4201019352.html
4201019919,"ONE Protein Bar, Variety Pack, 2.12 oz, 16-count",1738,https://www.costco.com/one-protein-bar-variety-pack-212-oz-16-count.product.4201019919.html
4201019934,"TCL 65"" Class - QM7L Pro Series - 4K UHD SQD-Mini LED Smart TV - Allstate 3-Year Protection Plan Bundle Included for 5 Years of Total Coverage*",1738,https://www.costco.com/tcl-65-class---qm7l-pro-series---4k-uhd-sqd-mini-led-smart-tv---allstate-3-year-protection-plan-bundle-included-for-5-years-of-total-coverage.product.4201019934.html
4201019955,Sanctuary Reserve 6.0 cu. ft. Fireproof and Waterproof Safe with Electronic Lock,1738,https://www.costco.com/sanctuary-reserve-60-cu-ft-fireproof-and-waterproof-safe-with-electronic-lock.product.4201019955.html
4201019972,"TCL 50"" Class - Q77K Series - 4K UHD QLED Smart TV - Allstate 3-Year Protection Plan Bundle Included for 5 Years of Total Coverage*",1738,https://www.costco.com/tcl-50-class---q77k-series---4k-uhd-qled-smart-tv---allstate-3-year-protection-plan-bundle-included-for-5-years-of-total-coverage.product.4201019972.html
4201020428,"Tree Hut Body Scrub, Vanilla and Coco Colada, 21 fl oz, 2-pack",1738,https://www.costco.com/tree-hut-body-scrub-vanilla-and-coco-colada-21-fl-oz-2-pack.product.4201020428.html
4201020464,"Olay Advanced Repair Serum Body Wash, 35 fl oz, 2-pack",1738,https://www.costco.com/olay-advanced-repair-serum-body-wash-35-fl-oz-2-pack.product.4201020464.html
4201021071,Shark FlexStyle IonCurl Air Styling System with Curl IQ,1738,https://www.costco.com/shark-flexstyle-ioncurl-air-styling-system-with-curl-iq.product.4201021071.html
4201021105,"MSI 27"" Gaming QHD QD-OLED 240Hz 0.03ms NVIDIA G-Sync & AMD FreeSync Monitor",1738,https://www.costco.com/msi-27-gaming-qhd-qd-oled-240hz-003ms-nvidia-g-sync--amd-freesync-monitor.product.4201021105.html
4201023221,Chefman Custom-Temp 1.8L Electric Kettle,1738,https://www.costco.com/chefman-custom-temp-18l-electric-kettle.product.4201023221.html
4201023248,Beats Studio Pro - Wireless Bluetooth Noise Cancelling Headphones,1738,https://www.costco.com/beats-studio-pro---wireless-bluetooth-noise-cancelling-headphones.product.4201023248.html
4201023265,"TCL 75"" Class - QM7L Pro Series - 4K UHD SQD-Mini LED Smart TV - Allstate 3-Year Protection Plan Bundle Included for 5 Years of Total Coverage*",1738,https://www.costco.com/tcl-75-class---qm7l-pro-series---4k-uhd-sqd-mini-led-smart-tv---allstate-3-year-protection-plan-bundle-included-for-5-years-of-total-coverage.product.4201023265.html
4201023269,"TCL 55"" Class - QM7L Pro Series - 4K UHD SQD-Mini LED Smart TV - Allstate 3-Year Protection Plan Bundle Included for 5 Years of Total Coverage*",1738,https://www.costco.com/tcl-55-class---qm7l-pro-series---4k-uhd-sqd-mini-led-smart-tv---allstate-3-year-protection-plan-bundle-included-for-5-years-of-total-coverage.product.4201023269.html
4201023286,Homedics SereneScent Ceramic Diffuser Set,1738,https://www.costco.com/homedics-serenescent-ceramic-diffuser-set.product.4201023286.html
4201023303,"HP OmniBook 3 14"" Next Gen AI Laptop - Qualcomm Snapdragon X - Copilot+ PC - 2K OLED (1920 x 1200) - 16GB Memory - 512GB SSD - Windows 11 Home",1738,https://www.costco.com/hp-omnibook-3-14-next-gen-ai-laptop---qualcomm-snapdragon-x---copilot-pc---2k-oled-1920-x-1200---16gb-memory---512gb-ssd---windows-11-home.product.4201023303.html
4201023328,Quiz It Book & Set / Book & Talking Flash Card Set,1738,https://www.costco.com/quiz-it-book--set--book--talking-flash-card-set.product.4201023328.html
4201023329,"Nespresso Vertuo UP Coffee and Espresso Maker by DeLonghi, Graphite with Aeroccino Milk Frother",1738,https://www.costco.com/nespresso-vertuo-up-coffee-and-espresso-maker-by-delonghi-graphite-with-aeroccino-milk-frother.product.4201023329.html
4201023342,"Celsius Sparkling Energy Drink, Variety Pack, 12 fl oz, 18-count",1738,https://www.costco.com/celsius-sparkling-energy-drink-variety-pack-12-fl-oz-18-count.product.4201023342.html
4201023345,Halloween Board Book,1738,https://www.costco.com/halloween-board-book.product.4201023345.html
4201023576,"FEELGOOD NAD+ NMN, 120 Vegan Capsules",1738,https://www.costco.com/feelgood-nad-nmn-120-vegan-capsules.product.4201023576.html
4201023578,"FEELGOOD Glutathione Phystosome, 120 Vegan Capsules",1738,https://www.costco.com/feelgood-glutathione-phystosome-120-vegan-capsules.product.4201023578.html
4201023596,"FEELGOOD Magnesium Glycinate, 180 Vegan Capsules",1738,https://www.costco.com/feelgood-magnesium-glycinate-180-vegan-capsules.product.4201023596.html
4201023599,Marshall Stockwell III Portable Bluetooth Speaker,1738,https://www.costco.com/marshall-stockwell-iii-portable-bluetooth-speaker.product.4201023599.html
4201023635,"Tide Pods Unstopables Laundry Detergent Pods, Fresh, 80-count",1738,https://www.costco.com/tide-pods-unstopables-laundry-detergent-pods-fresh-80-count.product.4201023635.html
4201023800,"Health-Ade Organic Fruity Fusion Kombucha Variety Pack, 16 fl oz, 6-count",1738,https://www.costco.com/health-ade-organic-fruity-fusion-kombucha-variety-pack-16-fl-oz-6-count.product.4201023800.html
4201023855,Sharper Image Power Percussion Duo Max Deep Tissue Massager,1738,https://www.costco.com/sharper-image-power-percussion-duo-max-deep-tissue-massager.product.4201023855.html
4201023902,Sharper Image Motorized Handheld Rolling Massager,1738,https://www.costco.com/sharper-image-motorized-handheld-rolling-massager.product.4201023902.html
4201024080,Gourmia XL 13-In-1 French Door Countertop Oven with Air Fry and Temperature Probe,1738,https://www.costco.com/gourmia-xl-13-in-1-french-door-countertop-oven-with-air-fry-and-temperature-probe.product.4201024080.html
4201024373,"Mucinex 12HR Cold & Fever Multi-Symptom, 50 Extended Release Tablets",1738,https://www.costco.com/mucinex-12hr-cold--fever-multi-symptom-50-extended-release-tablets.product.4201024373.html
4201024377,Summit Gravel By Aura Wi-Fi Digital Photo Frame,1738,https://www.costco.com/summit-gravel-by-aura-wi-fi-digital-photo-frame.product.4201024377.html
4201024413,"Fairlife Nutrition Plan, 30g Protein Shake, Vanilla, 11.5 fl oz, 18-pack",1738,https://www.costco.com/fairlife-nutrition-plan-30g-protein-shake-vanilla-115-fl-oz-18-pack.product.4201024413.html
4201024427,Parker Stone Collection by Aura Wi-Fi Digital Photo Frame,1738,https://www.costco.com/parker-stone-collection-by-aura-wi-fi-digital-photo-frame.product.4201024427.html
4201024843,"Grüns Immün Daily Defense 13-in-1 Sour Pineapple Gummies, 35 Daily Packs",1738,https://www.costco.com/grns-immn-daily-defense-13-in-1-sour-pineapple-gummies-35-daily-packs.product.4201024843.html
4201025874,Sony HT-BC50 3.1 Ch Soundbar with Wireless Subwoofer,1738,https://www.costco.com/sony-ht-bc50-31-ch-soundbar-with-wireless-subwoofer.product.4201025874.html
4201026436,"Bolder Foods Loaded Baked Potato Soup, 24 oz, 2-count",1738,https://www.costco.com/.product.4201026436.html
4201026692,Philips Norelco All-in-One Electric Shaver and Trimmer with 24 Attachments,1738,https://www.costco.com/philips-norelco-all-in-one-electric-shaver-and-trimmer-with-24-attachments.product.4201026692.html
4201027257,"Olay Daily Radiance Lotion Vitamin C + Niacinamide, 1.7 fl oz, 2-pack",1738,https://www.costco.com/olay-daily-radiance-lotion-vitamin-c--niacinamide-17-fl-oz-2-pack.product.4201027257.html
4201027287,Samsung Galaxy Watch9 40mm Smartwatch with Two Wireless Fast Chargers,1738,https://www.costco.com/samsung-galaxy-watch9-40mm-smartwatch-with-two-wireless-fast-chargers.product.4201027287.html
4201027313,Samsung Galaxy Watch9 44mm Smartwatch with Two Wireless Fast Chargers,1738,https://www.costco.com/samsung-galaxy-watch9-44mm-smartwatch-with-two-wireless-fast-chargers.product.4201027313.html
4201027362,"Philips Norelco Shaver 9000, Wet & Dry Electric Shaver, with SenseIQ",1738,https://www.costco.com/philips-norelco-shaver-9000-wet--dry-electric-shaver-with-senseiq.product.4201027362.html
4201027863,"TUMS Antacid Chewy Bites Assorted Wintermint & Vanilla Cream, 108 Chewable Tablets",1738,https://www.costco.com/tums-antacid-chewy-bites-assorted-wintermint--vanilla-cream-108-chewable-tablets.product.4201027863.html
4201028418,Stern Pokémon Pinball Machine,1738,https://www.costco.com/stern-pokmon-pinball-machine.product.4201028418.html
4201028499,"SANUS Preferred 42""-100"" Advanced Tilt TV Mount",1738,https://www.costco.com/sanus-preferred-42-100-advanced-tilt-tv-mount.product.4201028499.html
4201028860,Keurig K-Mini Mate Plus Single-Serve Coffee Maker with Water Filter and K-Cup Pods,1738,https://www.costco.com/keurig-k-mini-mate-plus-single-serve-coffee-maker-with-water-filter-and-k-cup-pods.product.4201028860.html
4201028952,"SANUS Preferred 50""-100"" Full-Motion TV Mount",1738,https://www.costco.com/sanus-preferred-50-100-full-motion-tv-mount.product.4201028952.html
4201029320,Lasko MotionX Whole Room Heater with Remote,1738,https://www.costco.com/lasko-motionx-whole-room-heater-with-remote.product.4201029320.html
4201029325,"Crown Bakeries Mini Muffin Bites, Birthday Cake, 1.65 oz, 20-count",1738,https://www.costco.com/crown-bakeries-mini-muffin-bites-birthday-cake-165-oz-20-count.product.4201029325.html
4201030133,"Native Body Wash Coconut & Vanilla, 34 fl oz, 2-pack",1738,https://www.costco.com/native-body-wash-coconut--vanilla-34-fl-oz-2-pack.product.4201030133.html
4201031429,Shark Navigator Lift-Away Upright Vacuum with Reveal Technology,1738,https://www.costco.com/shark-navigator-lift-away-upright-vacuum-with-reveal-technology.product.4201031429.html
4201031575,Samsung 75” Class - M80H Series - 4K Mini LED - Smart TV - Allstate 3-Year Protection Plan Bundle Included For 5 Years of Total Coverage*,1738,https://www.costco.com/samsung-75-class---m80h-series---4k-mini-led---smart-tv---allstate-3-year-protection-plan-bundle-included-for-5-years-of-total-coverage.product.4201031575.html
4201031674,Samsung 65” Class - M80H Series - 4K Mini LED - Smart TV - Allstate 3-Year Protection Plan Bundle Included For 5 Years of Total Coverage*,1738,https://www.costco.com/samsung-65-class---m80h-series---4k-mini-led---smart-tv---allstate-3-year-protection-plan-bundle-included-for-5-years-of-total-coverage.product.4201031674.html
4201031675,"Nopalera Cactus Shower Gel, 24oz, 2-pack",1738,https://www.costco.com/nopalera-cactus-shower-gel-24oz-2-pack.product.4201031675.html
4201031808,Dyson Gen5detect Extra Cordless Stick Vacuum,1738,https://www.costco.com/dyson-gen5detect-extra-cordless-stick-vacuum.product.4201031808.html
4201032153,Ninja CRISPi DualZone 2-Basket Glass Air Fryer,1738,https://www.costco.com/ninja-crispi-dualzone-2-basket-glass-air-fryer.product.4201032153.html
4201032687,"Dell Plus 16"" Touchscreen Laptop - Intel Core Ultra 7 256V Processor - FHD (1920 x 1080) - 16GB RAM - 512GB SSD - Windows 11 Home - Ice Blue",1738,https://www.costco.com/dell-plus-16-touchscreen-laptop---intel-core-ultra-7-256v-processor---fhd-1920-x-1080---16gb-ram---512gb-ssd---windows-11-home---ice-blue.product.4201032687.html
4201032860,Dyson Supersonic Nural Hair Dryer with Chitosan Post-Style Serum,1738,https://www.costco.com/dyson-supersonic-nural-hair-dryer-with-chitosan-post-style-serum.product.4201032860.html
4201032861,WINIX C710 4-Stage True HEPA Air Purifier with Wi-Fi and Additional Filter,1738,https://www.costco.com/winix-c710-4-stage-true-hepa-air-purifier-with-wi-fi-and-additional-filter.product.4201032861.html
4201032896,Dyson Airstrait Wet-to-Dry Straightener with Omega Hydrating Hair Oil,1738,https://www.costco.com/dyson-airstrait-wet-to-dry-straightener-with-omega-hydrating-hair-oil.product.4201032896.html
4201032948,Dyson Airwrap i.d. Multi-Styler and Dryer with Chitosan Post-Style Serum,1738,https://www.costco.com/dyson-airwrap-id-multi-styler-and-dryer-with-chitosan-post-style-serum.product.4201032948.html
4201032949,Shark CryoGlow Under-Eye Cooling Plus LED Anti-Aging and Skin Clearing Face Mask,1738,https://www.costco.com/shark-cryoglow-under-eye-cooling-plus-led-anti-aging-and-skin-clearing-face-mask.product.4201032949.html
4201033147,Logitech MX Performance Keyboard and Mouse Combo,1738,https://www.costco.com/logitech-mx-performance-keyboard-and-mouse-combo.product.4201033147.html
4201033767,"LG 48"" Class - OLED evo AI G5 Series - 4K Smart TV - Allstate 3-Year Protection Plan Bundle Included For 5 Years of Total Coverage*",1738,https://www.costco.com/lg-48-class---oled-evo-ai-g5-series---4k-smart-tv---allstate-3-year-protection-plan-bundle-included-for-5-years-of-total-coverage.product.4201033767.html
4201033980,JBL PartyBox 130 Portable Party Speaker with Wireless Microphone,1738,https://www.costco.com/jbl-partybox-130-portable-party-speaker-with-wireless-microphone.product.4201033980.html
4201034144,Joie Baby Saffron SI 4-in-1 Car Seat,1738,https://www.costco.com/joie-baby-saffron-si-4-in-1-car-seat.product.4201034144.html
4201034608,"Samsung 55"" Class - U8000H Crystal UHD Series - 4K Smart TV",1738,https://www.costco.com/samsung-55-class---u8000h-crystal-uhd-series---4k-smart-tv.product.4201034608.html
4201035515,"34"" ViewFinity S5 Ultrawide QHD 120Hz Curved Monitor",1738,https://www.costco.com/34-viewfinity-s5-ultrawide-qhd-120hz-curved-monitor.product.4201035515.html
4201035961,Dyson Ball Animal Optic Corded Upright Vacuum,1738,https://www.costco.com/dyson-ball-animal-optic-corded-upright-vacuum.product.4201035961.html
4201037288,"Peet's Coffee Major Dickason’s K-Cup Coffee Pods, 80-count",1738,https://www.costco.com/peets-coffee-major-dickasons-k-cup-coffee-pods-80-count.product.4201037288.html
4201037353,"Acer Aspire Go 15.6"" Touchscreen Laptop – AMD Ryzen 5 40 Processor – FHD (1920 x 1080) – 16GB RAM - 1TB SSD - Windows 11 Home - Steam Blue",1738,https://www.costco.com/acer-aspire-go-156-touchscreen-laptop--amd-ryzen-5-40-processor--fhd-1920-x-1080--16gb-ram---1tb-ssd---windows-11-home---steam-blue.product.4201037353.html
4201037995,Ultimate Ears Megaboom 4 SE Portable Bluetooth Speaker,1738,https://www.costco.com/ultimate-ears-megaboom-4-se-portable-bluetooth-speaker.product.4201037995.html
4201038037,Bose QuietComfort Ultra Headphones (Gen1),1738,https://www.costco.com/bose-quietcomfort-ultra-headphones-gen1.product.4201038037.html
4201038052,Bose QuietComfort SC Headphones (2nd Gen),1738,https://www.costco.com/bose-quietcomfort-sc-headphones-2nd-gen.product.4201038052.html
4201038458,Dyson HushJet Compact Pure Control Air Purifier,1738,https://www.costco.com/dyson-hushjet-compact-pure-control-air-purifier.product.4201038458.html
4201040398,"Samsung 65"" Class - U8000H Crystal UHD Series - 4K Smart TV",1738,https://www.costco.com/samsung-65-class---u8000h-crystal-uhd-series---4k-smart-tv.product.4201040398.html
4201041464,"Mr. Christmas 24"" Red and White LED Blow Mold Glitter Candles, Set of 2",1738,https://www.costco.com/mr-christmas-24-red-and-white-led-blow-mold-glitter-candles-set-of-2.product.4201041464.html
4201041611,"THOR Kitchen 17.5 cu. ft. 30"" French Door Refrigerator",1738,https://www.costco.com/thor-kitchen-175-cu-ft-30--french-door-refrigerator.product.4201041611.html
4201041612,"THOR Kitchen 48"" 6.8 cu. ft. Professional Double Oven Gas Range",1738,https://www.costco.com/thor-kitchen-48-68-cu-ft-professional-double-oven-gas-range.product.4201041612.html
4201041650,"THOR Kitchen 20.3 cu. ft. 36"" French Door Refrigerator",1738,https://www.costco.com/thor-kitchen-203-cu-ft-36-french-door-refrigerator.product.4201041650.html
4201043426,"ROC Line Smoothing Eye Cream, 0.6 fl oz, 3-pack",1738,https://www.costco.com/roc-line-smoothing-eye-cream-06-fl-oz-3-pack.product.4201043426.html
4201044416,Dyson R2 Nurovi Wash Dry Robot Vacuum,1738,https://www.costco.com/dyson-r2-nurovi-wash-dry-robot-vacuum.product.4201044416.html
4201046849,Guardian by Generac 22kw Home Standby Generator with 200A Automatic Transfer Switch Included,1738,https://www.costco.com/guardian-by-generac-22kw-home-standby-generator-with-200a-automatic-transfer-switch-included.product.4201046849.html
4201047370,"Kirkland Signature Double Sided Hanukkah Wrap, 6-rolls, 540 sq. ft. Total",1738,https://www.costco.com/.product.4201047370.html
4223955,"Tide Advanced Care Liquid Laundry Detergent, Free & Gentle, 125 Loads, 154 fl oz",1738,https://www.costco.com/.product.4223955.html
425349,"Del Monte, Canned Corn-Whole Kernel, 15.25 oz, 12-Count",1738,https://www.costco.com/.product.425349.html
426292,"Arm & Hammer, Pure Baking Soda, 13.5 lbs",1738,https://www.costco.com/.product.426292.html
427053,Delsym 12 Hour Cough Relief,1738,https://www.costco.com/.product.427053.html
4333018,Cuisinart SimpliTouch XL Color Touchscreen 2-Slice Toaster,1738,https://www.costco.com/.product.4333018.html
433677,"McCormick, Grill Mates, Montreal Steak Seasoning, 29 oz",1738,https://www.costco.com/.product.433677.html
437484,"Lavazza Caffé Espresso 100% Premium Arabica Coffee, Whole Bean, 2.2 lbs",1738,https://www.costco.com/.product.437484.html
438851,"Capri Sun, 100% Juice, Variety Pack, 6 fl oz, 40-count",1738,https://www.costco.com/.product.438851.html
440031,"Round Brilliant 0.23 ctw VS2 Clarity, I Color Diamond 14kt Gold Screwback Stud Earrings, White Gold",1738,https://www.costco.com/.product.440031.html
440493,"Kirkland Signature Cashew Clusters, 2 lbs",1738,https://www.costco.com/.product.440493.html
443298,"Kraft, Macaroni & Cheese Dinner Cup, 2.05 oz, 12-Count",1738,https://www.costco.com/.product.443298.html
4444017,Gourmia 2 Quart Automatic Soft Serve Ice Cream and Frozen Drink Maker,1738,https://www.costco.com/.product.4444017.html
4446542,Chefman Custom-Temp 1.8L Electric Kettle,1738,https://www.costco.com/.product.4446542.html
4449587,WINIX C710 4-Stage True HEPA Air Purifier with Wi-Fi and Additional Filter,1738,https://www.costco.com/.product.4449587.html
446586,"Quaker Oats Old Fashioned Rolled Oats, 10 lbs",1738,https://www.costco.com/.product.446586.html
447180,"Kirkland Signature Beef Hot Dogs, 12 Links, 1.5 lbs, 3-count",1738,https://www.costco.com/.product.447180.html
45221,"Cheez-It Crackers, Cheddar, 3 lbs",1738,https://www.costco.com/.product.45221.html
4543452,Conair 3-in-1 ExtremeSteam Garment Steamer,1738,https://www.costco.com/.product.4543452.html
461,"Toblerone Swiss Milk Chocolate Bar, 3.52 oz, 6-Count",1738,https://www.costco.com/.product.461.html
46242,"Kirkland Signature Decaffeinated Coffee, Dark Roast, 3 lbs",1738,https://www.costco.com/.product.46242.html
4639087,Shark BreatheClear MAX With NeverChange Air Purifier,1738,https://www.costco.com/.product.4639087.html
4640862,"Philips Norelco Shaver 9000, Wet & Dry Electric Shaver, with SenseIQ",1738,https://www.costco.com/.product.4640862.html
464292,"Ajinomoto Yakisoba with Vegetables, 9 oz, 6-count",1738,https://www.costco.com/.product.464292.html
4698741,Shark FlexFusion Styling and Drying System,1738,https://www.costco.com/.product.4698741.html
473505,"Apple & Eve, 100% Juice, Variety Pack, 6.75 fl oz, 36-count",1738,https://www.costco.com/.product.473505.html
4748527,Homedics SereneScent Ceramic Diffuser Set,1738,https://www.costco.com/.product.4748527.html
477403,"Del Monte, Canned Cut Green Beans, 14.5 oz, 12-Count",1738,https://www.costco.com/.product.477403.html
47825,"Green Seedless Grapes, 3 lbs",1738,https://www.costco.com/.product.47825.html
482358,"Tylenol PM Extra Strength Acetaminophen 500 mg Pain Reliever, Sleep Aid, 225 Caplets",1738,https://www.costco.com/.product.482358.html
48445,"N'Joy Powdered Creamer, Original, 16 oz, 8 count",1738,https://www.costco.com/.product.48445.html
4860002,"Kirkland Signature Uncured Black Forest Ham, 28 oz",1738,https://www.costco.com/.product.4860002.html
4873222,"All Free & Clear Plus+ Liquid Laundry Detergent, 160 Loads, 200 fl oz",1738,https://www.costco.com/.product.4873222.html
4874102,"Sealy Sterling Collection Down-Alternative Pillow, 2-pack, Standard/Queen Size",1738,https://www.costco.com/.product.4874102.html
4874103,"Sealy Sterling Collection Down-Alternative Pillow, 2-pack, King",1738,https://www.costco.com/.product.4874103.html
49100,"Kirkland Signature, Organic Soy Beverage, Plain, 32 fl oz, 12-Count",1738,https://www.costco.com/.product.49100.html
502046,"Zyrtec 24 Hour Allergy Relief Antihistamine Cetirizine HCl 10 mg, 65 Liquid Gels",1738,https://www.costco.com/.product.502046.html
504882,"Tylenol Extra Strength Acetaminophen 500 mg, Pain & Fever Relief, 290 Rapid Release Gelcap Tablets",1738,https://www.costco.com/.product.504882.html
50550,"Hebrew National 100% Kosher Beef Franks, 12 oz, 4-count, 28 Beef Franks Total",1738,https://www.costco.com/.product.50550.html
509768,"3M Scotch Precision Ultra Edge 8"" Scissor, 3-count",1738,https://www.costco.com/.product.509768.html
51070,"Kirkland Signature, Chicken Breast, 12.5 oz, 6-Count",1738,https://www.costco.com/.product.51070.html
512599,"Kirkland Signature Paper Towels, 2-Ply, 160 Sheets, 12 Individually Wrapped Rolls",1738,https://www.costco.com/.product.512599.html
514007,"Kirkland Signature Chardonnay, Sonoma County, 750 ml",1738,https://www.costco.com/.product.514007.html
5161251,"Downy Unstopables In-wash Scent Booster Beads, Fresh, 39.9 oz",1738,https://www.costco.com/.product.5161251.html
516822,"Kirkland Signature, Organic Chicken Stock, 32 fl oz, 6-Count",1738,https://www.costco.com/.product.516822.html
519638,"Organic Blueberries, 18 oz",1738,https://www.costco.com/.product.519638.html
519964,"Chinet Crystal 10 oz Plastic Cup, Clear, 150-count",1738,https://www.costco.com/.product.519964.html
521658,"Ferrero Rocher, Milk Chocolate Hazelnut Candy, 21.2 oz, 48 Count",1738,https://www.costco.com/.product.521658.html
522107,"General Mills, Cheerios Cereal, 20.35 oz, 2-count",1738,https://www.costco.com/.product.522107.html
522779,"Kirkland Signature, Crushed Red Pepper, 10 oz",1738,https://www.costco.com/.product.522779.html
52296,"Kirkland Signature Chicken and Rice Cat Food, 25 lbs",1738,https://www.costco.com/.product.52296.html
5247022,"Tide Pods with Ultra Oxi Laundry Detergent Pods, 100-count",1738,https://www.costco.com/.product.5247022.html
5248298,FoodSaver Preserve Vacuum Sealer Appliance with Bags and Marinate Container,1738,https://www.costco.com/.product.5248298.html
5276,"Red Seedless Grapes, 3 lbs",1738,https://www.costco.com/.product.5276.html
529110,"Refresh Tears Lubricant Eye Drops Multi-Pack, 65 ml.",1738,https://www.costco.com/.product.529110.html
529688,"Kirkland Signature NonDrowsy AllerClear Antihistamine 10 mg., 365 Tablets",1738,https://www.costco.com/.product.529688.html
5331,"Classico Organic Pasta Sauce, 32 oz, 3-count",1738,https://www.costco.com/.product.5331.html
5354,"Hidden Valley Original Ranch Homestyle Dressing, 40 fl oz, 2-count",1738,https://www.costco.com/.product.5354.html
536672,"Nature's Bounty Fish Oil 1,400 mg, 130 Coated Softgels",1738,https://www.costco.com/.product.536672.html
536970,"Natrol JuiceFestiv, 240 Capsules",1738,https://www.costco.com/.product.536970.html
540003,First Alert Rechargeable Heavy Duty Fire Extinguisher UL Rated 3-A:40-BC,1738,https://www.costco.com/.product.540003.html
541334,"Nestlé Coffee-mate Powdered Creamer, Original, 56 oz",1738,https://www.costco.com/.product.541334.html
545345,"Kirkland Signature In-Shell Pistachios, Salted, 3 lbs",1738,https://www.costco.com/.product.545345.html
547204,"Zyrtec-D 12 Hour Allergy & Sinus Medicine & Nasal Decongestant, 24 Tablets",1738,https://www.costco.com/.product.547204.html
549721,"Heinz Simply Tomato Ketchup, 44 oz, 3-count",1738,https://www.costco.com/.product.549721.html
549797,"Lotus Biscoff Cookies, 8.8 oz., 4 Count",1738,https://www.costco.com/.product.549797.html
553486,"Nature's Bounty Optimal Solutions Hair, Skin and Nails, 250 Softgels",1738,https://www.costco.com/.product.553486.html
553499,"Kirkland Signature, Sunsweet Whole Dried Plums, 3.5 lbs",1738,https://www.costco.com/.product.553499.html
555000,"Kirkland Signature Organic Peanut Butter, 28 oz, 2-count",1738,https://www.costco.com/.product.555000.html
555744,"Glucerna Original Diabetic Nutrition Shake, 8 fl oz, 24-pack, Vanilla",1738,https://www.costco.com/.product.555744.html
559608,"Mateo's Gourmet Salsa, Medium, 32 oz",1738,https://www.costco.com/.product.559608.html
560519,"WildRoot's Coastal Berry Trail Mix, 26 oz",1738,https://www.costco.com/.product.560519.html
561527,"Kirkland Signature Psyllium Fiber Sugar-Free Powder, 2x180 Teaspoons",1738,https://www.costco.com/.product.561527.html
561532,"Kirkland Signature Fast Acting Lactase, 180 Caplets",1738,https://www.costco.com/.product.561532.html
56366,"Raspberries, 12 oz",1738,https://www.costco.com/.product.56366.html
568915,"Organic English Cucumbers, Greenhouse Grown, 3-count",1738,https://www.costco.com/.product.568915.html
569051,"Wonderful Roasted & Salted Pistachios, 24 oz",1738,https://www.costco.com/.product.569051.html
570940,"Kirkland Signature Nature's Domain Cat Food, 18 lbs",1738,https://www.costco.com/.product.570940.html
572220,"Nature Made Iron, 65 mg, 365 Tablets",1738,https://www.costco.com/.product.572220.html
572310,"Nature Made Vitamin D3 25 mcg, 650 Softgels",1738,https://www.costco.com/.product.572310.html
573015,"Advil Ibuprofen 200 mg., Pain Reliever/Fever Reducer 360 Tablets",1738,https://www.costco.com/.product.573015.html
573854,"Qunol Mega CoQ10 100 mg., 120 Softgels",1738,https://www.costco.com/.product.573854.html
5752554,Shark Navigator Lift-Away Upright Vacuum with Reveal Technology,1738,https://www.costco.com/.product.5752554.html
57554,"Blueberries, 18 oz",1738,https://www.costco.com/.product.57554.html
580655,"Nature Made Super B-Complex, 460 Tablets",1738,https://www.costco.com/.product.580655.html
580664,"Nature Made Prenatal Folic Acid + DHA, 150 Softgels",1738,https://www.costco.com/.product.580664.html
581871,"Kirkland Signature, Minced California Garlic, 48 oz",1738,https://www.costco.com/.product.581871.html
587289,"Double Egg Yolk and Lotus Seed Paste Moon Cakes, 24.7 oz, 4-count",1738,https://www.costco.com/.product.587289.html
588153,"Kirkland Signature Calcium Citrate, Magnesium and Zinc, 500 Tablets",1738,https://www.costco.com/.product.588153.html
5938,"Gold Potatoes, 10 lbs",1738,https://www.costco.com/.product.5938.html
594518,"Culturelle Digestive Health Probiotic, 80 Vegetarian Capsules",1738,https://www.costco.com/.product.594518.html
596444,"Kirkland Signature, Ocean Spray Cranberry Premium 100% Juice, 96 fl oz, 2-Count",1738,https://www.costco.com/.product.596444.html
596759,"Kirkland Signature Acetaminophen PM, 500 mg, 375 Capsules",1738,https://www.costco.com/.product.596759.html
598848,"Kirkland Signature Psyllium Fiber, 720 Capsules",1738,https://www.costco.com/.product.598848.html
600950,Freshwater Cultured 7-7.5mm Pearl 14kt White Gold Stud Earrings,1738,https://www.costco.com/.product.600950.html
600961,Freshwater Cultured 8-8.5 mm Pearl 14kt White Gold Earrings,1738,https://www.costco.com/.product.600961.html
6021,"Plums, 3 lbs",1738,https://www.costco.com/.product.6021.html
60357,"Mixed Bell Peppers, 6-count",1738,https://www.costco.com/.product.60357.html
607373,"San Pellegrino Sparkling Natural Mineral Water, 25.3 fl oz, 15-count",1738,https://www.costco.com/.product.607373.html
6094012,"GoPro HERO13 Black Action Camera Bundle with Additional Enduro Battery, 128GB microSD Card and Carrying Case",1738,https://www.costco.com/.product.6094012.html
6101960,"Kirkland Signature Organic Spinach & Cheese Ravioli, 22 oz, 2-count",1738,https://www.costco.com/.product.6101960.html
610626,"Sour Patch Kids Soft & Chewy Candy, 2 oz, 24-count",1738,https://www.costco.com/.product.610626.html
617686,"Softsoap Advanced Clean Liquid Hand Soap Refill, 80 oz, 2-pack",1738,https://www.costco.com/.product.617686.html
620595,"Nestle Nido Kinder 1+ Toddler Powdered Milk, 77.6 oz",1738,https://www.costco.com/.product.620595.html
6234400,Gourmia XL 13-In-1 French Door Countertop Oven with Air Fry and Temperature Probe,1738,https://www.costco.com/.product.6234400.html
624842,"Sabatasso's Pizza Singles, Variety Pack, 12-count",1738,https://www.costco.com/.product.624842.html
625994,"Clorox ToiletWand Disposable Toilet Cleaning System, Rainforest Rush, 1 Wand & 36 Refills",1738,https://www.costco.com/.product.625994.html
6262016,"Kirkland Signature Bath Tissue, 2-Ply, 380 Sheets, 30 Rolls",1738,https://www.costco.com/.product.6262016.html
6264351,Dyson V10 Konical Cordless Stick Vacuum with Car Cleaning Kit,1738,https://www.costco.com/.product.6264351.html
62771,"Halls Cough Drops, Cherry, 9-count, 20-pack",1738,https://www.costco.com/.product.62771.html
629240,"Kirkland Signature Stool Softener, 100 mg, 400 Softgels",1738,https://www.costco.com/.product.629240.html
633561,"Kirkland Signature, Organic Diced Tomatoes, 14.5 oz, 8-Count",1738,https://www.costco.com/.product.633561.html
633563,"Kirkland Signature, Organic Tomato Sauce, 15 oz, 12-Count",1738,https://www.costco.com/.product.633563.html
633564,"Kirkland Signature, Organic Tomato Paste, 6 oz, 12-Count",1738,https://www.costco.com/.product.633564.html
6373801,Dyson Gen5detect Extra Cordless Stick Vacuum,1738,https://www.costco.com/.product.6373801.html
638603,"Kirkland Signature Multi-Purpose Disinfecting Solution, 48 Ounces",1738,https://www.costco.com/.product.638603.html
638854,"Bibigo Chicken and Cilantro Mini Wontons, 3 lbs",1738,https://www.costco.com/.product.638854.html
6406,"Kirkland Signature Premium Extra Thick Steak Strips, 12 oz",1738,https://www.costco.com/.product.6406.html
644585,"trunature Prostate Plus Health Complex, 250 Softgels",1738,https://www.costco.com/.product.644585.html
648220,"Kirkland Signature CoQ10 300 mg., 100 Softgels",1738,https://www.costco.com/.product.648220.html
648964,Gardenia Small Bonsai Tree,1738,https://www.costco.com/.product.648964.html
650377,"Kirkland Signature Quit Original Gum, 2 mg, 380 Pieces",1738,https://www.costco.com/.product.650377.html
650382,"Kirkland Signature Quit Gum 4 mg., 380-pieces",1738,https://www.costco.com/.product.650382.html
654260,"Natrol Melatonin 5 mg Fast Dissolve Tablets, 250 Tablets",1738,https://www.costco.com/.product.654260.html
657092,"Round Brilliant 0.43 ctw VS2 Clarity, I Color Diamond 14kt White Gold Cross Pendant",1738,https://www.costco.com/.product.657092.html
657187,"Amlactin Moisturizing Body Lotion with 12% Lactic Acid, 20 oz",1738,https://www.costco.com/.product.657187.html
663439,"Cheez-It Crackers, Cheddar, 1.5 oz, 45-count",1738,https://www.costco.com/.product.663439.html
664635,"Swisspers Premium Hypoallergenic Cotton Rounds, 900-count",1738,https://www.costco.com/.product.664635.html
664927,"Cinnamon Toast Crunch Cereal, 49.5 oz",1738,https://www.costco.com/.product.664927.html
6652,"Vidalia Sweet Onions, 5 lbs",1738,https://www.costco.com/.product.6652.html
6660750,"Whirlpool 24 in. Top Control Built-In Fingerprint Resistant Stainless Steel Dishwasher with AI Intelligent Wash, 47 dBA",1738,https://www.costco.com/.product.6660750.html
6660753,"Whirlpool 24 in. Top Control Built-In Fingerprint Resistant Stainless Steel Dishwasher with Leak Detection, 47 dBA",1738,https://www.costco.com/.product.6660753.html
6660756,Maytag Top Load 4.8 cu. ft. Washer with Deep Fill Option,1738,https://www.costco.com/.product.6660756.html
667287,"Aleve Pain Reliever, 320 Caplets",1738,https://www.costco.com/.product.667287.html
667448,NeilMed Sinus Rinse Kit,1738,https://www.costco.com/.product.667448.html
669434,"Cape Cod Kettle Cooked Potato Chips, 30 oz",1738,https://www.costco.com/.product.669434.html
670441,"Peet's Coffee Major Dickason's Blend Coffee, Dark Roast, Whole Bean, 2 lbs",1738,https://www.costco.com/.product.670441.html
67072,"Navel Oranges, 8 lbs",1738,https://www.costco.com/.product.67072.html
675749,"3M Scotch Magic Tape & Gift Wrap Tape, 6-count",1738,https://www.costco.com/.product.675749.html
679131,"Kirkland Signature Organic Pure Maple Syrup, 33.8 oz",1738,https://www.costco.com/.product.679131.html
681272,"trunature Vision Complex Lutein & Zeaxanthin, 140 Softgels",1738,https://www.costco.com/.product.681272.html
681421,"Dulcolax Laxative, 200 Tablets",1738,https://www.costco.com/.product.681421.html
685586,"Listerine UltraClean Coolmint Mouthwash, 1.5 Liter, 2-count",1738,https://www.costco.com/.product.685586.html
689121,"Phillips Crab Cake Minis, 36-count",1738,https://www.costco.com/.product.689121.html
690843,"Kirkland Signature Quick Dissolve B-12 5000 mcg, 300 Tablets",1738,https://www.costco.com/.product.690843.html
691740,"Ricola Sugar Free Lemon Mint Cough Drops, 210 Drops",1738,https://www.costco.com/.product.691740.html
692731,"Kirkland Signature, Organic Extra Virgin Olive Oil, 2 L",1738,https://www.costco.com/.product.692731.html
6982991,"Hotel Grand White Down Comforter, Full/Queen",1738,https://www.costco.com/.product.6982991.html
6982992,"Hotel Grand White Down Comforter, King",1738,https://www.costco.com/.product.6982992.html
6990603,Dyson Ball Animal Optic Corded Upright Vacuum,1738,https://www.costco.com/.product.6990603.html
699251,"Victoria White Linen Marinara Sauce, 40 oz, 2-count",1738,https://www.costco.com/.product.699251.html
6992988,"Starbucks Coffee and Espresso Capsules for Nespresso Vertuo Machines 60-count Variety Pack, 100% Arabica Coffee",1738,https://www.costco.com/.product.6992988.html
699770,"Kirkland Signature Allerclear-D 12 Hour, 30 Extended Release Tablets",1738,https://www.costco.com/.product.699770.html
701249,"Welch's 100% Juice Drink, Variety Pack, 10 fl oz, 24-count",1738,https://www.costco.com/.product.701249.html
704329,"Libby's, Vienna Sausage, 4.6 oz, 18-count",1738,https://www.costco.com/.product.704329.html
705876,"M&M's, Snickers and More Chocolate Candy Bars, Variety Pack, 30-count",1738,https://www.costco.com/.product.705876.html
71003,"Kirkland Signature, Extra Virgin Italian Olive Oil, 2 L",1738,https://www.costco.com/.product.71003.html
711509,"Red Bull Energy Drink, Sugar Free, 8.4 fl oz, 24-count",1738,https://www.costco.com/.product.711509.html
713160,"Kirkland Signature Ultra Plush Microfiber Towel, Yellow, 16 in x 16 in, 36-count",1738,https://www.costco.com/.product.713160.html
7161149,Philips Norelco All-in-One Electric Shaver and Trimmer with 24 Attachments,1738,https://www.costco.com/.product.7161149.html
7172015,"Kirkland Signature Reduced Sodium Dry Salame, 16 oz, 2-count",1738,https://www.costco.com/.product.7172015.html
7186561,"Kirkland Signature Organic Greek Feta, 28.2 oz",1738,https://www.costco.com/.product.7186561.html
719940,"Kirkland Signature Nighttime Sleep Aid, 192 Tablets",1738,https://www.costco.com/.product.719940.html
720,"Reynolds Wrap Aluminum Foil, 12"" x 83.33 yd, 2-count",1738,https://www.costco.com/.product.720.html
720393,"Excedrin Migraine for Migraine Relief, 300 Caplets",1738,https://www.costco.com/.product.720393.html
720650,"Cocktail Cucumber, Greenhouse Grown, 1.5 lbs",1738,https://www.costco.com/.product.720650.html
72147,"TUMS Antacid Ultra Strength, 265 Chewable Tablets",1738,https://www.costco.com/.product.72147.html
723675,"Kleenex Trusted Care Facial Tissue, 2-Ply, 230-count, 10-pack",1738,https://www.costco.com/.product.723675.html
734786,"General Mills, Cheerios Cereal, Honey Nut, 27.5 oz, 2-count",1738,https://www.costco.com/.product.734786.html
736083,"Kirkland Signature, Organic Lemonade, 96 fl oz, 2-count",1738,https://www.costco.com/.product.736083.html
7416,"Tyson Panko Breaded Chicken Breast Tenderloins, 5 lbs",1738,https://www.costco.com/.product.7416.html
744361,"Genova, Yellowfin Tuna, 7 oz, 6-Count",1738,https://www.costco.com/.product.744361.html
7445,"Baking Potatoes, 10 lbs",1738,https://www.costco.com/.product.7445.html
749182,"Ajinomoto Yakitori Chicken Fried Rice, 9 oz, 6-count",1738,https://www.costco.com/.product.749182.html
7552,"Wild Planet, Albacore Wild Tuna, 5 oz, 6-count",1738,https://www.costco.com/.product.7552.html
755383,"Tyson Crispy Chicken Strips, 48 oz",1738,https://www.costco.com/.product.755383.html
756053,"Kirkland Signature Medium Roast Coffee, 40 oz",1738,https://www.costco.com/.product.756053.html
7565000,Cuisinart Brew Central Plus 14-Cup Programmable Coffee Maker,1738,https://www.costco.com/.product.7565000.html
75838,"Marathon Paper Towel, Premium Multifold, 150 Towels, 20-count",1738,https://www.costco.com/.product.75838.html
7609681,"Cascade Platinum Liquid Dishwasher Detergent, Fresh, 125 fl oz",1738,https://www.costco.com/.product.7609681.html
761486,"Garofalo, Organic Spaghetti Noodles, 17.6 oz, 8-Count",1738,https://www.costco.com/.product.761486.html
77009,"Kirkland Signature Farm-Raised Cooked Shrimp, Tail-Off, 50-70-count per Pound, 2 lbs",1738,https://www.costco.com/.product.77009.html
77053,"Grape Tomatoes, 2 lbs",1738,https://www.costco.com/.product.77053.html
7750815,Shark Stratos Cordless Vacuum with Clean Sense IQ DuoClean PowerFins HairPro,1738,https://www.costco.com/.product.7750815.html
7753245,Shark PowerDetect Speed Clean and Empty Cordless Stick Vacuum with Auto-Empty System,1738,https://www.costco.com/.product.7753245.html
7771662,"Kirkland Signature Men's Tencel Boxer Brief, 4-pack, Large",1738,https://www.costco.com/.product.7771662.html
7771711,"Kirkland Signature Men's Midweight Crew Tee, 6-pack, White, Medium",1738,https://www.costco.com/.product.7771711.html
7771712,"Kirkland Signature Men's Midweight Crew Tee, 6-pack, White, Large",1738,https://www.costco.com/.product.7771712.html
7771713,"Kirkland Signature Men's Midweight Crew Tee, 6-pack, White, X-Large",1738,https://www.costco.com/.product.7771713.html
778152,"Kirkland Signature Hair Regrowth Treatment Minoxidil Foam for Men, 2.11 oz, 6-count",1738,https://www.costco.com/.product.778152.html
7791,"Planters, Salted Peanuts, 1 oz, 48-count",1738,https://www.costco.com/.product.7791.html
785094,"Vanity Fair Everyday Napkin, 2-Ply, 110-count, 6-pack",1738,https://www.costco.com/.product.785094.html
790652,"SO Delicious, Organic Coconut Milk, 32 oz, 6-Count",1738,https://www.costco.com/.product.790652.html
795269,"Carr's Table Water Crackers, Variety Pack, 25.5 oz",1738,https://www.costco.com/.product.795269.html
7999045,Klipsch Reference Dolby Atmos 5.0.2 Surround System,1738,https://www.costco.com/.product.7999045.html
805287,"Kirkland Signature Lansoprazole 15 mg. Acid Reducer, 42 Capsules",1738,https://www.costco.com/.product.805287.html
806230,"Trident Seafoods Wild Alaskan Beer Battered Cod, 2.5 lbs",1738,https://www.costco.com/.product.806230.html
808620,"Citracal Maximum Plus Calcium Citrate + D3, 280 Caplets",1738,https://www.costco.com/.product.808620.html
815544,"Kirkland Signature Organic Blueberries, 3 lbs",1738,https://www.costco.com/.product.815544.html
819413,"Giorgia Organic Mushrooms Sliced, 4 oz, 12-count",1738,https://www.costco.com/.product.819413.html
826365,"Organic Squash, 3.5 lbs",1738,https://www.costco.com/.product.826365.html
8288,"Artisan Romaine Hearts, 5-count",1738,https://www.costco.com/.product.8288.html
831454,"Paesana Organic Tomato & Basil Pasta Sauce, 25 oz, 2-count",1738,https://www.costco.com/.product.831454.html
834603,"Kodiak Cakes Power Cakes Flapjack and Waffle Mix, 4.5 lbs",1738,https://www.costco.com/.product.834603.html
835671,"Kirkland Signature Raisins, Milk Chocolate, 3.4 lbs",1738,https://www.costco.com/.product.835671.html
8370,"Taylor Farms Organic Mediterranean Bagged Chopped Salad Kit, 12 oz, 2-count",1738,https://www.costco.com/.product.8370.html
837291,"Pepcid Complete Dual Action Acid Reducer + Antacid, 100 Chewable Berry Tablets",1738,https://www.costco.com/.product.837291.html
83829,"Tylenol 8 Hour Arthritis & Joint Pain Extended-Release Acetaminophen 650 mg, 290 Caplets",1738,https://www.costco.com/.product.83829.html
841930,"Kirkland Signature, Thai Hom Mali Jasmine Rice, 25 lbs",1738,https://www.costco.com/.product.841930.html
842994,"Organic Mangos, 6 lbs",1738,https://www.costco.com/.product.842994.html
846156,"Nature Valley Crunchy Granola Bar, Oats 'n Honey, 1.49 oz, 49-count",1738,https://www.costco.com/.product.846156.html
847909,"Ghirardelli, Triple Chocolate Premium Brownie Mix, 6-count",1738,https://www.costco.com/.product.847909.html
851753,"Nexium 24HR Acid Reducer 20 mg., 42 Capsules",1738,https://www.costco.com/.product.851753.html
853467,"One A Day Men's Multivitamin, 300 Tablets",1738,https://www.costco.com/.product.853467.html
853472,"One A Day Women's Multivitamin, 300 Tablets",1738,https://www.costco.com/.product.853472.html
854330,"Coca-Cola Classic, 12 fl oz, 35-count",1738,https://www.costco.com/.product.854330.html
854344,"Sprite Lemon-Lime Caffeine Free Soda Soft Drink Cans, 12 fl oz, 35-count",1738,https://www.costco.com/.product.854344.html
855643,"Advil Liqui-Gels Ibuprofen 200 mg., Pain Reliever, Fever Reducer, 240 Liqui-Gel Capsules",1738,https://www.costco.com/.product.855643.html
859695,"Kirkland Signature Creamy Almond Butter, 27 oz",1738,https://www.costco.com/.product.859695.html
864024,"Nature Made CoQ10 200 mg, 140 Softgels",1738,https://www.costco.com/.product.864024.html
864070,"Nature Made Vitamin B12 1000 mcg, 400 Softgels",1738,https://www.costco.com/.product.864070.html
864917,"Wonderful In-Shell Pistachios, Salt & Pepper, 3 lbs",1738,https://www.costco.com/.product.864917.html
865558,"Skittles Bite Size Candy, Wild Berry,  2.17 oz, 36-count",1738,https://www.costco.com/.product.865558.html
869100,"vitafusion Women's Multivitamin, 220 Gummies",1738,https://www.costco.com/.product.869100.html
870735,"Kirkland Signature Adult Multivitamin, 320 Gummies",1738,https://www.costco.com/.product.870735.html
87507,"Kirkland Signature 10-Gallon Wastebasket Liner, Clear, 500-count",1738,https://www.costco.com/.product.87507.html
8789,"Golden Pineapple, Each",1738,https://www.costco.com/.product.8789.html
879520,"Nutella Hazelnut Spread with Cocoa, 33.5 oz, 2-count",1738,https://www.costco.com/.product.879520.html
8816886,"Finish Powerball Ultimate Quantum Dish Detergent Tabs, 90-count",1738,https://www.costco.com/.product.8816886.html
886740,"Weider Prime Testosterone Support, 120 Capsules",1738,https://www.costco.com/.product.886740.html
88744,"Kirkland Signature Meatballs, 6 lbs",1738,https://www.costco.com/.product.88744.html
887498,"Kirkland Signature Wild Alaskan Fish Oil 1400 mg, 230 Softgels",1738,https://www.costco.com/.product.887498.html
8881975,Keurig K-Mini Mate Plus Single-Serve Coffee Maker with Water Filter and K-Cup Pods,1738,https://www.costco.com/.product.8881975.html
890181,"Kirkland Signature, Wild Alaskan Pink Salmon, 6 oz, 6-Count",1738,https://www.costco.com/.product.890181.html
895073,"Kirkland Signature Nature's Domain Canned Dog Food, Turkey & Pea Stew, 13.2 oz, 24-count",1738,https://www.costco.com/.product.895073.html
897971,"Kirkland Signature, Organic Applesauce, 3.17 oz, 24-Count",1738,https://www.costco.com/.product.897971.html
897980,"Kirkland Signature Children's Multivitamin, 320 Gummies",1738,https://www.costco.com/.product.897980.html
8984865,"Crafted Classics Coffee K-Cup Pod Variety Pack, 72ct K-Cup Pods",1738,https://www.costco.com/.product.8984865.html
901165,"Arm & Hammer Simply Saline Nasal Mist, 13.5 Ounces",1738,https://www.costco.com/.product.901165.html
901991,"Kirkland Signature, Organic Sugar, 10 lbs",1738,https://www.costco.com/.product.901991.html
9022010,"Orgain USDA Organic Kids Nutritional Protein Shake, Chocolate, 8 fl oz, 24-pack",1738,https://www.costco.com/.product.9022010.html
904984,"Kirkland Signature Organic Strawberries, 4 lbs",1738,https://www.costco.com/.product.904984.html
906410,"Kirkland Signature, Canola Oil, 3 qt, 2-count",1738,https://www.costco.com/.product.906410.html
906420,"Kirkland Signature, Vegetable Oil, 3 qt, 2-count",1738,https://www.costco.com/.product.906420.html
906476,"Kirkland Signature Quit Lozenges 2mg. or 4mg., Mint, 270 Pieces",1738,https://www.costco.com/.product.906476.html
906492,"Kirkland Signature Quit4 Mint 4 mg. Lozenge, 270-pieces",1738,https://www.costco.com/.product.906492.html
9090,"Kirkland Signature Fresh Goat Cheese, 10 oz, 2-count",1738,https://www.costco.com/.product.9090.html
912796,"Scott Bath Tissue, 1-Ply, 1100 Sheets, 36 Rolls",1738,https://www.costco.com/.product.912796.html
913437,"Clorox Clean-Up All Purpose Cleaner with Bleach, Original, 32 fl oz Spray & 180 fl oz Refill",1738,https://www.costco.com/.product.913437.html
9140914,Dyson R2 Nurovi Wash Dry Robot Vacuum,1738,https://www.costco.com/.product.9140914.html
91610,"Kellogg's Frosted Flakes Cereal, 30.95 oz, 2-count",1738,https://www.costco.com/.product.91610.html
917546,"Jif Creamy Peanut Butter 48 oz, 2-Count",1738,https://www.costco.com/.product.917546.html
926628,"Kirkland Signature Omega-3 Fish Oil Concentrate 1000 mg, 400 Softgels",1738,https://www.costco.com/.product.926628.html
933402,"Doritos Tortilla Chips, Nacho Cheese, 30 oz",1738,https://www.costco.com/.product.933402.html
935195,"Ultra Strength BENGAY, Non-Greasy Topical Pain Relieving Cream, 8 Ounces",1738,https://www.costco.com/.product.935195.html
937348,"Sugar Bowl Bakery, Petite Palmiers, 32 oz",1738,https://www.costco.com/.product.937348.html
941275,"Kirkland Signature Organic Pine Nuts, 1.5 lbs",1738,https://www.costco.com/.product.941275.html
942620,"vitafusion Men's Multivitamin Gummies, 220 Gummies",1738,https://www.costco.com/.product.942620.html
9440,"Thai Kitchen Organic Coconut Milk, Unsweetened, 13.66 fl oz, 6-count",1738,https://www.costco.com/.product.9440.html
9465080,"Sony 65"" Class - BRAVIA 8 OLED Series - 4K Smart TV - Allstate 3-Year Protection Plan Bundle Included for 5 Years of Total Coverage*",1738,https://www.costco.com/.product.9465080.html
947272,"Advil PM, Pain Reliever / Nighttime Sleep Aid, 200 Caplets",1738,https://www.costco.com/.product.947272.html
9477080,"Sony 77"" Class - BRAVIA 8 OLED Series - 4K Smart TV - Allstate 3-Year Protection Plan Bundle Included for 5 Years of Total Coverage*",1738,https://www.costco.com/.product.9477080.html
947880,"Hillshire Farm Slow Roasted Turkey Breast, 16.5 oz, 2-count",1738,https://www.costco.com/.product.947880.html
948400,"Kirkland Signature Super Premium Vanilla Ice Cream, 1/2 Gallon, 2-count",1738,https://www.costco.com/.product.948400.html
9501001,HOVERAir X1 PROMAX 8K Self-Flying Camera Bundle,1738,https://www.costco.com/.product.9501001.html
951243,"Mott's, Organic Apple Sauce, 3.9 oz, 36-Count",1738,https://www.costco.com/.product.951243.html
951691,"Sukhi's Indian Chicken Tikka Masala Prepared Meal, 18 oz, 2-count",1738,https://www.costco.com/.product.951691.html
9520001,Canon IVY 2 Mini Photo Printer Bundle - White,1738,https://www.costco.com/.product.9520001.html
9520002,Canon IVY 2 Mini Photo Printer Bundle - Pink,1738,https://www.costco.com/.product.9520002.html
9533333,"Potensic ATOM 2 4K Drone Bundle with 128GB MicroSD Card, Remote Lanyard and 2 Spare Propeller Kits.",1738,https://www.costco.com/.product.9533333.html
9536005,Insta360 X5 - 8K 360° Action Camera Bundle,1738,https://www.costco.com/.product.9536005.html
9536007,Insta360 Luna Ultra Dual-Lens 8K Gimbal Camera,1738,https://www.costco.com/.product.9536007.html
9548045,"LG 48"" Class - OLED evo AI G5 Series - 4K Smart TV - Allstate 3-Year Protection Plan Bundle Included For 5 Years of Total Coverage*",1738,https://www.costco.com/.product.9548045.html
9550677,"TCL 50"" Class - Q77K Series - 4K UHD QLED Smart TV - Allstate 3-Year Protection Plan Bundle Included for 5 Years of Total Coverage*",1738,https://www.costco.com/.product.9550677.html
9555,"Kirkland Signature Microwave Popcorn, 3.3 oz, 44-count",1738,https://www.costco.com/.product.9555.html
9555676,"TCL 55"" Class - QM6K Pro Series - 4K UHD QD-Mini LED Smart TV - Allstate 3-Year Protection Plan Bundle Included for 5 Years of Total Coverage*",1738,https://www.costco.com/.product.9555676.html
9555677,"TCL 55"" Class - Q77K Series - 4K UHD QLED Smart TV - Allstate 3-Year Protection Plan Bundle Included for 5 Years of Total Coverage*",1738,https://www.costco.com/.product.9555677.html
9565091,"Samsung 65"" Class - S90F OLED Series - 4K Vision AI Smart TV - Allstate 3-Year Protection Plan Bundle Included For 5 Years of Total Coverage*",1738,https://www.costco.com/.product.9565091.html
9565676,"TCL 65"" Class - QM6K Pro Series - 4K UHD QD-Mini LED Smart TV - Allstate 3-Year Protection Plan Bundle Included for 5 Years of Total Coverage*",1738,https://www.costco.com/.product.9565676.html
9565677,"TCL 65"" Class - Q77K Series - 4K UHD QLED Smart TV - Allstate 3-Year Protection Plan Bundle Included for 5 Years of Total Coverage*",1738,https://www.costco.com/.product.9565677.html
956696,"Kirkland Signature Extra-Large Absorbent Pads, 30 in L X 23 in W, 100-count",1738,https://www.costco.com/.product.956696.html
957330,"Kirkland Signature Snacking Nuts, Variety Pack, 1.6 oz, 30-count",1738,https://www.costco.com/.product.957330.html
9575080,"Samsung 75"" Class - QN80F Neo QLED Series - 4K Mini LED - Vision AI Smart TV - Allstate 3-Year Protection Plan Bundle Included For 5 Years of Total Coverage*",1738,https://www.costco.com/.product.9575080.html
9575676,"TCL 75"" Class - QM6K Pro Series - 4K UHD QD-Mini LED Smart TV  - Allstate 3-Year Protection Plan Bundle Included for 5 Years of Total Coverage*",1738,https://www.costco.com/.product.9575676.html
9575677,"TCL 75"" Class - Q77K Series - 4K UHD QLED Smart TV - Allstate 3-Year Protection Plan Bundle Included for 5 Years of Total Coverage*",1738,https://www.costco.com/.product.9575677.html
9585676,"TCL 85"" Class - QM6K Pro Series - 4K UHD QD-Mini LED Smart TV  - Allstate 3-Year Protection Plan Bundle Included for 5 Years of Total Coverage*",1738,https://www.costco.com/.product.9585676.html
9585677,"TCL 85"" Class - Q77K Series - 4K UHD QLED Smart TV - Allstate 3-Year Protection Plan Bundle Included for 5 Years of Total Coverage*",1738,https://www.costco.com/.product.9585677.html
958612,"Red Vines Twists, Original Red, 5.5 lbs",1738,https://www.costco.com/.product.958612.html
9586900,"LG 86"" Class - UA9000 Series - 4K UHD Smart TV - Allstate 3-Year Protection Plan Bundle Included For 5 Years of Total Coverage*",1738,https://www.costco.com/.product.9586900.html
95956,"M&M's Chocolate Candy, Peanut Butter, Full Size 1.63 oz, 24-count",1738,https://www.costco.com/.product.95956.html
9598676,"TCL 98"" Class - QM6K Pro Series - 4K UHD QD-Mini LED Smart TV  - Allstate 3-Year Protection Plan Bundle Included for 5 Years of Total Coverage*",1738,https://www.costco.com/.product.9598676.html
9610750,"Hisense 100"" Class - QD7 Series - 4K Hi-QLED Smart TV - Allstate 3-Year Protection Plan Bundle Included for 5 Years of Total Coverage*",1738,https://www.costco.com/.product.9610750.html
9643650,"Hisense 43"" Class - QD65 Series - 4K Hi-QLED Smart TV - Allstate 3-Year Protection Plan Bundle Included for 5 Years of Total Coverage*",1738,https://www.costco.com/.product.9643650.html
9643888,"Samsung 43"" Class - U8000H Crystal UHD Series - 4K Smart TV",1738,https://www.costco.com/.product.9643888.html
9650075,"LG 50"" Class - QNED AI Mini LED QNED75B Series - 4K Smart TV - Allstate 3-Year Protection Plan Bundle Included For 5 Years of Total Coverage*",1738,https://www.costco.com/.product.9650075.html
9650888,"Samsung 50"" Class - U8000H Crystal UHD Series - 4K Smart TV",1738,https://www.costco.com/.product.9650888.html
9655007,"TCL 55"" Class - QM7L Pro Series - 4K UHD SQD-Mini LED Smart TV - Allstate 3-Year Protection Plan Bundle Included for 5 Years of Total Coverage*",1738,https://www.costco.com/.product.9655007.html
9655035,"LG 55"" Class - OLED evo AI C6 Series - 4K Smart TV - Allstate 3-Year Protection Plan Bundle Included For 5 Years of Total Coverage*",1738,https://www.costco.com/.product.9655035.html
9655075,"LG 55"" Class - QNED AI Mini LED QNED75B Series - 4K Smart TV - Allstate 3-Year Protection Plan Bundle Included For 5 Years of Total Coverage*",1738,https://www.costco.com/.product.9655075.html
9655091,"Samsung 55"" Class - S90H OLED Series - 4K Vision AI Smart TV - Allstate 3-Year Protection Plan Bundle Included For 5 Years of Total Coverage*",1738,https://www.costco.com/.product.9655091.html
9655700,Samsung 55” Class - M70H Series - 4K Mini LED - Smart TV,1738,https://www.costco.com/.product.9655700.html
9655750,"Hisense 55"" Class - QD7 Series - 4K Hi-QLED Smart TV - Allstate 3-Year Protection Plan Bundle Included for 5 Years of Total Coverage*",1738,https://www.costco.com/.product.9655750.html
9655888,"Samsung 55"" Class - U8000H Crystal UHD Series - 4K Smart TV",1738,https://www.costco.com/.product.9655888.html
9665007,"TCL 65"" Class - QM7L Pro Series - 4K UHD SQD-Mini LED Smart TV - Allstate 3-Year Protection Plan Bundle Included for 5 Years of Total Coverage*",1738,https://www.costco.com/.product.9665007.html
9665025,"LG 65"" Class - OLED AI B6E Series - 4K Smart TV - Allstate 3-Year Protection Plan Bundle Included For 5 Years of Total Coverage*",1738,https://www.costco.com/.product.9665025.html
9665035,"LG 65"" Class - OLED evo AI C6 Series - 4K Smart TV   - Allstate 3-Year Protection Plan Bundle Included For 5 Years of Total Coverage*",1738,https://www.costco.com/.product.9665035.html
9665065,"Hisense 65"" Class - U65 Pro Series - 4K ULED MiniLED Smart TV - Allstate 3-Year Protection Plan Bundle Included for 5 Years of Total Coverage*",1738,https://www.costco.com/.product.9665065.html
9665075,"LG 65"" Class - QNED AI Mini LED QNED75B Series - 4K Smart TV - Allstate 3-Year Protection Plan Bundle Included For 5 Years of Total Coverage*",1738,https://www.costco.com/.product.9665075.html
9665700,Samsung 65” Class - M70H Series - 4K Mini LED - Smart TV,1738,https://www.costco.com/.product.9665700.html
9665800,Samsung 65” Class - M80H Series - 4K Mini LED - Smart TV - Allstate 3-Year Protection Plan Bundle Included For 5 Years of Total Coverage*,1738,https://www.costco.com/.product.9665800.html
9665888,"Samsung 65"" Class - U8000H Crystal UHD Series - 4K Smart TV",1738,https://www.costco.com/.product.9665888.html
9670888,"Samsung 70"" Class - U8000H Crystal UHD Series - 4K Smart TV",1738,https://www.costco.com/.product.9670888.html
96716,"Organic Baby Spinach, 1 lb",1738,https://www.costco.com/.product.96716.html
9675007,"TCL 75"" Class - QM7L Pro Series - 4K UHD SQD-Mini LED Smart TV - Allstate 3-Year Protection Plan Bundle Included for 5 Years of Total Coverage*",1738,https://www.costco.com/.product.9675007.html
9675065,"Hisense 75"" Class - U65 Pro Series - 4K ULED MiniLED Smart TV - Allstate 3-Year Protection Plan Bundle Included for 5 Years of Total Coverage*",1738,https://www.costco.com/.product.9675065.html
9675080,"Samsung 75"" Class - QN80H Neo QLED Series - 4K Mini LED - Vision AI Smart TV - Allstate 3-Year Protection Plan Bundle Included For 5 Years of Total Coverage*",1738,https://www.costco.com/.product.9675080.html
9675389,"Tide Plus Ultra Oxi Powder Laundry Detergent, Original, 143 Loads, 225 oz",1738,https://www.costco.com/.product.9675389.html
9675700,Samsung 75” Class - M70H Series - 4K Mini LED - Smart TV,1738,https://www.costco.com/.product.9675700.html
9675800,Samsung 75” Class - M80H Series - 4K Mini LED - Smart TV - Allstate 3-Year Protection Plan Bundle Included For 5 Years of Total Coverage*,1738,https://www.costco.com/.product.9675800.html
9677025,"LG 77"" Class - OLED AI B6E Series - 4K Smart TV - Allstate 3-Year Protection Plan Bundle Included For 5 Years of Total Coverage*",1738,https://www.costco.com/.product.9677025.html
9677035,"LG 77"" Class - OLED evo AI C6H Series - 4K Smart TV - Allstate 3-Year Protection Plan Bundle Included For 5 Years of Total Coverage*",1738,https://www.costco.com/.product.9677035.html
9677091,"Samsung 77"" Class - S90H OLED Series - 4K Vision AI Smart TV - Allstate 3-Year Protection Plan Bundle Included For 5 Years of Total Coverage*",1738,https://www.costco.com/.product.9677091.html
967892,"BelGioioso Fresh Mozzarella Snacking Cheese, 1 oz, 24-count",1738,https://www.costco.com/.product.967892.html
9685870,"LG 85"" Class - NANO 4K UHD AI NU87 Series - 4K Smart TV - Allstate 3-Year Protection Plan Bundle Included For 5 Years of Total Coverage*",1738,https://www.costco.com/.product.9685870.html
96928,"Kraft Singles American Cheese, 96 Slices, 4 lbs",1738,https://www.costco.com/.product.96928.html
969786,"Meiji Hello Panda Chocolate Creme Filled Cookies, 0.75 oz, 32-count",1738,https://www.costco.com/.product.969786.html
9698900,"Samsung 98"" Class - U9000H Crystal UHD Series - 4K Smart TV - Allstate 3 -Year Protection Plan Bundle Included For 5 Years of Total Coverage*",1738,https://www.costco.com/.product.9698900.html
971832,"Kirkland Signature Dental Chews, 72-count",1738,https://www.costco.com/.product.971832.html
975,"Reynolds Wrap Heavy Duty Aluminum Foil, 18"" x 33.33 yd, 2-count",1738,https://www.costco.com/.product.975.html
9751,"Sugar Bowl Bakery, Brownie Bites, 32-Count",1738,https://www.costco.com/.product.9751.html
975416,"San Pellegrino Sparkling Natural Mineral Water, 16.9 fl oz, 24-count",1738,https://www.costco.com/.product.975416.html
979669,"USPS First-Class Forever Stamp, 100-Count",1738,https://www.costco.com/.product.979669.html
980978,"Nissin Cup Noodles, Chicken, 2.5 oz, 24-count",1738,https://www.costco.com/.product.980978.html
981859,"Hellmann's Real Mayonnaise, Squeeze Bottle, 25 fl oz, 2-count",1738,https://www.costco.com/.product.981859.html
9820887,"Kirkland Signature Cheese Pizza, 18.25 oz, 4-count",1738,https://www.costco.com/.product.9820887.html
98211,"Kirkland Signature Vitamin E 400 IU, 500 Softgels",1738,https://www.costco.com/.product.98211.html
98268,"Kirkland Signature Vitamin C 1000 mg, 500 Tablets",1738,https://www.costco.com/.product.98268.html
98501,"Kirkland Signature Chewable Vitamin C 500 mg, 500 Tablets",1738,https://www.costco.com/.product.98501.html
985695,"Annie's Organic Macaroni & Cheese Variety Pack, 6 oz, 12-count",1738,https://www.costco.com/.product.985695.html
986292,"Clif Kid Organic ZBar, Variety Pack, 1.27 oz, 36-count",1738,https://www.costco.com/.product.986292.html
986654,"Unitex 100% Cotton Towel, White, 14 in x 17 in, 52-count",1738,https://www.costco.com/.product.986654.html
987554,"Brita Replacement Water Filters, 10-pack",1738,https://www.costco.com/.product.987554.html
987677,"Kirkland Signature Aller-Fex 180mg, 180 Tablets",1738,https://www.costco.com/.product.987677.html
989874,"Caltrate 600 + D3 Plus Minerals Tablets, 320-count",1738,https://www.costco.com/.product.989874.html
990551,"Kirkland Signature Imported Basil Pesto, 22 oz",1738,https://www.costco.com/.product.990551.html
993449,"Garofalo, Organic Pasta, Variety Pack, 17.6 oz, 6-Count",1738,https://www.costco.com/.product.993449.html
995073,Freshwater Cultured 9-10 mm Pearl 14kt Yellow Gold Bezel Pendant,1738,https://www.costco.com/.product.995073.html
995084,Freshwater Cultured 9-10mm Pearl 14kt Yellow Gold Bezel Earrings,1738,https://www.costco.com/.product.995084.html
997930,"Kirkland Signature 5W-30 Full Synthetic Motor Oil, 5-quart, 2-pack",1738,https://www.costco.com/.product.997930.html
997931,"Kirkland Signature 5W-30 High Mileage Full Synthetic Motor Oil, 5-Quart 2-pack",1738,https://www.costco.com/.product.997931.html
999424,"93"" Plush Bear, Blonde",1738,https://www.costco.com/.product.999424.html
9999699,"Kirkland Signature Extra Crispy French Fries, 5 lbs",1738,https://www.costco.com/.product.9999699.html
