id,warehouse_id,sku,item_number,product_name,product_url,aisle,bay,is_wrong,is_discontinued,category_url,updated_at
1738-item-6262016,1738,6262016,6262016,"Kirkland Signature Bath Tissue, 2-Ply, 380 Sheets, 30 Rolls",https://www.costco.com/.product.6262016.html,,,0,0,https://www.costco.com/grocery-household.html,9/27/2026 0:00
1738-item-512599,1738,512599,512599,"Kirkland Signature Paper Towels, 2-Ply, 160 Sheets, 12 Individually Wrapped Rolls",https://www.costco.com/.product.512599.html,,,0,0,https://www.costco.com/grocery-household.html,9/27/2026 0:00
1738-item-1089787,1738,1089787,1089787,"Kirkland Signature Flex-Tech 13-Gallon Kitchen Trash Bag, 200-count",https://www.costco.com/.product.1089787.html,,,0,0,https://www.costco.com/grocery-household.html,9/27/2026 0:00
1738-item-2189436,1738,2189436,2189436,"Clorox Disinfecting Wipes, Variety Pack, 85-count, 5-pack",https://www.costco.com/.product.2189436.html,,,0,0,https://www.costco.com/grocery-household.html,9/27/2026 0:00
1738-item-2727590,1738,2727590,2727590,"Cascade Platinum Plus Dishwasher Detergent ActionPacs, Fresh, 82-count",https://www.costco.com/.product.2727590.html,,,0,0,https://www.costco.com/grocery-household.html,9/27/2026 0:00
1738-item-1919326,1738,1919326,1919326,"Bounty Advanced Paper Towels, 2-Ply, 103 Sheets, 12-count",https://www.costco.com/.product.1919326.html,,,0,0,https://www.costco.com/grocery-household.html,9/27/2026 0:00
1738-item-2990929,1738,2990929,2990929,"Dawn Platimum Advanced Power Dishwashing Liquid, 90 fl oz",https://www.costco.com/.product.2990929.html,,,0,0,https://www.costco.com/grocery-household.html,9/27/2026 0:00
1738-item-1111161,1738,1111161,1111161,"Dixie Ultra 10-1/16"" Paper Plate, 186-count",https://www.costco.com/.product.1111161.html,,,0,0,https://www.costco.com/grocery-household.html,9/27/2026 0:00
1738-item-1725952,1738,1725952,1725952,"Kirkland Signature Ultra Soft Bath Tissue, 2-Ply, 231 Sheets, 36 Rolls",https://www.costco.com/.product.1725952.html,,,0,0,https://www.costco.com/grocery-household.html,9/27/2026 0:00
1738-item-1627770,1738,1627770,1627770,"Frito Lay Classic Mix, 1 oz, Variety Pack, 54-count",https://www.costco.com/.product.1627770.html,,,0,0,https://www.costco.com/grocery-household.html,9/27/2026 0:00
1738-item-1300658,1738,1300658,1300658,"Kirkland Signature Flex-Tech 13-Gallon Scented Kitchen Trash Bags, 200-count",https://www.costco.com/.product.1300658.html,,,0,0,https://www.costco.com/grocery-household.html,9/27/2026 0:00
1738-item-1668599,1738,1668599,1668599,"Dixie Ultra 8-1/2"" Paper Plate, 240-count",https://www.costco.com/.product.1668599.html,,,0,0,https://www.costco.com/grocery-household.html,9/27/2026 0:00
1738-item-692731,1738,692731,692731,"Kirkland Signature, Organic Extra Virgin Olive Oil, 2 L",https://www.costco.com/.product.692731.html,,,0,0,https://www.costco.com/grocery-household.html,9/27/2026 0:00
1738-item-1920495,1738,1920495,1920495,"Lysol Disinfecting Wipes, Variety Pack, 95-count, 4-pack",https://www.costco.com/.product.1920495.html,,,0,0,https://www.costco.com/grocery-household.html,9/27/2026 0:00
1738-item-723675,1738,723675,723675,"Kleenex Trusted Care Facial Tissue, 2-Ply, 230-count, 10-pack",https://www.costco.com/.product.723675.html,,,0,0,https://www.costco.com/grocery-household.html,9/27/2026 0:00
1738-item-1716201,1738,1716201,1716201,"Nature's Garden, Probiotic Strawberry Yoggies, 0.7 oz,  30-count",https://www.costco.com/.product.1716201.html,,,0,0,https://www.costco.com/grocery-household.html,9/27/2026 0:00
1738-item-1212860,1738,1212860,1212860,"Kirkland Signature Soft & Chewy Granola Bars, 0.85 oz, 64-count",https://www.costco.com/.product.1212860.html,,,0,0,https://www.costco.com/grocery-household.html,9/27/2026 0:00
1738-item-1481558,1738,1481558,1481558,"SunChips Whole Grain, Variety, 1.5 oz, 30-count",https://www.costco.com/.product.1481558.html,,,0,0,https://www.costco.com/grocery-household.html,9/27/2026 0:00
1738-item-1816483,1738,1816483,1816483,"Nabisco Cookies & Crackers, Variety Pack, 1 oz, 40-count",https://www.costco.com/.product.1816483.html,,,0,0,https://www.costco.com/grocery-household.html,9/27/2026 0:00
1738-item-2662877,1738,2662877,2662877,"Lysol Advanced Toilet Bowl Cleaner, 32 fl oz, 4-count",https://www.costco.com/.product.2662877.html,,,0,0,https://www.costco.com/grocery-household.html,9/27/2026 0:00
1738-item-320888,1738,320888,320888,"Hershey's Assorted Bar Variety Pack, 30-count",https://www.costco.com/.product.320888.html,,,0,0,https://www.costco.com/grocery-household.html,9/27/2026 0:00
1738-item-516822,1738,516822,516822,"Kirkland Signature, Organic Chicken Stock, 32 fl oz, 6-Count",https://www.costco.com/.product.516822.html,,,0,0,https://www.costco.com/grocery-household.html,9/27/2026 0:00
1738-item-1966293,1738,1966293,1966293,"Frito-Lay NFL Gameday Mix, 54-count",https://www.costco.com/.product.1966293.html,,,0,0,https://www.costco.com/grocery-household.html,9/27/2026 0:00
1738-item-897971,1738,897971,897971,"Kirkland Signature, Organic Applesauce, 3.17 oz, 24-Count",https://www.costco.com/.product.897971.html,,,0,0,https://www.costco.com/grocery-household.html,9/27/2026 0:00
1738-item-3797974,1738,3797974,3797974,"Dawn Platinum Plus Powerwash Dish Soap Spray, Fresh Clean, 1 Starter Kit + 2 Refills",https://www.costco.com/.product.3797974.html,,,0,0,https://www.costco.com/grocery-household.html,9/27/2026 0:00
1738-item-1299062,1738,1299062,1299062,"Coca-Cola Mini, 7.5 fl oz, 30-count",https://www.costco.com/.product.1299062.html,,,0,0,https://www.costco.com/grocery-household.html,9/27/2026 0:00
1738-item-1472774,1738,1472774,1472774,"Pure Organic Layered Fruit Bars, Variety Pack, 0.63 oz, 28-count",https://www.costco.com/.product.1472774.html,,,0,0,https://www.costco.com/grocery-household.html,9/27/2026 0:00
1738-item-51070,1738,51070,51070,"Kirkland Signature, Chicken Breast, 12.5 oz, 6-Count",https://www.costco.com/.product.51070.html,,,0,0,https://www.costco.com/grocery-household.html,9/27/2026 0:00
1738-item-1050557,1738,1050557,1050557,"Kirkland Signature Peanut Butter Filled Pretzel Nuggets, 55 oz",https://www.costco.com/.product.1050557.html,,,0,0,https://www.costco.com/grocery-household.html,9/27/2026 0:00
1738-item-705876,1738,705876,705876,"M&M's, Snickers and More Chocolate Candy Bars, Variety Pack, 30-count",https://www.costco.com/.product.705876.html,,,0,0,https://www.costco.com/grocery-household.html,9/27/2026 0:00
1738-item-1800219,1738,1800219,1800219,"Downy Ultimate Infusions In-Wash Scent Booster Beads, Whimsical Wonder, 24.5 oz",https://www.costco.com/.product.1800219.html,,,0,0,https://www.costco.com/grocery-household.html,9/27/2026 0:00
1738-item-221663,1738,221663,221663,"Kleenex Ultra Soft Facial Tissue, 3-Ply, 85-count, 12-pack",https://www.costco.com/.product.221663.html,,,0,0,https://www.costco.com/grocery-household.html,9/27/2026 0:00
1738-item-1185317,1738,1185317,1185317,"Kellogg's Rice Krispies Treats, 0.78 oz, 60-count",https://www.costco.com/.product.1185317.html,,,0,0,https://www.costco.com/grocery-household.html,9/27/2026 0:00
1738-item-1532925,1738,1532925,1532925,"Chomps Original Beef Sticks, Mild, 12 Individually Wrapped Sticks",https://www.costco.com/.product.1532925.html,,,0,0,https://www.costco.com/grocery-household.html,9/27/2026 0:00
1738-item-3006152,1738,3006152,3006152,"Bounce Select a Size Fabric Softener Dryer Sheets, Outdoor Fresh, 400-count",https://www.costco.com/.product.3006152.html,,,0,0,https://www.costco.com/grocery-household.html,9/27/2026 0:00
1738-item-1331206,1738,1331206,1331206,"Pirate's Booty Aged White Cheddar Snack, 0.5 oz, 40 count",https://www.costco.com/.product.1331206.html,,,0,0,https://www.costco.com/grocery-household.html,9/27/2026 0:00
1738-item-1026583,1738,1026583,1026583,"Skinny Pop Popcorn, 0.65 oz, 28-count",https://www.costco.com/.product.1026583.html,,,0,0,https://www.costco.com/grocery-household.html,9/27/2026 0:00
1738-item-1361170,1738,1361170,1361170,"That's it Mini Fruit Bars, 24-count",https://www.costco.com/.product.1361170.html,,,0,0,https://www.costco.com/grocery-household.html,9/27/2026 0:00
1738-item-1897229,1738,1897229,1897229,"Ziploc Seal Top Bag, Variety Pack, 322-count",https://www.costco.com/.product.1897229.html,,,0,0,https://www.costco.com/grocery-household.html,9/27/2026 0:00
1738-item-2848101,1738,2848101,2848101,"Cascade Complete Shine Boost Dishwasher Detergent ActionPacs, Fresh, 92-count",https://www.costco.com/.product.2848101.html,,,0,0,https://www.costco.com/grocery-household.html,9/27/2026 0:00
1738-item-1560969,1738,1560969,1560969,"MadeGood Organic Granola Minis, Variety Pack, 0.85 oz, 24-count",https://www.costco.com/.product.1560969.html,,,0,0,https://www.costco.com/grocery-household.html,9/27/2026 0:00
1738-item-1343983,1738,1343983,1343983,"Donsuemor, Traditional Madeleines Cake, 1 oz, 28-Count",https://www.costco.com/.product.1343983.html,,,0,0,https://www.costco.com/grocery-household.html,9/27/2026 0:00
1738-item-679131,1738,679131,679131,"Kirkland Signature Organic Pure Maple Syrup, 33.8 oz",https://www.costco.com/.product.679131.html,,,0,0,https://www.costco.com/grocery-household.html,9/27/2026 0:00
1738-item-4165769,1738,4165769,4165769,"Kirkland Signature Facial Tissue, 3-Ply, 84-count, 12-pack",https://www.costco.com/.product.4165769.html,,,0,0,https://www.costco.com/grocery-household.html,9/27/2026 0:00
1738-item-7609681,1738,7609681,7609681,"Cascade Platinum Liquid Dishwasher Detergent, Fresh, 125 fl oz",https://www.costco.com/.product.7609681.html,,,0,0,https://www.costco.com/grocery-household.html,9/27/2026 0:00
1738-item-1239519,1738,1239519,1239519,"Kirkland Signature Ultra Clean Free & Clear HE Liquid Laundry Detergent, 146 loads, 194 fl oz",https://www.costco.com/.product.1239519.html,,,0,0,https://www.costco.com/grocery-household.html,9/27/2026 0:00
1738-item-1709318,1738,1709318,1709318,"Tide Ultra Concentrated Liquid Laundry Detergent, Original, 152 Loads, 170 fl oz",https://www.costco.com/.product.1709318.html,,,0,0,https://www.costco.com/grocery-household.html,9/27/2026 0:00
1738-item-1239521,1738,1239521,1239521,"Kirkland Signature Ultra Clean HE Liquid Laundry Detergent, 146 loads, 194 fl oz",https://www.costco.com/.product.1239521.html,,,0,0,https://www.costco.com/grocery-household.html,9/27/2026 0:00
1738-item-625994,1738,625994,625994,"Clorox ToiletWand Disposable Toilet Cleaning System, Rainforest Rush, 1 Wand & 36 Refills",https://www.costco.com/.product.625994.html,,,0,0,https://www.costco.com/grocery-household.html,9/27/2026 0:00
1738-item-2043945,1738,2043945,2043945,"Haribo Gummi Candy Happy Mix Variety Pack, 120-count",https://www.costco.com/.product.2043945.html,,,0,0,https://www.costco.com/grocery-household.html,9/27/2026 0:00
1738-item-1857160,1738,1857160,1857160,"Kirkland Signature Grass-fed Beef Sticks, 1.15 oz, 12-count",https://www.costco.com/.product.1857160.html,,,0,0,https://www.costco.com/grocery-household.html,9/27/2026 0:00
1738-item-617686,1738,617686,617686,"Softsoap Advanced Clean Liquid Hand Soap Refill, 80 oz, 2-pack",https://www.costco.com/.product.617686.html,,,0,0,https://www.costco.com/grocery-household.html,9/27/2026 0:00
1738-item-1645578,1738,1645578,1645578,"Kirkland Signature Extra Fancy Mixed Nuts, Salted, 2.5 lbs",https://www.costco.com/.product.1645578.html,,,0,0,https://www.costco.com/grocery-household.html,9/27/2026 0:00
1738-item-1789130,1738,1789130,1789130,"Kirkland Signature Ultra Shine Liquid Dish Soap, Fresh, 90 fl. oz.",https://www.costco.com/.product.1789130.html,,,0,0,https://www.costco.com/grocery-household.html,9/27/2026 0:00
1738-item-1013100,1738,1013100,1013100,"Goldfish Baked Snack Crackers, Cheddar, 1 oz, 45-count",https://www.costco.com/.product.1013100.html,,,0,0,https://www.costco.com/grocery-household.html,9/27/2026 0:00
1738-item-3123235,1738,3123235,3123235,"Starbucks Pike Place Medium Roast Single Cup Coffee K-Cup Pod, 72-count",https://www.costco.com/.product.3123235.html,,,0,0,https://www.costco.com/grocery-household.html,9/27/2026 0:00
1738-item-1538359,1738,1538359,1538359,"Kirkland Signature, Organic Fruit and Vegetable Pouches, Variety Pack, 3.17 oz, 24-count",https://www.costco.com/.product.1538359.html,,,0,0,https://www.costco.com/grocery-household.html,9/27/2026 0:00
1738-item-1925833,1738,1925833,1925833,"Kirkland Signature Sparkling Energy Drink, Variety Pack, 12 fl oz, 24-count",https://www.costco.com/.product.1925833.html,,,0,0,https://www.costco.com/grocery-household.html,9/27/2026 0:00
1738-item-1481907,1738,1481907,1481907,"Kirkland Signature Funhouse Treats, Variety Pack, 92 oz",https://www.costco.com/.product.1481907.html,,,0,0,https://www.costco.com/grocery-household.html,9/27/2026 0:00
1738-item-509768,1738,509768,509768,"3M Scotch Precision Ultra Edge 8"" Scissor, 3-count",https://www.costco.com/.product.509768.html,,,0,0,https://www.costco.com/grocery-household.html,9/27/2026 0:00
1738-item-2725160,1738,2725160,2725160,"Tide Pods Laundry Detergent Pods, Spring Meadow, 156-count",https://www.costco.com/.product.2725160.html,,,0,0,https://www.costco.com/grocery-household.html,9/27/2026 0:00
1738-item-1374492,1738,1374492,1374492,"Welch's Fruit Snacks, .8 oz, 90-count",https://www.costco.com/.product.1374492.html,,,0,0,https://www.costco.com/grocery-household.html,9/27/2026 0:00
1738-item-555000,1738,555000,555000,"Kirkland Signature Organic Peanut Butter, 28 oz, 2-count",https://www.costco.com/.product.555000.html,,,0,0,https://www.costco.com/grocery-household.html,9/27/2026 0:00
1738-item-1840548,1738,1840548,1840548,"Downy Soft Liquid Fabric Softener, April Fresh, 257 Loads, 150 fl oz",https://www.costco.com/.product.1840548.html,,,0,0,https://www.costco.com/grocery-household.html,9/27/2026 0:00
1738-item-1485523,1738,1485523,1485523,"Kirkland Signature Organic Unbleached All Purpose Flour, 10 lbs, 2-count",https://www.costco.com/.product.1485523.html,,,0,0,https://www.costco.com/grocery-household.html,9/27/2026 0:00
1738-item-2218587,1738,2218587,2218587,"Swiffer Duster Heavy Duty Dusting Kit, 1 Handle + 17 Refills",https://www.costco.com/.product.2218587.html,,,0,0,https://www.costco.com/grocery-household.html,9/27/2026 0:00
1738-item-2312000,1738,2312000,2312000,"Finish Jet-Dry Ultra Dishwasher Rinse Aid, 38 fl oz",https://www.costco.com/.product.2312000.html,,,0,0,https://www.costco.com/grocery-household.html,9/27/2026 0:00
1738-item-1579880,1738,1579880,1579880,"Coca-Cola Mini, Variety Pack, 7.5 fl oz, 30-count",https://www.costco.com/.product.1579880.html,,,0,0,https://www.costco.com/grocery-household.html,9/27/2026 0:00
1738-item-5161251,1738,5161251,5161251,"Downy Unstopables In-wash Scent Booster Beads, Fresh, 39.9 oz",https://www.costco.com/.product.5161251.html,,,0,0,https://www.costco.com/grocery-household.html,9/27/2026 0:00
1738-item-913437,1738,913437,913437,"Clorox Clean-Up All Purpose Cleaner with Bleach, Original, 32 fl oz Spray & 180 fl oz Refill",https://www.costco.com/.product.913437.html,,,0,0,https://www.costco.com/grocery-household.html,9/27/2026 0:00
1738-item-477403,1738,477403,477403,"Del Monte, Canned Cut Green Beans, 14.5 oz, 12-Count",https://www.costco.com/.product.477403.html,,,0,0,https://www.costco.com/grocery-household.html,9/27/2026 0:00
1738-item-1685578,1738,1685578,1685578,"Bibigo, Cooked Sticky White Rice Bowls, Medium Grain, 7.4 oz, 12-Count",https://www.costco.com/.product.1685578.html,,,0,0,https://www.costco.com/grocery-household.html,9/27/2026 0:00
1738-item-1608549,1738,1608549,1608549,"Ocean Spray, Cranberry Juice, Variety Pack, 10 fl oz, 24-Count",https://www.costco.com/.product.1608549.html,,,0,0,https://www.costco.com/grocery-household.html,9/27/2026 0:00
1738-item-1483585,1738,1483585,1483585,"OREO Sandwich Cookies, Variety Pack, 60-count",https://www.costco.com/.product.1483585.html,,,0,0,https://www.costco.com/grocery-household.html,9/27/2026 0:00
1738-item-993449,1738,993449,993449,"Garofalo, Organic Pasta, Variety Pack, 17.6 oz, 6-Count",https://www.costco.com/.product.993449.html,,,0,0,https://www.costco.com/grocery-household.html,9/27/2026 0:00
1738-item-1331846,1738,1331846,1331846,"Kirkland Signature Semi-Sweet Chocolate Chips, 4.5 lbs",https://www.costco.com/.product.1331846.html,,,0,0,https://www.costco.com/grocery-household.html,9/27/2026 0:00
1738-item-1492456,1738,1492456,1492456,"Kirkland Signature, Albacore Solid White Tuna in Water, 7 oz, 8-Count",https://www.costco.com/.product.1492456.html,,,0,0,https://www.costco.com/grocery-household.html,9/27/2026 0:00
1738-item-1123591,1738,1123591,1123591,"Nature's Garden Organic Trail Mix Snack Packs, Variety Pack, 1.2 oz, 24-count",https://www.costco.com/.product.1123591.html,,,0,0,https://www.costco.com/grocery-household.html,9/27/2026 0:00
1738-item-1243186,1738,1243186,1243186,"Heavenly Hunks Organic Oatmeal Dark Chocolate Cookies, 22 oz",https://www.costco.com/.product.1243186.html,,,0,0,https://www.costco.com/grocery-household.html,9/27/2026 0:00
1738-item-5247022,1738,5247022,5247022,"Tide Pods with Ultra Oxi Laundry Detergent Pods, 100-count",https://www.costco.com/.product.5247022.html,,,0,0,https://www.costco.com/grocery-household.html,9/27/2026 0:00
1738-item-1760616,1738,1760616,1760616,"GoGo SqueeZ, Organic Applesauce, Variety Pack, 3.2 oz, 28-count",https://www.costco.com/.product.1760616.html,,,0,0,https://www.costco.com/grocery-household.html,9/27/2026 0:00
1738-item-1489206,1738,1489206,1489206,"Pringles Grab & Go Potato Crisps, Variety, 36-count",https://www.costco.com/.product.1489206.html,,,0,0,https://www.costco.com/grocery-household.html,9/27/2026 0:00
1738-item-1632656,1738,1632656,1632656,"PopCorners Popped Corn Snacks Variety Pack, 1 oz, 30-Count",https://www.costco.com/.product.1632656.html,,,0,0,https://www.costco.com/grocery-household.html,9/27/2026 0:00
1738-item-443298,1738,443298,443298,"Kraft, Macaroni & Cheese Dinner Cup, 2.05 oz, 12-Count",https://www.costco.com/.product.443298.html,,,0,0,https://www.costco.com/grocery-household.html,9/27/2026 0:00
1738-item-4054232,1738,4054232,4054232,"Kirkland Signature Coffee Organic Pacific Bold K-Cup Pod, 120-count",https://www.costco.com/.product.4054232.html,,,0,0,https://www.costco.com/grocery-household.html,9/27/2026 0:00
1738-item-162274,1738,162274,162274,"Chicken of the Sea, Chunk Light Premium Tuna in Water, 7 oz, 12-Count",https://www.costco.com/.product.162274.html,,,0,0,https://www.costco.com/grocery-household.html,9/27/2026 0:00
1738-item-4160644,1738,4160644,4160644,"Gain +Oxi Liquid Laundry Detergent, Original, 159 Loads, 170 fl oz",https://www.costco.com/.product.4160644.html,,,0,0,https://www.costco.com/grocery-household.html,9/27/2026 0:00
1738-item-1572002,1738,1572002,1572002,"Campbell's, Simply Chicken Noodle Soup, 18.6 oz, 8-Count",https://www.costco.com/.product.1572002.html,,,0,0,https://www.costco.com/grocery-household.html,9/27/2026 0:00
1738-item-980978,1738,980978,980978,"Nissin Cup Noodles, Chicken, 2.5 oz, 24-count",https://www.costco.com/.product.980978.html,,,0,0,https://www.costco.com/grocery-household.html,9/27/2026 0:00
1738-item-1717856,1738,1717856,1717856,"Scotch-Brite Zero Scratch Sponge, 24-count",https://www.costco.com/.product.1717856.html,,,0,0,https://www.costco.com/grocery-household.html,9/27/2026 0:00
1738-item-2990,1738,2990,2990,"Honest Kids, Organic Juice Drink, Variety Pack, 6 fl oz, 40-count",https://www.costco.com/.product.2990.html,,,0,0,https://www.costco.com/grocery-household.html,9/27/2026 0:00
1738-item-1377067,1738,1377067,1377067,"Kirkland Signature Chewy Protein Bar, Peanut Butter & Semisweet Chocolate Chip, 1.41 oz, 42-Count",https://www.costco.com/.product.1377067.html,,,0,0,https://www.costco.com/grocery-household.html,9/27/2026 0:00
1738-item-2054350,1738,2054350,2054350,"Crest 3D White Brilliant Mint Whitening Toothpaste, 5.2 oz, 5-pack",https://www.costco.com/.product.2054350.html,,,0,0,https://www.costco.com/grocery-household.html,9/27/2026 0:00
1738-item-1218891,1738,1218891,1218891,"Vita Coco, Coconut Water, 11.1 fl oz, 18-count",https://www.costco.com/.product.1218891.html,,,0,0,https://www.costco.com/grocery-household.html,9/27/2026 0:00
1738-item-1407434,1738,1407434,1407434,"Nongshim, Tonkotsu Ramen Bowl, 3.56 oz, 6-Count",https://www.costco.com/.product.1407434.html,,,0,0,https://www.costco.com/grocery-household.html,9/27/2026 0:00
1738-item-912796,1738,912796,912796,"Scott Bath Tissue, 1-Ply, 1100 Sheets, 36 Rolls",https://www.costco.com/.product.912796.html,,,0,0,https://www.costco.com/grocery-household.html,9/27/2026 0:00
1738-item-1089527,1738,1089527,1089527,"Goldfish Baked Snacks, Variety Pack, 45-count",https://www.costco.com/.product.1089527.html,,,0,0,https://www.costco.com/grocery-household.html,9/27/2026 0:00
1738-item-1897217,1738,1897217,1897217,"Ziploc Seal Top Freezer Bag, Gallon, 136-count",https://www.costco.com/.product.1897217.html,,,0,0,https://www.costco.com/grocery-household.html,9/27/2026 0:00
1738-item-1473917,1738,1473917,1473917,"Kirkland Signature Trail Mix Snack Packs, 2 oz, 28-count",https://www.costco.com/.product.1473917.html,,,0,0,https://www.costco.com/grocery-household.html,9/27/2026 0:00
1738-item-785094,1738,785094,785094,"Vanity Fair Everyday Napkin, 2-Ply, 110-count, 6-pack",https://www.costco.com/.product.785094.html,,,0,0,https://www.costco.com/grocery-household.html,9/27/2026 0:00
1738-item-425349,1738,425349,425349,"Del Monte, Canned Corn-Whole Kernel, 15.25 oz, 12-Count",https://www.costco.com/.product.425349.html,,,0,0,https://www.costco.com/grocery-household.html,9/27/2026 0:00
1738-item-2626431,1738,2626431,2626431,"Arm & Hammer Plus OxiClean Max HE Liquid Laundry Detergent, Fresh, 200 Loads, 200 fl oz",https://www.costco.com/.product.2626431.html,,,0,0,https://www.costco.com/grocery-household.html,9/27/2026 0:00
1738-item-1394201,1738,1394201,1394201,"Kirkland Signature, Organic Coconut Water, 11.1 fl oz, 12-count",https://www.costco.com/.product.1394201.html,,,0,0,https://www.costco.com/grocery-household.html,9/27/2026 0:00
1738-item-1833411,1738,1833411,1833411,"Alani Nu Energy Drink, Variety Pack, 12 fl oz, 18-count",https://www.costco.com/.product.1833411.html,,,0,0,https://www.costco.com/grocery-household.html,9/27/2026 0:00
1738-item-1258564,1738,1258564,1258564,"Country Archer Grass-Fed Beef Stick Minis Original, 0.5 oz, 28-Count",https://www.costco.com/.product.1258564.html,,,0,0,https://www.costco.com/grocery-household.html,9/27/2026 0:00
1738-item-1504495,1738,1504495,1504495,"Crest + Scope Cavity Protection Toothpaste, 8.2 oz, 5-pack",https://www.costco.com/.product.1504495.html,,,0,0,https://www.costco.com/grocery-household.html,9/27/2026 0:00
1738-item-17767,1738,17767,17767,"Kirkland Signature Colombian Coffee, Dark Roast, 3 lbs",https://www.costco.com/.product.17767.html,,,0,0,https://www.costco.com/grocery-household.html,9/27/2026 0:00
1738-item-986292,1738,986292,986292,"Clif Kid Organic ZBar, Variety Pack, 1.27 oz, 36-count",https://www.costco.com/.product.986292.html,,,0,0,https://www.costco.com/grocery-household.html,9/27/2026 0:00
1738-item-1779098,1738,1779098,1779098,"BODYARMOR Lyte Sports Drink, Variety Pack, 20 fl oz, 18-count",https://www.costco.com/.product.1779098.html,,,0,0,https://www.costco.com/grocery-household.html,9/27/2026 0:00
1738-item-1755436,1738,1755436,1755436,"Kirkland Signature 18-Gallon Compactor & Kitchen Trash Bag, 70-count",https://www.costco.com/.product.1755436.html,,,0,0,https://www.costco.com/grocery-household.html,9/27/2026 0:00
1738-item-1897232,1738,1897232,1897232,"Ziploc Seal Top Bag, Sandwich, 480-count",https://www.costco.com/.product.1897232.html,,,0,0,https://www.costco.com/grocery-household.html,9/27/2026 0:00
1738-item-1707643,1738,1707643,1707643,"Milano Cookies, Double Dark Chocolate, 0.98 oz, 30-count",https://www.costco.com/.product.1707643.html,,,0,0,https://www.costco.com/grocery-household.html,9/27/2026 0:00
1738-item-1585373,1738,1585373,1585373,"Kirkland Signature Napkins, 1-Ply, 280-count, 4-pack",https://www.costco.com/.product.1585373.html,,,0,0,https://www.costco.com/grocery-household.html,9/27/2026 0:00
1738-item-1652990,1738,1652990,1652990,"Kirkland Signature Premoistened Flushable Wipes, Fragrance Free, 640-count",https://www.costco.com/.product.1652990.html,,,0,0,https://www.costco.com/grocery-household.html,9/27/2026 0:00
1738-item-1680310,1738,1680310,1680310,"Variety Snack Pack, 40-count",https://www.costco.com/.product.1680310.html,,,0,0,https://www.costco.com/grocery-household.html,9/27/2026 0:00
1738-item-956696,1738,956696,956696,"Kirkland Signature Extra-Large Absorbent Pads, 30 in L X 23 in W, 100-count",https://www.costco.com/.product.956696.html,,,0,0,https://www.costco.com/grocery-household.html,9/27/2026 0:00
1738-item-841930,1738,841930,841930,"Kirkland Signature, Thai Hom Mali Jasmine Rice, 25 lbs",https://www.costco.com/.product.841930.html,,,0,0,https://www.costco.com/grocery-household.html,9/27/2026 0:00
1738-item-1956337,1738,1956337,1956337,"Nescafé Blonde Gold Instant Espresso, 7 oz",https://www.costco.com/.product.1956337.html,,,0,0,https://www.costco.com/grocery-household.html,9/27/2026 0:00
1738-item-1456660,1738,1456660,1456660,"Swiffer Sweeper Heavy Duty Dry Sweeping Cloth Refills, 50-count",https://www.costco.com/.product.1456660.html,,,0,0,https://www.costco.com/grocery-household.html,9/27/2026 0:00
1738-item-426292,1738,426292,426292,"Arm & Hammer, Pure Baking Soda, 13.5 lbs",https://www.costco.com/.product.426292.html,,,0,0,https://www.costco.com/grocery-household.html,9/27/2026 0:00
1738-item-1725830,1738,1725830,1725830,"Kirkland Signature Fabric Softener Sheets, 250 Sheets, 2-count",https://www.costco.com/.product.1725830.html,,,0,0,https://www.costco.com/grocery-household.html,9/27/2026 0:00
1738-item-1924266,1738,1924266,1924266,"San Pellegrino Ciao! Sparkling Water, Variety Pack, 11.15 fl oz, 24-count",https://www.costco.com/.product.1924266.html,,,0,0,https://www.costco.com/grocery-household.html,9/27/2026 0:00
1738-item-2040251,1738,2040251,2040251,"Maison Perrier French Kiss Sparkling Juice Beverage, Variety Pack, 11.15 fl oz, 20-count",https://www.costco.com/.product.2040251.html,,,0,0,https://www.costco.com/grocery-household.html,9/27/2026 0:00
1738-item-1491866,1738,1491866,1491866,"Go Raw Sprouted Organic Pumpkin Seeds with Sea Salt, 22 oz",https://www.costco.com/.product.1491866.html,,,0,0,https://www.costco.com/grocery-household.html,9/27/2026 0:00
1738-item-3123239,1738,3123239,3123239,"Starbucks French Roast Coffee, Dark, Keurig K-Cup Pods, 72 count",https://www.costco.com/.product.3123239.html,,,0,0,https://www.costco.com/grocery-household.html,9/27/2026 0:00
1738-item-6406,1738,6406,6406,"Kirkland Signature Premium Extra Thick Steak Strips, 12 oz",https://www.costco.com/.product.6406.html,,,0,0,https://www.costco.com/grocery-household.html,9/27/2026 0:00
1738-item-1843108,1738,1843108,1843108,"Kirkland Signature Gallon Plus Freezer Bags, 192-count",https://www.costco.com/.product.1843108.html,,,0,0,https://www.costco.com/grocery-household.html,9/27/2026 0:00
1738-item-1986173,1738,1986173,1986173,"Snapdragon Foods Vietnamese Pho Bowls, Beef, 3.1 oz, 9-count",https://www.costco.com/.product.1986173.html,,,0,0,https://www.costco.com/grocery-household.html,9/27/2026 0:00
1738-item-663439,1738,663439,663439,"Cheez-It Crackers, Cheddar, 1.5 oz, 45-count",https://www.costco.com/.product.663439.html,,,0,0,https://www.costco.com/grocery-household.html,9/27/2026 0:00
1738-item-1172471,1738,1172471,1172471,"Kerrygold Pure Irish Butter, Salted, 8 oz, 4-count",https://www.costco.com/.product.1172471.html,,,0,0,https://www.costco.com/grocery-household.html,9/27/2026 0:00
1738-item-12648,1738,12648,12648,"Kirkland Signature Cutlery, Clear, 360-count",https://www.costco.com/.product.12648.html,,,0,0,https://www.costco.com/grocery-household.html,9/27/2026 0:00
1738-item-1750832,1738,1750832,1750832,"Zevo Flying Insect Trap Starter Kit, 2 Devices + 6 Refills",https://www.costco.com/.product.1750832.html,,,0,0,https://www.costco.com/grocery-household.html,9/27/2026 0:00
1738-item-1755441,1738,1755441,1755441,"Kirkland Signature Flex-Tech 33-Gallon Trash Bag, 90-count",https://www.costco.com/.product.1755441.html,,,0,0,https://www.costco.com/grocery-household.html,9/27/2026 0:00
1738-item-1963239,1738,1963239,1963239,"Airwick Scented Oils, 1 Plug-in + 9 Refills, Variety Pack, Assorted Scents",https://www.costco.com/.product.1963239.html,,,0,0,https://www.costco.com/grocery-household.html,9/27/2026 0:00
1738-item-132666,1738,132666,132666,"Royal, Basmati Rice, 20 lbs",https://www.costco.com/.product.132666.html,,,0,0,https://www.costco.com/grocery-household.html,9/27/2026 0:00
1738-item-3818035,1738,3818035,3818035,"The Original Donut Shop Coffee K-Cup Pod, 80-count",https://www.costco.com/.product.3818035.html,,,0,0,https://www.costco.com/grocery-household.html,9/27/2026 0:00
1738-item-2203187,1738,2203187,2203187,"Lysol Laundry Sanitizer, Crisp Linen, 150 fl oz",https://www.costco.com/.product.2203187.html,,,0,0,https://www.costco.com/grocery-household.html,9/27/2026 0:00
1738-item-4873222,1738,4873222,4873222,"All Free & Clear Plus+ Liquid Laundry Detergent, 160 Loads, 200 fl oz",https://www.costco.com/.product.4873222.html,,,0,0,https://www.costco.com/grocery-household.html,9/27/2026 0:00
1738-item-124502,1738,124502,124502,"Nature Valley Protein Bar, Peanut Butter Dark Chocolate, 1.42 oz, 30-count",https://www.costco.com/.product.124502.html,,,0,0,https://www.costco.com/grocery-household.html,9/27/2026 0:00
1738-item-1695155,1738,1695155,1695155,"Cetaphil Moisturizing Cream Ultimate with Prebiotic Aloe, Very Dry to Dry Sensitive Skin, 20 oz + 16 oz, 2-pack",https://www.costco.com/.product.1695155.html,,,0,0,https://www.costco.com/grocery-household.html,9/27/2026 0:00
1738-item-1415519,1738,1415519,1415519,"Propel Fitness Water Variety Pack, 16.9 fl oz, 24-count",https://www.costco.com/.product.1415519.html,,,0,0,https://www.costco.com/grocery-household.html,9/27/2026 0:00
1738-item-633561,1738,633561,633561,"Kirkland Signature, Organic Diced Tomatoes, 14.5 oz, 8-Count",https://www.costco.com/.product.633561.html,,,0,0,https://www.costco.com/grocery-household.html,9/27/2026 0:00
1738-item-296917,1738,296917,296917,"Dixie Ultra 20 oz Paper Bowl, 135-count",https://www.costco.com/.product.296917.html,,,0,0,https://www.costco.com/grocery-household.html,9/27/2026 0:00
1738-item-969786,1738,969786,969786,"Meiji Hello Panda Chocolate Creme Filled Cookies, 0.75 oz, 32-count",https://www.costco.com/.product.969786.html,,,0,0,https://www.costco.com/grocery-household.html,9/27/2026 0:00
1738-item-2056753,1738,2056753,2056753,"Bloom Sparkling Energy Drink, Flavor Obsessions, Variety Pack, 12 fl oz, 18-count",https://www.costco.com/.product.2056753.html,,,0,0,https://www.costco.com/grocery-household.html,9/27/2026 0:00
1738-item-1281762,1738,1281762,1281762,"Kirkland Signature Moisture Shampoo, 33.8 fl oz, 1-count",https://www.costco.com/.product.1281762.html,,,0,0,https://www.costco.com/grocery-household.html,9/27/2026 0:00
1738-item-2048159,1738,2048159,2048159,"Celsius Vibe Energy Drink, Variety Pack, 12 fl oz, 18-count",https://www.costco.com/.product.2048159.html,,,0,0,https://www.costco.com/grocery-household.html,9/27/2026 0:00
1738-item-9555,1738,9555,9555,"Kirkland Signature Microwave Popcorn, 3.3 oz, 44-count",https://www.costco.com/.product.9555.html,,,0,0,https://www.costco.com/grocery-household.html,9/27/2026 0:00
1738-item-1347776,1738,1347776,1347776,"Kirkland Signature Wild Flower Honey, 5 lbs",https://www.costco.com/.product.1347776.html,,,0,0,https://www.costco.com/grocery-household.html,9/27/2026 0:00
1738-item-1843112,1738,1843112,1843112,"Kirkland Signature Freezer Quart Plus Bags, 264-count",https://www.costco.com/.product.1843112.html,,,0,0,https://www.costco.com/grocery-household.html,9/27/2026 0:00
1738-item-1996983,1738,1996983,1996983,"belVita Energy Snack Bites Variety Pack, 25-count",https://www.costco.com/.product.1996983.html,,,0,0,https://www.costco.com/grocery-household.html,9/27/2026 0:00
1738-item-2533324,1738,2533324,2533324,"Lysol Disinfectant Spray, Crisp Linen, 19 oz, 3-count",https://www.costco.com/.product.2533324.html,,,0,0,https://www.costco.com/grocery-household.html,9/27/2026 0:00
1738-item-1937492,1738,1937492,1937492,"Alani Nu Energy Drink, Witch's Brew, 12 fl oz, 18-count",https://www.costco.com/.product.1937492.html,,,0,0,https://www.costco.com/grocery-household.html,9/27/2026 0:00
1738-item-1811598,1738,1811598,1811598,"Head & Shoulders 2-in-1 Dandruff Shampoo and Conditioner Advanced Scalp Care, 40 fl oz",https://www.costco.com/.product.1811598.html,,,0,0,https://www.costco.com/grocery-household.html,9/27/2026 0:00
1738-item-971832,1738,971832,971832,"Kirkland Signature Dental Chews, 72-count",https://www.costco.com/.product.971832.html,,,0,0,https://www.costco.com/grocery-household.html,9/27/2026 0:00
1738-item-917546,1738,917546,917546,"Jif Creamy Peanut Butter 48 oz, 2-Count",https://www.costco.com/.product.917546.html,,,0,0,https://www.costco.com/grocery-household.html,9/27/2026 0:00
1738-item-834603,1738,834603,834603,"Kodiak Cakes Power Cakes Flapjack and Waffle Mix, 4.5 lbs",https://www.costco.com/.product.834603.html,,,0,0,https://www.costco.com/grocery-household.html,9/27/2026 0:00
1738-item-1806357,1738,1806357,1806357,"Duracell 9V Alkaline Batteries, 8-count",https://www.costco.com/.product.1806357.html,,,0,0,https://www.costco.com/grocery-household.html,9/27/2026 0:00
1738-item-1418060,1738,1418060,1418060,"Kirkland Signature Moisture Conditioner, 33.8 fl oz, 1-count",https://www.costco.com/.product.1418060.html,,,0,0,https://www.costco.com/grocery-household.html,9/27/2026 0:00
1738-item-8984865,1738,8984865,8984865,"Crafted Classics Coffee K-Cup Pod Variety Pack, 72ct K-Cup Pods",https://www.costco.com/.product.8984865.html,,,0,0,https://www.costco.com/grocery-household.html,9/27/2026 0:00
1738-item-1199479,1738,1199479,1199479,"M&M's Chocolate Peanut, 62 oz",https://www.costco.com/.product.1199479.html,,,0,0,https://www.costco.com/grocery-household.html,9/27/2026 0:00
1738-item-2700048,1738,2700048,2700048,"Tide Pods Laundry Detergent Pods, Free & Gentle, 152-count",https://www.costco.com/.product.2700048.html,,,0,0,https://www.costco.com/grocery-household.html,9/27/2026 0:00
1738-item-1323118,1738,1323118,1323118,"Kirkland Signature Parchment Paper, 15 in x 164 ft, 2 count",https://www.costco.com/.product.1323118.html,,,0,0,https://www.costco.com/grocery-household.html,9/27/2026 0:00
1738-item-1988113,1738,1988113,1988113,"Fabuloso Multi-Purpose Cleaner, Lavender, 210 fl oz",https://www.costco.com/.product.1988113.html,,,0,0,https://www.costco.com/grocery-household.html,9/27/2026 0:00
1738-item-4160408,1738,4160408,4160408,"Tide Plus with Ultra Downy Liquid Laundry Detergent, April Fresh, 100 Loads, 128 fl oz",https://www.costco.com/.product.4160408.html,,,0,0,https://www.costco.com/grocery-household.html,9/27/2026 0:00
1738-item-835671,1738,835671,835671,"Kirkland Signature Raisins, Milk Chocolate, 3.4 lbs",https://www.costco.com/.product.835671.html,,,0,0,https://www.costco.com/grocery-household.html,9/27/2026 0:00
1738-item-1700118,1738,1700118,1700118,"Skinny Dipped Cups, Dark Chocolate Peanut Butter, 30-count",https://www.costco.com/.product.1700118.html,,,0,0,https://www.costco.com/grocery-household.html,9/27/2026 0:00
1738-item-549797,1738,549797,549797,"Lotus Biscoff Cookies, 8.8 oz., 4 Count",https://www.costco.com/.product.549797.html,,,0,0,https://www.costco.com/grocery-household.html,9/27/2026 0:00
1738-item-1392843,1738,1392843,1392843,"Chosen Foods Avocado Oil Spray, 13.5 oz, 2-count",https://www.costco.com/.product.1392843.html,,,0,0,https://www.costco.com/grocery-household.html,9/27/2026 0:00
1738-item-1805039,1738,1805039,1805039,"Pine-Sol Multi-Surface Cleaner, Original, 60 fl oz, 2-count",https://www.costco.com/.product.1805039.html,,,0,0,https://www.costco.com/grocery-household.html,9/27/2026 0:00
1738-item-1800413,1738,1800413,1800413,"Dove Advanced Care Invisible+ Deodorant, 2.6 oz, 4-pack",https://www.costco.com/.product.1800413.html,,,0,0,https://www.costco.com/grocery-household.html,9/27/2026 0:00
1738-item-3160440,1738,3160440,3160440,"Tide Plus Advanced Power with Oxi Liquid Laundry Detergent, Original, 78 Loads, 138 fl oz",https://www.costco.com/.product.3160440.html,,,0,0,https://www.costco.com/grocery-household.html,9/27/2026 0:00
1738-item-901991,1738,901991,901991,"Kirkland Signature, Organic Sugar, 10 lbs",https://www.costco.com/.product.901991.html,,,0,0,https://www.costco.com/grocery-household.html,9/27/2026 0:00
1738-item-1748763,1738,1748763,1748763,"Kirkland Signature Breakfast Sandwich, 4.82 oz, 8-count",https://www.costco.com/.product.1748763.html,,,0,0,https://www.costco.com/grocery-household.html,9/27/2026 0:00
1738-item-2023427,1738,2023427,2023427,"Rao's Homemade Marinara Sauce Made with Italian Tomatoes, 31.7 oz, 2-count",https://www.costco.com/.product.2023427.html,,,0,0,https://www.costco.com/grocery-household.html,9/27/2026 0:00
1738-item-2899021,1738,2899021,2899021,"Peet's Coffee Major Dickason’s K-Cup Coffee Pods, 80-count",https://www.costco.com/.product.2899021.html,,,0,0,https://www.costco.com/grocery-household.html,9/27/2026 0:00
1738-item-1731104,1738,1731104,1731104,"Crest Pro-Health Advanced Mouthwash, 33.8 fl oz, 3-pack",https://www.costco.com/.product.1731104.html,,,0,0,https://www.costco.com/grocery-household.html,9/27/2026 0:00
1738-item-1984999,1738,1984999,1984999,"Kirkland Signature Rice Crackers, 32 oz",https://www.costco.com/.product.1984999.html,,,0,0,https://www.costco.com/grocery-household.html,9/27/2026 0:00
1738-item-2043170,1738,2043170,2043170,"Tasty Bite Organic Madras Lentils, 10 oz, 8-count",https://www.costco.com/.product.2043170.html,,,0,0,https://www.costco.com/grocery-household.html,9/27/2026 0:00
1738-item-1695152,1738,1695152,1695152,"Cetaphil Gentle Skin Cleanser, Dry to Normal Sensitive Skin, 20 fl oz, 2-count",https://www.costco.com/.product.1695152.html,,,0,0,https://www.costco.com/grocery-household.html,9/27/2026 0:00
1738-item-316689,1738,316689,316689,"Lotus Foods, Organic Millet & Brown Rice Ramen, 2.5 oz, 12-Count",https://www.costco.com/.product.316689.html,,,0,0,https://www.costco.com/grocery-household.html,9/27/2026 0:00
1738-item-1717853,1738,1717853,1717853,"Scotch-Brite Heavy Duty Sponge, 24-count",https://www.costco.com/.product.1717853.html,,,0,0,https://www.costco.com/grocery-household.html,9/27/2026 0:00
1738-item-5354,1738,5354,5354,"Hidden Valley Original Ranch Homestyle Dressing, 40 fl oz, 2-count",https://www.costco.com/.product.5354.html,,,0,0,https://www.costco.com/grocery-household.html,9/27/2026 0:00
1738-item-1594596,1738,1594596,1594596,"Gatorade Thirst Quencher, Turf Variety Pack, 12 fl oz, 28-count",https://www.costco.com/.product.1594596.html,,,0,0,https://www.costco.com/grocery-household.html,9/27/2026 0:00
1738-item-1474436,1738,1474436,1474436,"Kirkland Signature Trail Mix, 4 lbs",https://www.costco.com/.product.1474436.html,,,0,0,https://www.costco.com/grocery-household.html,9/27/2026 0:00
1738-item-854344,1738,854344,854344,"Sprite Lemon-Lime Caffeine Free Soda Soft Drink Cans, 12 fl oz, 35-count",https://www.costco.com/.product.854344.html,,,0,0,https://www.costco.com/grocery-household.html,9/27/2026 0:00
1738-item-1732802,1738,1732802,1732802,"Kirkland Signature Sweet Heat Snack Mix, 24 oz",https://www.costco.com/.product.1732802.html,,,0,0,https://www.costco.com/grocery-household.html,9/27/2026 0:00
1738-item-401621,1738,401621,401621,"Hershey's Nuggets Assortment, Variety Pack, 145-count",https://www.costco.com/.product.401621.html,,,0,0,https://www.costco.com/grocery-household.html,9/27/2026 0:00
1738-item-87507,1738,87507,87507,"Kirkland Signature 10-Gallon Wastebasket Liner, Clear, 500-count",https://www.costco.com/.product.87507.html,,,0,0,https://www.costco.com/grocery-household.html,9/27/2026 0:00
1738-item-383456,1738,383456,383456,"Sweet Baby Ray's, Barbecue Sauce, 40 oz, 2-Count",https://www.costco.com/.product.383456.html,,,0,0,https://www.costco.com/grocery-household.html,9/27/2026 0:00
1738-item-1415808,1738,1415808,1415808,"WestEnd Cuisine Grilled Chicken Skewers, Mediterranean Style, 2 oz, 14-count",https://www.costco.com/.product.1415808.html,,,0,0,https://www.costco.com/grocery-household.html,9/27/2026 0:00
1738-item-1660437,1738,1660437,1660437,"Folgers Classic Roast Ground Coffee, Medium, 43.5 oz",https://www.costco.com/.product.1660437.html,,,0,0,https://www.costco.com/grocery-household.html,9/27/2026 0:00
1738-item-1205611,1738,1205611,1205611,"Cottonelle Fresh Care Flushable Wipes, 560 Wipes",https://www.costco.com/.product.1205611.html,,,0,0,https://www.costco.com/grocery-household.html,9/27/2026 0:00
1738-item-734786,1738,734786,734786,"General Mills, Cheerios Cereal, Honey Nut, 27.5 oz, 2-count",https://www.costco.com/.product.734786.html,,,0,0,https://www.costco.com/grocery-household.html,9/27/2026 0:00
1738-item-569051,1738,569051,569051,"Wonderful Roasted & Salted Pistachios, 24 oz",https://www.costco.com/.product.569051.html,,,0,0,https://www.costco.com/grocery-household.html,9/27/2026 0:00
1738-item-1907127,1738,1907127,1907127,Swiffer Sweep + Mop Deluxe Sweeping Kit,https://www.costco.com/.product.1907127.html,,,0,0,https://www.costco.com/grocery-household.html,9/27/2026 0:00
1738-item-45221,1738,45221,45221,"Cheez-It Crackers, Cheddar, 3 lbs",https://www.costco.com/.product.45221.html,,,0,0,https://www.costco.com/grocery-household.html,9/27/2026 0:00
1738-item-1193444,1738,1193444,1193444,"Kirkland Signature Chinet 18 oz Plastic Cup, Red, 240-count",https://www.costco.com/.product.1193444.html,,,0,0,https://www.costco.com/grocery-household.html,9/27/2026 0:00
1738-item-1652577,1738,1652577,1652577,"Kirkland Signature Extra Fancy Mixed Nuts, Unsalted, 2.5 lbs",https://www.costco.com/.product.1652577.html,,,0,0,https://www.costco.com/grocery-household.html,9/27/2026 0:00
1738-item-1699741,1738,1699741,1699741,"Gillette Venus ComfortGlide Essential Botanicals, 1 Razor + 12 Cartridges Gel",https://www.costco.com/.product.1699741.html,,,0,0,https://www.costco.com/grocery-household.html,9/27/2026 0:00
1738-item-118677,1738,118677,118677,"Nestlé Toll House, Semi-Sweet Chocolate Chip Morsels, 72 oz",https://www.costco.com/.product.118677.html,,,0,0,https://www.costco.com/grocery-household.html,9/27/2026 0:00
1738-item-1450796,1738,1450796,1450796,"Just Bare Lightly Breaded Chicken Breast Chunks, Boneless Skinless, 4 lbs",https://www.costco.com/.product.1450796.html,,,0,0,https://www.costco.com/grocery-household.html,9/27/2026 0:00
1738-item-7552,1738,7552,7552,"Wild Planet, Albacore Wild Tuna, 5 oz, 6-count",https://www.costco.com/.product.7552.html,,,0,0,https://www.costco.com/grocery-household.html,9/27/2026 0:00
1738-item-1928295,1738,1928295,1928295,"Dove Deep Moisture Body Wash, 23 fl oz, 3-pack",https://www.costco.com/.product.1928295.html,,,0,0,https://www.costco.com/grocery-household.html,9/27/2026 0:00
1738-item-1658550,1738,1658550,1658550,"Kirkland Signature Snacking Nuts Variety Pack, 1.6 oz, 21-count",https://www.costco.com/.product.1658550.html,,,0,0,https://www.costco.com/grocery-household.html,9/27/2026 0:00
1738-item-2038055,1738,2038055,2038055,"Seeds of Change Organic Quinoa & Brown Rice with Garlic & Lentils, 6-count",https://www.costco.com/.product.2038055.html,,,0,0,https://www.costco.com/grocery-household.html,9/27/2026 0:00
1738-item-440493,1738,440493,440493,"Kirkland Signature Cashew Clusters, 2 lbs",https://www.costco.com/.product.440493.html,,,0,0,https://www.costco.com/grocery-household.html,9/27/2026 0:00
1738-item-2010942,1738,2010942,2010942,"Nature Valley Crispy Creamy Wafer Bars, Variety Pack, 1.3 oz, 28-count",https://www.costco.com/.product.2010942.html,,,0,0,https://www.costco.com/grocery-household.html,9/27/2026 0:00
1738-item-1599199,1738,1599199,1599199,"Golden Island Pork Snack Bites, Korean Barbecue, 1.5 oz, 12-count",https://www.costco.com/.product.1599199.html,,,0,0,https://www.costco.com/grocery-household.html,9/27/2026 0:00
1738-item-1850863,1738,1850863,1850863,"Kirkland Signature  Flavored Sparkling Water, 17 fl oz, 24-count",https://www.costco.com/.product.1850863.html,,,0,0,https://www.costco.com/grocery-household.html,9/27/2026 0:00
1738-item-127489,1738,127489,127489,"Solo Heavyweight Plastic Spoon, White, 500 count",https://www.costco.com/.product.127489.html,,,0,0,https://www.costco.com/grocery-household.html,9/27/2026 0:00
1738-item-36285,1738,36285,36285,"Kirkland Signature Walnut Halves, 3 lbs",https://www.costco.com/.product.36285.html,,,0,0,https://www.costco.com/grocery-household.html,9/27/2026 0:00
1738-item-32911,1738,32911,32911,"Kirkland Signature Pure Vanilla, 16 fl oz",https://www.costco.com/.product.32911.html,,,0,0,https://www.costco.com/grocery-household.html,9/27/2026 0:00
1738-item-142354,1738,142354,142354,"RITZ Crackers, Original, 18-count",https://www.costco.com/.product.142354.html,,,0,0,https://www.costco.com/grocery-household.html,9/27/2026 0:00
1738-item-761486,1738,761486,761486,"Garofalo, Organic Spaghetti Noodles, 17.6 oz, 8-Count",https://www.costco.com/.product.761486.html,,,0,0,https://www.costco.com/grocery-household.html,9/27/2026 0:00
1738-item-736083,1738,736083,736083,"Kirkland Signature, Organic Lemonade, 96 fl oz, 2-count",https://www.costco.com/.product.736083.html,,,0,0,https://www.costco.com/grocery-household.html,9/27/2026 0:00
1738-item-670441,1738,670441,670441,"Peet's Coffee Major Dickason's Blend Coffee, Dark Roast, Whole Bean, 2 lbs",https://www.costco.com/.product.670441.html,,,0,0,https://www.costco.com/grocery-household.html,9/27/2026 0:00
1738-item-384732,1738,384732,384732,"Kirkland Signature, Pure Sea Salt, 30 oz",https://www.costco.com/.product.384732.html,,,0,0,https://www.costco.com/grocery-household.html,9/27/2026 0:00
1738-item-1054838,1738,1054838,1054838,"Kirkland Signature Ultra Clean HE Laundry Detergent Pacs, 152-count",https://www.costco.com/.product.1054838.html,,,0,0,https://www.costco.com/grocery-household.html,9/27/2026 0:00
1738-item-1390413,1738,1390413,1390413,"Kirkland Signature Fancy Whole Cashews, 2.5lbs",https://www.costco.com/.product.1390413.html,,,0,0,https://www.costco.com/grocery-household.html,9/27/2026 0:00
1738-item-704329,1738,704329,704329,"Libby's, Vienna Sausage, 4.6 oz, 18-count",https://www.costco.com/.product.704329.html,,,0,0,https://www.costco.com/grocery-household.html,9/27/2026 0:00
1738-item-1209607,1738,1209607,1209607,"Kirkland Signature Praline Pecans, 2.5 lbs",https://www.costco.com/.product.1209607.html,,,0,0,https://www.costco.com/grocery-household.html,9/27/2026 0:00
1738-item-446586,1738,446586,446586,"Quaker Oats Old Fashioned Rolled Oats, 10 lbs",https://www.costco.com/.product.446586.html,,,0,0,https://www.costco.com/grocery-household.html,9/27/2026 0:00
1738-item-1218715,1738,1218715,1218715,"Nutella & GO! Hazelnut and Cocoa Spread With Breadsticks, 1.8 oz, 16 Pack",https://www.costco.com/.product.1218715.html,,,0,0,https://www.costco.com/grocery-household.html,9/27/2026 0:00
1738-item-1542070,1738,1542070,1542070,"Goldfish Baked Snack Crackers, Cheddar, 66 oz",https://www.costco.com/.product.1542070.html,,,0,0,https://www.costco.com/grocery-household.html,9/27/2026 0:00
1738-item-981859,1738,981859,981859,"Hellmann's Real Mayonnaise, Squeeze Bottle, 25 fl oz, 2-count",https://www.costco.com/.product.981859.html,,,0,0,https://www.costco.com/grocery-household.html,9/27/2026 0:00
1738-item-1999652,1738,1999652,1999652,"BARNUM'S Animal Crackers, 1 oz, 30-count",https://www.costco.com/.product.1999652.html,,,0,0,https://www.costco.com/grocery-household.html,9/27/2026 0:00
1738-item-1812863,1738,1812863,1812863,"Nutella Biscuits, 9.7 oz, 4-count",https://www.costco.com/.product.1812863.html,,,0,0,https://www.costco.com/grocery-household.html,9/27/2026 0:00
1738-item-1792368,1738,1792368,1792368,"Maison Perrier Sparkling Water, 16.9 fl oz, 24-count",https://www.costco.com/.product.1792368.html,,,0,0,https://www.costco.com/grocery-household.html,9/27/2026 0:00
1738-item-581871,1738,581871,581871,"Kirkland Signature, Minced California Garlic, 48 oz",https://www.costco.com/.product.581871.html,,,0,0,https://www.costco.com/grocery-household.html,9/27/2026 0:00
1738-item-2043159,1738,2043159,2043159,"Poppi Soda, Juicy Hits Variety Pack, 12 fl oz, 18-count",https://www.costco.com/.product.2043159.html,,,0,0,https://www.costco.com/grocery-household.html,9/27/2026 0:00
1738-item-1913150,1738,1913150,1913150,"Frito Lay Simply Variety Pack, 30-count",https://www.costco.com/.product.1913150.html,,,0,0,https://www.costco.com/grocery-household.html,9/27/2026 0:00
1738-item-685586,1738,685586,685586,"Listerine UltraClean Coolmint Mouthwash, 1.5 Liter, 2-count",https://www.costco.com/.product.685586.html,,,0,0,https://www.costco.com/grocery-household.html,9/27/2026 0:00
1738-item-664635,1738,664635,664635,"Swisspers Premium Hypoallergenic Cotton Rounds, 900-count",https://www.costco.com/.product.664635.html,,,0,0,https://www.costco.com/grocery-household.html,9/27/2026 0:00
1738-item-1495250,1738,1495250,1495250,"Kirkland Signature, Organic Coconut Water, 33.8 fl oz, 9-count",https://www.costco.com/.product.1495250.html,,,0,0,https://www.costco.com/grocery-household.html,9/27/2026 0:00
1738-item-1115,1738,1115,1115,"Dixie 12 oz Paper Bowl, 175-count",https://www.costco.com/.product.1115.html,,,0,0,https://www.costco.com/grocery-household.html,9/27/2026 0:00
1738-item-2079404,1738,2079404,2079404,"Bolder Foods Loaded Baked Potato Soup, 24 oz, 2-count",https://www.costco.com/.product.2079404.html,,,0,0,https://www.costco.com/grocery-household.html,9/27/2026 0:00
1738-item-1244454,1738,1244454,1244454,"NESCAFE Taster's Choice Instant Coffee, House Blend, Light-Medium Roast, 14 oz",https://www.costco.com/.product.1244454.html,,,0,0,https://www.costco.com/grocery-household.html,9/27/2026 0:00
1738-item-1421932,1738,1421932,1421932,"Dove Moisturizing Beauty Bar Soap Original, 3.75 oz, 16-count",https://www.costco.com/.product.1421932.html,,,0,0,https://www.costco.com/grocery-household.html,9/27/2026 0:00
1738-item-1426611,1738,1426611,1426611,"Loacker Minis Wafer Cookie Variety, 28.22 oz",https://www.costco.com/.product.1426611.html,,,0,0,https://www.costco.com/grocery-household.html,9/27/2026 0:00
1738-item-1758990,1738,1758990,1758990,"Miss Vickie's Kettle Cooked Potato Chips, 1.38 oz, Variety Pack, 30-count",https://www.costco.com/.product.1758990.html,,,0,0,https://www.costco.com/grocery-household.html,9/27/2026 0:00
1738-item-1795394,1738,1795394,1795394,"IZZE, Sparkling Juice Beverage, Variety Pack, 8.4 fl oz, 24-Count",https://www.costco.com/.product.1795394.html,,,0,0,https://www.costco.com/grocery-household.html,9/27/2026 0:00
1738-item-664927,1738,664927,664927,"Cinnamon Toast Crunch Cereal, 49.5 oz",https://www.costco.com/.product.664927.html,,,0,0,https://www.costco.com/grocery-household.html,9/27/2026 0:00
1738-item-438851,1738,438851,438851,"Capri Sun, 100% Juice, Variety Pack, 6 fl oz, 40-count",https://www.costco.com/.product.438851.html,,,0,0,https://www.costco.com/grocery-household.html,9/27/2026 0:00
1738-item-957330,1738,957330,957330,"Kirkland Signature Snacking Nuts, Variety Pack, 1.6 oz, 30-count",https://www.costco.com/.product.957330.html,,,0,0,https://www.costco.com/grocery-household.html,9/27/2026 0:00
1738-item-1905921,1738,1905921,1905921,"Crunchmaster 6-Seed Multi-Grain Crackers, 28 oz",https://www.costco.com/.product.1905921.html,,,0,0,https://www.costco.com/grocery-household.html,9/27/2026 0:00
1738-item-633563,1738,633563,633563,"Kirkland Signature, Organic Tomato Sauce, 15 oz, 12-Count",https://www.costco.com/.product.633563.html,,,0,0,https://www.costco.com/grocery-household.html,9/27/2026 0:00
1738-item-1014809,1738,1014809,1014809,"Kirkland Signature Protein Bar, Variety Pack, 2.12 oz, 20-count",https://www.costco.com/.product.1014809.html,,,0,0,https://www.costco.com/grocery-household.html,9/27/2026 0:00
1738-item-545345,1738,545345,545345,"Kirkland Signature In-Shell Pistachios, Salted, 3 lbs",https://www.costco.com/.product.545345.html,,,0,0,https://www.costco.com/grocery-household.html,9/27/2026 0:00
1738-item-1806373,1738,1806373,1806373,"Duracell Power Boost C Alkaline Batteries, 14-count",https://www.costco.com/.product.1806373.html,,,0,0,https://www.costco.com/grocery-household.html,9/27/2026 0:00
1738-item-1300509,1738,1300509,1300509,"Kirkland Signature Nut Bars, 1.41 oz, 30 count",https://www.costco.com/.product.1300509.html,,,0,0,https://www.costco.com/grocery-household.html,9/27/2026 0:00
1738-item-975416,1738,975416,975416,"San Pellegrino Sparkling Natural Mineral Water, 16.9 fl oz, 24-count",https://www.costco.com/.product.975416.html,,,0,0,https://www.costco.com/grocery-household.html,9/27/2026 0:00
1738-item-1999716,1738,1999716,1999716,"Sparkling Ice Zero Sugar Sparkling Water Purple Variety Pack, 17 fl oz, 24-count",https://www.costco.com/.product.1999716.html,,,0,0,https://www.costco.com/grocery-household.html,9/27/2026 0:00
1738-item-1462402,1738,1462402,1462402,"Post, Honey Bunches of Oats with Almonds Cereal, 50 oz",https://www.costco.com/.product.1462402.html,,,0,0,https://www.costco.com/grocery-household.html,9/27/2026 0:00
1738-item-1841924,1738,1841924,1841924,"La Colombe Draft Latte Cold Brew Coffee, Variety Pack, 9 fl oz, 12-count",https://www.costco.com/.product.1841924.html,,,0,0,https://www.costco.com/grocery-household.html,9/27/2026 0:00
1738-item-847909,1738,847909,847909,"Ghirardelli, Triple Chocolate Premium Brownie Mix, 6-count",https://www.costco.com/.product.847909.html,,,0,0,https://www.costco.com/grocery-household.html,9/27/2026 0:00
1738-item-1471986,1738,1471986,1471986,"Peet's Organic Dark French Roast Ground Coffee, 32 oz",https://www.costco.com/.product.1471986.html,,,0,0,https://www.costco.com/grocery-household.html,9/27/2026 0:00
1738-item-473505,1738,473505,473505,"Apple & Eve, 100% Juice, Variety Pack, 6.75 fl oz, 36-count",https://www.costco.com/.product.473505.html,,,0,0,https://www.costco.com/grocery-household.html,9/27/2026 0:00
1738-item-1694269,1738,1694269,1694269,"Nutella B-Ready Crispy Wafers Filled with Nutella, 0.7 oz, 36-count",https://www.costco.com/.product.1694269.html,,,0,0,https://www.costco.com/grocery-household.html,9/27/2026 0:00
1738-item-1532150,1738,1532150,1532150,"La Croix Sparkling Water, Beach Plum, Guava Sao Paulo and Black Razz Berry Variety Pack, 12 fl oz, 24-count",https://www.costco.com/.product.1532150.html,,,0,0,https://www.costco.com/grocery-household.html,9/27/2026 0:00
1738-item-1726382,1738,1726382,1726382,"The SnakYard Organic Sweet Potato Sticks, 2.82 oz, 6-count",https://www.costco.com/.product.1726382.html,,,0,0,https://www.costco.com/grocery-household.html,9/27/2026 0:00
1738-item-1840900,1738,1840900,1840900,"Dixie Ultra Deep Dish Paper Plate, 115-count",https://www.costco.com/.product.1840900.html,,,0,0,https://www.costco.com/grocery-household.html,9/27/2026 0:00
1738-item-203444,1738,203444,203444,"Kirkland Signature Pecan Halves, 2 lbs",https://www.costco.com/.product.203444.html,,,0,0,https://www.costco.com/grocery-household.html,9/27/2026 0:00
1738-item-1806386,1738,1806386,1806386,"Duracell D Alkaline Batteries, 14-count",https://www.costco.com/.product.1806386.html,,,0,0,https://www.costco.com/grocery-household.html,9/27/2026 0:00
1738-item-169730,1738,169730,169730,"Cuisine Adventures French Onion Soup, 10 oz, 6-count",https://www.costco.com/.product.169730.html,,,0,0,https://www.costco.com/grocery-household.html,9/27/2026 0:00
1738-item-1391546,1738,1391546,1391546,"Schwartz Brothers Bakery, Organic Everything Bagel Chips, 15 oz",https://www.costco.com/.product.1391546.html,,,0,0,https://www.costco.com/grocery-household.html,9/27/2026 0:00
1738-item-1285702,1738,1285702,1285702,"Colgate Total Active Prevention Plus Advanced Whitening Toothpaste, 6.4 oz, 5-pack",https://www.costco.com/.product.1285702.html,,,0,0,https://www.costco.com/grocery-household.html,9/27/2026 0:00
1738-item-1564814,1738,1564814,1564814,"Simple Mills Almond Flour Sea Salt Crackers, 10 oz, 2-count",https://www.costco.com/.product.1564814.html,,,0,0,https://www.costco.com/grocery-household.html,9/27/2026 0:00
1738-item-1174811,1738,1174811,1174811,"Sunny D Citrus Punch, Tangy Original, 11.3 fl oz, 30-Count",https://www.costco.com/.product.1174811.html,,,0,0,https://www.costco.com/grocery-household.html,9/27/2026 0:00
1738-item-9440,1738,9440,9440,"Thai Kitchen Organic Coconut Milk, Unsweetened, 13.66 fl oz, 6-count",https://www.costco.com/.product.9440.html,,,0,0,https://www.costco.com/grocery-household.html,9/27/2026 0:00
1738-item-1552446,1738,1552446,1552446,"Fruit By The Foot, Variety, 0.75 oz, 48-count",https://www.costco.com/.product.1552446.html,,,0,0,https://www.costco.com/grocery-household.html,9/27/2026 0:00
1738-item-879520,1738,879520,879520,"Nutella Hazelnut Spread with Cocoa, 33.5 oz, 2-count",https://www.costco.com/.product.879520.html,,,0,0,https://www.costco.com/grocery-household.html,9/27/2026 0:00
1738-item-1991335,1738,1991335,1991335,"Mr. Clean Magic Eraser, Whole Home Extra Durable, 18-count",https://www.costco.com/.product.1991335.html,,,0,0,https://www.costco.com/grocery-household.html,9/27/2026 0:00
1738-item-4054238,1738,4054238,4054238,"Kirkland Signature Coffee Organic Breakfast Blend K-Cup Pod, 120-count",https://www.costco.com/.product.4054238.html,,,0,0,https://www.costco.com/grocery-household.html,9/27/2026 0:00
1738-item-1685616,1738,1685616,1685616,"Kirkland Signature Milk Chocolate Covered Almonds, 48 oz",https://www.costco.com/.product.1685616.html,,,0,0,https://www.costco.com/grocery-household.html,9/27/2026 0:00
1738-item-284601,1738,284601,284601,"Kirkland Signature Supreme Whole Almonds, 3 lbs",https://www.costco.com/.product.284601.html,,,0,0,https://www.costco.com/grocery-household.html,9/27/2026 0:00
1738-item-1780981,1738,1780981,1780981,"Joyburst Hydration Drink, Variety Pack, 16.9 fl oz, 18-count",https://www.costco.com/.product.1780981.html,,,0,0,https://www.costco.com/grocery-household.html,9/27/2026 0:00
1738-item-756053,1738,756053,756053,"Kirkland Signature Medium Roast Coffee, 40 oz",https://www.costco.com/.product.756053.html,,,0,0,https://www.costco.com/grocery-household.html,9/27/2026 0:00
1738-item-1974794,1738,1974794,1974794,"Kellogg's Special K Extra Red Berries Cereal, 21.5 oz, 2-count",https://www.costco.com/.product.1974794.html,,,0,0,https://www.costco.com/grocery-household.html,9/27/2026 0:00
1738-item-975,1738,975,975,"Reynolds Wrap Heavy Duty Aluminum Foil, 18"" x 33.33 yd, 2-count",https://www.costco.com/.product.975.html,,,0,0,https://www.costco.com/grocery-household.html,9/27/2026 0:00
1738-item-701249,1738,701249,701249,"Welch's 100% Juice Drink, Variety Pack, 10 fl oz, 24-count",https://www.costco.com/.product.701249.html,,,0,0,https://www.costco.com/grocery-household.html,9/27/2026 0:00
1738-item-2041444,1738,2041444,2041444,"Olipop Mini Soda, Variety Pack, 7.5 fl oz, 15-count",https://www.costco.com/.product.2041444.html,,,0,0,https://www.costco.com/grocery-household.html,9/27/2026 0:00
1738-item-1055599,1738,1055599,1055599,"Kirkland Signature Thin Sliced Chicken Breasts, Boneless Skinless, 10 lbs",https://www.costco.com/.product.1055599.html,,,0,0,https://www.costco.com/grocery-household.html,9/27/2026 0:00
1738-item-1770137,1738,1770137,1770137,"DUDE Wipes Fragrance-Free + Moisturizing XL Flushable Wipes, 480 Wipes",https://www.costco.com/.product.1770137.html,,,0,0,https://www.costco.com/grocery-household.html,9/27/2026 0:00
1738-item-2008684,1738,2008684,2008684,Hoody's Honey Roasted Nut Mix,https://www.costco.com/.product.2008684.html,,,0,0,https://www.costco.com/grocery-household.html,9/27/2026 0:00
1738-item-1931211,1738,1931211,1931211,Kirkland Signature Micellar Facial Cleansing Wipes 180-count,https://www.costco.com/.product.1931211.html,,,0,0,https://www.costco.com/grocery-household.html,9/27/2026 0:00
1738-item-1789247,1738,1789247,1789247,"Kirkland Signature Olive Oil, 3 L",https://www.costco.com/.product.1789247.html,,,0,0,https://www.costco.com/grocery-household.html,9/27/2026 0:00
1738-item-4054210,1738,4054210,4054210,"Kirkland Signature Coffee Organic Summit Roast K-Cup Pod, 120 count",https://www.costco.com/.product.4054210.html,,,0,0,https://www.costco.com/grocery-household.html,9/27/2026 0:00
1738-item-596444,1738,596444,596444,"Kirkland Signature, Ocean Spray Cranberry Premium 100% Juice, 96 fl oz, 2-Count",https://www.costco.com/.product.596444.html,,,0,0,https://www.costco.com/grocery-household.html,9/27/2026 0:00
1738-item-111894,1738,111894,111894,"Lawry's Coarse Ground Garlic Salt with Parsley, 33 oz",https://www.costco.com/.product.111894.html,,,0,0,https://www.costco.com/grocery-household.html,9/27/2026 0:00
1738-item-1802191,1738,1802191,1802191,"Siete Grain Free Sea Salt Tortilla Chips, 15 oz",https://www.costco.com/.product.1802191.html,,,0,0,https://www.costco.com/grocery-household.html,9/27/2026 0:00
1738-item-57554,1738,57554,57554,"Blueberries, 18 oz",https://www.costco.com/.product.57554.html,,,0,0,https://www.costco.com/grocery-household.html,9/27/2026 0:00
1738-item-1886106,1738,1886106,1886106,"Oral-B Glide Advanced Deep Clean Floss, 6-pack",https://www.costco.com/.product.1886106.html,,,0,0,https://www.costco.com/grocery-household.html,9/27/2026 0:00
1738-item-1193197,1738,1193197,1193197,"Kirkland Signature Organic Roasted Seaweed, 0.6 oz, 10-count",https://www.costco.com/.product.1193197.html,,,0,0,https://www.costco.com/grocery-household.html,9/27/2026 0:00
1738-item-720,1738,720,720,"Reynolds Wrap Aluminum Foil, 12"" x 83.33 yd, 2-count",https://www.costco.com/.product.720.html,,,0,0,https://www.costco.com/grocery-household.html,9/27/2026 0:00
1738-item-890181,1738,890181,890181,"Kirkland Signature, Wild Alaskan Pink Salmon, 6 oz, 6-Count",https://www.costco.com/.product.890181.html,,,0,0,https://www.costco.com/grocery-household.html,9/27/2026 0:00
1738-item-1940909,1738,1940909,1940909,"Kirkland Signature Daily Dry Facial Towels, 200-count",https://www.costco.com/.product.1940909.html,,,0,0,https://www.costco.com/grocery-household.html,9/27/2026 0:00
1738-item-2040272,1738,2040272,2040272,"Kinder's Organic Signature Grill Variety Pack, 54.4 oz",https://www.costco.com/.product.2040272.html,,,0,0,https://www.costco.com/grocery-household.html,9/27/2026 0:00
1738-item-127509,1738,127509,127509,"Solo Heavyweight Plastic Fork, White, 500-count",https://www.costco.com/.product.127509.html,,,0,0,https://www.costco.com/grocery-household.html,9/27/2026 0:00
1738-item-947880,1738,947880,947880,"Hillshire Farm Slow Roasted Turkey Breast, 16.5 oz, 2-count",https://www.costco.com/.product.947880.html,,,0,0,https://www.costco.com/grocery-household.html,9/27/2026 0:00
1738-item-1925186,1738,1925186,1925186,"Jojo's Dark Chocolate Pistachio Almond Cranberry Bites, 14.4 oz",https://www.costco.com/.product.1925186.html,,,0,0,https://www.costco.com/grocery-household.html,9/27/2026 0:00
1738-item-1001368,1738,1001368,1001368,"Kirkland Signature, Organic Quinoa, 4.5 lbs",https://www.costco.com/.product.1001368.html,,,0,0,https://www.costco.com/grocery-household.html,9/27/2026 0:00
1738-item-1669857,1738,1669857,1669857,"Jackson's Kettle Cooked Sweet Potato Chips, Sea Salt, 16 oz",https://www.costco.com/.product.1669857.html,,,0,0,https://www.costco.com/grocery-household.html,9/27/2026 0:00
1738-item-207,1738,207,207,"Homai California Calrose Rice, 25 lbs",https://www.costco.com/.product.207.html,,,0,0,https://www.costco.com/grocery-household.html,9/27/2026 0:00
1738-item-1229285,1738,1229285,1229285,"BelVita Breakfast Biscuit, Cinnamon Brown Sugar, 1.76 oz, 30-count",https://www.costco.com/.product.1229285.html,,,0,0,https://www.costco.com/grocery-household.html,9/27/2026 0:00
1738-item-1395061,1738,1395061,1395061,"Advantage Premium Bright Ink Jet and Laser Paper, 8.5""x11"" Letter, White, 24lb, 97 Bright, 1 Ream of 800 Sheets",https://www.costco.com/.product.1395061.html,,,0,0,https://www.costco.com/grocery-household.html,9/27/2026 0:00
1738-item-3365592,1738,3365592,3365592,"Caribou Coffee Caribou Blend K-Cup Pod, 80-count",https://www.costco.com/.product.3365592.html,,,0,0,https://www.costco.com/grocery-household.html,9/27/2026 0:00
1738-item-279783,1738,279783,279783,"Kirkland Signature, Bacon Crumbles, 20 oz",https://www.costco.com/.product.279783.html,,,0,0,https://www.costco.com/grocery-household.html,9/27/2026 0:00
1738-item-202195,1738,202195,202195,"SPAM Canned Meat, 25% Less Sodium, 12 oz, 8-Count",https://www.costco.com/.product.202195.html,,,0,0,https://www.costco.com/grocery-household.html,9/27/2026 0:00
1738-item-461,1738,461,461,"Toblerone Swiss Milk Chocolate Bar, 3.52 oz, 6-Count",https://www.costco.com/.product.461.html,,,0,0,https://www.costco.com/grocery-household.html,9/27/2026 0:00
1738-item-1984296,1738,1984296,1984296,"Mezcla Puff-Crispy Bar, Pistachio Chocolate, 1.4 oz, 14-count",https://www.costco.com/.product.1984296.html,,,0,0,https://www.costco.com/grocery-household.html,9/27/2026 0:00
1738-item-1421933,1738,1421933,1421933,"Dove Moisturizing Beauty Bar Soap Sensitive Skin, 3.75 oz, 16 Bars",https://www.costco.com/.product.1421933.html,,,0,0,https://www.costco.com/grocery-household.html,9/27/2026 0:00
1738-item-1672091,1738,1672091,1672091,"Simply Fuel Protein Balls, 14.4 oz",https://www.costco.com/.product.1672091.html,,,0,0,https://www.costco.com/grocery-household.html,9/27/2026 0:00
1738-item-560519,1738,560519,560519,"WildRoot's Coastal Berry Trail Mix, 26 oz",https://www.costco.com/.product.560519.html,,,0,0,https://www.costco.com/grocery-household.html,9/27/2026 0:00
1738-item-1036671,1738,1036671,1036671,"Nature Valley Biscuits with Almond Butter, 1.35 oz, 30-count",https://www.costco.com/.product.1036671.html,,,0,0,https://www.costco.com/grocery-household.html,9/27/2026 0:00
1738-item-1229303,1738,1229303,1229303,"BelVita Breakfast Biscuits, Blueberry, 1.76 oz, 30 count",https://www.costco.com/.product.1229303.html,,,0,0,https://www.costco.com/grocery-household.html,9/27/2026 0:00
1738-item-164981,1738,164981,164981,"Kirkland Signature Fine Ground Black Pepper, 12.3 oz",https://www.costco.com/.product.164981.html,,,0,0,https://www.costco.com/grocery-household.html,9/27/2026 0:00
1738-item-1806649,1738,1806649,1806649,"Neutrogena Makeup Remover Wipes, 125-count",https://www.costco.com/.product.1806649.html,,,0,0,https://www.costco.com/grocery-household.html,9/27/2026 0:00
1738-item-222490,1738,222490,222490,"Kirkland Signature Super Extra-Large Peanuts, 2.5 lbs",https://www.costco.com/.product.222490.html,,,0,0,https://www.costco.com/grocery-household.html,9/27/2026 0:00
1738-item-846156,1738,846156,846156,"Nature Valley Crunchy Granola Bar, Oats 'n Honey, 1.49 oz, 49-count",https://www.costco.com/.product.846156.html,,,0,0,https://www.costco.com/grocery-household.html,9/27/2026 0:00
1738-item-1492769,1738,1492769,1492769,"Gillette Venus Sensitive Plus Disposable Razor, 15-count",https://www.costco.com/.product.1492769.html,,,0,0,https://www.costco.com/grocery-household.html,9/27/2026 0:00
1738-item-120296,1738,120296,120296,"Kirkland Signature Colombian Supremo Coffee, Whole Bean, 3 lbs",https://www.costco.com/.product.120296.html,,,0,0,https://www.costco.com/grocery-household.html,9/27/2026 0:00
1738-item-1498286,1738,1498286,1498286,"Gatorade Thirst Quencher, Core Variety Pack, 12 fl oz, 28-count",https://www.costco.com/.product.1498286.html,,,0,0,https://www.costco.com/grocery-household.html,9/27/2026 0:00
1738-item-906420,1738,906420,906420,"Kirkland Signature, Vegetable Oil, 3 qt, 2-count",https://www.costco.com/.product.906420.html,,,0,0,https://www.costco.com/grocery-household.html,9/27/2026 0:00
1738-item-906410,1738,906410,906410,"Kirkland Signature, Canola Oil, 3 qt, 2-count",https://www.costco.com/.product.906410.html,,,0,0,https://www.costco.com/grocery-household.html,9/27/2026 0:00
1738-item-2051862,1738,2051862,2051862,"LMNT Sparkling Electrolyte Drink, Variety Pack, 12 fl oz, 15-count",https://www.costco.com/.product.2051862.html,,,0,0,https://www.costco.com/grocery-household.html,9/27/2026 0:00
1738-item-2051490,1738,2051490,2051490,"Saint James Organic Brewed Tea, Variety Pack, 16 fl oz, 15-count",https://www.costco.com/.product.2051490.html,,,0,0,https://www.costco.com/grocery-household.html,9/27/2026 0:00
1738-item-1966529,1738,1966529,1966529,"Celsius Sparkling Energy Drink, Core Variety Pack, 12 fl oz, 18-count",https://www.costco.com/.product.1966529.html,,,0,0,https://www.costco.com/grocery-household.html,9/27/2026 0:00
1738-item-3330816,1738,3330816,3330816,"Kirkland Signature Popcorn, Sea Salt, 0.65 oz, 36-count",https://www.costco.com/.product.3330816.html,,,0,0,https://www.costco.com/grocery-household.html,9/27/2026 0:00
1738-item-1587186,1738,1587186,1587186,"Gillette Proglide Plus Razor Cartridge Refills, 16-count",https://www.costco.com/.product.1587186.html,,,0,0,https://www.costco.com/grocery-household.html,9/27/2026 0:00
1738-item-1566350,1738,1566350,1566350,"Bachan's Japanese Barbecue Sauce, 34 oz",https://www.costco.com/.product.1566350.html,,,0,0,https://www.costco.com/grocery-household.html,9/27/2026 0:00
1738-item-2009145,1738,2009145,2009145,"Solely Organic Fruit Jerky Variety Pack, 0.8 oz, 16-count",https://www.costco.com/.product.2009145.html,,,0,0,https://www.costco.com/grocery-household.html,9/27/2026 0:00
1738-item-1742162,1738,1742162,1742162,"Siete Grain Free Tortilla Chips, Variety Pack, 1 oz, 14-count",https://www.costco.com/.product.1742162.html,,,0,0,https://www.costco.com/grocery-household.html,9/27/2026 0:00
1738-item-1529345,1738,1529345,1529345,"Siete Almond Flour Tortilla, 20-count",https://www.costco.com/.product.1529345.html,,,0,0,https://www.costco.com/grocery-household.html,9/27/2026 0:00
1738-item-1516973,1738,1516973,1516973,"Gillette Ultimate Protection 6-in-1 Antiperspirant, 3.8 oz, 5-pack",https://www.costco.com/.product.1516973.html,,,0,0,https://www.costco.com/grocery-household.html,9/27/2026 0:00
1738-item-1397147,1738,1397147,1397147,"Kirkland Signature Bar Soap with Shea Butter, 15 Bars",https://www.costco.com/.product.1397147.html,,,0,0,https://www.costco.com/grocery-household.html,9/27/2026 0:00
1738-item-633564,1738,633564,633564,"Kirkland Signature, Organic Tomato Paste, 6 oz, 12-Count",https://www.costco.com/.product.633564.html,,,0,0,https://www.costco.com/grocery-household.html,9/27/2026 0:00
1738-item-188140,1738,188140,188140,"Frito Lay Classic Mix, Variety Pack, 30-count",https://www.costco.com/.product.188140.html,,,0,0,https://www.costco.com/grocery-household.html,9/27/2026 0:00
1738-item-2308572,1738,2308572,2308572,"Mrs Meyers Multi-Surface Variety, 24 fl oz, 3-count",https://www.costco.com/.product.2308572.html,,,0,0,https://www.costco.com/grocery-household.html,9/27/2026 0:00
1738-item-179571,1738,179571,179571,"Coca-Cola de Mexico Soda Soft Drink Glass Bottles, 335 mL, 24-count",https://www.costco.com/.product.179571.html,,,0,0,https://www.costco.com/grocery-household.html,9/27/2026 0:00
1738-item-1143330,1738,1143330,1143330,"Ocean Spray, Craisins Whole Dried Cranberries, 64 oz",https://www.costco.com/.product.1143330.html,,,0,0,https://www.costco.com/grocery-household.html,9/27/2026 0:00
1738-item-1263833,1738,1263833,1263833,"Dietz & Watson Organic Roasted Turkey Breast, 9 oz, 3-count",https://www.costco.com/.product.1263833.html,,,0,0,https://www.costco.com/grocery-household.html,9/27/2026 0:00
1738-item-1851141,1738,1851141,1851141,"BUILT Puff Protein Bar, Variety Pack, 1.41 oz, 14-count",https://www.costco.com/.product.1851141.html,,,0,0,https://www.costco.com/grocery-household.html,9/27/2026 0:00
1738-item-1116038,1738,1116038,1116038,"Kirkland Signature Shredded Mozzarella Cheese, 2.5 lbs, 2-count",https://www.costco.com/.product.1116038.html,,,0,0,https://www.costco.com/grocery-household.html,9/27/2026 0:00
1738-item-31801,1738,31801,31801,"Morey's Seasoned Wild Alaskan Salmon, 6-Count",https://www.costco.com/.product.31801.html,,,0,0,https://www.costco.com/grocery-household.html,9/27/2026 0:00
1738-item-1032422,1738,1032422,1032422,"Palmolive Ultra Strength Liquid Dish Soap, 102 fl oz",https://www.costco.com/.product.1032422.html,,,0,0,https://www.costco.com/grocery-household.html,9/27/2026 0:00
1738-item-1913302,1738,1913302,1913302,"Olipop Soda, Variety Pack, 12 fl oz, 15-count",https://www.costco.com/.product.1913302.html,,,0,0,https://www.costco.com/grocery-household.html,9/27/2026 0:00
1738-item-52296,1738,52296,52296,"Kirkland Signature Chicken and Rice Cat Food, 25 lbs",https://www.costco.com/.product.52296.html,,,0,0,https://www.costco.com/grocery-household.html,9/27/2026 0:00
1738-item-464292,1738,464292,464292,"Ajinomoto Yakisoba with Vegetables, 9 oz, 6-count",https://www.costco.com/.product.464292.html,,,0,0,https://www.costco.com/grocery-household.html,9/27/2026 0:00
1738-item-118652,1738,118652,118652,"Carnation, Evaporated Milk, 12 fl oz, 12-Count",https://www.costco.com/.product.118652.html,,,0,0,https://www.costco.com/grocery-household.html,9/27/2026 0:00
1738-item-4860002,1738,4860002,4860002,"Kirkland Signature Uncured Black Forest Ham, 28 oz",https://www.costco.com/.product.4860002.html,,,0,0,https://www.costco.com/grocery-household.html,9/27/2026 0:00
1738-item-1147377,1738,1147377,1147377,"Kirkland Signature Organic Blue Agave, 36 oz, 2-count",https://www.costco.com/.product.1147377.html,,,0,0,https://www.costco.com/grocery-household.html,9/27/2026 0:00
1738-item-2009964,1738,2009964,2009964,"Gatorade Lower Sugar Variety Pack, 12 fl oz, 24-count",https://www.costco.com/.product.2009964.html,,,0,0,https://www.costco.com/grocery-household.html,9/27/2026 0:00
1738-item-404609,1738,404609,404609,"Eco-Foil Half Size Deep Steam Table Pan, 30-count",https://www.costco.com/.product.404609.html,,,0,0,https://www.costco.com/grocery-household.html,9/27/2026 0:00
1738-item-2045021,1738,2045021,2045021,"Kirkland Signature Ultra Soft Fabric Softener, 257 Loads, 150 fl oz",https://www.costco.com/.product.2045021.html,,,0,0,https://www.costco.com/grocery-household.html,9/27/2026 0:00
1738-item-1006856,1738,1006856,1006856,"Mama Mancini's Jumbo Beef Meatballs, 48 oz",https://www.costco.com/.product.1006856.html,,,0,0,https://www.costco.com/grocery-household.html,9/27/2026 0:00
1738-item-1675745,1738,1675745,1675745,"Nonni’s Biscotti, Almond Dark Chocolate, 1.34 oz, 25-count",https://www.costco.com/.product.1675745.html,,,0,0,https://www.costco.com/grocery-household.html,9/27/2026 0:00
1738-item-1462714,1738,1462714,1462714,"Kirkland Signature Organic A2 Whole Milk, Half Gallon, 3-count",https://www.costco.com/.product.1462714.html,,,0,0,https://www.costco.com/grocery-household.html,9/27/2026 0:00
1738-item-864917,1738,864917,864917,"Wonderful In-Shell Pistachios, Salt & Pepper, 3 lbs",https://www.costco.com/.product.864917.html,,,0,0,https://www.costco.com/grocery-household.html,9/27/2026 0:00
1738-item-859695,1738,859695,859695,"Kirkland Signature Creamy Almond Butter, 27 oz",https://www.costco.com/.product.859695.html,,,0,0,https://www.costco.com/grocery-household.html,9/27/2026 0:00
1738-item-4165671,1738,4165671,4165671,"Kleenex Soothing Lotion Facial Tissue, 3-Ply, 85-count, 12-pack",https://www.costco.com/.product.4165671.html,,,0,0,https://www.costco.com/grocery-household.html,9/27/2026 0:00
1738-item-47825,1738,47825,47825,"Green Seedless Grapes, 3 lbs",https://www.costco.com/.product.47825.html,,,0,0,https://www.costco.com/grocery-household.html,9/27/2026 0:00
1738-item-541334,1738,541334,541334,"Nestlé Coffee-mate Powdered Creamer, Original, 56 oz",https://www.costco.com/.product.541334.html,,,0,0,https://www.costco.com/grocery-household.html,9/27/2026 0:00
1738-item-1743030,1738,1743030,1743030,"Kirkland Signature Organic Whole Milk, 8 fl oz, 18-count",https://www.costco.com/.product.1743030.html,,,0,0,https://www.costco.com/grocery-household.html,9/27/2026 0:00
1738-item-2044023,1738,2044023,2044023,"Ghost Energy Drink, Variety Pack, 16 fl oz, 18-count",https://www.costco.com/.product.2044023.html,,,0,0,https://www.costco.com/grocery-household.html,9/27/2026 0:00
1738-item-1624490,1738,1624490,1624490,"Giovanni Rana Beef and Short Rib Lasagna, 42 oz",https://www.costco.com/.product.1624490.html,,,0,0,https://www.costco.com/grocery-household.html,9/27/2026 0:00
1738-item-2222019,1738,2222019,2222019,"Kirkland Signature Organic Ancient Grain Granola, 35.3 oz",https://www.costco.com/.product.2222019.html,,,0,0,https://www.costco.com/grocery-household.html,9/27/2026 0:00
1738-item-1032932,1738,1032932,1032932,"Kirkland Signature Organic Raw Honey, 24 oz, 3-count",https://www.costco.com/.product.1032932.html,,,0,0,https://www.costco.com/grocery-household.html,9/27/2026 0:00
1738-item-1793017,1738,1793017,1793017,"Jongga Sliced Napa Cabbage Kimchi, 52.9 oz",https://www.costco.com/.product.1793017.html,,,0,0,https://www.costco.com/grocery-household.html,9/27/2026 0:00
1738-item-1394792,1738,1394792,1394792,"Kinder Bueno Bars, 1.5 oz, 20-count",https://www.costco.com/.product.1394792.html,,,0,0,https://www.costco.com/grocery-household.html,9/27/2026 0:00
1738-item-2041830,1738,2041830,2041830,"Chomps Chomplings Original Turkey Mini Sticks, 0.5 oz, 24-count",https://www.costco.com/.product.2041830.html,,,0,0,https://www.costco.com/grocery-household.html,9/27/2026 0:00
1738-item-1006641,1738,1006641,1006641,"Sandwich Bros Chicken Melts Pita Snack Sandwiches, 2.5 oz, 15-count",https://www.costco.com/.product.1006641.html,,,0,0,https://www.costco.com/grocery-household.html,9/27/2026 0:00
1738-item-2052182,1738,2052182,2052182,"Liquid Death Soda-Flavored Sparkling Water, Variety Pack, 24-count",https://www.costco.com/.product.2052182.html,,,0,0,https://www.costco.com/grocery-household.html,9/27/2026 0:00
1738-item-262838,1738,262838,262838,"Cholula, Hot Sauce Original, 12 fl oz, 2-Count",https://www.costco.com/.product.262838.html,,,0,0,https://www.costco.com/grocery-household.html,9/27/2026 0:00
1738-item-521658,1738,521658,521658,"Ferrero Rocher, Milk Chocolate Hazelnut Candy, 21.2 oz, 48 Count",https://www.costco.com/.product.521658.html,,,0,0,https://www.costco.com/grocery-household.html,9/27/2026 0:00
1738-item-519964,1738,519964,519964,"Chinet Crystal 10 oz Plastic Cup, Clear, 150-count",https://www.costco.com/.product.519964.html,,,0,0,https://www.costco.com/grocery-household.html,9/27/2026 0:00
1738-item-1615853,1738,1615853,1615853,"Boulder Organic Chicken Wild Rice Soup, 24 oz, 2-count",https://www.costco.com/.product.1615853.html,,,0,0,https://www.costco.com/grocery-household.html,9/27/2026 0:00
1738-item-854330,1738,854330,854330,"Coca-Cola Classic, 12 fl oz, 35-count",https://www.costco.com/.product.854330.html,,,0,0,https://www.costco.com/grocery-household.html,9/27/2026 0:00
1738-item-32711,1738,32711,32711,"Chinet Classic Dinner 10-3/8"" Paper Plate, 165-count",https://www.costco.com/.product.32711.html,,,0,0,https://www.costco.com/grocery-household.html,9/27/2026 0:00
1738-item-2049779,1738,2049779,2049779,"Nature's Path Organic Pumpkin Seed Flax Granola, 35.3 oz",https://www.costco.com/.product.2049779.html,,,0,0,https://www.costco.com/grocery-household.html,9/27/2026 0:00
1738-item-1975676,1738,1975676,1975676,"Dove Sensitive Body Wash, 23 fl oz, 3-pack",https://www.costco.com/.product.1975676.html,,,0,0,https://www.costco.com/grocery-household.html,9/27/2026 0:00
1738-item-1365562,1738,1365562,1365562,"Fresh Additions Fully Cooked Chicken Breast Bites, 3.2 oz, 10-count",https://www.costco.com/.product.1365562.html,,,0,0,https://www.costco.com/grocery-household.html,9/27/2026 0:00
1738-item-1845080,1738,1845080,1845080,"Kirkland Signature Sport Drink, Variety Pack, 12 fl oz, 24-count",https://www.costco.com/.product.1845080.html,,,0,0,https://www.costco.com/grocery-household.html,9/27/2026 0:00
1738-item-624842,1738,624842,624842,"Sabatasso's Pizza Singles, Variety Pack, 12-count",https://www.costco.com/.product.624842.html,,,0,0,https://www.costco.com/grocery-household.html,9/27/2026 0:00
1738-item-1761722,1738,1761722,1761722,"RXBAR Protein Bars, Variety Pack, 14-count",https://www.costco.com/.product.1761722.html,,,0,0,https://www.costco.com/grocery-household.html,9/27/2026 0:00
1738-item-1186080,1738,1186080,1186080,"Dixie To Go 12 oz Insulated Cup & Lid, 100-count",https://www.costco.com/.product.1186080.html,,,0,0,https://www.costco.com/grocery-household.html,9/27/2026 0:00
1738-item-1910048,1738,1910048,1910048,"SnakYard Organic Shitake Mushrooms, 14.11 oz",https://www.costco.com/.product.1910048.html,,,0,0,https://www.costco.com/grocery-household.html,9/27/2026 0:00
1738-item-6992988,1738,6992988,6992988,"Starbucks Coffee and Espresso Capsules for Nespresso Vertuo Machines 60-count Variety Pack, 100% Arabica Coffee",https://www.costco.com/.product.6992988.html,,,0,0,https://www.costco.com/grocery-household.html,9/27/2026 0:00
1738-item-2021527,1738,2021527,2021527,"Skinny Dipped Dark Chocolate Coconut Almond Bites, 30-count",https://www.costco.com/.product.2021527.html,,,0,0,https://www.costco.com/grocery-household.html,9/27/2026 0:00
1738-item-437484,1738,437484,437484,"Lavazza Caffé Espresso 100% Premium Arabica Coffee, Whole Bean, 2.2 lbs",https://www.costco.com/.product.437484.html,,,0,0,https://www.costco.com/grocery-household.html,9/27/2026 0:00
1738-item-1938239,1738,1938239,1938239,"Kevin's Natural Foods Hawaiian Style Chicken, 32 oz",https://www.costco.com/.product.1938239.html,,,0,0,https://www.costco.com/grocery-household.html,9/27/2026 0:00
1738-item-1424057,1738,1424057,1424057,"Hidden Valley Ranch Homestyle Seasoning, Dip and Salad Dressing Mix, 20 oz",https://www.costco.com/.product.1424057.html,,,0,0,https://www.costco.com/grocery-household.html,9/27/2026 0:00
1738-item-951243,1738,951243,951243,"Mott's, Organic Apple Sauce, 3.9 oz, 36-Count",https://www.costco.com/.product.951243.html,,,0,0,https://www.costco.com/grocery-household.html,9/27/2026 0:00
1738-item-1952509,1738,1952509,1952509,"Kirkland Signature Straight Bourbon Whiskey, Kentucky, 1.75 L",https://www.costco.com/.product.1952509.html,,,0,0,https://www.costco.com/grocery-household.html,9/27/2026 0:00
1738-item-1755444,1738,1755444,1755444,"Kirkland Signature 50-Gallon Outdoor Trash Bag, 70-count",https://www.costco.com/.product.1755444.html,,,0,0,https://www.costco.com/grocery-household.html,9/27/2026 0:00
1738-item-164950,1738,164950,164950,"Kirkland Signature, Whole Black Peppercorn, 14.1 oz",https://www.costco.com/.product.164950.html,,,0,0,https://www.costco.com/grocery-household.html,9/27/2026 0:00
1738-item-30669,1738,30669,30669,"Bananas, 3 lbs",https://www.costco.com/.product.30669.html,,,0,0,https://www.costco.com/grocery-household.html,9/27/2026 0:00
1738-item-9675389,1738,9675389,9675389,"Tide Plus Ultra Oxi Powder Laundry Detergent, Original, 143 Loads, 225 oz",https://www.costco.com/.product.9675389.html,,,0,0,https://www.costco.com/grocery-household.html,9/27/2026 0:00
1738-item-1830083,1738,1830083,1830083,"Kirkland Signature Egg White with Cheese Trio and Peppers Egg Bites, 10-count",https://www.costco.com/.product.1830083.html,,,0,0,https://www.costco.com/grocery-household.html,9/27/2026 0:00
1738-item-1509965,1738,1509965,1509965,"Scott Shop Towels, Original Multi-Purpose, Blue, 10-count",https://www.costco.com/.product.1509965.html,,,0,0,https://www.costco.com/grocery-household.html,9/27/2026 0:00
1738-item-1746847,1738,1746847,1746847,"Extra Sugar Free Chewing Gum, Mint Variety Pack, 15 Sticks, 18-Count",https://www.costco.com/.product.1746847.html,,,0,0,https://www.costco.com/grocery-household.html,9/27/2026 0:00
1738-item-1904630,1738,1904630,1904630,"Pure Protein Bars, Variety Pack, 1.76 oz, 25-count",https://www.costco.com/.product.1904630.html,,,0,0,https://www.costco.com/grocery-household.html,9/27/2026 0:00
1738-item-1082839,1738,1082839,1082839,"FITCRUNCH Protein Bars, 16g Protein, Chocolate Peanut Butter, 1.62 oz, 18-count",https://www.costco.com/.product.1082839.html,,,0,0,https://www.costco.com/grocery-household.html,9/27/2026 0:00
1738-item-1002373,1738,1002373,1002373,"Kirkland Signature, Organic Almond Beverage, Vanilla, 32 fl oz, 6-Count",https://www.costco.com/.product.1002373.html,,,0,0,https://www.costco.com/grocery-household.html,9/27/2026 0:00
1738-item-1343253,1738,1343253,1343253,"Kirkland Signature Elegant Plastic Plates, Variety Pack, White, 50-count",https://www.costco.com/.product.1343253.html,,,0,0,https://www.costco.com/grocery-household.html,9/27/2026 0:00
1738-item-1695130,1738,1695130,1695130,"Cetaphil Moisturizing Lotion, Dry to Normal Sensitive Skin, 20 fl oz, 2-count",https://www.costco.com/.product.1695130.html,,,0,0,https://www.costco.com/grocery-household.html,9/27/2026 0:00
1738-item-414,1738,414,414,"Hellmann's, Real Mayonnaise, 64 oz",https://www.costco.com/.product.414.html,,,0,0,https://www.costco.com/grocery-household.html,9/27/2026 0:00
1738-item-1736931,1738,1736931,1736931,"Kirkland Signature Lightly Breaded Chicken Breast Chunks, 4 lbs",https://www.costco.com/.product.1736931.html,,,0,0,https://www.costco.com/grocery-household.html,9/27/2026 0:00
1738-item-1788968,1738,1788968,1788968,"IQBAR Clean Protein Bars, Variety Pack, 1.6 oz, 18-count",https://www.costco.com/.product.1788968.html,,,0,0,https://www.costco.com/grocery-household.html,9/27/2026 0:00
1738-item-219854,1738,219854,219854,"La Dolce Vita Classic Italian Biscotti, 40 oz",https://www.costco.com/.product.219854.html,,,0,0,https://www.costco.com/grocery-household.html,9/27/2026 0:00
1738-item-1338984,1738,1338984,1338984,"Foster Farms Take Out Crispy Chicken Wings, Classic Buffalo, 4 lbs",https://www.costco.com/.product.1338984.html,,,0,0,https://www.costco.com/grocery-household.html,9/27/2026 0:00
1738-item-327081,1738,327081,327081,"Don Miguel Chipotle Chicken Mini Tacos, 35 oz",https://www.costco.com/.product.327081.html,,,0,0,https://www.costco.com/grocery-household.html,9/27/2026 0:00
1738-item-4165758,1738,4165758,4165758,"Kirkland Signature Colombian Cold Brew Coffee, 11 fl oz, 12-count",https://www.costco.com/.product.4165758.html,,,0,0,https://www.costco.com/grocery-household.html,9/27/2026 0:00
1738-item-1692255,1738,1692255,1692255,"RICO Baby Wipes, 720-count",https://www.costco.com/.product.1692255.html,,,0,0,https://www.costco.com/grocery-household.html,9/27/2026 0:00
1738-item-447180,1738,447180,447180,"Kirkland Signature Beef Hot Dogs, 12 Links, 1.5 lbs, 3-count",https://www.costco.com/.product.447180.html,,,0,0,https://www.costco.com/grocery-household.html,9/27/2026 0:00
1738-item-4054220,1738,4054220,4054220,"Kirkland Signature Coffee Organic French Roast K-Cup Pod, 120-count",https://www.costco.com/.product.4054220.html,,,0,0,https://www.costco.com/grocery-household.html,9/27/2026 0:00
1738-item-744361,1738,744361,744361,"Genova, Yellowfin Tuna, 7 oz, 6-Count",https://www.costco.com/.product.744361.html,,,0,0,https://www.costco.com/grocery-household.html,9/27/2026 0:00
1738-item-165041,1738,165041,165041,"Kirkland Signature Organic No-Salt Seasoning, 14.5 oz",https://www.costco.com/.product.165041.html,,,0,0,https://www.costco.com/grocery-household.html,9/27/2026 0:00
1738-item-2049492,1738,2049492,2049492,"All Free & Clear Plus+ Laundry Detergent Mighty Pacs, 118-count",https://www.costco.com/.product.2049492.html,,,0,0,https://www.costco.com/grocery-household.html,9/27/2026 0:00
1738-item-9999699,1738,9999699,9999699,"Kirkland Signature Extra Crispy French Fries, 5 lbs",https://www.costco.com/.product.9999699.html,,,0,0,https://www.costco.com/grocery-household.html,9/27/2026 0:00
1738-item-553499,1738,553499,553499,"Kirkland Signature, Sunsweet Whole Dried Plums, 3.5 lbs",https://www.costco.com/.product.553499.html,,,0,0,https://www.costco.com/grocery-household.html,9/27/2026 0:00
1738-item-2062082,1738,2062082,2062082,"Pulmuone Teriyaki Stir-fry Udon, 30.9 oz",https://www.costco.com/.product.2062082.html,,,0,0,https://www.costco.com/grocery-household.html,9/27/2026 0:00
1738-item-71003,1738,71003,71003,"Kirkland Signature, Extra Virgin Italian Olive Oil, 2 L",https://www.costco.com/.product.71003.html,,,0,0,https://www.costco.com/grocery-household.html,9/27/2026 0:00
1738-item-2081894,1738,2081894,2081894,"Crown Bakeries Mini Muffin Bites, Birthday Cake, 1.65 oz, 20-count",https://www.costco.com/.product.2081894.html,,,0,0,https://www.costco.com/grocery-household.html,9/27/2026 0:00
1738-item-1424237,1738,1424237,1424237,"Kirkland Signature Grass-Fed Butter, 8 oz, 4-count",https://www.costco.com/.product.1424237.html,,,0,0,https://www.costco.com/grocery-household.html,9/27/2026 0:00
1738-item-1242231,1738,1242231,1242231,"Swiss Miss, Hot Cocoa Mix, 1.38 oz, 50-Count",https://www.costco.com/.product.1242231.html,,,0,0,https://www.costco.com/grocery-household.html,9/27/2026 0:00
1738-item-522107,1738,522107,522107,"General Mills, Cheerios Cereal, 20.35 oz, 2-count",https://www.costco.com/.product.522107.html,,,0,0,https://www.costco.com/grocery-household.html,9/27/2026 0:00
1738-item-522779,1738,522779,522779,"Kirkland Signature, Crushed Red Pepper, 10 oz",https://www.costco.com/.product.522779.html,,,0,0,https://www.costco.com/grocery-household.html,9/27/2026 0:00
1738-item-1820893,1738,1820893,1820893,"Kirkland Signature A2 Chocolate Milk, 8 fl oz, 24-count",https://www.costco.com/.product.1820893.html,,,0,0,https://www.costco.com/grocery-household.html,9/27/2026 0:00
1738-item-1005641,1738,1005641,1005641,"Chobani Greek Yogurt Variety Pack, 5.3 oz, 20-count",https://www.costco.com/.product.1005641.html,,,0,0,https://www.costco.com/grocery-household.html,9/27/2026 0:00
1738-item-1484855,1738,1484855,1484855,"Cello Variety Pack, Cracker Cut, Premium Sliced Cheeses, 2 lbs",https://www.costco.com/.product.1484855.html,,,0,0,https://www.costco.com/grocery-household.html,9/27/2026 0:00
1738-item-1977124,1738,1977124,1977124,"Bai Antioxidant Beverage, Fruit Variety Pack, 18 fl oz, 15-count",https://www.costco.com/.product.1977124.html,,,0,0,https://www.costco.com/grocery-household.html,9/27/2026 0:00
1738-item-6101960,1738,6101960,6101960,"Kirkland Signature Organic Spinach & Cheese Ravioli, 22 oz, 2-count",https://www.costco.com/.product.6101960.html,,,0,0,https://www.costco.com/grocery-household.html,9/27/2026 0:00
1738-item-1304236,1738,1304236,1304236,"Kirkland Signature Grass-Fed Beef Patties, 1/3 lb Patty, 15-count",https://www.costco.com/.product.1304236.html,,,0,0,https://www.costco.com/grocery-household.html,9/27/2026 0:00
1738-item-1981743,1738,1981743,1981743,"Kirkland Signature Five Cheese Tortelloni, 24 oz, 2-count",https://www.costco.com/.product.1981743.html,,,0,0,https://www.costco.com/grocery-household.html,9/27/2026 0:00
1738-item-951691,1738,951691,951691,"Sukhi's Indian Chicken Tikka Masala Prepared Meal, 18 oz, 2-count",https://www.costco.com/.product.951691.html,,,0,0,https://www.costco.com/grocery-household.html,9/27/2026 0:00
1738-item-18668,1738,18668,18668,"El Monterey Mexican Grill Taquitos, Chicken & Cheese, 30-count",https://www.costco.com/.product.18668.html,,,0,0,https://www.costco.com/grocery-household.html,9/27/2026 0:00
1738-item-1645630,1738,1645630,1645630,"PuraVida Fire Roasted Primavera Mistura, 64 oz",https://www.costco.com/.product.1645630.html,,,0,0,https://www.costco.com/grocery-household.html,9/27/2026 0:00
1738-item-1239452,1738,1239452,1239452,"Busseto California Snackin' Bite Size Salami & Provolone Cheese, 8-count",https://www.costco.com/.product.1239452.html,,,0,0,https://www.costco.com/grocery-household.html,9/27/2026 0:00
1738-item-937348,1738,937348,937348,"Sugar Bowl Bakery, Petite Palmiers, 32 oz",https://www.costco.com/.product.937348.html,,,0,0,https://www.costco.com/grocery-household.html,9/27/2026 0:00
1738-item-8370,1738,8370,8370,"Taylor Farms Organic Mediterranean Bagged Chopped Salad Kit, 12 oz, 2-count",https://www.costco.com/.product.8370.html,,,0,0,https://www.costco.com/grocery-household.html,9/27/2026 0:00
1738-item-1956465,1738,1956465,1956465,"Kize Life Changing Bars, Variety Pack, 12-count",https://www.costco.com/.product.1956465.html,,,0,0,https://www.costco.com/grocery-household.html,9/27/2026 0:00
1738-item-749182,1738,749182,749182,"Ajinomoto Yakitori Chicken Fried Rice, 9 oz, 6-count",https://www.costco.com/.product.749182.html,,,0,0,https://www.costco.com/grocery-household.html,9/27/2026 0:00
1738-item-1726089,1738,1726089,1726089,"Kirkland Signature House Blend Whole Bean Coffee, Medium Roast, 2.5 lbs",https://www.costco.com/.product.1726089.html,,,0,0,https://www.costco.com/grocery-household.html,9/27/2026 0:00
1738-item-1195303,1738,1195303,1195303,"Kirkland Signature Dry Roasted Macadamia Nuts, 1.5 lbs",https://www.costco.com/.product.1195303.html,,,0,0,https://www.costco.com/grocery-household.html,9/27/2026 0:00
1738-item-1217608,1738,1217608,1217608,"Kirkland Signature Organic Broccoli Florets, 1 lb, 4-count",https://www.costco.com/.product.1217608.html,,,0,0,https://www.costco.com/grocery-household.html,9/27/2026 0:00
1738-item-26757,1738,26757,26757,"Kirkland Signature 12"" Plastic Food Wrap, 750 ft, 2 count",https://www.costco.com/.product.26757.html,,,0,0,https://www.costco.com/grocery-household.html,9/27/2026 0:00
1738-item-1777022,1738,1777022,1777022,"Pulmuone Teriyaki Stir-Fry Udon, 29.4 oz",https://www.costco.com/.product.1777022.html,,,0,0,https://www.costco.com/grocery-household.html,9/27/2026 0:00
1738-item-2068507,1738,2068507,2068507,"ONE Protein Bar, Variety Pack, 2.12 oz, 16-count",https://www.costco.com/.product.2068507.html,,,0,0,https://www.costco.com/grocery-household.html,9/27/2026 0:00
1738-item-415022,1738,415022,415022,"Scotch Heavy Duty Shipping Tape, 8-pack",https://www.costco.com/.product.415022.html,,,0,0,https://www.costco.com/grocery-household.html,9/27/2026 0:00
1738-item-1925804,1738,1925804,1925804,"Kirkland Signature Artisan Crust Pepperoni Pizza, 21.52 oz, 4-count",https://www.costco.com/.product.1925804.html,,,0,0,https://www.costco.com/grocery-household.html,9/27/2026 0:00
1738-item-1272413,1738,1272413,1272413,"Kirkland Signature, Organic Non-Dairy Oat Beverage, 32 oz, 6-count",https://www.costco.com/.product.1272413.html,,,0,0,https://www.costco.com/grocery-household.html,9/27/2026 0:00
1738-item-1746909,1738,1746909,1746909,"Samyang Buldak Ramen Carbonara, Spicy Chicken, 3.7 oz, 6-count",https://www.costco.com/.product.1746909.html,,,0,0,https://www.costco.com/grocery-household.html,9/27/2026 0:00
1738-item-1045706,1738,1045706,1045706,"Kirkland Signature, Organic Virgin Coconut Oil, 84 fl oz",https://www.costco.com/.product.1045706.html,,,0,0,https://www.costco.com/grocery-household.html,9/27/2026 0:00
1738-item-1327763,1738,1327763,1327763,"Amylu Organic Chicken Burger with Caramelized Onion and Aged White Cheddar, 8-count",https://www.costco.com/.product.1327763.html,,,0,0,https://www.costco.com/grocery-household.html,9/27/2026 0:00
1738-item-1939979,1738,1939979,1939979,"Celsius Sparkling Energy Drink, Vibe Variety Pack, 12 fl oz, 18-count",https://www.costco.com/.product.1939979.html,,,0,0,https://www.costco.com/grocery-household.html,9/27/2026 0:00
1738-item-9820887,1738,9820887,9820887,"Kirkland Signature Cheese Pizza, 18.25 oz, 4-count",https://www.costco.com/.product.9820887.html,,,0,0,https://www.costco.com/grocery-household.html,9/27/2026 0:00
1738-item-1145682,1738,1145682,1145682,"Scotch-Brite Lint Roller, 95-count, 5-pack",https://www.costco.com/.product.1145682.html,,,0,0,https://www.costco.com/grocery-household.html,9/27/2026 0:00
1738-item-1895187,1738,1895187,1895187,"Glad Take-Aways Food Storage Containers with Lids, 38 oz Rectangle, 35-sets",https://www.costco.com/.product.1895187.html,,,0,0,https://www.costco.com/grocery-household.html,9/27/2026 0:00
1738-item-1611040,1738,1611040,1611040,"Kirkland Signature Smoked Pulled Pork, Rubbed with Seasonings, 2 lbs",https://www.costco.com/.product.1611040.html,,,0,0,https://www.costco.com/grocery-household.html,9/27/2026 0:00
1738-item-1782177,1738,1782177,1782177,"Kirkland Signature Lightly Breaded Chicken Breast Fillet, 3 lbs",https://www.costco.com/.product.1782177.html,,,0,0,https://www.costco.com/grocery-household.html,9/27/2026 0:00
1738-item-2751,1738,2751,2751,"Red Star, Active Dry Yeast, 32 oz",https://www.costco.com/.product.2751.html,,,0,0,https://www.costco.com/grocery-household.html,9/27/2026 0:00
1738-item-21272,1738,21272,21272,"Smucker's Uncrustables, Peanut Butter & Grape Jelly Sandwich, 18-count",https://www.costco.com/.product.21272.html,,,0,0,https://www.costco.com/grocery-household.html,9/27/2026 0:00
1738-item-1368591,1738,1368591,1368591,"Always Ultra Thin Advanced Overnight Pads, 76-count",https://www.costco.com/.product.1368591.html,,,0,0,https://www.costco.com/grocery-household.html,9/27/2026 0:00
1738-item-221177,1738,221177,221177,"Kirkland Signature Wild Alaskan Sockeye Salmon, 5 oz - 7 oz Portion, 3 lbs",https://www.costco.com/.product.221177.html,,,0,0,https://www.costco.com/grocery-household.html,9/27/2026 0:00
1738-item-38175,1738,38175,38175,"Cara Cara Oranges, 5 lbs",https://www.costco.com/.product.38175.html,,,0,0,https://www.costco.com/grocery-household.html,9/27/2026 0:00
1738-item-1048072,1738,1048072,1048072,"Kirkland Signature Organic Greek Yogurt, 48 oz",https://www.costco.com/.product.1048072.html,,,0,0,https://www.costco.com/grocery-household.html,9/27/2026 0:00
1738-item-1189000,1738,1189000,1189000,"Kirkland Signature Fresh Mozzarella, 18 oz, 2-count",https://www.costco.com/.product.1189000.html,,,0,0,https://www.costco.com/grocery-household.html,9/27/2026 0:00
1738-item-88744,1738,88744,88744,"Kirkland Signature Meatballs, 6 lbs",https://www.costco.com/.product.88744.html,,,0,0,https://www.costco.com/grocery-household.html,9/27/2026 0:00
1738-item-1644605,1738,1644605,1644605,"Lindt Lindor Chocolate Truffles, Assorted Flavors, 21.2 oz",https://www.costco.com/.product.1644605.html,,,0,0,https://www.costco.com/grocery-household.html,9/27/2026 0:00
1738-item-1271446,1738,1271446,1271446,"Oikos Triple Zero Greek Nonfat Yogurt, Variety Pack, 5.3 oz, 18-count",https://www.costco.com/.product.1271446.html,,,0,0,https://www.costco.com/grocery-household.html,9/27/2026 0:00
1738-item-1920008,1738,1920008,1920008,"Chobani Protein Lowfat Greek Yogurt, 6.7 oz, 16-count",https://www.costco.com/.product.1920008.html,,,0,0,https://www.costco.com/grocery-household.html,9/27/2026 0:00
1738-item-264266,1738,264266,264266,"Starbucks Mocha Frappuccino Chilled Coffee, 9.5 fl oz, 15-count",https://www.costco.com/.product.264266.html,,,0,0,https://www.costco.com/grocery-household.html,9/27/2026 0:00
1738-item-1824668,1738,1824668,1824668,"Simply Protein Crispy Bar Variety Pack, 15-count",https://www.costco.com/.product.1824668.html,,,0,0,https://www.costco.com/grocery-household.html,9/27/2026 0:00
1738-item-1719185,1738,1719185,1719185,"Babybel Mini Snack Cheese, Original, 0.71 oz, 36-count",https://www.costco.com/.product.1719185.html,,,0,0,https://www.costco.com/grocery-household.html,9/27/2026 0:00
1738-item-1169418,1738,1169418,1169418,"Kirkland Signature Cabernet Sauvignon, 3 L",https://www.costco.com/.product.1169418.html,,,0,0,https://www.costco.com/grocery-household.html,9/27/2026 0:00
1738-item-1321637,1738,1321637,1321637,"Kirkland Signature Italian Sausage and Beef Lasagna, 3 lbs, 2-count",https://www.costco.com/.product.1321637.html,,,0,0,https://www.costco.com/grocery-household.html,9/27/2026 0:00
1738-item-790652,1738,790652,790652,"SO Delicious, Organic Coconut Milk, 32 oz, 6-Count",https://www.costco.com/.product.790652.html,,,0,0,https://www.costco.com/grocery-household.html,9/27/2026 0:00
1738-item-904984,1738,904984,904984,"Kirkland Signature Organic Strawberries, 4 lbs",https://www.costco.com/.product.904984.html,,,0,0,https://www.costco.com/grocery-household.html,9/27/2026 0:00
1738-item-1178969,1738,1178969,1178969,"Kirkland Signature, Almond Flour, 3 lbs",https://www.costco.com/.product.1178969.html,,,0,0,https://www.costco.com/grocery-household.html,9/27/2026 0:00
1738-item-1644309,1738,1644309,1644309,"Kirkland Signature Wild Smoked Sockeye Salmon, 8 oz, 2-count",https://www.costco.com/.product.1644309.html,,,0,0,https://www.costco.com/grocery-household.html,9/27/2026 0:00
1738-item-1032767,1738,1032767,1032767,"Mott's Organic 100% Apple Juice, 1 Gal, 2-count",https://www.costco.com/.product.1032767.html,,,0,0,https://www.costco.com/grocery-household.html,9/27/2026 0:00
1738-item-1978580,1738,1978580,1978580,"Kirkland Signature Tonkotsu Pork Ramen Broth, 32 fl oz, 4-count",https://www.costco.com/.product.1978580.html,,,0,0,https://www.costco.com/grocery-household.html,9/27/2026 0:00
1738-item-1242342,1738,1242342,1242342,"Kirkland Signature, Almond Milk, 1 qt, 12-count",https://www.costco.com/.product.1242342.html,,,0,0,https://www.costco.com/grocery-household.html,9/27/2026 0:00
1738-item-433677,1738,433677,433677,"McCormick, Grill Mates, Montreal Steak Seasoning, 29 oz",https://www.costco.com/.product.433677.html,,,0,0,https://www.costco.com/grocery-household.html,9/27/2026 0:00
1738-item-1015237,1738,1015237,1015237,"Kirkland Signature Stir-Fry Vegetable Blend, 5.5 lbs",https://www.costco.com/.product.1015237.html,,,0,0,https://www.costco.com/grocery-household.html,9/27/2026 0:00
1738-item-1462040,1738,1462040,1462040,"Kirkland Signature Wild Argentine Raw Shrimp, 2 lb",https://www.costco.com/.product.1462040.html,,,0,0,https://www.costco.com/grocery-household.html,9/27/2026 0:00
1738-item-1854959,1738,1854959,1854959,"Kirkland Signature Atlantic Blackened Salmon, 6-count",https://www.costco.com/.product.1854959.html,,,0,0,https://www.costco.com/grocery-household.html,9/27/2026 0:00
1738-item-1775302,1738,1775302,1775302,"Kirkland Signature Parmesan Black Pepper & Parmesan Chicken Sausage, 3 lbs",https://www.costco.com/.product.1775302.html,,,0,0,https://www.costco.com/grocery-household.html,9/27/2026 0:00
1738-item-1561556,1738,1561556,1561556,"Amylu Teriyaki Pineapple Chicken Meatballs, 46 oz",https://www.costco.com/.product.1561556.html,,,0,0,https://www.costco.com/grocery-household.html,9/27/2026 0:00
1738-item-401993,1738,401993,401993,"Hershey's Kisses, Milk Chocolate, 56 oz, 330-count",https://www.costco.com/.product.401993.html,,,0,0,https://www.costco.com/grocery-household.html,9/27/2026 0:00
1738-item-1374083,1738,1374083,1374083,"Rao's Homemade Alfredo Sauce, 15 oz, 2-count",https://www.costco.com/.product.1374083.html,,,0,0,https://www.costco.com/grocery-household.html,9/27/2026 0:00
1738-item-815544,1738,815544,815544,"Kirkland Signature Organic Blueberries, 3 lbs",https://www.costco.com/.product.815544.html,,,0,0,https://www.costco.com/grocery-household.html,9/27/2026 0:00
1738-item-570940,1738,570940,570940,"Kirkland Signature Nature's Domain Cat Food, 18 lbs",https://www.costco.com/.product.570940.html,,,0,0,https://www.costco.com/grocery-household.html,9/27/2026 0:00
1738-item-1312297,1738,1312297,1312297,"Jimmy Dean Delights English Muffins, 5.1 oz, 12-count",https://www.costco.com/.product.1312297.html,,,0,0,https://www.costco.com/grocery-household.html,9/27/2026 0:00
1738-item-1847476,1738,1847476,1847476,"Ling Ling Potstickers, Chicken and Vegetable, 4.2 lbs",https://www.costco.com/.product.1847476.html,,,0,0,https://www.costco.com/grocery-household.html,9/27/2026 0:00
1738-item-1294446,1738,1294446,1294446,"Kirkland Signature Chicken Wings, First and Second Sections, 10 lbs",https://www.costco.com/.product.1294446.html,,,0,0,https://www.costco.com/grocery-household.html,9/27/2026 0:00
1738-item-2003097,1738,2003097,2003097,"Quest Protein Bar Variety Pack, 2.12 oz, 16-count",https://www.costco.com/.product.2003097.html,,,0,0,https://www.costco.com/grocery-household.html,9/27/2026 0:00
1738-item-1889510,1738,1889510,1889510,"Kirkland Signature Powder Laundry Detergent, 200 Loads, 348.8 oz",https://www.costco.com/.product.1889510.html,,,0,0,https://www.costco.com/grocery-household.html,9/27/2026 0:00
1738-item-7186561,1738,7186561,7186561,"Kirkland Signature Organic Greek Feta, 28.2 oz",https://www.costco.com/.product.7186561.html,,,0,0,https://www.costco.com/grocery-household.html,9/27/2026 0:00
1738-item-1735359,1738,1735359,1735359,"Kirkland Signature Mild Italian Sausage, 3.5 lbs",https://www.costco.com/.product.1735359.html,,,0,0,https://www.costco.com/grocery-household.html,9/27/2026 0:00
1738-item-1302599,1738,1302599,1302599,"Sabatino's Paleo Organic Basil and Cracked Black Pepper Chicken Sausages, 36 oz",https://www.costco.com/.product.1302599.html,,,0,0,https://www.costco.com/grocery-household.html,9/27/2026 0:00
1738-item-1165284,1738,1165284,1165284,"Kirkland Signature Shredded Mexican Style Blend Cheese, 2.5 lbs, 2-count",https://www.costco.com/.product.1165284.html,,,0,0,https://www.costco.com/grocery-household.html,9/27/2026 0:00
1738-item-1842854,1738,1842854,1842854,"Tampax Pearl Advanced Duopack, 87-count",https://www.costco.com/.product.1842854.html,,,0,0,https://www.costco.com/grocery-household.html,9/27/2026 0:00
1738-item-303285,1738,303285,303285,"Finlandia Premium Cheese Slices, 2 lbs",https://www.costco.com/.product.303285.html,,,0,0,https://www.costco.com/grocery-household.html,9/27/2026 0:00
1738-item-689121,1738,689121,689121,"Phillips Crab Cake Minis, 36-count",https://www.costco.com/.product.689121.html,,,0,0,https://www.costco.com/grocery-household.html,9/27/2026 0:00
1738-item-107699,1738,107699,107699,"CJ Bibigo Steamed Dumplings, Chicken & Vegetable, 36-count",https://www.costco.com/.product.107699.html,,,0,0,https://www.costco.com/grocery-household.html,9/27/2026 0:00
1738-item-587289,1738,587289,587289,"Double Egg Yolk and Lotus Seed Paste Moon Cakes, 24.7 oz, 4-count",https://www.costco.com/.product.587289.html,,,0,0,https://www.costco.com/grocery-household.html,9/27/2026 0:00
1738-item-1617506,1738,1617506,1617506,"Kirkland Signature Organic Whole Cashews, Unsalted, Unroasted, 2.5 lbs",https://www.costco.com/.product.1617506.html,,,0,0,https://www.costco.com/grocery-household.html,9/27/2026 0:00
1738-item-316629,1738,316629,316629,"Welch’s, 100% Grape Juice Blend, Concord Grape, 96 fl oz, 2-Count",https://www.costco.com/.product.316629.html,,,0,0,https://www.costco.com/grocery-household.html,9/27/2026 0:00
1738-item-1578895,1738,1578895,1578895,"Band-Aid Adhesive Bandages, Assorted, 198-count",https://www.costco.com/.product.1578895.html,,,0,0,https://www.costco.com/grocery-household.html,9/27/2026 0:00
1738-item-29755,1738,29755,29755,"Kirkland Signature Boneless Lamb Leg Roast, Australian",https://www.costco.com/.product.29755.html,,,0,0,https://www.costco.com/grocery-household.html,9/27/2026 0:00
1738-item-1528787,1738,1528787,1528787,"Kirkland Signature Whole Bean Coffee, French Roast, 2.5 lbs",https://www.costco.com/.product.1528787.html,,,0,0,https://www.costco.com/grocery-household.html,9/27/2026 0:00
1738-item-1339035,1738,1339035,1339035,"Foster Farms Take Out Crispy Chicken Wings, Sweet Chipotle BBQ, 4 lbs",https://www.costco.com/.product.1339035.html,,,0,0,https://www.costco.com/grocery-household.html,9/27/2026 0:00
1738-item-519638,1738,519638,519638,"Organic Blueberries, 18 oz",https://www.costco.com/.product.519638.html,,,0,0,https://www.costco.com/grocery-household.html,9/27/2026 0:00
1738-item-41181,1738,41181,41181,"Emmi Le Gruyere AOP Cheese, 1 lb",https://www.costco.com/.product.41181.html,,,0,0,https://www.costco.com/grocery-household.html,9/27/2026 0:00
1738-item-8816886,1738,8816886,8816886,"Finish Powerball Ultimate Quantum Dish Detergent Tabs, 90-count",https://www.costco.com/.product.8816886.html,,,0,0,https://www.costco.com/grocery-household.html,9/27/2026 0:00
1738-item-795269,1738,795269,795269,"Carr's Table Water Crackers, Variety Pack, 25.5 oz",https://www.costco.com/.product.795269.html,,,0,0,https://www.costco.com/grocery-household.html,9/27/2026 0:00
1738-item-1200200,1738,1200200,1200200,"Kirkland Signature Garlic Butter Shrimp, 2 lbs",https://www.costco.com/.product.1200200.html,,,0,0,https://www.costco.com/grocery-household.html,9/27/2026 0:00
1738-item-1231893,1738,1231893,1231893,"Greenridge Naturals Beef Snack Sticks, 3 oz, 12-count",https://www.costco.com/.product.1231893.html,,,0,0,https://www.costco.com/grocery-household.html,9/27/2026 0:00
1738-item-56366,1738,56366,56366,"Raspberries, 12 oz",https://www.costco.com/.product.56366.html,,,0,0,https://www.costco.com/grocery-household.html,9/27/2026 0:00
1738-item-325112,1738,325112,325112,"Lipton, Iced Tea Mix, Lemon, 5 lbs",https://www.costco.com/.product.325112.html,,,0,0,https://www.costco.com/grocery-household.html,9/27/2026 0:00
1738-item-1282504,1738,1282504,1282504,"General Mills Morning Summit Cereal, 38 oz",https://www.costco.com/.product.1282504.html,,,0,0,https://www.costco.com/grocery-household.html,9/27/2026 0:00
1738-item-388467,1738,388467,388467,"Boursin Garlic & Fine Herbs + Shallot & Chive, Gourmet Cheese, 5.3 oz, 3-count",https://www.costco.com/.product.388467.html,,,0,0,https://www.costco.com/grocery-household.html,9/27/2026 0:00
1738-item-1124028,1738,1124028,1124028,"Teton Waters Ranch Polish Sausage, 2.25 lbs",https://www.costco.com/.product.1124028.html,,,0,0,https://www.costco.com/grocery-household.html,9/27/2026 0:00
1738-item-1456653,1738,1456653,1456653,"Kellogg's Cracker Collection, Variety Pack, 13-stacks",https://www.costco.com/.product.1456653.html,,,0,0,https://www.costco.com/grocery-household.html,9/27/2026 0:00
1738-item-967892,1738,967892,967892,"BelGioioso Fresh Mozzarella Snacking Cheese, 1 oz, 24-count",https://www.costco.com/.product.967892.html,,,0,0,https://www.costco.com/grocery-household.html,9/27/2026 0:00
1738-item-1143205,1738,1143205,1143205,"Crazy Cuizine Mandarin Orange Chicken, 66 oz",https://www.costco.com/.product.1143205.html,,,0,0,https://www.costco.com/grocery-household.html,9/27/2026 0:00
1738-item-2045189,1738,2045189,2045189,"Monster Energy Drink, Ultra Variety Pack, 12 fl oz, 24-count",https://www.costco.com/.product.2045189.html,,,0,0,https://www.costco.com/grocery-household.html,9/27/2026 0:00
1738-item-46242,1738,46242,46242,"Kirkland Signature Decaffeinated Coffee, Dark Roast, 3 lbs",https://www.costco.com/.product.46242.html,,,0,0,https://www.costco.com/grocery-household.html,9/27/2026 0:00
1738-item-1284156,1738,1284156,1284156,"Veggies Made Great Spinach Egg White Frittatas, 20-count",https://www.costco.com/.product.1284156.html,,,0,0,https://www.costco.com/grocery-household.html,9/27/2026 0:00
1738-item-1953371,1738,1953371,1953371,"Beyond Meat Plant-Based Patties, 4 oz, 10-count",https://www.costco.com/.product.1953371.html,,,0,0,https://www.costco.com/grocery-household.html,9/27/2026 0:00
1738-item-941275,1738,941275,941275,"Kirkland Signature Organic Pine Nuts, 1.5 lbs",https://www.costco.com/.product.941275.html,,,0,0,https://www.costco.com/grocery-household.html,9/27/2026 0:00
1738-item-819413,1738,819413,819413,"Giorgia Organic Mushrooms Sliced, 4 oz, 12-count",https://www.costco.com/.product.819413.html,,,0,0,https://www.costco.com/grocery-household.html,9/27/2026 0:00
1738-item-1305092,1738,1305092,1305092,"Kirkland Signature Ground Beef Patties, 1/3 lb Patty, 18-count",https://www.costco.com/.product.1305092.html,,,0,0,https://www.costco.com/grocery-household.html,9/27/2026 0:00
1738-item-711509,1738,711509,711509,"Red Bull Energy Drink, Sugar Free, 8.4 fl oz, 24-count",https://www.costco.com/.product.711509.html,,,0,0,https://www.costco.com/grocery-household.html,9/27/2026 0:00
1738-item-112266,1738,112266,112266,"Madi Gran Panettone Italian Traditional Oven Baked Cake, 2.2 lbs",https://www.costco.com/.product.112266.html,,,0,0,https://www.costco.com/grocery-household.html,9/27/2026 0:00
1738-item-112218,1738,112218,112218,"Haagen Dazs Vanilla Milk Chocolate Almond Ice Cream Bars, 3 fl oz, 15-count",https://www.costco.com/.product.112218.html,,,0,0,https://www.costco.com/grocery-household.html,9/27/2026 0:00
1738-item-1294443,1738,1294443,1294443,"Kirkland Signature Chicken Tenderloins, Boneless Skinless, 6 lbs",https://www.costco.com/.product.1294443.html,,,0,0,https://www.costco.com/grocery-household.html,9/27/2026 0:00
1738-item-1280819,1738,1280819,1280819,"Kirkland Signature Organic Hummus, 2.5 oz, 20-count",https://www.costco.com/.product.1280819.html,,,0,0,https://www.costco.com/grocery-household.html,9/27/2026 0:00
1738-item-2070826,1738,2070826,2070826,"Nutella Peanut Spread with Cocoa, 26.5 oz, 2-count",https://www.costco.com/.product.2070826.html,,,0,0,https://www.costco.com/grocery-household.html,9/27/2026 0:00
1738-item-1936264,1738,1936264,1936264,"Gatorade Zero Variety Pack, 20 fl oz, 24-count",https://www.costco.com/.product.1936264.html,,,0,0,https://www.costco.com/grocery-household.html,9/27/2026 0:00
1738-item-990551,1738,990551,990551,"Kirkland Signature Imported Basil Pesto, 22 oz",https://www.costco.com/.product.990551.html,,,0,0,https://www.costco.com/grocery-household.html,9/27/2026 0:00
1738-item-2218574,1738,2218574,2218574,"Swiffer Heavy Duty Wet Mopping Cloths, Lavender, 54-count",https://www.costco.com/.product.2218574.html,,,0,0,https://www.costco.com/grocery-household.html,9/27/2026 0:00
1738-item-1207907,1738,1207907,1207907,"Kerrygold Pure Unsalted Irish Butter, 8 oz, 4-count",https://www.costco.com/.product.1207907.html,,,0,0,https://www.costco.com/grocery-household.html,9/27/2026 0:00
1738-item-1312303,1738,1312303,1312303,"Jimmy Dean Croissant Sausage Egg & Cheese, 4.5 oz, 12-count",https://www.costco.com/.product.1312303.html,,,0,0,https://www.costco.com/grocery-household.html,9/27/2026 0:00
1738-item-242668,1738,242668,242668,"Red Bull Energy Drink, 8.4 fl oz, 24 count",https://www.costco.com/.product.242668.html,,,0,0,https://www.costco.com/grocery-household.html,9/27/2026 0:00
1738-item-1847677,1738,1847677,1847677,"Noosa Yoghurt Variety Pack, 4 oz, 12-count",https://www.costco.com/.product.1847677.html,,,0,0,https://www.costco.com/grocery-household.html,9/27/2026 0:00
1738-item-2008132,1738,2008132,2008132,"Always Infinity FlexFoam Pads, 72-count",https://www.costco.com/.product.2008132.html,,,0,0,https://www.costco.com/grocery-household.html,9/27/2026 0:00
1738-item-1538864,1738,1538864,1538864,"Starbucks Caramel Macchiato Creamer, 58 fl oz",https://www.costco.com/.product.1538864.html,,,0,0,https://www.costco.com/grocery-household.html,9/27/2026 0:00
1738-item-7416,1738,7416,7416,"Tyson Panko Breaded Chicken Breast Tenderloins, 5 lbs",https://www.costco.com/.product.7416.html,,,0,0,https://www.costco.com/grocery-household.html,9/27/2026 0:00
1738-item-755383,1738,755383,755383,"Tyson Crispy Chicken Strips, 48 oz",https://www.costco.com/.product.755383.html,,,0,0,https://www.costco.com/grocery-household.html,9/27/2026 0:00
1738-item-2059712,1738,2059712,2059712,"Chobani 20g Protein Lowfat Plain Greek Yogurt, 40 oz",https://www.costco.com/.product.2059712.html,,,0,0,https://www.costco.com/grocery-household.html,9/27/2026 0:00
1738-item-4032,1738,4032,4032,Seedless Watermelon,https://www.costco.com/.product.4032.html,,,0,0,https://www.costco.com/grocery-household.html,9/27/2026 0:00
1738-item-1603075,1738,1603075,1603075,"Perfect Bar Refrigerated Organic Protein Bar, Variety, 12-count",https://www.costco.com/.product.1603075.html,,,0,0,https://www.costco.com/grocery-household.html,9/27/2026 0:00
1738-item-1856165,1738,1856165,1856165,"Sunny Fruit Dried Apricots, 32 oz",https://www.costco.com/.product.1856165.html,,,0,0,https://www.costco.com/grocery-household.html,9/27/2026 0:00
1738-item-1139689,1738,1139689,1139689,"Kirkland Signature Tilapia Loins, 3 lbs",https://www.costco.com/.product.1139689.html,,,0,0,https://www.costco.com/grocery-household.html,9/27/2026 0:00
1738-item-1750825,1738,1750825,1750825,"Gen Bake Churro Donut Bites, 30 oz",https://www.costco.com/.product.1750825.html,,,0,0,https://www.costco.com/grocery-household.html,9/27/2026 0:00
1738-item-620595,1738,620595,620595,"Nestle Nido Kinder 1+ Toddler Powdered Milk, 77.6 oz",https://www.costco.com/.product.620595.html,,,0,0,https://www.costco.com/grocery-household.html,9/27/2026 0:00
1738-item-986654,1738,986654,986654,"Unitex 100% Cotton Towel, White, 14 in x 17 in, 52-count",https://www.costco.com/.product.986654.html,,,0,0,https://www.costco.com/grocery-household.html,9/27/2026 0:00
1738-item-5331,1738,5331,5331,"Classico Organic Pasta Sauce, 32 oz, 3-count",https://www.costco.com/.product.5331.html,,,0,0,https://www.costco.com/grocery-household.html,9/27/2026 0:00
1738-item-1804984,1738,1804984,1804984,"Carbone Spicy Vodka Sauce, 32 oz, 2-count",https://www.costco.com/.product.1804984.html,,,0,0,https://www.costco.com/grocery-household.html,9/27/2026 0:00
1738-item-948400,1738,948400,948400,"Kirkland Signature Super Premium Vanilla Ice Cream, 1/2 Gallon, 2-count",https://www.costco.com/.product.948400.html,,,0,0,https://www.costco.com/grocery-household.html,9/27/2026 0:00
1738-item-5276,1738,5276,5276,"Red Seedless Grapes, 3 lbs",https://www.costco.com/.product.5276.html,,,0,0,https://www.costco.com/grocery-household.html,9/27/2026 0:00
1738-item-979669,1738,979669,979669,"USPS First-Class Forever Stamp, 100-Count",https://www.costco.com/.product.979669.html,,,0,0,https://www.costco.com/grocery-household.html,9/27/2026 0:00
1738-item-96928,1738,96928,96928,"Kraft Singles American Cheese, 96 Slices, 4 lbs",https://www.costco.com/.product.96928.html,,,0,0,https://www.costco.com/grocery-household.html,9/27/2026 0:00
1738-item-1136479,1738,1136479,1136479,"Archer Grass-Fed Beef Jerky, Mango Habanero, 16 oz",https://www.costco.com/.product.1136479.html,,,0,0,https://www.costco.com/grocery-household.html,9/27/2026 0:00
1738-item-1956136,1738,1956136,1956136,"Kirkland Signature Crispy Wings with Classic Buffalo Sauce, 64 oz",https://www.costco.com/.product.1956136.html,,,0,0,https://www.costco.com/grocery-household.html,9/27/2026 0:00
1738-item-1830081,1738,1830081,1830081,"Kirkland Signature Uncured Bacon and Gouda Egg Bites, 10-count",https://www.costco.com/.product.1830081.html,,,0,0,https://www.costco.com/grocery-household.html,9/27/2026 0:00
1738-item-31680,1738,31680,31680,"Kirkland Signature Aluminum Foil, 12""W x 1000'L",https://www.costco.com/.product.31680.html,,,0,0,https://www.costco.com/grocery-household.html,9/27/2026 0:00
1738-item-1440704,1738,1440704,1440704,"Authentic Motor City Pizza Co Detroit-Style Deep Dish Pizza, Double Pepperoni, 2-count",https://www.costco.com/.product.1440704.html,,,0,0,https://www.costco.com/grocery-household.html,9/27/2026 0:00
1738-item-2076416,1738,2076416,2076416,"Health-Ade Organic Fruity Fusion Kombucha Variety Pack, 16 fl oz, 6-count",https://www.costco.com/.product.2076416.html,,,0,0,https://www.costco.com/grocery-household.html,9/27/2026 0:00
1738-item-1018790,1738,1018790,1018790,"Brazi Bites Brazilian Cheddar & Parmesan Cheese Bread, 62-count",https://www.costco.com/.product.1018790.html,,,0,0,https://www.costco.com/grocery-household.html,9/27/2026 0:00
1738-item-50550,1738,50550,50550,"Hebrew National 100% Kosher Beef Franks, 12 oz, 4-count, 28 Beef Franks Total",https://www.costco.com/.product.50550.html,,,0,0,https://www.costco.com/grocery-household.html,9/27/2026 0:00
1738-item-1191845,1738,1191845,1191845,"Stevia in the Raw Organic Stevia Blend, 22.57 oz",https://www.costco.com/.product.1191845.html,,,0,0,https://www.costco.com/grocery-household.html,9/27/2026 0:00
1738-item-1449725,1738,1449725,1449725,"NuTrail Nut Granola, Blueberry Cinnamon, 22 oz",https://www.costco.com/.product.1449725.html,,,0,0,https://www.costco.com/grocery-household.html,9/27/2026 0:00
1738-item-1560758,1738,1560758,1560758,"Yummy Dino Buddies Dinosaur Chicken Breast Nuggets, 5 lbs",https://www.costco.com/.product.1560758.html,,,0,0,https://www.costco.com/grocery-household.html,9/27/2026 0:00
1738-item-2057644,1738,2057644,2057644,"Kinder's The Flavor Rack Signature Organic Seasoning Variety Pack, 12-count",https://www.costco.com/.product.2057644.html,,,0,0,https://www.costco.com/grocery-household.html,9/27/2026 0:00
1738-item-1320289,1738,1320289,1320289,"Perdue, Panko Breaded Chicken Breast Nuggets, 5 lbs",https://www.costco.com/.product.1320289.html,,,0,0,https://www.costco.com/grocery-household.html,9/27/2026 0:00
1738-item-2067029,1738,2067029,2067029,"Tide Pods Unstopables Laundry Detergent Pods, Fresh, 80-count",https://www.costco.com/.product.2067029.html,,,0,0,https://www.costco.com/grocery-household.html,9/27/2026 0:00
1738-item-514007,1738,514007,514007,"Kirkland Signature Chardonnay, Sonoma County, 750 ml",https://www.costco.com/.product.514007.html,,,0,0,https://www.costco.com/grocery-household.html,9/27/2026 0:00
1738-item-1096018,1738,1096018,1096018,"Sabatasso's Gluten-free Four-cheese Pizza, 17.5 oz, 3-count",https://www.costco.com/.product.1096018.html,,,0,0,https://www.costco.com/grocery-household.html,9/27/2026 0:00
1738-item-2008181,1738,2008181,2008181,"Chomps Smokey BBQ Seasoned Beef Sticks, 1.15 oz, 12-count",https://www.costco.com/.product.2008181.html,,,0,0,https://www.costco.com/grocery-household.html,9/27/2026 0:00
1738-item-1021876,1738,1021876,1021876,"Pierre Raw Stuffed Chicken Breasts, Cordon Bleu, 6-count",https://www.costco.com/.product.1021876.html,,,0,0,https://www.costco.com/grocery-household.html,9/27/2026 0:00
1738-item-720650,1738,720650,720650,"Cocktail Cucumber, Greenhouse Grown, 1.5 lbs",https://www.costco.com/.product.720650.html,,,0,0,https://www.costco.com/grocery-household.html,9/27/2026 0:00
1738-item-1101794,1738,1101794,1101794,Kirkland Signature Nature's Domain Puppy Formula Chicken & Pea Dog Food 20 lb.,https://www.costco.com/.product.1101794.html,,,0,0,https://www.costco.com/grocery-household.html,9/27/2026 0:00
1738-item-1105983,1738,1105983,1105983,"Glacéau Smartwater, 1 L, 15-count",https://www.costco.com/.product.1105983.html,,,0,0,https://www.costco.com/grocery-household.html,9/27/2026 0:00
1738-item-1292488,1738,1292488,1292488,"Safe Catch Ahi Wild Yellowfin Tuna Steaks, 5 oz, 6-count",https://www.costco.com/.product.1292488.html,,,0,0,https://www.costco.com/grocery-household.html,9/27/2026 0:00
1738-item-1763967,1738,1763967,1763967,"Ajinomoto Japanese Style Gyoza, Pork And Chicken, 60-count",https://www.costco.com/.product.1763967.html,,,0,0,https://www.costco.com/grocery-household.html,9/27/2026 0:00
1738-item-16594,1738,16594,16594,"Trident Seafoods Alaskan Salmon Burgers, 4 oz, 12-count",https://www.costco.com/.product.16594.html,,,0,0,https://www.costco.com/grocery-household.html,9/27/2026 0:00
1738-item-7172015,1738,7172015,7172015,"Kirkland Signature Reduced Sodium Dry Salame, 16 oz, 2-count",https://www.costco.com/.product.7172015.html,,,0,0,https://www.costco.com/grocery-household.html,9/27/2026 0:00
1738-item-2345775,1738,2345775,2345775,"Poo-Pourri Toilet Spray, Variety Pack, 3.4 fl oz, 3-count",https://www.costco.com/.product.2345775.html,,,0,0,https://www.costco.com/grocery-household.html,9/27/2026 0:00
1738-item-1433996,1738,1433996,1433996,"Stonefire Authentic Flatbreads Naan Dippers, 19.4 oz",https://www.costco.com/.product.1433996.html,,,0,0,https://www.costco.com/grocery-household.html,9/27/2026 0:00
1738-item-1388332,1738,1388332,1388332,"Tropical Fields Organic Coconut Rolls, 11 oz",https://www.costco.com/.product.1388332.html,,,0,0,https://www.costco.com/grocery-household.html,9/27/2026 0:00
1738-item-1524380,1738,1524380,1524380,"Kirkland Signature Cauliflower Crust Pizza, Supreme, 2-count",https://www.costco.com/.product.1524380.html,,,0,0,https://www.costco.com/grocery-household.html,9/27/2026 0:00
1738-item-1053793,1738,1053793,1053793,"Healthy Choice Organic Fudge Bars, 3 fl oz, 18-count",https://www.costco.com/.product.1053793.html,,,0,0,https://www.costco.com/grocery-household.html,9/27/2026 0:00
1738-item-38742,1738,38742,38742,"Super Sweet Corn, 8-count",https://www.costco.com/.product.38742.html,,,0,0,https://www.costco.com/grocery-household.html,9/27/2026 0:00
1738-item-1613181,1738,1613181,1613181,"Degree Men UltraClear+ Antiperspirant Deodorant, Black & White, 2.7 oz, 5-pack",https://www.costco.com/.product.1613181.html,,,0,0,https://www.costco.com/grocery-household.html,9/27/2026 0:00
1738-item-1550486,1738,1550486,1550486,"Bibigo Steamed Soup Dumplings, Beef Pho Flavor, 36-count",https://www.costco.com/.product.1550486.html,,,0,0,https://www.costco.com/grocery-household.html,9/27/2026 0:00
1738-item-1018249,1738,1018249,1018249,"Organic Ataulfo Mangos, 6-count",https://www.costco.com/.product.1018249.html,,,0,0,https://www.costco.com/grocery-household.html,9/27/2026 0:00
1738-item-25551,1738,25551,25551,"Kirkland Signature Farm-Raised Raw Shrimp, Tail-On, 21-25-count per Pound, 2 lbs",https://www.costco.com/.product.25551.html,,,0,0,https://www.costco.com/grocery-household.html,9/27/2026 0:00
1738-item-67072,1738,67072,67072,"Navel Oranges, 8 lbs",https://www.costco.com/.product.67072.html,,,0,0,https://www.costco.com/grocery-household.html,9/27/2026 0:00
1738-item-1917654,1738,1917654,1917654,"AG1 Daily Foundational Nutrition, 40-count",https://www.costco.com/.product.1917654.html,,,0,0,https://www.costco.com/grocery-household.html,9/27/2026 0:00
1738-item-1380296,1738,1380296,1380296,"Amylu, Chicken Breakfast Sausage Links, 2.5 lbs",https://www.costco.com/.product.1380296.html,,,0,0,https://www.costco.com/grocery-household.html,9/27/2026 0:00
1738-item-1243287,1738,1243287,1243287,"Kirkland Signaure Organic Raw Kombucha, 16 fl oz, 8-count",https://www.costco.com/.product.1243287.html,,,0,0,https://www.costco.com/grocery-household.html,9/27/2026 0:00
1738-item-4223955,1738,4223955,4223955,"Tide Advanced Care Liquid Laundry Detergent, Free & Gentle, 125 Loads, 154 fl oz",https://www.costco.com/.product.4223955.html,,,0,0,https://www.costco.com/grocery-household.html,9/27/2026 0:00
1738-item-1239636,1738,1239636,1239636,"Good Foods Organic Avocado Mash, Sea Salt and Black Pepper, 2 oz, 16-count",https://www.costco.com/.product.1239636.html,,,0,0,https://www.costco.com/grocery-household.html,9/27/2026 0:00
1738-item-1975527,1738,1975527,1975527,"Kirkland Signature Ultra Filtered 2% Lactose Free Milk, Half Gallon, 3-count",https://www.costco.com/.product.1975527.html,,,0,0,https://www.costco.com/grocery-household.html,9/27/2026 0:00
1738-item-985695,1738,985695,985695,"Annie's Organic Macaroni & Cheese Variety Pack, 6 oz, 12-count",https://www.costco.com/.product.985695.html,,,0,0,https://www.costco.com/grocery-household.html,9/27/2026 0:00
1738-item-1792879,1738,1792879,1792879,"POM Wonderful 100% Pomegranate Juice, 64 fl oz",https://www.costco.com/.product.1792879.html,,,0,0,https://www.costco.com/grocery-household.html,9/27/2026 0:00
1738-item-3451400,1738,3451400,3451400,"Marathon Jumbo Roll Bath Tissue, 2-Ply, 900 ft Rolls, 6 Rolls",https://www.costco.com/.product.3451400.html,,,0,0,https://www.costco.com/grocery-household.html,9/27/2026 0:00
1738-item-1713786,1738,1713786,1713786,"Kirkland Signature Roasted Almonds, Sea Salt, 2.5 lbs",https://www.costco.com/.product.1713786.html,,,0,0,https://www.costco.com/grocery-household.html,9/27/2026 0:00
1738-item-1233570,1738,1233570,1233570,"Kirkland Signature Breaded Panko Shrimp, 2.5 lbs",https://www.costco.com/.product.1233570.html,,,0,0,https://www.costco.com/grocery-household.html,9/27/2026 0:00
1738-item-27003,1738,27003,27003,"Strawberries, 2 lbs",https://www.costco.com/.product.27003.html,,,0,0,https://www.costco.com/grocery-household.html,9/27/2026 0:00
1738-item-222464,1738,222464,222464,"Petite Cuisine Mozzarella Sticks in a Crispy Seasoned Breading, 5 lb",https://www.costco.com/.product.222464.html,,,0,0,https://www.costco.com/grocery-household.html,9/27/2026 0:00
1738-item-1010598,1738,1010598,1010598,"Kirkland Signature Three Berry Blend, 4 lbs",https://www.costco.com/.product.1010598.html,,,0,0,https://www.costco.com/grocery-household.html,9/27/2026 0:00
1738-item-831454,1738,831454,831454,"Paesana Organic Tomato & Basil Pasta Sauce, 25 oz, 2-count",https://www.costco.com/.product.831454.html,,,0,0,https://www.costco.com/grocery-household.html,9/27/2026 0:00
1738-item-239600,1738,239600,239600,"FIJI Natural Artesian Water, 16.9 fl oz, 24-count",https://www.costco.com/.product.239600.html,,,0,0,https://www.costco.com/grocery-household.html,9/27/2026 0:00
1738-item-1014484,1738,1014484,1014484,"Cantaloupe, 2-count",https://www.costco.com/.product.1014484.html,,,0,0,https://www.costco.com/grocery-household.html,9/27/2026 0:00
1738-item-1010656,1738,1010656,1010656,"Gourmet Nut Power Up Trail Mix, Mega Omega, 26 oz",https://www.costco.com/.product.1010656.html,,,0,0,https://www.costco.com/grocery-household.html,9/27/2026 0:00
1738-item-1098785,1738,1098785,1098785,"Wildbrine Raw Organic Sauerkraut, 50 oz",https://www.costco.com/.product.1098785.html,,,0,0,https://www.costco.com/grocery-household.html,9/27/2026 0:00
1738-item-2619,1738,2619,2619,"Organic Bananas, 3 lbs",https://www.costco.com/.product.2619.html,,,0,0,https://www.costco.com/grocery-household.html,9/27/2026 0:00
1738-item-2251987,1738,2251987,2251987,"Kirkland Signature Organic Roasted Pine Nut Hummus, 34 oz",https://www.costco.com/.product.2251987.html,,,0,0,https://www.costco.com/grocery-household.html,9/27/2026 0:00
1738-item-40532,1738,40532,40532,"Philadelphia Original Cream Cheese Spread, 48 oz",https://www.costco.com/.product.40532.html,,,0,0,https://www.costco.com/grocery-household.html,9/27/2026 0:00
1738-item-238120,1738,238120,238120,"Kirkland Signature Super B-Complex with Electrolytes, 500 Tablets",https://www.costco.com/.product.238120.html,,,0,0,https://www.costco.com/grocery-household.html,9/27/2026 0:00
1738-item-77009,1738,77009,77009,"Kirkland Signature Farm-Raised Cooked Shrimp, Tail-Off, 50-70-count per Pound, 2 lbs",https://www.costco.com/.product.77009.html,,,0,0,https://www.costco.com/grocery-household.html,9/27/2026 0:00
1738-item-8288,1738,8288,8288,"Artisan Romaine Hearts, 5-count",https://www.costco.com/.product.8288.html,,,0,0,https://www.costco.com/grocery-household.html,9/27/2026 0:00
1738-item-1194639,1738,1194639,1194639,"Milton's Cauliflower Crust Pizza, Roasted Vegetable, 17.8 oz, 2-count",https://www.costco.com/.product.1194639.html,,,0,0,https://www.costco.com/grocery-household.html,9/27/2026 0:00
1738-item-8789,1738,8789,8789,"Golden Pineapple, Each",https://www.costco.com/.product.8789.html,,,0,0,https://www.costco.com/grocery-household.html,9/27/2026 0:00
1738-item-568915,1738,568915,568915,"Organic English Cucumbers, Greenhouse Grown, 3-count",https://www.costco.com/.product.568915.html,,,0,0,https://www.costco.com/grocery-household.html,9/27/2026 0:00
1738-item-121288,1738,121288,121288,"Organic Crimini Mushrooms, 24 oz",https://www.costco.com/.product.121288.html,,,0,0,https://www.costco.com/grocery-household.html,9/27/2026 0:00
1738-item-1285362,1738,1285362,1285362,"Kirkland Signature Chunky Guacamole, Organic, 2.5 oz, 16-count",https://www.costco.com/.product.1285362.html,,,0,0,https://www.costco.com/grocery-household.html,9/27/2026 0:00
1738-item-1251702,1738,1251702,1251702,"Kirkland Signature Tempura Shrimp, 2.35 lbs, 30-count",https://www.costco.com/.product.1251702.html,,,0,0,https://www.costco.com/grocery-household.html,9/27/2026 0:00
1738-item-96716,1738,96716,96716,"Organic Baby Spinach, 1 lb",https://www.costco.com/.product.96716.html,,,0,0,https://www.costco.com/grocery-household.html,9/27/2026 0:00
1738-item-5938,1738,5938,5938,"Gold Potatoes, 10 lbs",https://www.costco.com/.product.5938.html,,,0,0,https://www.costco.com/grocery-household.html,9/27/2026 0:00
1738-item-186626,1738,186626,186626,"Kirkland Signature Aged Parmigiano Reggiano Cheese, Shredded, 1 lb",https://www.costco.com/.product.186626.html,,,0,0,https://www.costco.com/grocery-household.html,9/27/2026 0:00
1738-item-131,1738,131,131,"Organic Brussels Sprouts, 2 lbs",https://www.costco.com/.product.131.html,,,0,0,https://www.costco.com/grocery-household.html,9/27/2026 0:00
1738-item-7445,1738,7445,7445,"Baking Potatoes, 10 lbs",https://www.costco.com/.product.7445.html,,,0,0,https://www.costco.com/grocery-household.html,9/27/2026 0:00
1738-item-25595,1738,25595,25595,"Campari Tomatoes, 2 lbs",https://www.costco.com/.product.25595.html,,,0,0,https://www.costco.com/grocery-household.html,9/27/2026 0:00
1738-item-77053,1738,77053,77053,"Grape Tomatoes, 2 lbs",https://www.costco.com/.product.77053.html,,,0,0,https://www.costco.com/grocery-household.html,9/27/2026 0:00
1738-item-251680,1738,251680,251680,"Organic Raspberries, 12 oz",https://www.costco.com/.product.251680.html,,,0,0,https://www.costco.com/grocery-household.html,9/27/2026 0:00
1738-item-316780,1738,316780,316780,"Cheetos Cheese Flavored Snacks, Crunchy, 28.8 oz",https://www.costco.com/.product.316780.html,,,0,0,https://www.costco.com/grocery-household.html,9/27/2026 0:00
1738-item-3133113,1738,3133113,3133113,"Kirkland Signature, Black Pepper with Grinder, 6.3 oz, 2-Count",https://www.costco.com/.product.3133113.html,,,0,0,https://www.costco.com/grocery-household.html,9/27/2026 0:00
1738-item-806230,1738,806230,806230,"Trident Seafoods Wild Alaskan Beer Battered Cod, 2.5 lbs",https://www.costco.com/.product.806230.html,,,0,0,https://www.costco.com/grocery-household.html,9/27/2026 0:00
1738-item-669434,1738,669434,669434,"Cape Cod Kettle Cooked Potato Chips, 30 oz",https://www.costco.com/.product.669434.html,,,0,0,https://www.costco.com/grocery-household.html,9/27/2026 0:00
1738-item-1136340,1738,1136340,1136340,"Organic Gala Apples, 3 lbs",https://www.costco.com/.product.1136340.html,,,0,0,https://www.costco.com/grocery-household.html,9/27/2026 0:00
1738-item-1150189,1738,1150189,1150189,"Skinny Pop Organic Popcorn, 14 oz",https://www.costco.com/.product.1150189.html,,,0,0,https://www.costco.com/grocery-household.html,9/27/2026 0:00
1738-item-3923,1738,3923,3923,"Limes, 3 lbs",https://www.costco.com/.product.3923.html,,,0,0,https://www.costco.com/grocery-household.html,9/27/2026 0:00
1738-item-1060788,1738,1060788,1060788,"Snack Factory Organic Original Pretzel Crisps, 28 oz",https://www.costco.com/.product.1060788.html,,,0,0,https://www.costco.com/grocery-household.html,9/27/2026 0:00
1738-item-72147,1738,72147,72147,"TUMS Antacid Ultra Strength, 265 Chewable Tablets",https://www.costco.com/.product.72147.html,,,0,0,https://www.costco.com/grocery-household.html,9/27/2026 0:00
1738-item-412,1738,412,412,"Organic Peeled Carrots, 2 lbs, 2-count",https://www.costco.com/.product.412.html,,,0,0,https://www.costco.com/grocery-household.html,9/27/2026 0:00
1738-item-1845747,1738,1845747,1845747,"Sabatino's Tuscan Style Chicken Piccata, 32 oz",https://www.costco.com/.product.1845747.html,,,0,0,https://www.costco.com/grocery-household.html,9/27/2026 0:00
1738-item-1946730,1738,1946730,1946730,Lavazza Dolcevita Classico 80-count K-Cup Pods,https://www.costco.com/.product.1946730.html,,,0,0,https://www.costco.com/grocery-household.html,9/27/2026 0:00
1738-item-26802,1738,26802,26802,"President Crumbled Feta Cheese, 1.5 lbs",https://www.costco.com/.product.26802.html,,,0,0,https://www.costco.com/grocery-household.html,9/27/2026 0:00
1738-item-1036732,1738,1036732,1036732,"Organic Celery Sticks, 2.5 lbs",https://www.costco.com/.product.1036732.html,,,0,0,https://www.costco.com/grocery-household.html,9/27/2026 0:00
1738-item-1530604,1738,1530604,1530604,"Sambazon Organic Dragon Fruit Blend, 64 fl oz",https://www.costco.com/.product.1530604.html,,,0,0,https://www.costco.com/grocery-household.html,9/27/2026 0:00
1738-item-1948305,1738,1948305,1948305,"Comvita Manuka Honey UMF 12+, 17.6 oz",https://www.costco.com/.product.1948305.html,,,0,0,https://www.costco.com/grocery-household.html,9/27/2026 0:00
1738-item-21046,1738,21046,21046,"Gourmet Tomato Medley, Greenhouse Grown, 2 lbs",https://www.costco.com/.product.21046.html,,,0,0,https://www.costco.com/grocery-household.html,9/27/2026 0:00
1738-item-842994,1738,842994,842994,"Organic Mangos, 6 lbs",https://www.costco.com/.product.842994.html,,,0,0,https://www.costco.com/grocery-household.html,9/27/2026 0:00
1738-item-607373,1738,607373,607373,"San Pellegrino Sparkling Natural Mineral Water, 25.3 fl oz, 15-count",https://www.costco.com/.product.607373.html,,,0,0,https://www.costco.com/grocery-household.html,9/27/2026 0:00
1738-item-638854,1738,638854,638854,"Bibigo Chicken and Cilantro Mini Wontons, 3 lbs",https://www.costco.com/.product.638854.html,,,0,0,https://www.costco.com/grocery-household.html,9/27/2026 0:00
1738-item-1141000,1738,1141000,1141000,"Kirkland Signature Original Bratwurst, 14-count, 3.5 lbs",https://www.costco.com/.product.1141000.html,,,0,0,https://www.costco.com/grocery-household.html,9/27/2026 0:00
1738-item-331100,1738,331100,331100,"Gourmet Creamer Potato, 5 lbs",https://www.costco.com/.product.331100.html,,,0,0,https://www.costco.com/grocery-household.html,9/27/2026 0:00
1738-item-9090,1738,9090,9090,"Kirkland Signature Fresh Goat Cheese, 10 oz, 2-count",https://www.costco.com/.product.9090.html,,,0,0,https://www.costco.com/grocery-household.html,9/27/2026 0:00
1738-item-6652,1738,6652,6652,"Vidalia Sweet Onions, 5 lbs",https://www.costco.com/.product.6652.html,,,0,0,https://www.costco.com/grocery-household.html,9/27/2026 0:00
1738-item-826365,1738,826365,826365,"Organic Squash, 3.5 lbs",https://www.costco.com/.product.826365.html,,,0,0,https://www.costco.com/grocery-household.html,9/27/2026 0:00
1738-item-1352,1738,1352,1352,"Organic Carrots, 6 lbs",https://www.costco.com/.product.1352.html,,,0,0,https://www.costco.com/grocery-household.html,9/27/2026 0:00
1738-item-289685,1738,289685,289685,"Sun-Maid Organic California Sun-Dried Raisins, 2 lbs, 2-count",https://www.costco.com/.product.289685.html,,,0,0,https://www.costco.com/grocery-household.html,9/27/2026 0:00
1738-item-549721,1738,549721,549721,"Heinz Simply Tomato Ketchup, 44 oz, 3-count",https://www.costco.com/.product.549721.html,,,0,0,https://www.costco.com/grocery-household.html,9/27/2026 0:00
1738-item-25949,1738,25949,25949,"Colossal Garlic, 2 lbs",https://www.costco.com/.product.25949.html,,,0,0,https://www.costco.com/grocery-household.html,9/27/2026 0:00
1738-item-559608,1738,559608,559608,"Mateo's Gourmet Salsa, Medium, 32 oz",https://www.costco.com/.product.559608.html,,,0,0,https://www.costco.com/grocery-household.html,9/27/2026 0:00
1738-item-6021,1738,6021,6021,"Plums, 3 lbs",https://www.costco.com/.product.6021.html,,,0,0,https://www.costco.com/grocery-household.html,9/27/2026 0:00
1738-item-1235761,1738,1235761,1235761,"trunature Cranberry 650 mg, 140 Vegetarian Capsules",https://www.costco.com/.product.1235761.html,,,0,0,https://www.costco.com/grocery-household.html,9/27/2026 0:00
1738-item-1357244,1738,1357244,1357244,Kirkland Signature Cranberry Walnut Round Bread,https://www.costco.com/.product.1357244.html,,,0,0,https://www.costco.com/grocery-household.html,9/27/2026 0:00
1738-item-699251,1738,699251,699251,"Victoria White Linen Marinara Sauce, 40 oz, 2-count",https://www.costco.com/.product.699251.html,,,0,0,https://www.costco.com/grocery-household.html,9/27/2026 0:00
1738-item-1169942,1738,1169942,1169942,"Fever Tree Ginger Beer, 9.3 fl oz, 12 count",https://www.costco.com/.product.1169942.html,,,0,0,https://www.costco.com/grocery-household.html,9/27/2026 0:00
1738-item-933402,1738,933402,933402,"Doritos Tortilla Chips, Nacho Cheese, 30 oz",https://www.costco.com/.product.933402.html,,,0,0,https://www.costco.com/grocery-household.html,9/27/2026 0:00
1738-item-1095734,1738,1095734,1095734,"Fritos Scoops! Corn Chips, 32 oz",https://www.costco.com/.product.1095734.html,,,0,0,https://www.costco.com/grocery-household.html,9/27/2026 0:00
1738-item-3987,1738,3987,3987,"Grapefruit, 5 lbs",https://www.costco.com/.product.3987.html,,,0,0,https://www.costco.com/grocery-household.html,9/27/2026 0:00
1738-item-1930479,1738,1930479,1930479,Hisense 10.2 cu. ft. Garage Ready Frost Free Convertible Upright Freezer with Seal Break Handle,https://www.costco.com/.product.1930479.html,,,0,0,https://www.costco.com/appliances.html,9/27/2026 0:00
1738-item-6660756,1738,6660756,6660756,Maytag Top Load 4.8 cu. ft. Washer with Deep Fill Option,https://www.costco.com/.product.6660756.html,,,0,0,https://www.costco.com/appliances.html,9/27/2026 0:00
1738-item-1871118,1738,1871118,1871118,"Hisense 8,000 BTU Smart Inverter Window Air Conditioner with Easy Install Bracket",https://www.costco.com/.product.1871118.html,,,0,0,https://www.costco.com/appliances.html,9/27/2026 0:00
1738-item-2295022,1738,2295022,2295022,Shark Detect Performance Lift-Away Advanced Upright Vacuum with DuoClean Detect,https://www.costco.com/.product.2295022.html,,,0,0,https://www.costco.com/appliances.html,9/27/2026 0:00
1738-item-2658468,1738,2658468,2658468,"Ninja Deluxe Blender & Kitchen System with 88-oz. Pitcher, 9-Cup Processor & Auto-iQ",https://www.costco.com/.product.2658468.html,,,0,0,https://www.costco.com/appliances.html,9/27/2026 0:00
1738-item-6264351,1738,6264351,6264351,Dyson V10 Konical Cordless Stick Vacuum with Car Cleaning Kit,https://www.costco.com/.product.6264351.html,,,0,0,https://www.costco.com/appliances.html,9/27/2026 0:00
1738-item-1744674,1738,1744674,1744674,"Filtrete Air Filter 1”, MPR 2500 MERV 14, High Performance Premium Allergen, Ultrafine Particles, Bacteria and Virus Filter, 4-pack, 20 x 20 x 1",https://www.costco.com/.product.1744674.html,,,0,0,https://www.costco.com/appliances.html,9/27/2026 0:00
1738-item-1744675,1738,1744675,1744675,"Filtrete Air Filter 1”, MPR 2500 MERV 14, High Performance Premium Allergen, Ultrafine Particles, Bacteria and Virus Filter, 4-pack, 20 x 25 x 1",https://www.costco.com/.product.1744675.html,,,0,0,https://www.costco.com/appliances.html,9/27/2026 0:00
1738-item-1744673,1738,1744673,1744673,"Filtrete Air Filter 1”, MPR 2500 MERV 14, High Performance Premium Allergen, Ultrafine Particles, Bacteria and Virus Filter, 4-pack, 16 x 25 x 1",https://www.costco.com/.product.1744673.html,,,0,0,https://www.costco.com/appliances.html,9/27/2026 0:00
1738-item-1744676,1738,1744676,1744676,"Filtrete Air Filter 1”, MPR 2500 MERV 14, High Performance Premium Allergen, Ultrafine Particles, Bacteria and Virus Filter, 4-pack, 20 x 30 x 1",https://www.costco.com/.product.1744676.html,,,0,0,https://www.costco.com/appliances.html,9/27/2026 0:00
1738-item-1744671,1738,1744671,1744671,"Filtrete Air Filter 1”, MPR 2500 MERV 14, High Performance Premium Allergen, Ultrafine Particles, Bacteria and Virus Filter, 4-pack, 16 x 20 x 1",https://www.costco.com/.product.1744671.html,,,0,0,https://www.costco.com/appliances.html,9/27/2026 0:00
1738-item-1691251,1738,1691251,1691251,Midea 18.7 cu. ft. Bottom Mount Freezer Refrigerator,https://www.costco.com/.product.1691251.html,,,0,0,https://www.costco.com/appliances.html,9/27/2026 0:00
1738-item-2043254,1738,2043254,2043254,Frigidaire Gallery Garage Ready 7 cu. ft. Convertible Chest Freezer with Black Granite Finish,https://www.costco.com/.product.2043254.html,,,0,0,https://www.costco.com/appliances.html,9/27/2026 0:00
1738-item-1928806,1738,1928806,1928806,BISSELL PowerClean FurGuard Deluxe 280W Cordless Vacuum with Extra Battery,https://www.costco.com/.product.1928806.html,,,0,0,https://www.costco.com/appliances.html,9/27/2026 0:00
1738-item-5752554,1738,5752554,5752554,Shark Navigator Lift-Away Upright Vacuum with Reveal Technology,https://www.costco.com/.product.5752554.html,,,0,0,https://www.costco.com/appliances.html,9/27/2026 0:00
1738-item-6373801,1738,6373801,6373801,Dyson Gen5detect Extra Cordless Stick Vacuum,https://www.costco.com/.product.6373801.html,,,0,0,https://www.costco.com/appliances.html,9/27/2026 0:00
1738-item-4449587,1738,4449587,4449587,WINIX C710 4-Stage True HEPA Air Purifier with Wi-Fi and Additional Filter,https://www.costco.com/.product.4449587.html,,,0,0,https://www.costco.com/appliances.html,9/27/2026 0:00
1738-item-1491084,1738,1491084,1491084,Maytag 7.0 cu. ft. Electric Dryer with Moisture Sensing in White,https://www.costco.com/.product.1491084.html,,,0,0,https://www.costco.com/appliances.html,9/27/2026 0:00
1738-item-1905061,1738,1905061,1905061,Dyson Purifier Hot+Cool HP11,https://www.costco.com/.product.1905061.html,,,0,0,https://www.costco.com/appliances.html,9/27/2026 0:00
1738-item-4639087,1738,4639087,4639087,Shark BreatheClear MAX With NeverChange Air Purifier,https://www.costco.com/.product.4639087.html,,,0,0,https://www.costco.com/appliances.html,9/27/2026 0:00
1738-item-2665100,1738,2665100,2665100,Tineco GO HammerHead MessDetect Ultra Cordless Mop and Vacuum,https://www.costco.com/.product.2665100.html,,,0,0,https://www.costco.com/appliances.html,9/27/2026 0:00
1738-item-7750815,1738,7750815,7750815,Shark Stratos Cordless Vacuum with Clean Sense IQ DuoClean PowerFins HairPro,https://www.costco.com/.product.7750815.html,,,0,0,https://www.costco.com/appliances.html,9/27/2026 0:00
1738-item-2791272,1738,2791272,2791272,"Roborock QX Revo PLUS Robot Vacuum and Mop with Multifunctional Dock 3.0, White",https://www.costco.com/.product.2791272.html,,,0,0,https://www.costco.com/appliances.html,9/27/2026 0:00
1738-item-2741541,1738,2741541,2741541,Ninja DualBrew Grounds & Pods Hot & Iced Coffee Maker with Rapid Cold Brew,https://www.costco.com/.product.2741541.html,,,0,0,https://www.costco.com/appliances.html,9/27/2026 0:00
1738-item-6990603,1738,6990603,6990603,Dyson Ball Animal Optic Corded Upright Vacuum,https://www.costco.com/.product.6990603.html,,,0,0,https://www.costco.com/appliances.html,9/27/2026 0:00
1738-item-1950298,1738,1950298,1950298,Atomi Smart 12K BTU Tempestas Inverter Ductless Mini-Split Air Conditioner and Heat Pump,https://www.costco.com/.product.1950298.html,,,0,0,https://www.costco.com/appliances.html,9/27/2026 0:00
1738-item-2002648,1738,2002648,2002648,"Brio 740i Nugget Ice Maker, 44lbs",https://www.costco.com/.product.2002648.html,,,0,0,https://www.costco.com/appliances.html,9/27/2026 0:00
1738-item-1902789,1738,1902789,1902789,Brio 740 Series Self-Cleaning Bottom Load Water Cooler,https://www.costco.com/.product.1902789.html,,,0,0,https://www.costco.com/appliances.html,9/27/2026 0:00
1738-item-2835898,1738,2835898,2835898,"Nespresso Vertuo UP Coffee and Espresso Maker by DeLonghi, Graphite with Aeroccino Milk Frother",https://www.costco.com/.product.2835898.html,,,0,0,https://www.costco.com/appliances.html,9/27/2026 0:00
1738-item-2038099,1738,2038099,2038099,"bella 12""x24"" XL Fold and Store Griddle",https://www.costco.com/.product.2038099.html,,,0,0,https://www.costco.com/appliances.html,9/27/2026 0:00
1738-item-7753245,1738,7753245,7753245,Shark PowerDetect Speed Clean and Empty Cordless Stick Vacuum with Auto-Empty System,https://www.costco.com/.product.7753245.html,,,0,0,https://www.costco.com/appliances.html,9/27/2026 0:00
1738-item-4446542,1738,4446542,4446542,Chefman Custom-Temp 1.8L Electric Kettle,https://www.costco.com/.product.4446542.html,,,0,0,https://www.costco.com/appliances.html,9/27/2026 0:00
1738-item-3670779,1738,3670779,3670779,BISSELL Little Green MultiClean Wet and Dry Portable Carpet and Upholstery Cleaner,https://www.costco.com/.product.3670779.html,,,0,0,https://www.costco.com/appliances.html,9/27/2026 0:00
1738-item-1733533,1738,1733533,1733533,Cuisinart Precision Prep 3-in-1 Immersion Blending System,https://www.costco.com/.product.1733533.html,,,0,0,https://www.costco.com/appliances.html,9/27/2026 0:00
1738-item-3603480,1738,3603480,3603480,Ninja CREAMi Deluxe 11-in-1 Ice Cream and Frozen Treat Maker,https://www.costco.com/.product.3603480.html,,,0,0,https://www.costco.com/appliances.html,9/27/2026 0:00
1738-item-2887016,1738,2887016,2887016,bella 10-in-1 8.5qt MultiCooker,https://www.costco.com/.product.2887016.html,,,0,0,https://www.costco.com/appliances.html,9/27/2026 0:00
1738-item-1733532,1738,1733532,1733532,"Dash 14” Family Size Electric Skillet, Ceramic",https://www.costco.com/.product.1733532.html,,,0,0,https://www.costco.com/appliances.html,9/27/2026 0:00
1738-item-7565000,1738,7565000,7565000,Cuisinart Brew Central Plus 14-Cup Programmable Coffee Maker,https://www.costco.com/.product.7565000.html,,,0,0,https://www.costco.com/appliances.html,9/27/2026 0:00
1738-item-2048113,1738,2048113,2048113,Ninja CRISPi DualZone 2-Basket Glass Air Fryer,https://www.costco.com/.product.2048113.html,,,0,0,https://www.costco.com/appliances.html,9/27/2026 0:00
1738-item-1835898,1738,1835898,1835898,Nespresso Vertuo Next Deluxe with Aeroccino 3 and 32 Capsules,https://www.costco.com/.product.1835898.html,,,0,0,https://www.costco.com/appliances.html,9/27/2026 0:00
1738-item-3603482,1738,3603482,3603482,"Ninja SLUSHi Professional Frozen Drink Maker, 96-oz. Capacity, 5 Preset Programs",https://www.costco.com/.product.3603482.html,,,0,0,https://www.costco.com/appliances.html,9/27/2026 0:00
1738-item-6234400,1738,6234400,6234400,Gourmia XL 13-In-1 French Door Countertop Oven with Air Fry and Temperature Probe,https://www.costco.com/.product.6234400.html,,,0,0,https://www.costco.com/appliances.html,9/27/2026 0:00
1738-item-2850285,1738,2850285,2850285,Shark PowerDetect 2-in-1 Robot Vacuum & Mop with NeverTouch Pro Self-Cleaning Base,https://www.costco.com/.product.2850285.html,,,0,0,https://www.costco.com/appliances.html,9/27/2026 0:00
1738-item-1491413,1738,1491413,1491413,"Maytag 7.0 cu. ft. GAS Dryer with Moisture Sensing, in White",https://www.costco.com/.product.1491413.html,,,0,0,https://www.costco.com/appliances.html,9/27/2026 0:00
1738-item-2081890,1738,2081890,2081890,Tiger 5.5-Cup Micom Rice Cooker and Warmer,https://www.costco.com/.product.2081890.html,,,0,0,https://www.costco.com/appliances.html,9/27/2026 0:00
1738-item-4444017,1738,4444017,4444017,Gourmia 2 Quart Automatic Soft Serve Ice Cream and Frozen Drink Maker,https://www.costco.com/.product.4444017.html,,,0,0,https://www.costco.com/appliances.html,9/27/2026 0:00
1738-item-2826615,1738,2826615,2826615,Lasko MotionX Whole Room Heater with Remote,https://www.costco.com/.product.2826615.html,,,0,0,https://www.costco.com/appliances.html,9/27/2026 0:00
1738-item-8881975,1738,8881975,8881975,Keurig K-Mini Mate Plus Single-Serve Coffee Maker with Water Filter and K-Cup Pods,https://www.costco.com/.product.8881975.html,,,0,0,https://www.costco.com/appliances.html,9/27/2026 0:00
1738-item-1513024,1738,1513024,1513024,Ninja Flip 10-in-1 Toaster Oven & Air Fryer with Added Broil Rack,https://www.costco.com/.product.1513024.html,,,0,0,https://www.costco.com/appliances.html,9/27/2026 0:00
1738-item-1938084,1738,1938084,1938084,DeWalt 8-Gallon 4 HP Stealthsonic Quiet Stainless Steel Wet Dry Vacuum,https://www.costco.com/.product.1938084.html,,,0,0,https://www.costco.com/appliances.html,9/27/2026 0:00
1738-item-1281364,1738,1281364,1281364,Whirlpool 20 cu. ft. Wide French Door Refrigerator with Fingerprint Resistant Stainless Steel,https://www.costco.com/.product.1281364.html,,,0,0,https://www.costco.com/appliances.html,9/27/2026 0:00
1738-item-2043903,1738,2043903,2043903,"Blueair Blue Signature Mini Air Purifier, 2-pack",https://www.costco.com/.product.2043903.html,,,0,0,https://www.costco.com/appliances.html,9/27/2026 0:00
1738-item-4333018,1738,4333018,4333018,Cuisinart SimpliTouch XL Color Touchscreen 2-Slice Toaster,https://www.costco.com/.product.4333018.html,,,0,0,https://www.costco.com/appliances.html,9/27/2026 0:00
1738-item-5248298,1738,5248298,5248298,FoodSaver Preserve Vacuum Sealer Appliance with Bags and Marinate Container,https://www.costco.com/.product.5248298.html,,,0,0,https://www.costco.com/appliances.html,9/27/2026 0:00
1738-item-9140914,1738,9140914,9140914,Dyson R2 Nurovi Wash Dry Robot Vacuum,https://www.costco.com/.product.9140914.html,,,0,0,https://www.costco.com/appliances.html,9/27/2026 0:00
1738-item-1965335,1738,1965335,1965335,Cuisinart Extra-Large 26L 10-in-1 Digital Air Fryer Oven,https://www.costco.com/.product.1965335.html,,,0,0,https://www.costco.com/appliances.html,9/27/2026 0:00
1738-item-2027264,1738,2027264,2027264,Nordic Ware Deluxe Kettle Smoker with 5 Woodchip Varieties,https://www.costco.com/.product.2027264.html,,,0,0,https://www.costco.com/appliances.html,9/27/2026 0:00
1738-item-2021451,1738,2021451,2021451,Dyson HushJet Compact Pure Control Air Purifier,https://www.costco.com/.product.2021451.html,,,0,0,https://www.costco.com/appliances.html,9/27/2026 0:00
1738-item-3325480,1738,3325480,3325480,Panasonic 1.3 cu ft. Countertop Black Stainless Microwave Oven with Inverter Technology,https://www.costco.com/.product.3325480.html,,,0,0,https://www.costco.com/appliances.html,9/27/2026 0:00
1738-item-2733527,1738,2733527,2733527,Dash 5qt SmartStore Ceramic Stirring Popcorn Maker,https://www.costco.com/.product.2733527.html,,,0,0,https://www.costco.com/appliances.html,9/27/2026 0:00
1738-item-1922924,1738,1922924,1922924,"Brita Champlain Water Filter Pitcher, 10 Cup with 2 Filters",https://www.costco.com/.product.1922924.html,,,0,0,https://www.costco.com/appliances.html,9/27/2026 0:00
1738-item-100457663,1738,100457663,100457663,Whirlpool 20 cu. ft. French Door Refrigerator with FreshFlow,https://www.costco.com/whirlpool-20-cu-ft-french-door-refrigerator-with-freshflow.product.100457663.html,,,0,0,https://www.costco.com/small-space-appliances.html,9/27/2026 0:00
1738-item-4000444184,1738,4000444184,4000444184,Frigidaire Gallery Garage Ready 7 cu. ft. Convertible Chest Freezer with Black Granite Finish,https://www.costco.com/frigidaire-gallery-garage-ready-7-cu-ft-convertible-chest-freezer-with-black-granite-finish.product.4000444184.html,,,0,0,https://www.costco.com/freezers-ice-makers.html,9/27/2026 0:00
1738-item-4000353948,1738,4000353948,4000353948,Hisense 10.2 cu. ft. Garage Ready Frost Free Convertible Upright Freezer with Seal Break Handle,https://www.costco.com/hisense-102-cu-ft-garage-ready-frost-free-convertible-upright-freezer-with-seal-break-handle.product.4000353948.html,,,0,0,https://www.costco.com/freezers-ice-makers.html,9/27/2026 0:00
1738-item-4000448737,1738,4000448737,4000448737,"Brio 740i Nugget Ice Maker, 44lbs",https://www.costco.com/brio-740i-nugget-ice-maker-44lbs.product.4000448737.html,,,0,0,https://www.costco.com/freezers-ice-makers.html,9/27/2026 0:00
1738-item-1914943,1738,1914943,1914943,"OmniHeat Digital Ceramic Personal Heater, 2-pack",https://www.costco.com/.product.1914943.html,,,0,0,https://www.costco.com/cooling-air-treatment-heating.html,9/27/2026 0:00
1738-item-4201016861,1738,4201016861,4201016861,Panasonic 1.3 cu ft. Countertop Black Stainless Microwave Oven with Inverter Technology,https://www.costco.com/panasonic-13-cu-ft-countertop-black-stainless-microwave-oven-with-inverter-technology.product.4201016861.html,,,0,0,https://www.costco.com/microwaves.html,9/27/2026 0:00
1738-item-4000050834,1738,4000050834,4000050834,Midea 18.7 cu. ft. Bottom Mount Freezer Refrigerator,https://www.costco.com/midea-187-cu-ft-bottom-mount-freezer-refrigerator.product.4000050834.html,,,0,0,https://www.costco.com/refrigerators.html,9/27/2026 0:00
1738-item-4000355739,1738,4000355739,4000355739,Midea 20.5 cu. ft. Garage Ready Top-Mount Refrigerator,https://www.costco.com/midea-20.5-cu.-ft.-garage-ready-top-mount-refrigerator.product.4000355739.html,,,0,0,https://www.costco.com/refrigerators.html,9/27/2026 0:00
1738-item-100948386,1738,100948386,100948386,Samsung 29 cu. ft. Bespoke 4-Door French Door Smart Refrigerator with Beverage Center,https://www.costco.com/samsung-29-cu-ft-bespoke-4-door-french-door-smart-refrigerator-with-beverage-center.product.100948386.html?preselect=top%2Fbottom%20panel%20color%3Awhiteglass,,,0,0,https://www.costco.com/french-door-refrigerators.html,9/27/2026 0:00
1738-item-100971241,1738,100971241,100971241,Samsung 23 cu. ft. Bespoke Counter Depth 4-Door French Door Refrigerator with Beverage Center,https://www.costco.com/samsung-23-cu-ft-bespoke-counter-depth-4-door-french-door-refrigerator-with-beverage-center.product.100971241.html?preselect=top%2Fbottom%20panel%20color%3Astainlesssteel,,,0,0,https://www.costco.com/french-door-refrigerators.html,9/27/2026 0:00
1738-item-100421002,1738,100421002,100421002,GE 27 cu. ft. Standard Depth 3-Door French Door Refrigerator with Internal Water Dispenser and Ice Maker,https://www.costco.com/ge-27-cu-ft-standard-depth-3-door-french-door-refrigerator-with-internal-water-dispenser-and-ice-maker.product.100421002.html?preselect=color%3Astainlesssteel,,,0,0,https://www.costco.com/french-door-refrigerators.html,9/27/2026 0:00
1738-item-4000212584,1738,4000212584,4000212584,LG 30 cu. ft. Smart Standard-Depth MAX 4-Door French Door Refrigerator with Full-Convert Drawer,https://www.costco.com/lg-30-cu-ft-smart-standard-depth-max-4-door-french-door-refrigerator-with-full-convert-drawer.product.4000212584.html,,,0,0,https://www.costco.com/french-door-refrigerators.html,9/27/2026 0:00
1738-item-4000354684,1738,4000354684,4000354684,LG 26.5 cu. ft. Smart Counter-Depth MAX French Door Refrigerator,https://www.costco.com/lg-265-cu-ft-smart-counter-depth-max-french-door-refrigerator.product.4000354684.html?preselect=color%3Ablackstainlesssteel,,,0,0,https://www.costco.com/french-door-refrigerators.html,9/27/2026 0:00
1738-item-100514479,1738,100514479,100514479,"GE Profile 27.9 cu. ft. Standard Depth 4-Door French Door Refrigerator with AutoFill Water, Door-in-Door, WiFi",https://www.costco.com/ge-profile-279-cu-ft-standard-depth-4-door-french-door-refrigerator-with-autofill-water-door-in-door-wifi.product.100514479.html,,,0,0,https://www.costco.com/french-door-refrigerators.html,9/27/2026 0:00
1738-item-4000281308,1738,4000281308,4000281308,LG 25 cu. ft. Smart Counter-Depth MAX 4-Door French Door Refrigerator with Full-Convert Drawer,https://www.costco.com/lg-25-cu-ft-smart-counter-depth-max-4-door-french-door-refrigerator-with-full-convert-drawer.product.4000281308.html,,,0,0,https://www.costco.com/french-door-refrigerators.html,9/27/2026 0:00
1738-item-4000212654,1738,4000212654,4000212654,LG 29 cu. ft. Smart Standard-Depth MAX 4-Door French Door Refrigerator with Full-Convert Drawer,https://www.costco.com/lg-29-cu-ft-smart-standard-depth-max-4-door-french-door-refrigerator-with-full-convert-drawer.product.4000212654.html,,,0,0,https://www.costco.com/french-door-refrigerators.html,9/27/2026 0:00
1738-item-4000039993,1738,4000039993,4000039993,Samsung 30 cu. ft. Bespoke 3-Door French Door Refrigerator with Beverage Center,https://www.costco.com/samsung-30-cu-ft-bespoke-3-door-french-door-refrigerator-with-beverage-center.product.4000039993.html?preselect=top%2Fbottom%20panel%20color%3Awhiteglass,,,0,0,https://www.costco.com/french-door-refrigerators.html,9/27/2026 0:00
1738-item-4000103974,1738,4000103974,4000103974,LG 26 cu. ft. Smart Counter-Depth MAX French Door Refrigerator,https://www.costco.com/lg-26-cu-ft-smart-counter-depth-max-french-door-refrigerator.product.4000103974.html,,,0,0,https://www.costco.com/french-door-refrigerators.html,9/27/2026 0:00
1738-item-4000250203,1738,4000250203,4000250203,Samsung 29 cu. ft. Bespoke 4-Door Flex Refrigerator with Beverage Center,https://www.costco.com/samsung-29-cu-ft-bespoke-4-door-flex-refrigerator-with-beverage-center.product.4000250203.html?preselect=color%3Awhiteglass,,,0,0,https://www.costco.com/french-door-refrigerators.html,9/27/2026 0:00
1738-item-4000154400,1738,4000154400,4000154400,"Samsung 25 cu. ft. 33"" 3-Door French Door Refrigerator with Beverage Center",https://www.costco.com/samsung-25-cu-ft-33-3-door-french-door-refrigerator-with-beverage-center.product.4000154400.html,,,0,0,https://www.costco.com/french-door-refrigerators.html,9/27/2026 0:00
1738-item-4000279490,1738,4000279490,4000279490,GE ENERGY STAR 21.9 cu. ft. Fingerprint Resistant Counter-Depth French-Door Refrigerator,https://www.costco.com/ge-energy-star-219-cu-ft-fingerprint-resistant-counter-depth-french-door-refrigerator.product.4000279490.html,,,0,0,https://www.costco.com/french-door-refrigerators.html,9/27/2026 0:00
1738-item-100741374,1738,100741374,100741374,Samsung 17.5 cu. ft. Smart Counter Depth 3-Door French Door Refrigerator,https://www.costco.com/samsung-175-cu-ft-smart-counter-depth-3-door-french-door-refrigerator.product.100741374.html,,,0,0,https://www.costco.com/french-door-refrigerators.html,9/27/2026 0:00
1738-item-4000354629,1738,4000354629,4000354629,LG 31.7 cu. ft. Smart Standard-Depth MAX French Door Refrigerator,https://www.costco.com/lg-317-cu-ft-smart-standard-depth-max-french-door-refrigerator.product.4000354629.html,,,0,0,https://www.costco.com/french-door-refrigerators.html,9/27/2026 0:00
1738-item-4201018295,1738,4201018295,4201018295,"Ninja Deluxe Blender & Kitchen System with 88-oz. Pitcher, 9-Cup Processor & Auto-iQ",https://www.costco.com/ninja-deluxe-blender--kitchen-system-with-88-oz-pitcher-9-cup-processor--auto-iq.product.4201018295.html,,,0,0,https://www.costco.com/small-kitchen-appliances.html,9/27/2026 0:00
1738-item-4201023329,1738,4201023329,4201023329,"Nespresso Vertuo UP Coffee and Espresso Maker by DeLonghi, Graphite with Aeroccino Milk Frother",https://www.costco.com/nespresso-vertuo-up-coffee-and-espresso-maker-by-delonghi-graphite-with-aeroccino-milk-frother.product.4201023329.html,,,0,0,https://www.costco.com/small-kitchen-appliances.html,9/27/2026 0:00
1738-item-4000429112,1738,4000429112,4000429112,Ninja DualBrew Grounds & Pods Hot & Iced Coffee Maker with Rapid Cold Brew,https://www.costco.com/ninja-dualbrew-grounds--pods-hot--iced-coffee-maker-with-rapid-cold-brew.product.4000429112.html,,,0,0,https://www.costco.com/small-kitchen-appliances.html,9/27/2026 0:00
1738-item-4201002779,1738,4201002779,4201002779,bella 10-in-1 8.5qt MultiCooker,https://www.costco.com/bella-10-in-1-85qt-multicooker.product.4201002779.html,,,0,0,https://www.costco.com/small-kitchen-appliances.html,9/27/2026 0:00
1738-item-4000334276,1738,4000334276,4000334276,Brio 740 Series Self-Cleaning Bottom Load Water Cooler,https://www.costco.com/brio-740-series-self-cleaning-bottom-load-water-cooler.product.4000334276.html,,,0,0,https://www.costco.com/small-kitchen-appliances.html,9/27/2026 0:00
1738-item-4000359830,1738,4000359830,4000359830,Ninja Flip 10-in-1 Toaster Oven & Air Fryer with Added Broil Rack,https://www.costco.com/ninja-flip-10-in-1-toaster-oven--air-fryer-with-added-broil-rack.product.4000359830.html,,,0,0,https://www.costco.com/small-kitchen-appliances.html,9/27/2026 0:00
1738-item-4201002833,1738,4201002833,4201002833,"bella 12""x24"" XL Fold and Store Griddle",https://www.costco.com/bella-12x24-xl-fold-and-store-griddle.product.4201002833.html,,,0,0,https://www.costco.com/small-kitchen-appliances.html,9/27/2026 0:00
1738-item-4201013845,1738,4201013845,4201013845,Cuisinart Precision Prep 3-in-1 Immersion Blending System,https://www.costco.com/cuisinart-precision-prep-3-in-1-immersion-blending-system.product.4201013845.html,,,0,0,https://www.costco.com/small-kitchen-appliances.html,9/27/2026 0:00
1738-item-4000213642,1738,4000213642,4000213642,Ninja CREAMi Deluxe 11-in-1 Ice Cream and Frozen Treat Maker,https://www.costco.com/ninja-creami-deluxe-11-in-1-ice-cream-and-frozen-treat-maker.product.4000213642.html,,,0,0,https://www.costco.com/small-kitchen-appliances.html,9/27/2026 0:00
1738-item-4000391766,1738,4000391766,4000391766,Tiger 5.5-Cup Micom Rice Cooker and Warmer,https://www.costco.com/tiger-55-cup-micom-rice-cooker-and-warmer.product.4000391766.html,,,0,0,https://www.costco.com/small-kitchen-appliances.html,9/27/2026 0:00
1738-item-4000289289,1738,4000289289,4000289289,Nespresso Vertuo Next Deluxe with Aeroccino 3 and 32 Capsules,https://www.costco.com/nespresso-vertuo-next-deluxe-with-aeroccino-3-and-32-capsules.product.4000289289.html,,,0,0,https://www.costco.com/small-kitchen-appliances.html,9/27/2026 0:00
1738-item-4000368757,1738,4000368757,4000368757,"Ninja SLUSHi Professional Frozen Drink Maker, 96-oz. Capacity, 5 Preset Programs",https://www.costco.com/ninja-slushi-professional-frozen-drink-maker-96-oz-capacity-5-preset-programs.product.4000368757.html,,,0,0,https://www.costco.com/small-kitchen-appliances.html,9/27/2026 0:00
1738-item-4201024080,1738,4201024080,4201024080,Gourmia XL 13-In-1 French Door Countertop Oven with Air Fry and Temperature Probe,https://www.costco.com/gourmia-xl-13-in-1-french-door-countertop-oven-with-air-fry-and-temperature-probe.product.4201024080.html,,,0,0,https://www.costco.com/small-kitchen-appliances.html,9/27/2026 0:00
1738-item-4201032153,1738,4201032153,4201032153,Ninja CRISPi DualZone 2-Basket Glass Air Fryer,https://www.costco.com/ninja-crispi-dualzone-2-basket-glass-air-fryer.product.4201032153.html,,,0,0,https://www.costco.com/small-kitchen-appliances.html,9/27/2026 0:00
1738-item-4201002280,1738,4201002280,4201002280,Cuisinart SimpliTouch XL Color Touchscreen 2-Slice Toaster,https://www.costco.com/cuisinart-simplitouch-xl-color-touchscreen-2-slice-toaster.product.4201002280.html,,,0,0,https://www.costco.com/small-kitchen-appliances.html,9/27/2026 0:00
1738-item-4000372303,1738,4000372303,4000372303,Cuisinart Brew Central Plus 14-Cup Programmable Coffee Maker,https://www.costco.com/cuisinart-brew-central-plus-14-cup-programmable-coffee-maker.product.4000372303.html,,,0,0,https://www.costco.com/small-kitchen-appliances.html,9/27/2026 0:00
1738-item-4201002559,1738,4201002559,4201002559,Gourmia 2 Quart Automatic Soft Serve Ice Cream and Frozen Drink Maker,https://www.costco.com/gourmia-2-quart-automatic-soft-serve-ice-cream-and-frozen-drink-maker.product.4201002559.html,,,0,0,https://www.costco.com/small-kitchen-appliances.html,9/27/2026 0:00
1738-item-4201008654,1738,4201008654,4201008654,"Dash 14” Family Size Electric Skillet, Ceramic",https://www.costco.com/dash-14-family-size-electric-skillet-ceramic.product.4201008654.html,,,0,0,https://www.costco.com/small-kitchen-appliances.html,9/27/2026 0:00
1738-item-4201028860,1738,4201028860,4201028860,Keurig K-Mini Mate Plus Single-Serve Coffee Maker with Water Filter and K-Cup Pods,https://www.costco.com/keurig-k-mini-mate-plus-single-serve-coffee-maker-with-water-filter-and-k-cup-pods.product.4201028860.html,,,0,0,https://www.costco.com/small-kitchen-appliances.html,9/27/2026 0:00
1738-item-4201009385,1738,4201009385,4201009385,FoodSaver Preserve Vacuum Sealer Appliance with Bags and Marinate Container,https://www.costco.com/foodsaver-preserve-vacuum-sealer-appliance-with-bags-and-marinate-container.product.4201009385.html,,,0,0,https://www.costco.com/small-kitchen-appliances.html,9/27/2026 0:00
1738-item-4000398962,1738,4000398962,4000398962,Cuisinart Extra-Large 26L 10-in-1 Digital Air Fryer Oven,https://www.costco.com/cuisinart-extra-large-26l-10-in-1-digital-air-fryer-oven.product.4000398962.html,,,0,0,https://www.costco.com/small-kitchen-appliances.html,9/27/2026 0:00
1738-item-4201023221,1738,4201023221,4201023221,Chefman Custom-Temp 1.8L Electric Kettle,https://www.costco.com/chefman-custom-temp-18l-electric-kettle.product.4201023221.html,,,0,0,https://www.costco.com/small-kitchen-appliances.html,9/27/2026 0:00
1738-item-4000362087,1738,4000362087,4000362087,"Brita Champlain Water Filter Pitcher, 10 Cup with 2 Filters",https://www.costco.com/brita-champlain-water-filter-pitcher-10-cup-with-2-filters.product.4000362087.html,,,0,0,https://www.costco.com/small-kitchen-appliances.html,9/27/2026 0:00
1738-item-4000428870,1738,4000428870,4000428870,Nordic Ware Deluxe Kettle Smoker with 5 Woodchip Varieties,https://www.costco.com/nordic-ware-deluxe-kettle-smoker-with-5-woodchip-varieties.product.4000428870.html,,,0,0,https://www.costco.com/small-kitchen-appliances.html,9/27/2026 0:00
1738-item-4201006223,1738,4201006223,4201006223,Dash 5qt SmartStore Ceramic Stirring Popcorn Maker,https://www.costco.com/dash-5qt-smartstore-ceramic-stirring-popcorn-maker.product.4201006223.html,,,0,0,https://www.costco.com/small-kitchen-appliances.html,9/27/2026 0:00
1738-item-4000375722,1738,4000375722,4000375722,Shark Detect Performance Lift-Away Advanced Upright Vacuum with DuoClean Detect,https://www.costco.com/shark-detect-performance-lift-away-advanced-upright-vacuum-with-duoclean-detect.product.4000375722.html,,,0,0,https://www.costco.com/vacuums-floor-care.html,9/27/2026 0:00
1738-item-4201011505,1738,4201011505,4201011505,Dyson V10 Konical Cordless Stick Vacuum with Car Cleaning Kit,https://www.costco.com/dyson-v10-konical-cordless-stick-vacuum-with-car-cleaning-kit.product.4201011505.html,,,0,0,https://www.costco.com/vacuums-floor-care.html,9/27/2026 0:00
1738-item-4201031429,1738,4201031429,4201031429,Shark Navigator Lift-Away Upright Vacuum with Reveal Technology,https://www.costco.com/shark-navigator-lift-away-upright-vacuum-with-reveal-technology.product.4201031429.html,,,0,0,https://www.costco.com/vacuums-floor-care.html,9/27/2026 0:00
1738-item-4000354460,1738,4000354460,4000354460,BISSELL PowerClean FurGuard Deluxe 280W Cordless Vacuum with Extra Battery,https://www.costco.com/bissell-powerclean-furguard-deluxe-280w-cordless-vacuum-with-extra-battery.product.4000354460.html,,,0,0,https://www.costco.com/vacuums-floor-care.html,9/27/2026 0:00
1738-item-4000359361,1738,4000359361,4000359361,Shark Stratos Cordless Vacuum with Clean Sense IQ DuoClean PowerFins HairPro,https://www.costco.com/shark-stratos-cordless-vacuum-with-clean-sense-iq-duoclean-powerfins-hairpro.product.4000359361.html,,,0,0,https://www.costco.com/vacuums-floor-care.html,9/27/2026 0:00
1738-item-4201035961,1738,4201035961,4201035961,Dyson Ball Animal Optic Corded Upright Vacuum,https://www.costco.com/dyson-ball-animal-optic-corded-upright-vacuum.product.4201035961.html,,,0,0,https://www.costco.com/vacuums-floor-care.html,9/27/2026 0:00
1738-item-4201031808,1738,4201031808,4201031808,Dyson Gen5detect Extra Cordless Stick Vacuum,https://www.costco.com/dyson-gen5detect-extra-cordless-stick-vacuum.product.4201031808.html,,,0,0,https://www.costco.com/vacuums-floor-care.html,9/27/2026 0:00
1738-item-4201016630,1738,4201016630,4201016630,Shark PowerDetect Speed Clean and Empty Cordless Stick Vacuum with Auto-Empty System,https://www.costco.com/shark-powerdetect-speed-clean-and-empty-cordless-stick-vacuum-with-auto-empty-system.product.4201016630.html,,,0,0,https://www.costco.com/vacuums-floor-care.html,9/27/2026 0:00
1738-item-4000431693,1738,4000431693,4000431693,Roborock QX Revo PLUS Robot Vacuum and Mop with Multifunctional Dock 3.0,https://www.costco.com/roborock-qx-revo-plus-robot-vacuum-and-mop-with-multifunctional-dock-30.product.4000431693.html,,,0,0,https://www.costco.com/vacuums-floor-care.html,9/27/2026 0:00
1738-item-4000417530,1738,4000417530,4000417530,BISSELL Little Green MultiClean Wet and Dry Portable Carpet and Upholstery Cleaner,https://www.costco.com/bissell-little-green-multiclean-wet-and-dry-portable-carpet-and-upholstery-cleaner.product.4000417530.html,,,0,0,https://www.costco.com/vacuums-floor-care.html,9/27/2026 0:00
1738-item-4000323423,1738,4000323423,4000323423,Shark PowerDetect 2-in-1 Robot Vacuum & Mop with NeverTouch Pro Self-Cleaning Base,https://www.costco.com/shark-powerdetect-2-in-1-robot-vacuum--mop-with-nevertouch-pro-self-cleaning-base.product.4000323423.html,,,0,0,https://www.costco.com/vacuums-floor-care.html,9/27/2026 0:00
1738-item-4000422212,1738,4000422212,4000422212,Tineco GO HammerHead MessDetect Ultra Cordless Mop and Vacuum,https://www.costco.com/tineco-go-hammerhead-messdetect-ultra-cordless-mop-and-vacuum.product.4000422212.html,,,0,0,https://www.costco.com/vacuums-floor-care.html,9/27/2026 0:00
1738-item-4000399687,1738,4000399687,4000399687,DeWalt 8-Gallon 4 HP Stealthsonic Quiet Stainless Steel Wet Dry Vacuum,https://www.costco.com/dewalt-8-gallon-4-hp-stealthsonic-quiet-stainless-steel-wet-dry-vacuum.product.4000399687.html,,,0,0,https://www.costco.com/vacuums-floor-care.html,9/27/2026 0:00
1738-item-4201044416,1738,4201044416,4201044416,Dyson R2 Nurovi Wash Dry Robot Vacuum,https://www.costco.com/dyson-r2-nurovi-wash-dry-robot-vacuum.product.4201044416.html,,,0,0,https://www.costco.com/vacuums-floor-care.html,9/27/2026 0:00
1738-item-100697445,1738,100697445,100697445,Maytag 7.0 cu. ft. Electric Dryer with Moisture Sensing in White,https://www.costco.com/maytag-70-cu-ft-electric-dryer-with-moisture-sensing-in-white.product.100697445.html,,,0,0,https://www.costco.com/dryers.html,9/27/2026 0:00
1738-item-100698045,1738,100698045,100698045,Maytag 7.0 cu. ft. Gas Dryer with Moisture Sensing,https://www.costco.com/maytag-70-cu-ft-gas-dryer-with-moisture-sensing.product.100698045.html,,,0,0,https://www.costco.com/dryers.html,9/27/2026 0:00
1738-item-100697442,1738,100697442,100697442,Maytag Top Load 4.8 cu. ft. Washer with Deep Fill Option,https://www.costco.com/maytag-top-load-48-cu-ft-washer-with-deep-fill-option.product.100697442.html,,,0,0,https://www.costco.com/washers.html,9/27/2026 0:00
1738-item-1976293,1738,1976293,1976293,"Braun IPL At Home Laser Hair Removal, Permanent Hair Reduction, Venus Razor",https://www.costco.com/.product.1976293.html,,,0,0,https://www.costco.com/beauty.html,9/27/2026 0:00
1738-item-2026275,1738,2026275,2026275,Shark FlexStyle IonCurl Air Styling System with Curl IQ,https://www.costco.com/.product.2026275.html,,,0,0,https://www.costco.com/beauty.html,9/27/2026 0:00
1738-item-1779318,1738,1779318,1779318,"Beauty of Joseon Glow Serum Propolis + Niacinamide, 3.38 fl oz",https://www.costco.com/.product.1779318.html,,,0,0,https://www.costco.com/beauty.html,9/27/2026 0:00
1738-item-2058938,1738,2058938,2058938,Shark CryoGlow Under-Eye Cooling Plus LED Anti-Aging and Skin Clearing Face Mask,https://www.costco.com/.product.2058938.html,,,0,0,https://www.costco.com/beauty.html,9/27/2026 0:00
1738-item-1324595,1738,1324595,1324595,"Lubriderm Daily Moisture Lotion, Fragrance Free 24 fl oz, 2-count + 6 fl oz Travel Size",https://www.costco.com/.product.1324595.html,,,0,0,https://www.costco.com/beauty.html,9/27/2026 0:00
1738-item-3847868,1738,3847868,3847868,Dyson Airwrap i.d. Multi-Styler and Dryer with Chitosan Post-Style Serum,https://www.costco.com/.product.3847868.html,,,0,0,https://www.costco.com/beauty.html,9/27/2026 0:00
1738-item-2060580,1738,2060580,2060580,"Pantene Essential Botanical Green Tea & Lily Hydrating Volume Shampoo, 38.2 fl oz",https://www.costco.com/.product.2060580.html,,,0,0,https://www.costco.com/beauty.html,9/27/2026 0:00
1738-item-2060578,1738,2060578,2060578,"Pantene Essential Botanical Green Tea & Lily Hydrating Volume Conditioner, 38.2 fl oz",https://www.costco.com/.product.2060578.html,,,0,0,https://www.costco.com/beauty.html,9/27/2026 0:00
1738-item-1561475,1738,1561475,1561475,"CeraVe Moisturizing Cream Interchangeable Multi-Pack, 16 oz Jar with Pump + 16 oz Jar",https://www.costco.com/.product.1561475.html,,,0,0,https://www.costco.com/beauty.html,9/27/2026 0:00
1738-item-1733535,1738,1733535,1733535,Allspace 2 in 1 LED Vanity Mirror and Lamp,https://www.costco.com/.product.1733535.html,,,0,0,https://www.costco.com/beauty.html,9/27/2026 0:00
1738-item-2749064,1738,2749064,2749064,Dyson Supersonic Nural Hair Dryer with Chitosan Post-Style Serum,https://www.costco.com/.product.2749064.html,,,0,0,https://www.costco.com/beauty.html,9/27/2026 0:00
1738-item-778152,1738,778152,778152,"Kirkland Signature Hair Regrowth Treatment Minoxidil Foam for Men, 2.11 oz, 6-count",https://www.costco.com/.product.778152.html,,,0,0,https://www.costco.com/beauty.html,9/27/2026 0:00
1738-item-1753490,1738,1753490,1753490,"Aveeno Daily Moisture Lotion, 24 fl oz, 2-pack",https://www.costco.com/.product.1753490.html,,,0,0,https://www.costco.com/beauty.html,9/27/2026 0:00
1738-item-2017995,1738,2017995,2017995,"L'Oreal Paris Voluminous Panorama Mascara, Blackest Black, 0.33 fl oz, 2 -pack",https://www.costco.com/.product.2017995.html,,,0,0,https://www.costco.com/beauty.html,9/27/2026 0:00
1738-item-2043398,1738,2043398,2043398,"Skin1004 Pore Perfecting Centella Ampoule, 4.06 fl oz, 2-pack",https://www.costco.com/.product.2043398.html,,,0,0,https://www.costco.com/beauty.html,9/27/2026 0:00
1738-item-1744701,1738,1744701,1744701,"Pantene Multi-Tasker 10 Conditioner, 38.2 fl oz",https://www.costco.com/.product.1744701.html,,,0,0,https://www.costco.com/beauty.html,9/27/2026 0:00
1738-item-1720447,1738,1720447,1720447,"StriVectin TL Advanced Tightening Neck Cream Plus, 1 oz, 2-pack",https://www.costco.com/.product.1720447.html,,,0,0,https://www.costco.com/beauty.html,9/27/2026 0:00
1738-item-1744700,1738,1744700,1744700,"Pantene Multi-Tasker 10 Shampoo, 38.2 fl oz",https://www.costco.com/.product.1744700.html,,,0,0,https://www.costco.com/beauty.html,9/27/2026 0:00
1738-item-2043018,1738,2043018,2043018,"Olay Daily Radiance Lotion Vitamin C + Niacinamide, 1.7 fl oz, 2-pack",https://www.costco.com/.product.2043018.html,,,0,0,https://www.costco.com/beauty.html,9/27/2026 0:00
1738-item-2659551,1738,2659551,2659551,Dyson Airstrait Wet-to-Dry Straightener with Omega Hydrating Hair Oil,https://www.costco.com/.product.2659551.html,,,0,0,https://www.costco.com/beauty.html,9/27/2026 0:00
1738-item-1909829,1738,1909829,1909829,"Dr. Groot Scalp Revitalizing Shampoo, 23.6 fl oz, 2-pack",https://www.costco.com/.product.1909829.html,,,0,0,https://www.costco.com/beauty.html,9/27/2026 0:00
1738-item-1939944,1738,1939944,1939944,"Dove Intensive Repair Damage Therapy Shampoo & Conditioner Set, 33.8 fl oz",https://www.costco.com/.product.1939944.html,,,0,0,https://www.costco.com/beauty.html,9/27/2026 0:00
1738-item-1967795,1738,1967795,1967795,"Honeyque Deep Repair Shampoo & Conditioner, 15.2 fl oz, 2-pack",https://www.costco.com/.product.1967795.html,,,0,0,https://www.costco.com/beauty.html,9/27/2026 0:00
1738-item-1737189,1738,1737189,1737189,"Neutrogena Hydro Boost Water Cream, 1.7 fl oz, 2-pack",https://www.costco.com/.product.1737189.html,,,0,0,https://www.costco.com/beauty.html,9/27/2026 0:00
1738-item-2025583,1738,2025583,2025583,"Nexxus Advanced Hydration Therappe Humectress Shampoo & Conditioner, 32 fl oz each",https://www.costco.com/.product.2025583.html,,,0,0,https://www.costco.com/beauty.html,9/27/2026 0:00
1738-item-2085460,1738,2085460,2085460,"Nopalera Cactus Shower Gel, 24oz, 2-pack",https://www.costco.com/.product.2085460.html,,,0,0,https://www.costco.com/beauty.html,9/27/2026 0:00
1738-item-1539240,1738,1539240,1539240,StriVectin Anti-Wrinkle Intensive Eye Concentrate Plus,https://www.costco.com/.product.1539240.html,,,0,0,https://www.costco.com/beauty.html,9/27/2026 0:00
1738-item-1938952,1738,1938952,1938952,"Olay Regenerist 10 Niacinamide Moisturizer, 1.7 oz, 2-pack",https://www.costco.com/.product.1938952.html,,,0,0,https://www.costco.com/beauty.html,9/27/2026 0:00
1738-item-1966263,1738,1966263,1966263,"Olay Every Night Retinol, 1.7 oz, 2-pack",https://www.costco.com/.product.1966263.html,,,0,0,https://www.costco.com/beauty.html,9/27/2026 0:00
1738-item-1968702,1738,1968702,1968702,&honey Deep Moist Shampoo & Conditioner Set,https://www.costco.com/.product.1968702.html,,,0,0,https://www.costco.com/beauty.html,9/27/2026 0:00
1738-item-2015479,1738,2015479,2015479,"Dr. Groot Scalp Revitalizing Conditioner, 9.46 fl oz, 2-pack",https://www.costco.com/.product.2015479.html,,,0,0,https://www.costco.com/beauty.html,9/27/2026 0:00
1738-item-1875033,1738,1875033,1875033,"ROC Advanced Hydration + Water Cream, 1.7 oz, 2-pack",https://www.costco.com/.product.1875033.html,,,0,0,https://www.costco.com/beauty.html,9/27/2026 0:00
1738-item-1696849,1738,1696849,1696849,"Neutrogena Beach Defense Sunscreen Spray SPF 60+, 8.5 oz, 2-pack",https://www.costco.com/.product.1696849.html,,,0,0,https://www.costco.com/beauty.html,9/27/2026 0:00
1738-item-2060571,1738,2060571,2060571,"ROC Line Smoothing Eye Cream, 0.6 fl oz, 3-pack",https://www.costco.com/.product.2060571.html,,,0,0,https://www.costco.com/beauty.html,9/27/2026 0:00
1738-item-1924746,1738,1924746,1924746,Super Nature Shampoo/Conditioner 30 fl oz each,https://www.costco.com/.product.1924746.html,,,0,0,https://www.costco.com/beauty.html,9/27/2026 0:00
1738-item-4698741,1738,4698741,4698741,Shark FlexFusion Styling and Drying System,https://www.costco.com/.product.4698741.html,,,0,0,https://www.costco.com/beauty.html,9/27/2026 0:00
1738-item-1982330,1738,1982330,1982330,"Hawaiian Tropic Sheer Touch Lotion Sunscreen SPF 30, 10.8 fl oz, 2-pack",https://www.costco.com/.product.1982330.html,,,0,0,https://www.costco.com/beauty.html,9/27/2026 0:00
1738-item-2070165,1738,2070165,2070165,"Native Moisturizing Lotion Coconut & Vanilla, 23 fl oz, 2-pack",https://www.costco.com/.product.2070165.html,,,0,0,https://www.costco.com/beauty.html,9/27/2026 0:00
1738-item-2006955,1738,2006955,2006955,InfinitiPRO by Conair High-Speed Digital Dryer,https://www.costco.com/.product.2006955.html,,,0,0,https://www.costco.com/beauty.html,9/27/2026 0:00
1738-item-1877320,1738,1877320,1877320,"Vacation Classic Sunscreen Lotion, SPF 50, 6 fl oz Duo",https://www.costco.com/.product.1877320.html,,,0,0,https://www.costco.com/beauty.html,9/27/2026 0:00
1738-item-2016900,1738,2016900,2016900,"PURCELL Pixcell Biom Glow Barrier Serum, 3.38 fl oz",https://www.costco.com/.product.2016900.html,,,0,0,https://www.costco.com/beauty.html,9/27/2026 0:00
1738-item-2040153,1738,2040153,2040153,"Covergirl Lash Blast Volume Mascara, 3-pack",https://www.costco.com/.product.2040153.html,,,0,0,https://www.costco.com/beauty.html,9/27/2026 0:00
1738-item-1936069,1738,1936069,1936069,Hero Mighty Patch 84 Total Patches,https://www.costco.com/.product.1936069.html,,,0,0,https://www.costco.com/beauty.html,9/27/2026 0:00
1738-item-1897598,1738,1897598,1897598,"Grace & Stella Under Eye Masks, Under Eye Patches Combo Pack, 24-count",https://www.costco.com/.product.1897598.html,,,0,0,https://www.costco.com/beauty.html,9/27/2026 0:00
1738-item-4000395848,1738,4000395848,4000395848,"Braun IPL At Home Laser Hair Removal, Permanent Hair Reduction, Venus Razor",https://www.costco.com/braun-ipl-at-home-laser-hair-removal-permanent-hair-reduction-venus-razor.product.4000395848.html,,,0,0,https://www.costco.com/beauty-tools-accessories.html,9/27/2026 0:00
1738-item-4201021071,1738,4201021071,4201021071,Shark FlexStyle IonCurl Air Styling System with Curl IQ,https://www.costco.com/shark-flexstyle-ioncurl-air-styling-system-with-curl-iq.product.4201021071.html,,,0,0,https://www.costco.com/beauty-tools-accessories.html,9/27/2026 0:00
1738-item-4201018118,1738,4201018118,4201018118,Allspace 2 in 1 LED Vanity Mirror and Lamp,https://www.costco.com/allspace-2-in-1-led-vanity-mirror-and-lamp.product.4201018118.html,,,0,0,https://www.costco.com/beauty-tools-accessories.html,9/27/2026 0:00
1738-item-4201032949,1738,4201032949,4201032949,Shark CryoGlow Under-Eye Cooling Plus LED Anti-Aging and Skin Clearing Face Mask,https://www.costco.com/shark-cryoglow-under-eye-cooling-plus-led-anti-aging-and-skin-clearing-face-mask.product.4201032949.html,,,0,0,https://www.costco.com/beauty-tools-accessories.html,9/27/2026 0:00
1738-item-4000391717,1738,4000391717,4000391717,Shark FlexFusion Styling and Drying System,https://www.costco.com/shark-flexfusion-styling-and-drying-system.product.4000391717.html,,,0,0,https://www.costco.com/beauty-tools-accessories.html,9/27/2026 0:00
1738-item-4000430802,1738,4000430802,4000430802,InfinitiPRO by Conair High-Speed Digital Dryer,https://www.costco.com/infinitipro-by-conair-high-speed-digital-dryer.product.4000430802.html,,,0,0,https://www.costco.com/beauty-tools-accessories.html,9/27/2026 0:00
1738-item-4201011524,1738,4201011524,4201011524,"Pantene Essential Botanicals Green Tea & Lily Hydrating Volume Shampoo, 38.2 fl oz",https://www.costco.com/pantene-essential-botanicals-green-tea--lily-hydrating-volume-shampoo-382-fl-oz.product.4201011524.html,,,0,0,https://www.costco.com/hair-care.html,9/27/2026 0:00
1738-item-4201011465,1738,4201011465,4201011465,"Pantene Essential Botanicals Green Tea & Lily Hydrating Volume Conditioner, 38.2 fl oz",https://www.costco.com/pantene-essential-botanicals-green-tea--lily-hydrating-volume-conditioner-382-fl-oz.product.4201011465.html,,,0,0,https://www.costco.com/hair-care.html,9/27/2026 0:00
1738-item-4201032948,1738,4201032948,4201032948,Dyson Airwrap i.d. Multi-Styler and Dryer with Chitosan Post-Style Serum,https://www.costco.com/dyson-airwrap-id-multi-styler-and-dryer-with-chitosan-post-style-serum.product.4201032948.html,,,0,0,https://www.costco.com/hair-care.html,9/27/2026 0:00
1738-item-4000183076,1738,4000183076,4000183076,"Pantene Multi-Tasker 10 Shampoo, 38.2 fl oz",https://www.costco.com/pantene-multi-tasker-10-shampoo-382-fl-oz.product.4000183076.html,,,0,0,https://www.costco.com/hair-care.html,9/27/2026 0:00
1738-item-4000363407,1738,4000363407,4000363407,"Dove Intensive Repair Damage Therapy Shampoo & Conditioner Set, 33.8 fl oz",https://www.costco.com/dove-intensive-repair-damage-therapy-shampoo--conditioner-set-338-fl-oz.product.4000363407.html,,,0,0,https://www.costco.com/hair-care.html,9/27/2026 0:00
1738-item-4000432874,1738,4000432874,4000432874,"Nexxus Advanced Hydration Therappe Humectress Shampoo & Conditioner, 32 fl oz each",https://www.costco.com/nexxus-advanced-hydration-therappe-humectress-shampoo--conditioner-32-fl-oz-each.product.4000432874.html,,,0,0,https://www.costco.com/hair-care.html,9/27/2026 0:00
1738-item-100038030,1738,100038030,100038030,"Kirkland Signature Hair Regrowth Treatment Minoxidil Foam for Men, 2.11 oz, 6-count",https://www.costco.com/kirkland-signature-hair-regrowth-treatment-minoxidil-foam-for-men-211-oz-6-count.product.100038030.html,,,0,0,https://www.costco.com/hair-care.html,9/27/2026 0:00
1738-item-4000340685,1738,4000340685,4000340685,"Dr. Groot Scalp Revitalizing Shampoo, 23.6 fl oz, 2-pack",https://www.costco.com/dr-groot-scalp-revitalizing-shampoo-236-fl-oz-2-pack.product.4000340685.html,,,0,0,https://www.costco.com/hair-care.html,9/27/2026 0:00
1738-item-4000183119,1738,4000183119,4000183119,"Pantene Multi-Tasker 10 Conditioner, 38.2 fl oz",https://www.costco.com/pantene-multi-tasker-10-conditioner-382-fl-oz.product.4000183119.html,,,0,0,https://www.costco.com/hair-care.html,9/27/2026 0:00
1738-item-4000249145,1738,4000249145,4000249145,"Head & Shoulders 2-in-1 Dandruff Shampoo and Conditioner Advanced Scalp Care with Aloe Vera, Coconut Water & Vitamins, 40 fl oz",https://www.costco.com/head--shoulders-2-in-1-dandruff-shampoo-and-conditioner-advanced-scalp-care-with-aloe-vera-coconut-water--vitamins-40-fl-oz.product.4000249145.html,,,0,0,https://www.costco.com/hair-care.html,9/27/2026 0:00
1738-item-4000348787,1738,4000348787,4000348787,"Super Nature Shampoo/Conditioner, 30 fl oz each",https://www.costco.com/super-nature-shampooconditioner-30-fl-oz-each.product.4000348787.html,,,0,0,https://www.costco.com/hair-care.html,9/27/2026 0:00
1738-item-4000386976,1738,4000386976,4000386976,"Honeyque Deep Repair Shampoo & Conditioner, 15.2 fl oz, 2-pack",https://www.costco.com/honeyque-deep-repair-shampoo--conditioner-152-fl-oz-2-pack.product.4000386976.html,,,0,0,https://www.costco.com/hair-care.html,9/27/2026 0:00
1738-item-4201032860,1738,4201032860,4201032860,Dyson Supersonic Nural Hair Dryer with Chitosan Post-Style Serum,https://www.costco.com/dyson-supersonic-nural-hair-dryer-with-chitosan-post-style-serum.product.4201032860.html,,,0,0,https://www.costco.com/hair-care.html,9/27/2026 0:00
1738-item-4000427499,1738,4000427499,4000427499,"Dr. Groot Scalp Revitalizing Conditioner, 9.46 fl oz, 2-pack",https://www.costco.com/dr-groot-scalp-revitalizing-conditioner-946-fl-oz-2-pack.product.4000427499.html,,,0,0,https://www.costco.com/hair-care.html,9/27/2026 0:00
1738-item-4000430793,1738,4000430793,4000430793,&honey Deep Moist Shampoo & Conditioner Set,https://www.costco.com/honey-deep-moist-shampoo--conditioner-set.product.4000430793.html,,,0,0,https://www.costco.com/hair-care.html,9/27/2026 0:00
1738-item-4201032896,1738,4201032896,4201032896,Dyson Airstrait Wet-to-Dry Straightener with Omega Hydrating Hair Oil,https://www.costco.com/dyson-airstrait-wet-to-dry-straightener-with-omega-hydrating-hair-oil.product.4201032896.html,,,0,0,https://www.costco.com/hair-care.html,9/27/2026 0:00
1738-item-4000427496,1738,4000427496,4000427496,"L'Oreal Paris Voluminous Panorama Mascara, Blackest Black, 0.33 fl oz, 2 -pack",https://www.costco.com/loreal-paris-voluminous-panorama-mascara-blackest-black-033-fl-oz-2--pack.product.4000427496.html,,,0,0,https://www.costco.com/cosmetics.html,9/27/2026 0:00
1738-item-4000442727,1738,4000442727,4000442727,"Covergirl Lash Blast Volume Mascara, 3-pack",https://www.costco.com/covergirl-lash-blast-volume-mascara-3-pack.product.4000442727.html,,,0,0,https://www.costco.com/cosmetics.html,9/27/2026 0:00
1738-item-4000223339,1738,4000223339,4000223339,"Beauty of Joseon Glow Serum Propolis + Niacinamide, 3.38 fl oz",https://www.costco.com/beauty-of-joseon-glow-serum-propolis--niacinamide-338-fl-oz.product.4000223339.html,,,0,0,https://www.costco.com/skin-care.html,9/27/2026 0:00
1738-item-4201015703,1738,4201015703,4201015703,"Skin1004 Pore Perfecting Centella Ampoule, 4.06 fl oz, 2-pack",https://www.costco.com/skin1004-pore-perfecting-centella-ampoule-406-fl-oz-2-pack.product.4201015703.html,,,0,0,https://www.costco.com/skin-care.html,9/27/2026 0:00
1738-item-4000033127,1738,4000033127,4000033127,"Lubriderm Daily Moisture Lotion, Fragrance Free 24 fl oz, 2-count + 6 fl oz Travel Size",https://www.costco.com/lubriderm-daily-moisture-lotion-fragrance-free-24-fl-oz-2-count--6-fl-oz-travel-size.product.4000033127.html,,,0,0,https://www.costco.com/skin-care.html,9/27/2026 0:00
1738-item-4000179673,1738,4000179673,4000179673,"StriVectin TL Advanced Tightening Neck Cream Plus, 1 oz, 2-pack",https://www.costco.com/strivectin-tl-advanced-tightening-neck-cream-plus-1-oz-2-pack.product.4000179673.html,,,0,0,https://www.costco.com/skin-care.html,9/27/2026 0:00
1738-item-4201027257,1738,4201027257,4201027257,"Olay Daily Radiance Lotion Vitamin C + Niacinamide, 1.7 fl oz, 2-pack",https://www.costco.com/olay-daily-radiance-lotion-vitamin-c--niacinamide-17-fl-oz-2-pack.product.4201027257.html,,,0,0,https://www.costco.com/skin-care.html,9/27/2026 0:00
1738-item-100778338,1738,100778338,100778338,"CeraVe Moisturizing Cream Interchangeable Multi-Pack, 16 oz Jar with Pump + 16 oz Jar",https://www.costco.com/cerave-moisturizing-cream-interchangeable-multi-pack-16-oz-jar-with-pump--16-oz-jar.product.100778338.html,,,0,0,https://www.costco.com/skin-care.html,9/27/2026 0:00
1738-item-100771913,1738,100771913,100771913,StriVectin Anti-Wrinkle Intensive Eye Concentrate Plus,https://www.costco.com/strivectin-anti-wrinkle-intensive-eye-concentrate-plus.product.100771913.html,,,0,0,https://www.costco.com/skin-care.html,9/27/2026 0:00
1738-item-4000202668,1738,4000202668,4000202668,"Neutrogena Hydro Boost Water Cream, 1.7 fl oz, 2-pack",https://www.costco.com/neutrogena-hydro-boost-water-cream-17-fl-oz-2-pack.product.4000202668.html,,,0,0,https://www.costco.com/skin-care.html,9/27/2026 0:00
1738-item-4000217415,1738,4000217415,4000217415,"Aveeno Daily Moisture Lotion, 24 fl oz, 2-pack",https://www.costco.com/aveeno-daily-moisture-lotion-24-fl-oz-2-pack.product.4000217415.html,,,0,0,https://www.costco.com/skin-care.html,9/27/2026 0:00
1738-item-4201043426,1738,4201043426,4201043426,"ROC Line Smoothing Eye Cream, 0.6 fl oz, 3-pack",https://www.costco.com/roc-line-smoothing-eye-cream-06-fl-oz-3-pack.product.4201043426.html,,,0,0,https://www.costco.com/skin-care.html,9/27/2026 0:00
1738-item-4000417685,1738,4000417685,4000417685,"Olay Every Night Retinol, 1.7 oz, 2-pack",https://www.costco.com/olay-every-night-retinol-17-oz-2-pack.product.4000417685.html,,,0,0,https://www.costco.com/skin-care.html,9/27/2026 0:00
1738-item-4000403916,1738,4000403916,4000403916,"ROC Advanced Hydration + Water Cream, 1.7 oz, 2-pack",https://www.costco.com/roc-advanced-hydration--water-cream-17-oz-2-pack.product.4000403916.html,,,0,0,https://www.costco.com/skin-care.html,9/27/2026 0:00
1738-item-4000417736,1738,4000417736,4000417736,"Olay Regenerist 10, 1.7 oz, 2-pack",https://www.costco.com/olay-regenerist-10-17-oz-2-pack.product.4000417736.html,,,0,0,https://www.costco.com/skin-care.html,9/27/2026 0:00
1738-item-4000062580,1738,4000062580,4000062580,"Cetaphil Moisturizing Lotion, Dry to Normal Sensitive Skin, 20 fl oz, 2-count",https://www.costco.com/cetaphil-moisturizing-lotion-dry-to-normal-sensitive-skin-20-fl-oz-2-count.product.4000062580.html,,,0,0,https://www.costco.com/skin-care.html,9/27/2026 0:00
1738-item-4201018202,1738,4201018202,4201018202,"Native Moisturizing Lotion Coconut & Vanilla, 23 fl oz, 2-pack",https://www.costco.com/native-moisturizing-lotion-coconut--vanilla-23-fl-oz-2-pack.product.4201018202.html,,,0,0,https://www.costco.com/skin-care.html,9/27/2026 0:00
1738-item-4000365567,1738,4000365567,4000365567,Hero Mighty Patch 84 Total Patches,https://www.costco.com/hero-mighty-patch-84-total-patches.product.4000365567.html,,,0,0,https://www.costco.com/skin-care.html,9/27/2026 0:00
1738-item-4201001463,1738,4201001463,4201001463,"PURCELL Pixcell Biom Glow Barrier Serum, 3.38 fl oz",https://www.costco.com/purcell-pixcell-biom-glow-barrier-serum-338-fl-oz.product.4201001463.html,,,0,0,https://www.costco.com/skin-care.html,9/27/2026 0:00
1738-item-4000370809,1738,4000370809,4000370809,"Grace & Stella Under Eye Masks, Under Eye Patches Combo Pack, 24-count",https://www.costco.com/grace--stella-under-eye-masks-under-eye-patches-combo-pack-24-count.product.4000370809.html,,,0,0,https://www.costco.com/skin-care.html,9/27/2026 0:00
1738-item-7771662,1738,7771662,7771662,"Kirkland Signature Men's Tencel Boxer Brief, 4-pack, Large",https://www.costco.com/.product.7771662.html,,,0,0,https://www.costco.com/clothing.html,9/27/2026 0:00
1738-item-7771712,1738,7771712,7771712,"Kirkland Signature Men's Midweight Crew Tee, 6-pack, White, Large",https://www.costco.com/.product.7771712.html,,,0,0,https://www.costco.com/clothing.html,9/27/2026 0:00
1738-item-7771711,1738,7771711,7771711,"Kirkland Signature Men's Midweight Crew Tee, 6-pack, White, Medium",https://www.costco.com/.product.7771711.html,,,0,0,https://www.costco.com/clothing.html,9/27/2026 0:00
1738-item-7771713,1738,7771713,7771713,"Kirkland Signature Men's Midweight Crew Tee, 6-pack, White, X-Large",https://www.costco.com/.product.7771713.html,,,0,0,https://www.costco.com/clothing.html,9/27/2026 0:00
1738-item-4000151937,1738,4000151937,4000151937,Skechers Men's Arch Comfort Sneaker,https://www.costco.com/.product.4000151937.html,,,0,0,https://www.costco.com/clothing.html,9/27/2026 0:00
1738-item-1733574,1738,1733574,1733574,"Skechers Men's Arch Comfort Sneaker, Black, 8",https://www.costco.com/.product.1733574.html,,,0,0,https://www.costco.com/clothing.html,9/27/2026 0:00
1738-item-1733575,1738,1733575,1733575,"Skechers Men's Arch Comfort Sneaker, Black, 9",https://www.costco.com/.product.1733575.html,,,0,0,https://www.costco.com/clothing.html,9/27/2026 0:00
1738-item-1733576,1738,1733576,1733576,"Skechers Men's Arch Comfort Sneaker, Black, 9.5",https://www.costco.com/.product.1733576.html,,,0,0,https://www.costco.com/clothing.html,9/27/2026 0:00
1738-item-1733579,1738,1733579,1733579,"Skechers Men's Arch Comfort Sneaker, Black, 10",https://www.costco.com/.product.1733579.html,,,0,0,https://www.costco.com/clothing.html,9/27/2026 0:00
1738-item-1733581,1738,1733581,1733581,"Skechers Men's Arch Comfort Sneaker, Black, 10.5",https://www.costco.com/.product.1733581.html,,,0,0,https://www.costco.com/clothing.html,9/27/2026 0:00
1738-item-4000277945,1738,4000277945,4000277945,"Swissgear 17"" Travel  Laptop Backpack",https://www.costco.com/.product.4000277945.html,,,0,0,https://www.costco.com/clothing.html,9/27/2026 0:00
1738-item-1830758,1738,1830758,1830758,"Swissgear 17"" Travel  Laptop Backpack",https://www.costco.com/.product.1830758.html,,,0,0,https://www.costco.com/clothing.html,9/27/2026 0:00
1738-item-4000311439,1738,4000311439,4000311439,"Shed Rain Windpro 46"" Vented Automatic Compact Umbrella, 2-pack",https://www.costco.com/.product.4000311439.html,,,0,0,https://www.costco.com/clothing.html,9/27/2026 0:00
1738-item-1865951,1738,1865951,1865951,"Shed Rain Windpro 46"" Vented Automatic Compact Umbrella, 2-pack, Gray",https://www.costco.com/.product.1865951.html,,,0,0,https://www.costco.com/clothing.html,9/27/2026 0:00
1738-item-1865953,1738,1865953,1865953,"Shed Rain Windpro 46"" Vented Automatic Compact Umbrella, 2-pack, Black",https://www.costco.com/.product.1865953.html,,,0,0,https://www.costco.com/clothing.html,9/27/2026 0:00
1738-item-1865954,1738,1865954,1865954,"Shed Rain Windpro 46"" Vented Automatic Compact Umbrella, 2-pack, Multi",https://www.costco.com/.product.1865954.html,,,0,0,https://www.costco.com/clothing.html,9/27/2026 0:00
1738-item-4000206116,1738,4000206116,4000206116,UGG Ladies' Cozetta Curly Slipper,https://www.costco.com/.product.4000206116.html,,,0,0,https://www.costco.com/clothing.html,9/27/2026 0:00
1738-item-1764369,1738,1764369,1764369,"UGG Ladies' Cozetta Curly Slipper, Tan, 6",https://www.costco.com/.product.1764369.html,,,0,0,https://www.costco.com/clothing.html,9/27/2026 0:00
1738-item-1764370,1738,1764370,1764370,"UGG Ladies' Cozetta Curly Slipper, Tan, 7",https://www.costco.com/.product.1764370.html,,,0,0,https://www.costco.com/clothing.html,9/27/2026 0:00
1738-item-1764371,1738,1764371,1764371,"UGG Ladies' Cozetta Curly Slipper, Tan, 8",https://www.costco.com/.product.1764371.html,,,0,0,https://www.costco.com/clothing.html,9/27/2026 0:00
1738-item-1764372,1738,1764372,1764372,"UGG Ladies' Cozetta Curly Slipper, Tan, 9",https://www.costco.com/.product.1764372.html,,,0,0,https://www.costco.com/clothing.html,9/27/2026 0:00
1738-item-1764373,1738,1764373,1764373,"UGG Ladies' Cozetta Curly Slipper, Tan, 10",https://www.costco.com/.product.1764373.html,,,0,0,https://www.costco.com/clothing.html,9/27/2026 0:00
1738-item-4000359153,1738,4000359153,4000359153,Delsey Paris 2-piece Hardside Luggage Set,https://www.costco.com/.product.4000359153.html,,,0,0,https://www.costco.com/clothing.html,9/27/2026 0:00
1738-item-1872076,1738,1872076,1872076,"Delsey Paris 2-piece Hardside Luggage Set, Green",https://www.costco.com/.product.1872076.html,,,0,0,https://www.costco.com/clothing.html,9/27/2026 0:00
1738-item-1872077,1738,1872077,1872077,"Delsey Paris 2-piece Hardside Luggage Set, Dark Gray",https://www.costco.com/.product.1872077.html,,,0,0,https://www.costco.com/clothing.html,9/27/2026 0:00
1738-item-1872078,1738,1872078,1872078,"Delsey Paris 2-piece Hardside Luggage Set, Navy",https://www.costco.com/.product.1872078.html,,,0,0,https://www.costco.com/clothing.html,9/27/2026 0:00
1738-item-1872079,1738,1872079,1872079,"Delsey Paris 2-piece Hardside Luggage Set, Black",https://www.costco.com/.product.1872079.html,,,0,0,https://www.costco.com/clothing.html,9/27/2026 0:00
1738-item-4000241132,1738,4000241132,4000241132,Steve Madden Ladies' Tiered Midi Dress,https://www.costco.com/.product.4000241132.html,,,0,0,https://www.costco.com/clothing.html,9/27/2026 0:00
1738-item-1803096,1738,1803096,1803096,"Steve Madden Ladies' Tiered Midi Dress, Blue, X-Small",https://www.costco.com/.product.1803096.html,,,0,0,https://www.costco.com/clothing.html,9/27/2026 0:00
1738-item-1803097,1738,1803097,1803097,"Steve Madden Ladies' Tiered Midi Dress, Blue, Small",https://www.costco.com/.product.1803097.html,,,0,0,https://www.costco.com/clothing.html,9/27/2026 0:00
1738-item-1803098,1738,1803098,1803098,"Steve Madden Ladies' Tiered Midi Dress, Blue, Medium",https://www.costco.com/.product.1803098.html,,,0,0,https://www.costco.com/clothing.html,9/27/2026 0:00
1738-item-1803099,1738,1803099,1803099,"Steve Madden Ladies' Tiered Midi Dress, Blue, Large",https://www.costco.com/.product.1803099.html,,,0,0,https://www.costco.com/clothing.html,9/27/2026 0:00
1738-item-1803100,1738,1803100,1803100,"Steve Madden Ladies' Tiered Midi Dress, Blue, X-Large",https://www.costco.com/.product.1803100.html,,,0,0,https://www.costco.com/clothing.html,9/27/2026 0:00
1738-item-4000370938,1738,4000370938,4000370938,adidas Midway Backpack,https://www.costco.com/.product.4000370938.html,,,0,0,https://www.costco.com/clothing.html,9/27/2026 0:00
1738-item-1914500,1738,1914500,1914500,"adidas Midway Backpack, Gray",https://www.costco.com/.product.1914500.html,,,0,0,https://www.costco.com/clothing.html,9/27/2026 0:00
1738-item-1914501,1738,1914501,1914501,"adidas Midway Backpack, Purple",https://www.costco.com/.product.1914501.html,,,0,0,https://www.costco.com/clothing.html,9/27/2026 0:00
1738-item-1914502,1738,1914502,1914502,"adidas Midway Backpack, Black",https://www.costco.com/.product.1914502.html,,,0,0,https://www.costco.com/clothing.html,9/27/2026 0:00
1738-item-1914503,1738,1914503,1914503,"adidas Midway Backpack, Blue",https://www.costco.com/.product.1914503.html,,,0,0,https://www.costco.com/clothing.html,9/27/2026 0:00
1738-item-4000307195,1738,4000307195,4000307195,NOMATIC Essential Travel Pack 20L-30L,https://www.costco.com/.product.4000307195.html,,,0,0,https://www.costco.com/clothing.html,9/27/2026 0:00
1738-item-1865956,1738,1865956,1865956,NOMATIC Essential Travel Pack 20L-30L,https://www.costco.com/.product.1865956.html,,,0,0,https://www.costco.com/clothing.html,9/27/2026 0:00
1738-item-4000345808,1738,4000345808,4000345808,Maui Jim Pool Side GS838-02 Polarized Sunglasses,https://www.costco.com/.product.4000345808.html,,,0,0,https://www.costco.com/clothing.html,9/27/2026 0:00
1738-item-1896247,1738,1896247,1896247,Maui Jim Pool Side GS838-02 Polarized Sunglasses,https://www.costco.com/.product.1896247.html,,,0,0,https://www.costco.com/clothing.html,9/27/2026 0:00
1738-item-4000354463,1738,4000354463,4000354463,"Callaway 62” Automatic Open Vented Golf Umbrella, 2-pack",https://www.costco.com/.product.4000354463.html,,,0,0,https://www.costco.com/clothing.html,9/27/2026 0:00
1738-item-1901517,1738,1901517,1901517,"Callaway 62” Automatic Open Vented Golf Umbrella, 2-pack",https://www.costco.com/.product.1901517.html,,,0,0,https://www.costco.com/clothing.html,9/27/2026 0:00
1738-item-4000299783,1738,4000299783,4000299783,"Banana Republic Men's Boxer Brief, 3-pack",https://www.costco.com/.product.4000299783.html,,,0,0,https://www.costco.com/clothing.html,9/27/2026 0:00
1738-item-1867014,1738,1867014,1867014,"Banana Republic Men's Boxer Brief, 3-pack, Small",https://www.costco.com/.product.1867014.html,,,0,0,https://www.costco.com/clothing.html,9/27/2026 0:00
1738-item-1867015,1738,1867015,1867015,"Banana Republic Men's Boxer Brief, 3-pack, Medium",https://www.costco.com/.product.1867015.html,,,0,0,https://www.costco.com/clothing.html,9/27/2026 0:00
1738-item-1867016,1738,1867016,1867016,"Banana Republic Men's Boxer Brief, 3-pack, Large",https://www.costco.com/.product.1867016.html,,,0,0,https://www.costco.com/clothing.html,9/27/2026 0:00
1738-item-1867017,1738,1867017,1867017,"Banana Republic Men's Boxer Brief, 3-pack, X-Large",https://www.costco.com/.product.1867017.html,,,0,0,https://www.costco.com/clothing.html,9/27/2026 0:00
1738-item-4000373067,1738,4000373067,4000373067,Cascade Mountain Tech Expedition 60L Gear Tote,https://www.costco.com/.product.4000373067.html,,,0,0,https://www.costco.com/clothing.html,9/27/2026 0:00
1738-item-1944569,1738,1944569,1944569,"Cascade Mountain Tech Expedition 60L Gear Tote, Gray",https://www.costco.com/.product.1944569.html,,,0,0,https://www.costco.com/clothing.html,9/27/2026 0:00
1738-item-1944570,1738,1944570,1944570,"Cascade Mountain Tech Expedition 60L Gear Tote, Blue",https://www.costco.com/.product.1944570.html,,,0,0,https://www.costco.com/clothing.html,9/27/2026 0:00
1738-item-4000370891,1738,4000370891,4000370891,Cascade Mountain Tech Expedition Duffel,https://www.costco.com/.product.4000370891.html,,,0,0,https://www.costco.com/clothing.html,9/27/2026 0:00
1738-item-1944487,1738,1944487,1944487,"Cascade Mountain Tech Expedition Duffel, Gray",https://www.costco.com/.product.1944487.html,,,0,0,https://www.costco.com/clothing.html,9/27/2026 0:00
1738-item-1944525,1738,1944525,1944525,"Cascade Mountain Tech Expedition Duffel, Blue",https://www.costco.com/.product.1944525.html,,,0,0,https://www.costco.com/clothing.html,9/27/2026 0:00
1738-item-4000282829,1738,4000282829,4000282829,Alpine Elite by Timber Ridge 55L Hiking Pack,https://www.costco.com/.product.4000282829.html,,,0,0,https://www.costco.com/clothing.html,9/27/2026 0:00
1738-item-1817172,1738,1817172,1817172,Alpine Elite by Timber Ridge 55L Hiking Pack,https://www.costco.com/.product.1817172.html,,,0,0,https://www.costco.com/clothing.html,9/27/2026 0:00
1738-item-4000234767,1738,4000234767,4000234767,Tumi International Expandable 4 Wheeled Carry-on,https://www.costco.com/.product.4000234767.html,,,0,0,https://www.costco.com/clothing.html,9/27/2026 0:00
1738-item-4000234767_SKU,1738,4000234767_SKU,4000234767_SKU,Tumi International Expandable 4 Wheeled Carry-on,https://www.costco.com/.product.4000234767_SKU.html,,,0,0,https://www.costco.com/clothing.html,9/27/2026 0:00
1738-item-1794042,1738,1794042,1794042,Tumi International Expandable 4 Wheeled Carry-on,https://www.costco.com/.product.1794042.html,,,0,0,https://www.costco.com/clothing.html,9/27/2026 0:00
1738-item-4000387217,1738,4000387217,4000387217,Delsey Paris Horizon Hardside Expandable Spinner Carry-on,https://www.costco.com/.product.4000387217.html,,,0,0,https://www.costco.com/clothing.html,9/27/2026 0:00
1738-item-1872085,1738,1872085,1872085,Delsey Paris Horizon Carry-on,https://www.costco.com/.product.1872085.html,,,0,0,https://www.costco.com/clothing.html,9/27/2026 0:00
1738-item-1872090,1738,1872090,1872090,Delsey Paris Horizon Hardside Expandable Spinner Carry-on,https://www.costco.com/.product.1872090.html,,,0,0,https://www.costco.com/clothing.html,9/27/2026 0:00
1738-item-4000389141,1738,4000389141,4000389141,Maui Jim Hukilau Polarized Sunglasses,https://www.costco.com/.product.4000389141.html,,,0,0,https://www.costco.com/clothing.html,9/27/2026 0:00
1738-item-1970263,1738,1970263,1970263,Maui Jim Hukilau Polarized Sunglasses,https://www.costco.com/.product.1970263.html,,,0,0,https://www.costco.com/clothing.html,9/27/2026 0:00
1738-item-4000241010,1738,4000241010,4000241010,7 For All Mankind Women's Tailorless Dojo Trouser Jean,https://www.costco.com/.product.4000241010.html,,,0,0,https://www.costco.com/clothing.html,9/27/2026 0:00
1738-item-1802885,1738,1802885,1802885,"7 For All Mankind Women's Tailorless Dojo Trouser Jean, 27",https://www.costco.com/.product.1802885.html,,,0,0,https://www.costco.com/clothing.html,9/27/2026 0:00
1738-item-1802886,1738,1802886,1802886,"7 For All Mankind Women's Tailorless Dojo Trouser Jean, 28",https://www.costco.com/.product.1802886.html,,,0,0,https://www.costco.com/clothing.html,9/27/2026 0:00
1738-item-1802887,1738,1802887,1802887,"7 For All Mankind Women's Tailorless Dojo Trouser Jean, 29",https://www.costco.com/.product.1802887.html,,,0,0,https://www.costco.com/clothing.html,9/27/2026 0:00
1738-item-1802888,1738,1802888,1802888,"7 For All Mankind Women's Tailorless Dojo Trouser Jean, 30",https://www.costco.com/.product.1802888.html,,,0,0,https://www.costco.com/clothing.html,9/27/2026 0:00
1738-item-1802889,1738,1802889,1802889,"7 For All Mankind Women's Tailorless Dojo Trouser Jean, 31",https://www.costco.com/.product.1802889.html,,,0,0,https://www.costco.com/clothing.html,9/27/2026 0:00
1738-item-4000394691,1738,4000394691,4000394691,"Kirkland Signature Men's Midweight Crew Tee, 6-pack",https://www.costco.com/.product.4000394691.html,,,0,0,https://www.costco.com/clothing.html,9/27/2026 0:00
1738-item-7771710,1738,7771710,7771710,"Kirkland Signature Men's Midweight Crew Tee, 6-pack, White, Small",https://www.costco.com/.product.7771710.html,,,0,0,https://www.costco.com/clothing.html,9/27/2026 0:00
1738-item-7771714,1738,7771714,7771714,"Kirkland Signature Men's Midweight Crew Tee, 6-pack, White, XX-Large",https://www.costco.com/.product.7771714.html,,,0,0,https://www.costco.com/clothing.html,9/27/2026 0:00
1738-item-4000376646,1738,4000376646,4000376646,Maui Jim Hanohano GS644-14A Polarized Sunglasses,https://www.costco.com/.product.4000376646.html,,,0,0,https://www.costco.com/clothing.html,9/27/2026 0:00
1738-item-1956650,1738,1956650,1956650,Maui Jim Hanohano GS644-14A Polarized Sunglasses,https://www.costco.com/.product.1956650.html,,,0,0,https://www.costco.com/clothing.html,9/27/2026 0:00
1738-item-4000405647,1738,4000405647,4000405647,Pure Fiber Soluna - Double-ply Gossamer and Terry Bathrobe,https://www.costco.com/.product.4000405647.html,,,0,0,https://www.costco.com/clothing.html,9/27/2026 0:00
1738-item-2045090,1738,2045090,2045090,"Pure Fiber Soluna - Double Ply Gossamer and Terry Bathrobe, Small/Medium, Ivory",https://www.costco.com/.product.2045090.html,,,0,0,https://www.costco.com/clothing.html,9/27/2026 0:00
1738-item-2045091,1738,2045091,2045091,"Pure Fiber Soluna - Double Ply Gossamer and Terry Bathrobe, Large/X-Large, Ivory",https://www.costco.com/.product.2045091.html,,,0,0,https://www.costco.com/clothing.html,9/27/2026 0:00
1738-item-2045092,1738,2045092,2045092,"Pure Fiber Soluna - Double Ply Gossamer and Terry Bathrobe, Small/Medium, Blue",https://www.costco.com/.product.2045092.html,,,0,0,https://www.costco.com/clothing.html,9/27/2026 0:00
1738-item-2045093,1738,2045093,2045093,"Pure Fiber Soluna - Double Ply Gossamer and Terry Bathrobe, Large/X-Large, Blue",https://www.costco.com/.product.2045093.html,,,0,0,https://www.costco.com/clothing.html,9/27/2026 0:00
1738-item-2045094,1738,2045094,2045094,"Pure Fiber Soluna - Double Ply Gossamer and Terry Bathrobe, Small/Medium, Teal",https://www.costco.com/.product.2045094.html,,,0,0,https://www.costco.com/clothing.html,9/27/2026 0:00
1738-item-4000405568,1738,4000405568,4000405568,Pure Fiber Velour Dream Bathrobe,https://www.costco.com/.product.4000405568.html,,,0,0,https://www.costco.com/clothing.html,9/27/2026 0:00
1738-item-1990915,1738,1990915,1990915,"Pure Fiber Velour Dream Bathrobe, Small, White",https://www.costco.com/.product.1990915.html,,,0,0,https://www.costco.com/clothing.html,9/27/2026 0:00
1738-item-1990916,1738,1990916,1990916,"Pure Fiber Velour Dream Bathrobe, Small, Blue",https://www.costco.com/.product.1990916.html,,,0,0,https://www.costco.com/clothing.html,9/27/2026 0:00
1738-item-1990917,1738,1990917,1990917,"Pure Fiber Velour Dream Bathrobe, Small, Gray",https://www.costco.com/.product.1990917.html,,,0,0,https://www.costco.com/clothing.html,9/27/2026 0:00
1738-item-1990918,1738,1990918,1990918,"Pure Fiber Velour Dream Bathrobe, Medium, White",https://www.costco.com/.product.1990918.html,,,0,0,https://www.costco.com/clothing.html,9/27/2026 0:00
1738-item-1990919,1738,1990919,1990919,"Pure Fiber Velour Dream Bathrobe, Medium, Blue",https://www.costco.com/.product.1990919.html,,,0,0,https://www.costco.com/clothing.html,9/27/2026 0:00
1738-item-4000405641,1738,4000405641,4000405641,Pure Fiber Serenity Organic Cotton Kimono Robe,https://www.costco.com/.product.4000405641.html,,,0,0,https://www.costco.com/clothing.html,9/27/2026 0:00
1738-item-1990907,1738,1990907,1990907,"Pure Fiber Serenity Organic Cotton Kimono Robe, Small/Medium, White",https://www.costco.com/.product.1990907.html,,,0,0,https://www.costco.com/clothing.html,9/27/2026 0:00
1738-item-1990908,1738,1990908,1990908,"Pure Fiber Serenity Organic Cotton Kimono Robe, Small/Medium, Black",https://www.costco.com/.product.1990908.html,,,0,0,https://www.costco.com/clothing.html,9/27/2026 0:00
1738-item-1990909,1738,1990909,1990909,"Pure Fiber Serenity Organic Cotton Kimono Robe, Small/Medium, Brown",https://www.costco.com/.product.1990909.html,,,0,0,https://www.costco.com/clothing.html,9/27/2026 0:00
1738-item-1990910,1738,1990910,1990910,"Pure Fiber Serenity Organic Cotton Kimono Robe, Small/Medium, Green",https://www.costco.com/.product.1990910.html,,,0,0,https://www.costco.com/clothing.html,9/27/2026 0:00
1738-item-1990911,1738,1990911,1990911,"Pure Fiber Serenity Organic Cotton Kimono Robe, Large/X-Large, White",https://www.costco.com/.product.1990911.html,,,0,0,https://www.costco.com/clothing.html,9/27/2026 0:00
1738-item-4000384766,1738,4000384766,4000384766,The North Face Duffel 71L,https://www.costco.com/.product.4000384766.html,,,0,0,https://www.costco.com/clothing.html,9/27/2026 0:00
1738-item-1965339,1738,1965339,1965339,The North Face Duffel 71L,https://www.costco.com/.product.1965339.html,,,0,0,https://www.costco.com/clothing.html,9/27/2026 0:00
1738-item-4000418055,1738,4000418055,4000418055,"Kirkland Signature Men's Tencel Boxer Brief, 4-pack",https://www.costco.com/kirkland-signature-mens-tencel-boxer-brief-4-pack.product.4000418055.html,,,0,0,https://www.costco.com/mens-clothing.html,9/27/2026 0:00
1738-item-1940874,1738,1940874,1940874,Dell Tower Desktop - Intel Core Ultra 5 225 - 16GB RAM - 512GB SSD - Windows 11 Home,https://www.costco.com/.product.1940874.html,,,0,0,https://www.costco.com/computers.html,9/27/2026 0:00
1738-item-2094503,1738,2094503,2094503,Logitech MX Performance Keyboard and Mouse Combo,https://www.costco.com/.product.2094503.html,,,0,0,https://www.costco.com/computers.html,9/27/2026 0:00
1738-item-2022550,1738,2022550,2022550,"Samsung Galaxy Tab A11+ 11.0"" Wi-Fi Tablet 128GB - Includes Book Cover",https://www.costco.com/.product.2022550.html,,,0,0,https://www.costco.com/computers.html,9/27/2026 0:00
1738-item-1947788,1738,1947788,1947788,Samsung Galaxy Tab S10 FE 10.9” Wi-Fi Tablet 128GB – Includes S Pen and Book Cover Keyboard,https://www.costco.com/.product.1947788.html,,,0,0,https://www.costco.com/computers.html,9/27/2026 0:00
1738-item-1945458,1738,1945458,1945458,"HP OmniBook 7 Flip 16"" 2-in-1 AI Laptop - Intel Evo Platform Powered by Intel Core Ultra 7 258V - Copilot+ PC - 3K OLED Touchscreen - 32GB Memory - 1TB SSD - Windows 11 Home",https://www.costco.com/.product.1945458.html,,,0,0,https://www.costco.com/computers.html,9/27/2026 0:00
1738-item-2042863,1738,2042863,2042863,"MacBook Air Laptop (13-inch) - Apple M5 Chip, Built for Apple Intelligence, 10-core CPU, 8-core GPU, 16GB Memory, 512GB SSD Storage, Midnight",https://www.costco.com/.product.2042863.html,,,0,0,https://www.costco.com/computers.html,9/27/2026 0:00
1738-item-2042865,1738,2042865,2042865,"MacBook Air Laptop (13-inch) - Apple M5 Chip, Built for Apple Intelligence, 10-core CPU, 8-core GPU, 16GB Memory, 512GB SSD Storage, Sky Blue",https://www.costco.com/.product.2042865.html,,,0,0,https://www.costco.com/computers.html,9/27/2026 0:00
1738-item-2042867,1738,2042867,2042867,"MacBook Air Laptop (13-inch) - Apple M5 Chip, Built for Apple Intelligence, 10-core CPU, 10-core GPU, 16GB Memory, 1TB SSD Storage, Midnight",https://www.costco.com/.product.2042867.html,,,0,0,https://www.costco.com/computers.html,9/27/2026 0:00
1738-item-1849805,1738,1849805,1849805,"iPad, 128GB Wi-Fi (A16 chip), Sliver",https://www.costco.com/.product.1849805.html,,,0,0,https://www.costco.com/computers.html,9/27/2026 0:00
1738-item-1841464,1738,1841464,1841464,"SanDisk Extreme Go Portable SSD, 2TB",https://www.costco.com/.product.1841464.html,,,0,0,https://www.costco.com/computers.html,9/27/2026 0:00
1738-item-1884152,1738,1884152,1884152,"Acer 15.6"" Portable Monitor",https://www.costco.com/.product.1884152.html,,,0,0,https://www.costco.com/computers.html,9/27/2026 0:00
1738-item-2084956,1738,2084956,2084956,CyberPowerPC Gamer Xtreme Gaming Desktop - Intel Core Ultra 5 225F - GeForce RTX 5060 - 32GB RAM - 1TB SSD - Windows 11,https://www.costco.com/.product.2084956.html,,,0,0,https://www.costco.com/computers.html,9/27/2026 0:00
1738-item-2091245,1738,2091245,2091245,"iBUYPOWER Element Gaming PC Desktop - AMD Ryzen 7 9800X3D - NVIDIA GeForce RTX 5070 12GB - 32GB RAM, 2TB SSD",https://www.costco.com/.product.2091245.html,,,0,0,https://www.costco.com/computers.html,9/27/2026 0:00
1738-item-2046716,1738,2046716,2046716,"MacBook Neo Laptop (13-inch) - Apple A18 Pro Chip, Built for Apple Intelligence, 6-core CPU, 5-core GPU, 8GB Memory, 256GB SSD Storage, Silver",https://www.costco.com/.product.2046716.html,,,0,0,https://www.costco.com/computers.html,9/27/2026 0:00
1738-item-2046717,1738,2046717,2046717,"MacBook Neo Laptop (13-inch) - Apple A18 Pro chip, Built for Apple Intelligence, 6-core CPU, 5-core GPU, 8GB Memory, 256GB SSD Storage, Indigo",https://www.costco.com/.product.2046717.html,,,0,0,https://www.costco.com/computers.html,9/27/2026 0:00
1738-item-2034091,1738,2034091,2034091,"TP-Link Deco 7 Pro BE13000 Tri-Band Wi-Fi 7 Whole Home Mesh Router System, 3-Pack",https://www.costco.com/.product.2034091.html,,,0,0,https://www.costco.com/computers.html,9/27/2026 0:00
1738-item-2048444,1738,2048444,2048444,"UltraPro Elite 8-outlet Surge Protector, 2-pack",https://www.costco.com/.product.2048444.html,,,0,0,https://www.costco.com/computers.html,9/27/2026 0:00
1738-item-1927586,1738,1927586,1927586,MSI Aegis Gaming Desktop – AMD Ryzen 9 9900X – GeForce RTX 5080 – Windows 11 Home - 32GB RAM - 2TB SSD,https://www.costco.com/.product.1927586.html,,,0,0,https://www.costco.com/computers.html,9/27/2026 0:00
1738-item-2026156,1738,2026156,2026156,"Acer Aspire Go 15.6"" Touchscreen Laptop – AMD Ryzen 5 40 Processor – FHD (1920 x 1080) – 16GB RAM - 1TB SSD - Windows 11 Home - Steam Blue",https://www.costco.com/.product.2026156.html,,,0,0,https://www.costco.com/computers.html,9/27/2026 0:00
1738-item-2051888,1738,2051888,2051888,"HP OmniBook 3 14"" Next Gen AI Laptop - Qualcomm Snapdragon X - Copilot+ PC - 2K OLED (1920 x 1200) - 16GB Memory - 512GB SSD - Windows 11 Home",https://www.costco.com/.product.2051888.html,,,0,0,https://www.costco.com/computers.html,9/27/2026 0:00
1738-item-2027121,1738,2027121,2027121,"Acer Aspire 16"" AI Copilot+ PC Touchscreen Laptop - Intel Core Ultra 5 processor 226V - WUXGA (1920 x 1200) Touchscreen - 16GB RAM - 1TB SSD - Windows 11 Home - Steel Gray",https://www.costco.com/.product.2027121.html,,,0,0,https://www.costco.com/computers.html,9/27/2026 0:00
1738-item-1842865,1738,1842865,1842865,HP Color LaserJet Pro MFP 3301cdw Wireless All-in-One Printer,https://www.costco.com/.product.1842865.html,,,0,0,https://www.costco.com/computers.html,9/27/2026 0:00
1738-item-1782904,1738,1782904,1782904,"DPS Encode 3D Insight Gaming Chair, Black",https://www.costco.com/.product.1782904.html,,,0,0,https://www.costco.com/computers.html,9/27/2026 0:00
1738-item-1977050,1738,1977050,1977050,"LG 34"" WQHD 120Hz Curved Ultrawide Monitor",https://www.costco.com/.product.1977050.html,,,0,0,https://www.costco.com/computers.html,9/27/2026 0:00
1738-item-2042877,1738,2042877,2042877,"MacBook Air Laptop (15-inch) - Apple M5 chip, Built for Apple Intelligence, 10-core CPU, 10-core GPU, 16GB Memory, 512GB SSD Storage, Sky Blue",https://www.costco.com/.product.2042877.html,,,0,0,https://www.costco.com/computers.html,9/27/2026 0:00
1738-item-2041212,1738,2041212,2041212,"Lenovo IdeaPad 5 2-in-1 14"" Touchscreen Laptop -  Ryzen AI 7 445 Processor - WUXGA (1920 x 1200) - 16GB RAM - 1TB SSD -  Windows 11 Home - Digital Pen Included",https://www.costco.com/.product.2041212.html,,,0,0,https://www.costco.com/computers.html,9/27/2026 0:00
1738-item-2074545,1738,2074545,2074545,"MSI Prestige 16 AI+ Copilot+ Laptop - 16"" OLED 2880 x 1800 Touchscreen - Intel Core Ultra X7 358H - 32GB RAM - 1TB SSD - Windows 11",https://www.costco.com/.product.2074545.html,,,0,0,https://www.costco.com/computers.html,9/27/2026 0:00
1738-item-1943678,1738,1943678,1943678,"Epson EcoTank ET-3958 Wireless All-in-One Color Supertank Printer, White",https://www.costco.com/.product.1943678.html,,,0,0,https://www.costco.com/computers.html,9/27/2026 0:00
1738-item-2056897,1738,2056897,2056897,"MSI 27"" Gaming QHD QD-OLED 240Hz 0.03ms NVIDIA G-Sync & AMD FreeSync Monitor",https://www.costco.com/.product.2056897.html,,,0,0,https://www.costco.com/computers.html,9/27/2026 0:00
1738-item-1849809,1738,1849809,1849809,"iPad, 256GB Wi-Fi (A16 chip), Silver",https://www.costco.com/.product.1849809.html,,,0,0,https://www.costco.com/computers.html,9/27/2026 0:00
1738-item-1831183,1738,1831183,1831183,"Sony PlayStation Portal Remote Player Bundle, White",https://www.costco.com/.product.1831183.html,,,0,0,https://www.costco.com/computers.html,9/27/2026 0:00
1738-item-1831180,1738,1831180,1831180,"Sony PlayStation Portal Remote Player Bundle, Black",https://www.costco.com/.product.1831180.html,,,0,0,https://www.costco.com/computers.html,9/27/2026 0:00
1738-item-2063822,1738,2063822,2063822,HP OfficeJet Pro 8138 All-in-One Color Inkjet Printer- AI Capable,https://www.costco.com/.product.2063822.html,,,0,0,https://www.costco.com/computers.html,9/27/2026 0:00
1738-item-2032595,1738,2032595,2032595,"LG 27"" Full HD 100Hz Monitor with HDR 10 and USB Type-C 15W P",https://www.costco.com/.product.2032595.html,,,0,0,https://www.costco.com/computers.html,9/27/2026 0:00
1738-item-2016969,1738,2016969,2016969,"Galaxy Book4 Edge 14"" Copilot+ PC Touchscreen Laptop - Snapdragon X Elite (12 Core) - Dynamic AMOLED 2X WQXGA+ (2880 x 1800) - 16GB RAM - 512GB SSD - Windows 11 Home",https://www.costco.com/.product.2016969.html,,,0,0,https://www.costco.com/computers.html,9/27/2026 0:00
1738-item-1932660,1738,1932660,1932660,MSI Codex R2 Gaming Desktop – Intel Core Ultra 7 265 - NVIDIA RTX 5060 Ti 8GB – Windows 11 Home - 32GB RAM – 2TB SSD,https://www.costco.com/.product.1932660.html,,,0,0,https://www.costco.com/computers.html,9/27/2026 0:00
1738-item-1925449,1738,1925449,1925449,Epson EcoTank ET-2988 Wireless SuperTank Printer - White,https://www.costco.com/.product.1925449.html,,,0,0,https://www.costco.com/computers.html,9/27/2026 0:00
1738-item-2045757,1738,2045757,2045757,"Lenovo IdeaPad Slim 5i 16"" Touchscreen Copilot+ PC Laptop -  WUXGA (1920 x 1200) - Intel Core Ultra 5 Processor - 16GB RAM - 512GB SSD - Windows 11 Home - Cosmic Blue",https://www.costco.com/.product.2045757.html,,,0,0,https://www.costco.com/computers.html,9/27/2026 0:00
1738-item-2014292,1738,2014292,2014292,"Dell Plus 16"" Touchscreen Laptop - Intel Core Ultra 7 256V Processor - FHD (1920 x 1080) - 16GB RAM - 512GB SSD - Windows 11 Home - Ice Blue",https://www.costco.com/.product.2014292.html,,,0,0,https://www.costco.com/computers.html,9/27/2026 0:00
1738-item-1780758,1738,1780758,1780758,"iMac All-in-One Desktop Computer (24-inch) - Apple M4 chip, Built for Apple Intelligence, 8-core CPU, 8-core GPU, 16GB Memory, 256GB SSD Storage, Silver",https://www.costco.com/.product.1780758.html,,,0,0,https://www.costco.com/computers.html,9/27/2026 0:00
1738-item-2045878,1738,2045878,2045878,"Lenovo IdeaPad Slim 5i 16"" Touchscreen Laptop - Intel Core Ultra 7 355 - WUXGA 1920 x 1200 - 16GB RAM -  1TB SSD - Windows 11 Home",https://www.costco.com/.product.2045878.html,,,0,0,https://www.costco.com/computers.html,9/27/2026 0:00
1738-item-2013232,1738,2013232,2013232,"Alienware 15.3"" Gaming Laptop - AMD Ryzen 7 260 Processor - NVIDIA GeForce RTX 5060 - 16GB RAM - WUXGA (1920 x 1200) 165Hz Display - 1TB SSD - Windows 11 Home",https://www.costco.com/.product.2013232.html,,,0,0,https://www.costco.com/computers.html,9/27/2026 0:00
1738-item-9520001,1738,9520001,9520001,Canon IVY 2 Mini Photo Printer Bundle - White,https://www.costco.com/.product.9520001.html,,,0,0,https://www.costco.com/computers.html,9/27/2026 0:00
1738-item-2056363,1738,2056363,2056363,"HP OmniStudio 27"" Touchscreen All-in-One Desktop - Intel Core Ultra 5 325 - Copilot+ PC - FHD (1920 x 1080) - 16GB RAM - 1TB SSD - Windows 11 Home",https://www.costco.com/.product.2056363.html,,,0,0,https://www.costco.com/computers.html,9/27/2026 0:00
1738-item-1987762,1738,1987762,1987762,DPS Recon Gaming Office Chair,https://www.costco.com/.product.1987762.html,,,0,0,https://www.costco.com/computers.html,9/27/2026 0:00
1738-item-2049874,1738,2049874,2049874,"Lenovo IdeaPad 5i 2-in-1 15.3"" Touchscreen Copilot+PC - Core Ultra 7 355 - WUXGA (1920 x 1200) - 16GB RAM - 1TB SSD - Windows 11 Home - Digital Pen Included",https://www.costco.com/.product.2049874.html,,,0,0,https://www.costco.com/computers.html,9/27/2026 0:00
1738-item-1945139,1738,1945139,1945139,"MacBook Pro Laptop (14-inch) - Apple M5 chip, Built for Apple Intelligence, 10-core CPU, 10-core GPU, 16GB Memory, 1TB SSD Storage, Space Black",https://www.costco.com/.product.1945139.html,,,0,0,https://www.costco.com/computers.html,9/27/2026 0:00
1738-item-2042802,1738,2042802,2042802,"iPad Air 11-inch, 128GB Wi-Fi (M4 chip) Built For Apple Intelligence, Space Gray",https://www.costco.com/.product.2042802.html,,,0,0,https://www.costco.com/computers.html,9/27/2026 0:00
1738-item-2041010,1738,2041010,2041010,"Lenovo Legion 5 15.3"" Gaming Laptop  - Ryzen AI 9 465 - GeForce RTX 5070 - WQXGA (2560 x 1600) - 32GB RAM - 1TB SSD -  Windows 11 Home",https://www.costco.com/.product.2041010.html,,,0,0,https://www.costco.com/computers.html,9/27/2026 0:00
1738-item-2064507,1738,2064507,2064507,"34"" ViewFinity S5 Ultrawide QHD 120Hz Curved Monitor",https://www.costco.com/.product.2064507.html,,,0,0,https://www.costco.com/computers.html,9/27/2026 0:00
1738-item-2051275,1738,2051275,2051275,"Acer Nitro 31.5"" Class 180Hz WQHD Curved Gaming Monitor",https://www.costco.com/.product.2051275.html,,,0,0,https://www.costco.com/computers.html,9/27/2026 0:00
1738-item-2055389,1738,2055389,2055389,"HP OmniBook 5 16"" Touchscreen Laptop - Qualcomm Snapdragon X Plus (8 core) - Copilot+ PC - 2K OLED (1920 x 1200) - 16GB RAM - 1TB SSD - Windows 11 Home",https://www.costco.com/.product.2055389.html,,,0,0,https://www.costco.com/computers.html,9/27/2026 0:00
1738-item-9520002,1738,9520002,9520002,Canon IVY 2 Mini Photo Printer Bundle - Pink,https://www.costco.com/.product.9520002.html,,,0,0,https://www.costco.com/computers.html,9/27/2026 0:00
1738-item-2042938,1738,2042938,2042938,"Mac mini Desktop Computer - Apple M6 chip, Built for Apple Intelligence, 12-core CPU, 12-core GPU, 16GB Memory, 256GB SSD Storage",https://www.costco.com/.product.2042938.html,,,0,0,https://www.costco.com/computers.html,9/27/2026 0:00
1738-item-2051427,1738,2051427,2051427,"HP HyperX OMEN 15.3"" Gaming Laptop - Intel Core Ultra 9 275HX - GeForce RTX 5070 - 2.5K (2560 x 1600) 180Hz - 32GB RAM - 1TB SSD - Windows 11 Home",https://www.costco.com/.product.2051427.html,,,0,0,https://www.costco.com/computers.html,9/27/2026 0:00
1738-item-2054567,1738,2054567,2054567,"HP OmniBook X 14"" Touchscreen Laptop - Intel Core Ultra 7 355 - Copilot+ PC - 3K (2880 x 1800) OLED - 16GB RAM - 1TB SSD - Windows 11 Home",https://www.costco.com/.product.2054567.html,,,0,0,https://www.costco.com/computers.html,9/27/2026 0:00
1738-item-1849834,1738,1849834,1849834,"iPad Pro 11-inch, 256GB Wi-Fi (M5 chip) Built For Apple Intelligence, Space Black",https://www.costco.com/.product.1849834.html,,,0,0,https://www.costco.com/computers.html,9/27/2026 0:00
1738-item-1943045,1738,1943045,1943045,"iPad Pro 13-inch, 256GB Wi-Fi (M5 chip) Built For Apple Intelligence, Space Black",https://www.costco.com/.product.1943045.html,,,0,0,https://www.costco.com/computers.html,9/27/2026 0:00
1738-item-2056767,1738,2056767,2056767,"HP OmniBook 3 17.3"" Touchscreen Laptop - Intel Core Ultra 5 322 - Copilot+ PC - FHD (1920 x 1080) - 16GB RAM - 512GB SSD - Windows 11 Home",https://www.costco.com/.product.2056767.html,,,0,0,https://www.costco.com/computers.html,9/27/2026 0:00
1738-item-2042887,1738,2042887,2042887,"MacBook Pro Laptop (14-inch) - Apple M5 Pro Chip, Built for Apple Intelligence, 15-core CPU, 16-core GPU, 24GB Memory, 1TB SSD Storage, Space Black",https://www.costco.com/.product.2042887.html,,,0,0,https://www.costco.com/computers.html,9/27/2026 0:00
1738-item-2017575,1738,2017575,2017575,"ASUS ROG Strix G18 18"" Gaming Laptop - Intel Core Ultra 9 290HX PLUS - NVIDIA® GeForce RTX 5060, 2.5K 300Hz/3ms ROG Nebula Display - 32GB RAM, 1TB SSD - Windows 11 Home",https://www.costco.com/.product.2017575.html,,,0,0,https://www.costco.com/computers.html,9/27/2026 0:00
1738-item-2059823,1738,2059823,2059823,"HP OmniBook 5 16"" Touchscreen Laptop - Intel Core Ultra 9 386H - Copilot+ PC - 2K OLED (1920 x 1200) - 32GB RAM - 1TB SSD - Windows 11 Home",https://www.costco.com/.product.2059823.html,,,0,0,https://www.costco.com/computers.html,9/27/2026 0:00
1738-item-1778000,1738,1778000,1778000,"Magic Keyboard for iPad Pro 13‑inch - US English, Black",https://www.costco.com/.product.1778000.html,,,0,0,https://www.costco.com/computers.html,9/27/2026 0:00
1738-item-2042369,1738,2042369,2042369,"Lenovo IdeaPad Pro 5i 16"" TouchScreen Laptop - Intel Core Ultra 9 386H Processor - NVIDIA GeForce RTX 5050 - 32GB RAM -  1TB SSD - Windows 11 Home",https://www.costco.com/.product.2042369.html,,,0,0,https://www.costco.com/computers.html,9/27/2026 0:00
1738-item-1881000,1738,1881000,1881000,Magic Keyboard — White iPad Air 11-inch,https://www.costco.com/.product.1881000.html,,,0,0,https://www.costco.com/computers.html,9/27/2026 0:00
1738-item-2042897,1738,2042897,2042897,"MacBook Pro Laptop (16-inch) - Apple M5 Pro Chip, Built for Apple Intelligence, 18-core CPU, 20-core GPU, 24GB Memory, 1TB SSD Storage, Space Black",https://www.costco.com/.product.2042897.html,,,0,0,https://www.costco.com/computers.html,9/27/2026 0:00
1738-item-1774000,1738,1774000,1774000,"Magic Keyboard for iPad Pro 11‑inch - US English, Black",https://www.costco.com/.product.1774000.html,,,0,0,https://www.costco.com/computers.html,9/27/2026 0:00
1738-item-1882000,1738,1882000,1882000,Magic Keyboard — White iPad Air 13-inch,https://www.costco.com/.product.1882000.html,,,0,0,https://www.costco.com/computers.html,9/27/2026 0:00
1738-item-4201033147,1738,4201033147,4201033147,Logitech MX Performance Keyboard and Mouse Combo,https://www.costco.com/logitech-mx-performance-keyboard-and-mouse-combo.product.4201033147.html,,,0,0,https://www.costco.com/computer-accessories.html,9/27/2026 0:00
1738-item-4000449806,1738,4000449806,4000449806,"UltraPro Elite 8-outlet Surge Protector, 2-pack",https://www.costco.com/ultrapro-elite-8-outlet-surge-protector-2-pack.product.4000449806.html,,,0,0,https://www.costco.com/computer-accessories.html,9/27/2026 0:00
1738-item-4000363784,1738,4000363784,4000363784,Dell Tower Desktop - Intel Core Ultra 5 225 - 16GB RAM - 512GB SSD - Windows 11 Home,https://www.costco.com/dell-tower-desktop---intel-core-ultra-5-225---16gb-ram---512gb-ssd---windows-11-home.product.4000363784.html,,,0,0,https://www.costco.com/desktops-servers.html,9/27/2026 0:00
1738-item-4000445406,1738,4000445406,4000445406,CyberPowerPC Gamer Xtreme Gaming Desktop - Intel Core Ultra 5 225F - GeForce RTX 5060 - 32GB RAM - 1TB SSD - Windows 11,https://www.costco.com/cyberpowerpc-gamer-xtreme-gaming-desktop---intel-core-ultra-5-225f---geforce-rtx-5060---32gb-ram---1tb-ssd---windows-11.product.4000445406.html,,,0,0,https://www.costco.com/desktops-servers.html,9/27/2026 0:00
1738-item-4000375972,1738,4000375972,4000375972,MSI Codex R2 Gaming Desktop - Intel Core Ultra 7 265 - NVIDIA RTX 5060 Ti 8GB - Windows 11 Home - 32GB RAM - 2TB SSD,https://www.costco.com/msi-codex-r2-gaming-desktop---intel-core-ultra-7-265---nvidia-rtx-5060-ti-8gb---windows-11-home---32gb-ram---2tb-ssd.product.4000375972.html,,,0,0,https://www.costco.com/desktops-servers.html,9/27/2026 0:00
1738-item-4000449752,1738,4000449752,4000449752,"iBUYPOWER Element Gaming PC Desktop - AMD Ryzen 7 9800X3D - NVIDIA GeForce RTX 5070 12GB - 32GB RAM, 2TB SSD",https://www.costco.com/ibuypower-element-gaming-pc-desktop---amd-ryzen-7-9800x3d---nvidia-geforce-rtx-5070-12gb---32gb-ram-2tb-ssd.product.4000449752.html,,,0,0,https://www.costco.com/desktops-servers.html,9/27/2026 0:00
1738-item-4000355760,1738,4000355760,4000355760,MSI Aegis Gaming Desktop - AMD Ryzen 9 9900X - GeForce RTX 5080 - Windows 11 Home - 32GB RAM - 2TB SSD,https://www.costco.com/msi-aegis-gaming-desktop---amd-ryzen-9-9900x---geforce-rtx-5080---windows-11-home---32gb-ram---2tb-ssd.product.4000355760.html,,,0,0,https://www.costco.com/desktops-servers.html,9/27/2026 0:00
1738-item-4201000972,1738,4201000972,4201000972,"HP OmniStudio 27"" Touchscreen All-in-One Desktop - Intel Core Ultra 5 325 - Copilot+ PC - FHD (1920 x 1080) - 16GB RAM - 1TB SSD - Windows 11 Home",https://www.costco.com/hp-omnistudio-27-touchscreen-all-in-one-desktop---intel-core-ultra-5-325---copilot-pc---fhd-1920-x-1080---16gb-ram---1tb-ssd---windows-11-home.product.4201000972.html,,,0,0,https://www.costco.com/desktops-servers.html,9/27/2026 0:00
1738-item-4000225180,1738,4000225180,4000225180,"iMac All-in-One Desktop Computer (24-inch) - Apple M4 chip, Built for Apple Intelligence, 8-core CPU, 8-core GPU, 16GB Memory, 256GB SSD Storage",https://www.costco.com/imac-all-in-one-desktop-computer-24-inch---apple-m4-chip-built-for-apple-intelligence-8-core-cpu-8-core-gpu-16gb-memory-256gb-ssd-storage.product.4000225180.html,,,0,0,https://www.costco.com/desktops-servers.html,9/27/2026 0:00
1738-item-4000444297,1738,4000444297,4000444297,"Mac mini Desktop Computer - Apple M6 chip, Built for Apple Intelligence, 12-core CPU, 12-core GPU, 16GB Memory, 256GB SSD Storage",https://www.costco.com/mac-mini-desktop-computer---apple-m6-chip-built-for-apple-intelligence-12-core-cpu-12-core-gpu-16gb-memory-256gb-ssd-storage.product.4000444297.html,,,0,0,https://www.costco.com/desktops-servers.html,9/27/2026 0:00
1738-item-4000279578,1738,4000279578,4000279578,"SanDisk Extreme Go Portable SSD, 2TB",https://www.costco.com/sandisk-extreme-go-portable-ssd-2tb.product.4000279578.html,,,0,0,https://www.costco.com/hard-drives-memory.html,9/27/2026 0:00
1738-item-4201023303,1738,4201023303,4201023303,"HP OmniBook 3 14"" Next Gen AI Laptop - Qualcomm Snapdragon X - Copilot+ PC - 2K OLED (1920 x 1200) - 16GB Memory - 512GB SSD - Windows 11 Home",https://www.costco.com/hp-omnibook-3-14-next-gen-ai-laptop---qualcomm-snapdragon-x---copilot-pc---2k-oled-1920-x-1200---16gb-memory---512gb-ssd---windows-11-home.product.4201023303.html,,,0,0,https://www.costco.com/laptops.html,9/27/2026 0:00
1738-item-4000447603,1738,4000447603,4000447603,"MacBook Neo Laptop (13-inch) - Apple A18 Pro Chip, Built for Apple Intelligence, 6-core CPU, 5-core GPU, 8GB Memory, 256GB SSD Storage",https://www.costco.com/macbook-neo-laptop-13-inch---apple-a18-pro-chip-built-for-apple-intelligence-6-core-cpu-5-core-gpu-8gb-memory-256gb-ssd-storage.product.4000447603.html,,,0,0,https://www.costco.com/laptops.html,9/27/2026 0:00
1738-item-4000355164,1738,4000355164,4000355164,"HP OmniBook 7 Flip 16"" 2-in-1 AI Laptop - Intel Evo Platform Powered by Intel Core Ultra 7 258V - Copilot+ PC - 3K OLED Touchscreen - 32GB Memory - 1TB SSD - Windows 11 Home",https://www.costco.com/hp-omnibook-7-flip-16-2-in-1-ai-laptop---intel-evo-platform-powered-by-intel-core-ultra-7-258v---copilot-pc---3k-oled-touchscreen---32gb-memory---1tb-ssd---windows-11-home.product.4000355164.html,,,0,0,https://www.costco.com/laptops.html,9/27/2026 0:00
1738-item-4000446220,1738,4000446220,4000446220,"Acer Aspire 16"" AI Copilot+ PC Touchscreen Laptop - Intel Core Ultra 5 processor 226V - WUXGA (1920 x 1200) Touchscreen - 16GB RAM - 1TB SSD - Windows 11 Home - Steel Gray",https://www.costco.com/acer-aspire-16-ai-copilot-pc-touchscreen-laptop---intel-core-ultra-5-processor-226v---wuxga-1920-x-1200-touchscreen---16gb-ram---1tb-ssd---windows-11-home---steel-gray.product.4000446220.html,,,0,0,https://www.costco.com/laptops.html,9/27/2026 0:00
1738-item-4000444336,1738,4000444336,4000444336,"MacBook Air Laptop (13-inch) with Apple M5 Chip, Built for Apple Intelligence",https://www.costco.com/macbook-air-laptop-13-inch-with-apple-m5-chip-built-for-apple-intelligence.product.4000444336.html,,,0,0,https://www.costco.com/laptops.html,9/27/2026 0:00
1738-item-4201037353,1738,4201037353,4201037353,"Acer Aspire Go 15.6"" Touchscreen Laptop – AMD Ryzen 5 40 Processor – FHD (1920 x 1080) – 16GB RAM - 1TB SSD - Windows 11 Home - Steam Blue",https://www.costco.com/acer-aspire-go-156-touchscreen-laptop--amd-ryzen-5-40-processor--fhd-1920-x-1080--16gb-ram---1tb-ssd---windows-11-home---steam-blue.product.4201037353.html,,,0,0,https://www.costco.com/laptops.html,9/27/2026 0:00
1738-item-4201032687,1738,4201032687,4201032687,"Dell Plus 16"" Touchscreen Laptop - Intel Core Ultra 7 256V Processor - FHD (1920 x 1080) - 16GB RAM - 512GB SSD - Windows 11 Home - Ice Blue",https://www.costco.com/dell-plus-16-touchscreen-laptop---intel-core-ultra-7-256v-processor---fhd-1920-x-1080---16gb-ram---512gb-ssd---windows-11-home---ice-blue.product.4201032687.html,,,0,0,https://www.costco.com/laptops.html,9/27/2026 0:00
1738-item-4201011710,1738,4201011710,4201011710,"Lenovo IdeaPad Slim 5i 16"" Touchscreen Copilot+ PC Laptop - WUXGA (1920 x 1200) - Intel Core Ultra 5 Processor - 16GB RAM - 512GB SSD - Windows 11 Home - Cosmic Blue",https://www.costco.com/lenovo-ideapad-slim-5i-16-touchscreen-copilot-pc-laptop----wuxga-1920-x-1200---intel-core-ultra-5-processor---16gb-ram---512gb-ssd---windows-11-home---cosmic-blue.product.4201011710.html,,,0,0,https://www.costco.com/laptops.html,9/27/2026 0:00
1738-item-4201002837,1738,4201002837,4201002837,"Lenovo IdeaPad 5 2-in-1 14"" Touchscreen Laptop - Ryzen AI 7 445 Processor - WUXGA (1920 x 1200) - 16GB RAM - 1TB SSD - Windows 11 Home - Digital Pen Included",https://www.costco.com/lenovo-ideapad-5-2-in-1-14-touchscreen-laptop----ryzen-ai-7-445-processor---wuxga-1920-x-1200---16gb-ram---1tb-ssd----windows-11-home---digital-pen-included.product.4201002837.html,,,0,0,https://www.costco.com/laptops.html,9/27/2026 0:00
1738-item-4000444232,1738,4000444232,4000444232,"MacBook Air Laptop (15-inch) with Apple M5 Chip, Built for Apple Intelligence",https://www.costco.com/macbook-air-laptop-15-inch-with-apple-m5-chip-built-for-apple-intelligence.product.4000444232.html,,,0,0,https://www.costco.com/laptops.html,9/27/2026 0:00
1738-item-4000445388,1738,4000445388,4000445388,"MSI Prestige 16 AI+ Copilot+ Laptop - 16"" OLED 2880 x 1800 Touchscreen - Intel Core Ultra X7 358H - 32GB RAM - 1TB SSD - Windows 11",https://www.costco.com/msi-prestige-16-ai-copilot-laptop---16-oled-2880-x-1800-touchscreen---intel-core-ultra-x7-358h---32gb-ram---1tb-ssd---windows-11.product.4000445388.html,,,0,0,https://www.costco.com/laptops.html,9/27/2026 0:00
1738-item-4000446283,1738,4000446283,4000446283,"Lenovo IdeaPad Slim 5i 16"" Touchscreen Laptop - Intel Core Ultra 7 355 - WUXGA 1920 x 1200 - 16GB RAM - 1TB SSD - Windows 11 Home",https://www.costco.com/lenovo-ideapad-slim-5i-16-touchscreen-laptop---intel-core-ultra-7-355---wuxga-1920-x-1200---16gb-ram----1tb-ssd---windows-11-home.product.4000446283.html,,,0,0,https://www.costco.com/laptops.html,9/27/2026 0:00
1738-item-4000448442,1738,4000448442,4000448442,"Lenovo IdeaPad 5i 2-in-1 15.3"" Touchscreen Copilot+PC - Core Ultra 7 355 - WUXGA (1920 x 1200) - 16GB RAM - 1TB SSD - Windows 11 Home - Digital Pen Included",https://www.costco.com/lenovo-ideapad-5i-2-in-1-153-touchscreen-copilotpc---core-ultra-7-355---wuxga-1920-x-1200---16gb-ram---1tb-ssd---windows-11-home---digital-pen-included.product.4000448442.html,,,0,0,https://www.costco.com/laptops.html,9/27/2026 0:00
1738-item-4201015412,1738,4201015412,4201015412,"Alienware 15.3"" Gaming Laptop - AMD Ryzen 7 260 Processor - NVIDIA GeForce RTX 5060 - 16GB RAM - WUXGA (1920 x 1200) 165Hz Display - 1TB SSD - Windows 11 Home",https://www.costco.com/alienware-153-gaming-laptop---amd-ryzen-7-260-processor---nvidia-geforce-rtx-5060---16gb-ram---wuxga-1920-x-1200-165hz-display---1tb-ssd---windows-11-home.product.4201015412.html,,,0,0,https://www.costco.com/laptops.html,9/27/2026 0:00
1738-item-4000370739,1738,4000370739,4000370739,"MacBook Pro Laptop (14-inch) - Apple M5 chip, Built for Apple Intelligence, 10-core CPU, 10-core GPU, 16GB Memory, 1TB SSD Storage",https://www.costco.com/macbook-pro-laptop-14-inch---apple-m5-chip-built-for-apple-intelligence-10-core-cpu-10-core-gpu-16gb-memory-1tb-ssd-storage.product.4000370739.html,,,0,0,https://www.costco.com/laptops.html,9/27/2026 0:00
1738-item-4000061905,1738,4000061905,4000061905,"Lenovo Legion 5 15.3"" Gaming Laptop - Ryzen AI 9 465 - GeForce RTX 5070 - WQXGA (2560 x 1600) - 32GB RAM - 1TB SSD - Windows 11 Home",https://www.costco.com/lenovo-legion-5-153-gaming-laptop----ryzen-ai-9-465---geforce-rtx-5070---wqxga-2560-x-1600---32gb-ram---1tb-ssd----windows-11-home.product.4000061905.html,,,0,0,https://www.costco.com/laptops.html,9/27/2026 0:00
1738-item-4201013672,1738,4201013672,4201013672,"Galaxy Book4 Edge 14"" Copilot+ PC Touchscreen Laptop - Snapdragon X Elite (12 Core) - Dynamic AMOLED 2X WQXGA+ (2880 x 1800) - 16GB RAM - 512GB SSD - Windows 11 Home",https://www.costco.com/galaxy-book4-edge-14-copilot-pc-touchscreen-laptop---snapdragon-x-elite-12-core---dynamic-amoled-2x-wqxga-2880-x-1800---16gb-ram---512gb-ssd---windows-11-home.product.4201013672.html,,,0,0,https://www.costco.com/laptops.html,9/27/2026 0:00
1738-item-4201002121,1738,4201002121,4201002121,"HP OmniBook X 14"" Touchscreen Laptop - Intel Core Ultra 7 355 - Copilot+ PC - 3K (2880 x 1800) OLED - 16GB RAM - 1TB SSD - Windows 11 Home",https://www.costco.com/hp-omnibook-x-14-touchscreen-laptop---intel-core-ultra-7-355---copilot-pc---3k-2880-x-1800-oled---16gb-ram---1tb-ssd---windows-11-home.product.4201002121.html,,,0,0,https://www.costco.com/laptops.html,9/27/2026 0:00
1738-item-4201002266,1738,4201002266,4201002266,"HP OmniBook 5 16"" Touchscreen Laptop - Qualcomm Snapdragon X Plus (8 core) - Copilot+ PC - 2K OLED (1920 x 1200) - 16GB RAM - 1TB SSD - Windows 11 Home",https://www.costco.com/hp-omnibook-5-16-touchscreen-laptop---qualcomm-snapdragon-x-plus-8-core---copilot-pc---2k-oled-1920-x-1200---16gb-ram---1tb-ssd---windows-11-home.product.4201002266.html,,,0,0,https://www.costco.com/laptops.html,9/27/2026 0:00
1738-item-4201007940,1738,4201007940,4201007940,"HP HyperX OMEN 15.3"" Gaming Laptop - Intel Core Ultra 9 275HX - GeForce RTX 5070 - 2.5K (2560 x 1600) 180Hz - 32GB RAM - 1TB SSD - Windows 11 Home",https://www.costco.com/hp-hyperx-omen-153-gaming-laptop---intel-core-ultra-9-275hx---geforce-rtx-5070---25k-2560-x-1600-180hz---32gb-ram---1tb-ssd---windows-11-home.product.4201007940.html,,,0,0,https://www.costco.com/laptops.html,9/27/2026 0:00
1738-item-4201002147,1738,4201002147,4201002147,"HP OmniBook 3 17.3"" Touchscreen Laptop - Intel Core Ultra 5 322 - Copilot+ PC - FHD (1920 x 1080) - 16GB RAM - 512GB SSD - Windows 11 Home",https://www.costco.com/hp-omnibook-3-173-touchscreen-laptop---intel-core-ultra-5-322---copilot-pc---fhd-1920-x-1080---16gb-ram---512gb-ssd---windows-11-home.product.4201002147.html,,,0,0,https://www.costco.com/laptops.html,9/27/2026 0:00
1738-item-4000444288,1738,4000444288,4000444288,"MacBook Pro Laptop (16-inch) - Apple M5 Pro Chip, Built for Apple Intelligence, 18-core CPU, 20-core GPU, 24GB Memory, 1TB SSD Storage",https://www.costco.com/macbook-pro-laptop-16-inch---apple-m5-pro-chip-built-for-apple-intelligence-18-core-cpu-20-core-gpu-24gb-memory-1tb-ssd-storage.product.4000444288.html,,,0,0,https://www.costco.com/laptops.html,9/27/2026 0:00
1738-item-4000444264,1738,4000444264,4000444264,"MacBook Pro Laptop (14-inch) - Apple M5 Pro Chip, Built for Apple Intelligence, 15-core CPU, 16-core GPU, 24GB Memory, 1TB SSD Storage",https://www.costco.com/macbook-pro-laptop-14-inch---apple-m5-pro-chip-built-for-apple-intelligence-15-core-cpu-16-core-gpu-24gb-memory-1tb-ssd-storage.product.4000444264.html,,,0,0,https://www.costco.com/laptops.html,9/27/2026 0:00
1738-item-4201003708,1738,4201003708,4201003708,"HP OmniBook 5 16"" Touchscreen Laptop - Intel Core Ultra 9 386H - Copilot+ PC - 2K OLED (1920 x 1200) - 32GB RAM - 1TB SSD - Windows 11 Home",https://www.costco.com/hp-omnibook-5-16-touchscreen-laptop---intel-core-ultra-9-386h---copilot-pc---2k-oled-1920-x-1200---32gb-ram---1tb-ssd---windows-11-home.product.4201003708.html,,,0,0,https://www.costco.com/laptops.html,9/27/2026 0:00
1738-item-4201002558,1738,4201002558,4201002558,"ASUS ROG Strix G18 18"" Gaming Laptop - Intel Core Ultra 9 290HX PLUS - NVIDIA® GeForce RTX 5060, 2.5K 300Hz/3ms ROG Nebula Display - 32GB RAM, 1TB SSD - Windows 11 Home",https://www.costco.com/asus-rog-strix-g18-18-gaming-laptop---intel-core-ultra-9-290hx-plus---nvidia-geforce-rtx-5060-25k-300hz3ms-rog-nebula-display---32gb-ram-1tb-ssd---windows-11-home.product.4201002558.html,,,0,0,https://www.costco.com/laptops.html,9/27/2026 0:00
1738-item-4201000935,1738,4201000935,4201000935,"Lenovo IdeaPad Pro 5i 16"" TouchScreen Laptop - Intel Core Ultra 9 386H Processor - NVIDIA GeForce RTX 5050 - 32GB RAM - 1TB SSD - Windows 11 Home",https://www.costco.com/lenovo-ideapad-pro-5i-16-touchscreen-laptop---intel-core-ultra-9-386h-processor---nvidia-geforce-rtx-5050---32gb-ram----1tb-ssd---windows-11-home.product.4201000935.html,,,0,0,https://www.costco.com/laptops.html,9/27/2026 0:00
1738-item-4000394200,1738,4000394200,4000394200,"LG 34"" WQHD 120Hz Curved Ultrawide Monitor",https://www.costco.com/lg-34-wqhd-120hz-curved-ultrawide-monitor.product.4000394200.html,,,0,0,https://www.costco.com/monitors.html,9/27/2026 0:00
1738-item-4201021105,1738,4201021105,4201021105,"MSI 27"" Gaming QHD QD-OLED 240Hz 0.03ms NVIDIA G-Sync & AMD FreeSync Monitor",https://www.costco.com/msi-27-gaming-qhd-qd-oled-240hz-003ms-nvidia-g-sync--amd-freesync-monitor.product.4201021105.html,,,0,0,https://www.costco.com/monitors.html,9/27/2026 0:00
1738-item-4000434487,1738,4000434487,4000434487,"LG 27"" Full HD 100Hz Monitor with HDR 10 and USB Type-C 15W P",https://www.costco.com/lg-27-full-hd-100hz-monitor-with-hdr-10-and-usb-type-c-15w-p.product.4000434487.html,,,0,0,https://www.costco.com/monitors.html,9/27/2026 0:00
1738-item-4000319402,1738,4000319402,4000319402,"Acer 15.6"" Portable Monitor",https://www.costco.com/acer-156-portable-monitor.product.4000319402.html,,,0,0,https://www.costco.com/monitors.html,9/27/2026 0:00
1738-item-4201018429,1738,4201018429,4201018429,"Acer Nitro 31.5"" Class 180Hz WQHD Curved Gaming Monitor",https://www.costco.com/acer-nitro-315-class-180hz-wqhd-curved-gaming-monitor.product.4201018429.html,,,0,0,https://www.costco.com/monitors.html,9/27/2026 0:00
1738-item-4201035515,1738,4201035515,4201035515,"34"" ViewFinity S5 Ultrawide QHD 120Hz Curved Monitor",https://www.costco.com/34-viewfinity-s5-ultrawide-qhd-120hz-curved-monitor.product.4201035515.html,,,0,0,https://www.costco.com/monitors.html,9/27/2026 0:00
1738-item-4000383692,1738,4000383692,4000383692,DPS Encode 3D Insight Gaming Chair,https://www.costco.com/dps-encode-3d-insight-gaming-chair.product.4000383692.html,,,0,0,https://www.costco.com/pc-gaming.html,9/27/2026 0:00
1738-item-4000371942,1738,4000371942,4000371942,Sony PlayStation Portal Remote Player Bundle,https://www.costco.com/sony-playstation-portal-remote-player-bundle.product.4000371942.html,,,0,0,https://www.costco.com/pc-gaming.html,9/27/2026 0:00
1738-item-4201002581,1738,4201002581,4201002581,DPS Recon Gaming Office Chair,https://www.costco.com/dps-recon-gaming-office-chair.product.4201002581.html,,,0,0,https://www.costco.com/pc-gaming.html,9/27/2026 0:00
1738-item-4201003302,1738,4201003302,4201003302,"TP-Link Deco 7 Pro BE13000 Tri-Band Wi-Fi 7 Whole Home Mesh Router System, 3-Pack",https://www.costco.com/tp-link-deco-7-pro-be13000-tri-band-wi-fi-7-whole-home-mesh-router-system-3-pack.product.4201003302.html,,,0,0,https://www.costco.com/routers-networking.html,9/27/2026 0:00
1738-item-4000285678,1738,4000285678,4000285678,"iPad, 128GB Wi-Fi (A16 chip)",https://www.costco.com/ipad-128gb-wi-fi-a16-chip.product.4000285678.html,,,0,0,https://www.costco.com/tablet-computers-accessories.html,9/27/2026 0:00
1738-item-4000427075,1738,4000427075,4000427075,"Samsung Galaxy Tab A11+ 11.0"" Wi-Fi Tablet 128GB - Includes Book Cover",https://www.costco.com/samsung-galaxy-tab-a11-110-wi-fi-tablet-128gb---includes-book-cover.product.4000427075.html,,,0,0,https://www.costco.com/tablet-computers-accessories.html,9/27/2026 0:00
1738-item-4000370781,1738,4000370781,4000370781,Samsung Galaxy Tab S10 FE 10.9” Wi-Fi Tablet 128GB – Includes S Pen and Book Cover Keyboard,https://www.costco.com/samsung-galaxy-tab-s10-fe-109-wi-fi-tablet-128gb--includes-s-pen-and-book-cover-keyboard.product.4000370781.html,,,0,0,https://www.costco.com/tablet-computers-accessories.html,9/27/2026 0:00
1738-item-4000285631,1738,4000285631,4000285631,"iPad, 256GB Wi-Fi (A16 chip)",https://www.costco.com/ipad-256gb-wi-fi-a16-chip.product.4000285631.html,,,0,0,https://www.costco.com/tablet-computers-accessories.html,9/27/2026 0:00
1738-item-4000444349,1738,4000444349,4000444349,"iPad Air 11-inch, 128GB Wi-Fi (M4 chip) Built For Apple Intelligence",https://www.costco.com/ipad-air-11-inch-128gb-wi-fi-m4-chip-built-for-apple-intelligence.product.4000444349.html,,,0,0,https://www.costco.com/tablet-computers-accessories.html,9/27/2026 0:00
1738-item-4000366725,1738,4000366725,4000366725,"iPad Pro 13-inch, 256GB Wi-Fi (M5 chip) Built For Apple Intelligence",https://www.costco.com/ipad-pro-13-inch-256gb-wi-fi-m5-chip-built-for-apple-intelligence.product.4000366725.html,,,0,0,https://www.costco.com/tablet-computers-accessories.html,9/27/2026 0:00
1738-item-4000285636,1738,4000285636,4000285636,"iPad Pro 11-inch, 256GB Wi-Fi (M5 chip) Built For Apple Intelligence",https://www.costco.com/ipad-pro-11-inch-256gb-wi-fi-m5-chip-built-for-apple-intelligence.product.4000285636.html,,,0,0,https://www.costco.com/tablet-computers-accessories.html,9/27/2026 0:00
1738-item-4000276944,1738,4000276944,4000276944,Magic Keyboard — White iPad Air 11-inch,https://www.costco.com/magic-keyboard--white-ipad-air-11-inch.product.4000276944.html,,,0,0,https://www.costco.com/tablet-computers-accessories.html,9/27/2026 0:00
1738-item-4000276952,1738,4000276952,4000276952,Magic Keyboard for iPad Pro 13‑inch - US English,https://www.costco.com/magic-keyboard-for-ipad-pro-13inch---us-english.product.4000276952.html,,,0,0,https://www.costco.com/tablet-computers-accessories.html,9/27/2026 0:00
1738-item-4000276943,1738,4000276943,4000276943,Magic Keyboard — White iPad Air 13-inch,https://www.costco.com/magic-keyboard--white-ipad-air-13-inch.product.4000276943.html,,,0,0,https://www.costco.com/tablet-computers-accessories.html,9/27/2026 0:00
1738-item-4000276972,1738,4000276972,4000276972,Magic Keyboard for iPad Pro 11‑inch - US English,https://www.costco.com/magic-keyboard-for-ipad-pro-11inch---us-english.product.4000276972.html,,,0,0,https://www.costco.com/tablet-computers-accessories.html,9/27/2026 0:00
1738-item-1783252,1738,1783252,1783252,Thomasville Gilroy Fabric Oversized Storage Chair and Storage Ottoman,https://www.costco.com/.product.1783252.html,,,0,0,https://www.costco.com/costco-direct.html,9/27/2026 0:00
1738-item-1861704,1738,1861704,1861704,Thomasville Fallon Modular Sectional 6-piece Gray with Ottoman,https://www.costco.com/.product.1861704.html,,,0,0,https://www.costco.com/costco-direct.html,9/27/2026 0:00
1738-item-1947401,1738,1947401,1947401,Lifetime 170-Gallon Resin Outdoor Storage Deck Box,https://www.costco.com/.product.1947401.html,,,0,0,https://www.costco.com/costco-direct.html,9/27/2026 0:00
1738-item-1862180,1738,1862180,1862180,Coddle Luke Sleeper Sectional with Reversible Chaise and Storage,https://www.costco.com/.product.1862180.html,,,0,0,https://www.costco.com/costco-direct.html,9/27/2026 0:00
1738-item-9655750,1738,9655750,9655750,"Hisense 55"" Class - QD7 Series - 4K Hi-QLED Smart TV - Allstate 3-Year Protection Plan Bundle Included for 5 Years of Total Coverage*",https://www.costco.com/.product.9655750.html,,,0,0,https://www.costco.com/costco-direct.html,9/27/2026 0:00
1738-item-1902493,1738,1902493,1902493,Yardistry 8' x 7' Greenhouse,https://www.costco.com/.product.1902493.html,,,0,0,https://www.costco.com/costco-direct.html,9/27/2026 0:00
1738-item-1695459,1738,1695459,1695459,"Henredon Murphy Swivel Boucle Chair, Cream",https://www.costco.com/.product.1695459.html,,,0,0,https://www.costco.com/costco-direct.html,9/27/2026 0:00
1738-item-2092119,1738,2092119,2092119,"THOR Kitchen 48"" 6.8 cu. ft. Professional Double Oven Gas Range, Matte Black",https://www.costco.com/.product.2092119.html,,,0,0,https://www.costco.com/costco-direct.html,9/27/2026 0:00
1738-item-2092120,1738,2092120,2092120,"THOR Kitchen 48"" 6.8 cu. ft. Professional Double Oven Gas Range, Stainless Steel",https://www.costco.com/.product.2092120.html,,,0,0,https://www.costco.com/costco-direct.html,9/27/2026 0:00
1738-item-2092122,1738,2092122,2092122,"THOR Kitchen 17.5 cu. ft. 30""  French Door Refrigerator, Stainless Steel",https://www.costco.com/.product.2092122.html,,,0,0,https://www.costco.com/costco-direct.html,9/27/2026 0:00
1738-item-1783227,1738,1783227,1783227,Holley Oversized Fabric Accent Chair with Storage Ottoman,https://www.costco.com/.product.1783227.html,,,0,0,https://www.costco.com/costco-direct.html,9/27/2026 0:00
1738-item-1900568,1738,1900568,1900568,"Sealy Posturepedic Pro Lincoln Heights 14"" Firm, Medium, or Plush Mattress, Firm Full",https://www.costco.com/.product.1900568.html,,,0,0,https://www.costco.com/costco-direct.html,9/27/2026 0:00
1738-item-1900569,1738,1900569,1900569,"Sealy Posturepedic Pro Lincoln Heights 14"" Firm, Medium, or Plush Mattress, Firm Queen",https://www.costco.com/.product.1900569.html,,,0,0,https://www.costco.com/costco-direct.html,9/27/2026 0:00
1738-item-1900570,1738,1900570,1900570,"Sealy Posturepedic Pro Lincoln Heights 14"" Firm, Medium, or Plush Mattress, Firm King",https://www.costco.com/.product.1900570.html,,,0,0,https://www.costco.com/costco-direct.html,9/27/2026 0:00
1738-item-2045147,1738,2045147,2045147,"Sealy Posturepedic Pro Lincoln Heights 14"" Firm, Medium, or Plush Mattress, Medium Queen",https://www.costco.com/.product.2045147.html,,,0,0,https://www.costco.com/costco-direct.html,9/27/2026 0:00
1738-item-2045148,1738,2045148,2045148,"Sealy Posturepedic Pro Lincoln Heights 14"" Firm, Medium, or Plush Mattress, Medium, King",https://www.costco.com/.product.2045148.html,,,0,0,https://www.costco.com/costco-direct.html,9/27/2026 0:00
1738-item-1694813,1738,1694813,1694813,"Suncast 6' x 5' Modern Shed, Gray",https://www.costco.com/.product.1694813.html,,,0,0,https://www.costco.com/costco-direct.html,9/27/2026 0:00
1738-item-2092124,1738,2092124,2092124,"THOR Kitchen 20.3 cu. ft. 36"" French Door Refrigerator, Stainless Steel",https://www.costco.com/.product.2092124.html,,,0,0,https://www.costco.com/costco-direct.html,9/27/2026 0:00
1738-item-1812332,1738,1812332,1812332,"Henredon Murphy Swivel Boucle Chair, Gray",https://www.costco.com/.product.1812332.html,,,0,0,https://www.costco.com/costco-direct.html,9/27/2026 0:00
1738-item-1861850,1738,1861850,1861850,"Henredon Murphy Fabric 6-piece Modular Sectional with Ottoman, Beige",https://www.costco.com/.product.1861850.html,,,0,0,https://www.costco.com/costco-direct.html,9/27/2026 0:00
1738-item-1723201,1738,1723201,1723201,"Novaform 14” ComfortGrande Advanced Gel Memory Foam Mattress, Twin",https://www.costco.com/.product.1723201.html,,,0,0,https://www.costco.com/costco-direct.html,9/27/2026 0:00
1738-item-1723203,1738,1723203,1723203,"Novaform 14” ComfortGrande Advanced Gel Memory Foam Mattress, Queen",https://www.costco.com/.product.1723203.html,,,0,0,https://www.costco.com/costco-direct.html,9/27/2026 0:00
1738-item-1723204,1738,1723204,1723204,"Novaform 14” ComfortGrande Advanced Gel Memory Foam Mattress, King",https://www.costco.com/.product.1723204.html,,,0,0,https://www.costco.com/costco-direct.html,9/27/2026 0:00
1738-item-1723202,1738,1723202,1723202,"Novaform 14” ComfortGrande Advanced Gel Memory Foam Mattress, Full",https://www.costco.com/.product.1723202.html,,,0,0,https://www.costco.com/costco-direct.html,9/27/2026 0:00
1738-item-1895900,1738,1895900,1895900,"Novaform 14” ComfortGrande Advanced Gel Memory Foam Mattress, Twin XL",https://www.costco.com/.product.1895900.html,,,0,0,https://www.costco.com/costco-direct.html,9/27/2026 0:00
1738-item-1862067,1738,1862067,1862067,"Henredon Murphy Fabric 6-piece Modular Sectional with Ottoman, Beige, Green",https://www.costco.com/.product.1862067.html,,,0,0,https://www.costco.com/costco-direct.html,9/27/2026 0:00
1738-item-1782774,1738,1782774,1782774,Thomasville Tisdale Modular Sectional 6-piece Dark Gray with Storage Ottoman,https://www.costco.com/.product.1782774.html,,,0,0,https://www.costco.com/costco-direct.html,9/27/2026 0:00
1738-item-1783245,1738,1783245,1783245,Thomasville Caler Convertible Sleeper Sectional with Storage,https://www.costco.com/.product.1783245.html,,,0,0,https://www.costco.com/costco-direct.html,9/27/2026 0:00
1738-item-1987843,1738,1987843,1987843,"Sydney 6-piece Fabric Modular Sectional, Taupe",https://www.costco.com/.product.1987843.html,,,0,0,https://www.costco.com/costco-direct.html,9/27/2026 0:00
1738-item-1845205,1738,1845205,1845205,"Kirkland Signature by Stearns & Foster 14"" Tight Top Lakeridge Mattress, Queen",https://www.costco.com/.product.1845205.html,,,0,0,https://www.costco.com/costco-direct.html,9/27/2026 0:00
1738-item-1845206,1738,1845206,1845206,"Kirkland Signature by Stearns & Foster 14"" Tight Top Lakeridge Mattress, King",https://www.costco.com/.product.1845206.html,,,0,0,https://www.costco.com/costco-direct.html,9/27/2026 0:00
1738-item-1845207,1738,1845207,1845207,"Kirkland Signature by Stearns & Foster 14"" Tight Top Lakeridge Mattress, California King",https://www.costco.com/.product.1845207.html,,,0,0,https://www.costco.com/costco-direct.html,9/27/2026 0:00
1738-item-1293824,1738,1293824,1293824,Yardistry 12' x 16' Gazebo with Aluminum Roof,https://www.costco.com/.product.1293824.html,,,0,0,https://www.costco.com/costco-direct.html,9/27/2026 0:00
1738-item-1812619,1738,1812619,1812619,Emma Fabric Power Reclining Sectional with Power Footrest,https://www.costco.com/.product.1812619.html,,,0,0,https://www.costco.com/costco-direct.html,9/27/2026 0:00
1738-item-2046928,1738,2046928,2046928,Lifetime 10' x 8' Outdoor Storage Shed,https://www.costco.com/.product.2046928.html,,,0,0,https://www.costco.com/costco-direct.html,9/27/2026 0:00
1738-item-1945194,1738,1945194,1945194,"Apple AirPods Pro 3, Wireless Earbuds, Active Noise Cancellation, Hearing Aid Feature, Heart Rate Sensing, Includes 2 Years of AppleCare+",https://www.costco.com/.product.1945194.html,,,0,0,https://www.costco.com/airpods.html,9/27/2026 0:00
1738-item-1611943,1738,1611943,1611943,AirPods 4 with Active Noise Cancellation,https://www.costco.com/.product.1611943.html,,,0,0,https://www.costco.com/airpods.html,9/27/2026 0:00
1738-item-2042837,1738,2042837,2042837,"Apple Watch Series 12 (GPS) 42mm Case with Sport Band (Size S/M), Hypertension Notifications, Sleep Score, Advanced Workout Metrics, Light Gold.",https://www.costco.com/.product.2042837.html,,,0,0,https://www.costco.com/apple-smart-watch.html,9/27/2026 0:00
1738-item-2042840,1738,2042840,2042840,"Apple Watch Series 12 (GPS) 42mm Case with Sport Band (Size S/M), Hypertension Notifications, Sleep Score, Advanced Workout Metrics, Dark Bronze.",https://www.costco.com/.product.2042840.html,,,0,0,https://www.costco.com/apple-smart-watch.html,9/27/2026 0:00
1738-item-2042842,1738,2042842,2042842,"Apple Watch Series 12 (GPS) 46mm Case with Sport Band (Size M/L), Hypertension Notifications, Sleep Score, Advanced Workout Metrics - Black",https://www.costco.com/.product.2042842.html,,,0,0,https://www.costco.com/apple-smart-watch.html,9/27/2026 0:00
1738-item-2042843,1738,2042843,2042843,"Apple Watch Series 12 (GPS) 46mm Case with Sport Band (Size M/L), Hypertension Notifications, Sleep Score, Advanced Workout Metrics - Space Gray",https://www.costco.com/.product.2042843.html,,,0,0,https://www.costco.com/apple-smart-watch.html,9/27/2026 0:00
1738-item-1778371,1738,1778371,1778371,"Apple Watch SE 3 (GPS) 40mm Case with Sport Band (Size S/M), Starlight",https://www.costco.com/.product.1778371.html,,,0,0,https://www.costco.com/apple-smart-watch.html,9/27/2026 0:00
1738-item-2042833,1738,2042833,2042833,Apple Watch SE 3 (GPS) 40mm Case with Sport Band (Size S/M) - Starlight,https://www.costco.com/.product.2042833.html,,,0,0,https://www.costco.com/apple-smart-watch.html,9/27/2026 0:00
1738-item-2042857,1738,2042857,2042857,"Apple Watch Ultra 4 (GPS + Cellular) 49mm Black Titanium Case with 5G and Satellite Communications (Size M/L), Translucent Black Ocean",https://www.costco.com/.product.2042857.html,,,0,0,https://www.costco.com/apple-smart-watch.html,9/27/2026 0:00
1738-item-1874533,1738,1874533,1874533,"Apple Watch Ultra 3 (GPS + Cellular) 49mm Black Titanium Case with 5G and Satellite Communications (Size M/L), Black Ocean.",https://www.costco.com/.product.1874533.html,,,0,0,https://www.costco.com/apple-smart-watch.html,9/27/2026 0:00
1738-item-1826987,1738,1826987,1826987,"SHOKZ OpenRun SE- Open-Ear Bluetooth Wireless Bone Conduction Sport Headphones, Standard - Dark Gray",https://www.costco.com/.product.1826987.html,,,0,0,https://www.costco.com/audio-video.html,9/27/2026 0:00
1738-item-1926987,1738,1926987,1926987,"SHOKZ OpenRun SE- Open-Ear Bluetooth Wireless Bone Conduction Sport Headphones, Standard - Indigo",https://www.costco.com/.product.1926987.html,,,0,0,https://www.costco.com/audio-video.html,9/27/2026 0:00
1738-item-2009547,1738,2009547,2009547,Pioneer PSX615 700 Watt All-In-One Party Speaker with Auracast,https://www.costco.com/.product.2009547.html,,,0,0,https://www.costco.com/audio-video.html,9/27/2026 0:00
1738-item-1757275,1738,1757275,1757275,"Beats Studio Pro - Wireless Bluetooth Noise Cancelling Headphones, Navy",https://www.costco.com/.product.1757275.html,,,0,0,https://www.costco.com/audio-video.html,9/27/2026 0:00
1738-item-1949725,1738,1949725,1949725,JBL PartyBox 130 Portable Party Speaker with Wireless Microphone,https://www.costco.com/.product.1949725.html,,,0,0,https://www.costco.com/audio-video.html,9/27/2026 0:00
1738-item-3062725,1738,3062725,3062725,Bose Solo Soundbar Series II,https://www.costco.com/.product.3062725.html,,,0,0,https://www.costco.com/audio-video.html,9/27/2026 0:00
1738-item-1961136,1738,1961136,1961136,Samsung HW-Q60CF 3.1.2 Ch Soundbar with Wireless Subwoofer,https://www.costco.com/.product.1961136.html,,,0,0,https://www.costco.com/audio-video.html,9/27/2026 0:00
1738-item-2058976,1738,2058976,2058976,"Bose QuietComfort SC Headphones (2nd Gen), Black",https://www.costco.com/.product.2058976.html,,,0,0,https://www.costco.com/audio-video.html,9/27/2026 0:00
1738-item-2058979,1738,2058979,2058979,"Bose QuietComfort SC Headphones (2nd Gen), Blue Dusk",https://www.costco.com/.product.2058979.html,,,0,0,https://www.costco.com/audio-video.html,9/27/2026 0:00
1738-item-2027800,1738,2027800,2027800,"Soundcore Boom 3i Outdoor Waterproof Bluetooth Speaker, Black",https://www.costco.com/.product.2027800.html,,,0,0,https://www.costco.com/audio-video.html,9/27/2026 0:00
1738-item-1959005,1738,1959005,1959005,Hisense AX700 5.1.4 Ch Soundbar with Wireless Subwoofer,https://www.costco.com/.product.1959005.html,,,0,0,https://www.costco.com/audio-video.html,9/27/2026 0:00
1738-item-2076169,1738,2076169,2076169,"Marshall Stockwell III Portable Bluetooth Speaker, Black",https://www.costco.com/.product.2076169.html,,,0,0,https://www.costco.com/audio-video.html,9/27/2026 0:00
1738-item-2076170,1738,2076170,2076170,"Marshall Stockwell III Portable Bluetooth Speaker, Cream",https://www.costco.com/.product.2076170.html,,,0,0,https://www.costco.com/audio-video.html,9/27/2026 0:00
1738-item-2058981,1738,2058981,2058981,"Bose QuietComfort Ultra Headphones (Gen1), Black",https://www.costco.com/.product.2058981.html,,,0,0,https://www.costco.com/audio-video.html,9/27/2026 0:00
1738-item-2058998,1738,2058998,2058998,"Bose QuietComfort Ultra Headphones (Gen1), Sandstone",https://www.costco.com/.product.2058998.html,,,0,0,https://www.costco.com/audio-video.html,9/27/2026 0:00
1738-item-1651355,1738,1651355,1651355,Sony HT-BC50 3.1 Ch Soundbar with Wireless Subwoofer,https://www.costco.com/.product.1651355.html,,,0,0,https://www.costco.com/audio-video.html,9/27/2026 0:00
1738-item-1912780,1738,1912780,1912780,"Sonos Arc Ultra 9.1.4 Ch Soundbar Bundle, Black",https://www.costco.com/.product.1912780.html,,,0,0,https://www.costco.com/audio-video.html,9/27/2026 0:00
1738-item-1926991,1738,1926991,1926991,SHOKZ OpenFit 2 SE Open-Ear True Wireless Earbuds,https://www.costco.com/.product.1926991.html,,,0,0,https://www.costco.com/audio-video.html,9/27/2026 0:00
1738-item-1967400,1738,1967400,1967400,Soundcore Space One Noise Cancelling Headphones - Black,https://www.costco.com/.product.1967400.html,,,0,0,https://www.costco.com/audio-video.html,9/27/2026 0:00
1738-item-1967401,1738,1967401,1967401,Soundcore Space One Noise Cancelling Headphones - Cream,https://www.costco.com/.product.1967401.html,,,0,0,https://www.costco.com/audio-video.html,9/27/2026 0:00
1738-item-2077439,1738,2077439,2077439,Ultimate Ears Megaboom 4 SE Portable Bluetooth Speaker - Black,https://www.costco.com/.product.2077439.html,,,0,0,https://www.costco.com/audio-video.html,9/27/2026 0:00
1738-item-2077441,1738,2077441,2077441,Ultimate Ears Megaboom 4 SE Portable Bluetooth Speaker - Blue,https://www.costco.com/.product.2077441.html,,,0,0,https://www.costco.com/audio-video.html,9/27/2026 0:00
1738-item-1731876,1738,1731876,1731876,"Sonos Era 100 Speakers 2-pack, Black",https://www.costco.com/.product.1731876.html,,,0,0,https://www.costco.com/audio-video.html,9/27/2026 0:00
1738-item-2052010,1738,2052010,2052010,"Bose SoundLink Home Bluetooth Speaker, Warm Wood",https://www.costco.com/.product.2052010.html,,,0,0,https://www.costco.com/audio-video.html,9/27/2026 0:00
1738-item-1957640,1738,1957640,1957640,Bose SoundLink Flex SE Gen 2 Portable Waterproof Bluetooth Speaker - Blue,https://www.costco.com/.product.1957640.html,,,0,0,https://www.costco.com/audio-video.html,9/27/2026 0:00
1738-item-2052012,1738,2052012,2052012,"Bose SoundLink Home Bluetooth Speaker, Cool Gray",https://www.costco.com/.product.2052012.html,,,0,0,https://www.costco.com/audio-video.html,9/27/2026 0:00
1738-item-1663600,1738,1663600,1663600,JBL Cinema SB595 3.1.2 Ch Soundbar with Wireless Subwoofer,https://www.costco.com/.product.1663600.html,,,0,0,https://www.costco.com/audio-video.html,9/27/2026 0:00
1738-item-1738485,1738,1738485,1738485,LG S80TY 3.1.3 Ch Soundbar with Wireless Subwoofer,https://www.costco.com/.product.1738485.html,,,0,0,https://www.costco.com/audio-video.html,9/27/2026 0:00
1738-item-1631745,1738,1631745,1631745,"Duracell Lithium 2032 Coin Batteries, 12-count",https://www.costco.com/.product.1631745.html,,,0,0,https://www.costco.com/batteries.html,9/27/2026 0:00
1738-item-9536007,1738,9536007,9536007,Insta360 Luna Ultra Dual-Lens 8K Gimbal Camera,https://www.costco.com/.product.9536007.html,,,0,0,https://www.costco.com/cameras-camcorders.html,9/27/2026 0:00
1738-item-9533333,1738,9533333,9533333,"Potensic ATOM 2 4K Drone Bundle with 128GB MicroSD Card, Remote Lanyard and 2 Spare Propeller Kits.",https://www.costco.com/.product.9533333.html,,,0,0,https://www.costco.com/cameras-camcorders.html,9/27/2026 0:00
1738-item-9536005,1738,9536005,9536005,Insta360 X5 - 8K 360° Action Camera Bundle,https://www.costco.com/.product.9536005.html,,,0,0,https://www.costco.com/cameras-camcorders.html,9/27/2026 0:00
1738-item-6094012,1738,6094012,6094012,"GoPro HERO13 Black Action Camera Bundle with Additional Enduro Battery, 128GB microSD Card and Carrying Case",https://www.costco.com/.product.6094012.html,,,0,0,https://www.costco.com/cameras-camcorders.html,9/27/2026 0:00
1738-item-9501001,1738,9501001,9501001,HOVERAir X1 PROMAX 8K Self-Flying Camera Bundle,https://www.costco.com/.product.9501001.html,,,0,0,https://www.costco.com/cameras-camcorders.html,9/27/2026 0:00
1738-item-1984074,1738,1984074,1984074,Belkin 3-in-1 Charging Stand Qi2 25W,https://www.costco.com/.product.1984074.html,,,0,0,https://www.costco.com/cell-phones.html,9/27/2026 0:00
1738-item-1940911,1738,1940911,1940911,Anker 70W/30W Wall Charger Bundle,https://www.costco.com/.product.1940911.html,,,0,0,https://www.costco.com/cell-phones.html,9/27/2026 0:00
1738-item-4000406542,1738,4000406542,4000406542,Belkin 3-in-1 Charging Stand Qi2 25W,https://www.costco.com/belkin-3-in-1-charging-stand-qi2-25w.product.4000406542.html,,,0,0,https://www.costco.com/cell-phone-chargers-batteries.html,9/27/2026 0:00
1738-item-4000388367,1738,4000388367,4000388367,Anker 70W/30W Wall Charger Bundle,https://www.costco.com/anker-70w30w-wall-charger-bundle.product.4000388367.html,,,0,0,https://www.costco.com/cell-phone-chargers-batteries.html,9/27/2026 0:00
1738-item-4000364539,1738,4000364539,4000364539,Canon IVY 2 Mini Photo Printer Bundle - White,https://www.costco.com/canon-ivy-2-mini-photo-printer-bundle---white.product.4000364539.html,,,0,0,https://www.costco.com/cell-phone-chargers-batteries.html,9/27/2026 0:00
1738-item-4000373193,1738,4000373193,4000373193,Canon IVY 2 Mini Photo Printer Bundle - Pink,https://www.costco.com/canon-ivy-2-mini-photo-printer-bundle---pink.product.4000373193.html,,,0,0,https://www.costco.com/cell-phone-chargers-batteries.html,9/27/2026 0:00
1738-item-1943983,1738,1943983,1943983,Singing Machine Karaoke WIFI Vocal Hero,https://www.costco.com/.product.1943983.html,,,0,0,https://www.costco.com/musical-instruments.html,9/27/2026 0:00
1738-item-1831651,1738,1831651,1831651,eufy Security SoloCam S3 Pan Tilt Outdoor Camera - No Monthly Fees,https://www.costco.com/.product.1831651.html,,,0,0,https://www.costco.com/home-alarm-systems-automation.html,9/27/2026 0:00
1738-item-2057989,1738,2057989,2057989,Blink Whole Home 2K+ Security Bundle,https://www.costco.com/.product.2057989.html,,,0,0,https://www.costco.com/home-alarm-systems-automation.html,9/27/2026 0:00
1738-item-1938108,1738,1938108,1938108,"Infinity X1 Under Cabinet Lights, 3-pack",https://www.costco.com/.product.1938108.html,,,0,0,https://www.costco.com/home-alarm-systems-automation.html,9/27/2026 0:00
1738-item-2040216,1738,2040216,2040216,Ring Battery Doorbell Pro with Extra Battery and Chime,https://www.costco.com/.product.2040216.html,,,0,0,https://www.costco.com/home-alarm-systems-automation.html,9/27/2026 0:00
1738-item-2012683,1738,2012683,2012683,eufy Video Doorbell with Dual Cameras - No Monthly Fees,https://www.costco.com/.product.2012683.html,,,0,0,https://www.costco.com/home-alarm-systems-automation.html,9/27/2026 0:00
1738-item-1998181,1738,1998181,1998181,"SnapPower GuideLight 2 LED Outlet Cover, 3-pack, Duplex",https://www.costco.com/.product.1998181.html,,,0,0,https://www.costco.com/home-alarm-systems-automation.html,9/27/2026 0:00
1738-item-2043146,1738,2043146,2043146,"Feit Electric Triple Outlet Outdoor Smart Plugs, 3-pack",https://www.costco.com/.product.2043146.html,,,0,0,https://www.costco.com/home-alarm-systems-automation.html,9/27/2026 0:00
1738-item-9670888,1738,9670888,9670888,"Samsung 70"" Class - U8000H Crystal UHD Series - 4K Smart TV",https://www.costco.com/.product.9670888.html,,,0,0,https://www.costco.com/televisions.html,9/27/2026 0:00
1738-item-9675700,1738,9675700,9675700,Samsung 75” Class - M70H Series - 4K Mini LED - Smart TV,https://www.costco.com/.product.9675700.html,,,0,0,https://www.costco.com/televisions.html,9/27/2026 0:00
1738-item-9565677,1738,9565677,9565677,"TCL 65"" Class - Q77K Series - 4K UHD QLED Smart TV - Allstate 3-Year Protection Plan Bundle Included for 5 Years of Total Coverage*",https://www.costco.com/.product.9565677.html,,,0,0,https://www.costco.com/televisions.html,9/27/2026 0:00
1738-item-9643888,1738,9643888,9643888,"Samsung 43"" Class - U8000H Crystal UHD Series - 4K Smart TV",https://www.costco.com/.product.9643888.html,,,0,0,https://www.costco.com/televisions.html,9/27/2026 0:00
1738-item-9650888,1738,9650888,9650888,"Samsung 50"" Class - U8000H Crystal UHD Series - 4K Smart TV",https://www.costco.com/.product.9650888.html,,,0,0,https://www.costco.com/televisions.html,9/27/2026 0:00
1738-item-9655700,1738,9655700,9655700,Samsung 55” Class - M70H Series - 4K Mini LED - Smart TV,https://www.costco.com/.product.9655700.html,,,0,0,https://www.costco.com/televisions.html,9/27/2026 0:00
1738-item-9685870,1738,9685870,9685870,"LG 85"" Class - NANO 4K UHD AI NU87 Series - 4K Smart TV - Allstate 3-Year Protection Plan Bundle Included For 5 Years of Total Coverage*",https://www.costco.com/.product.9685870.html,,,0,0,https://www.costco.com/televisions.html,9/27/2026 0:00
1738-item-9665700,1738,9665700,9665700,Samsung 65” Class - M70H Series - 4K Mini LED - Smart TV,https://www.costco.com/.product.9665700.html,,,0,0,https://www.costco.com/televisions.html,9/27/2026 0:00
1738-item-9665888,1738,9665888,9665888,"Samsung 65"" Class - U8000H Crystal UHD Series - 4K Smart TV",https://www.costco.com/.product.9665888.html,,,0,0,https://www.costco.com/televisions.html,9/27/2026 0:00
1738-item-9675065,1738,9675065,9675065,"Hisense 75"" Class - U65 Pro Series - 4K ULED MiniLED Smart TV - Allstate 3-Year Protection Plan Bundle Included for 5 Years of Total Coverage*",https://www.costco.com/.product.9675065.html,,,0,0,https://www.costco.com/televisions.html,9/27/2026 0:00
1738-item-9655888,1738,9655888,9655888,"Samsung 55"" Class - U8000H Crystal UHD Series - 4K Smart TV",https://www.costco.com/.product.9655888.html,,,0,0,https://www.costco.com/televisions.html,9/27/2026 0:00
1738-item-9665065,1738,9665065,9665065,"Hisense 65"" Class - U65 Pro Series - 4K ULED MiniLED Smart TV - Allstate 3-Year Protection Plan Bundle Included for 5 Years of Total Coverage*",https://www.costco.com/.product.9665065.html,,,0,0,https://www.costco.com/televisions.html,9/27/2026 0:00
1738-item-9575677,1738,9575677,9575677,"TCL 75"" Class - Q77K Series - 4K UHD QLED Smart TV - Allstate 3-Year Protection Plan Bundle Included for 5 Years of Total Coverage*",https://www.costco.com/.product.9575677.html,,,0,0,https://www.costco.com/televisions.html,9/27/2026 0:00
1738-item-9555677,1738,9555677,9555677,"TCL 55"" Class - Q77K Series - 4K UHD QLED Smart TV - Allstate 3-Year Protection Plan Bundle Included for 5 Years of Total Coverage*",https://www.costco.com/.product.9555677.html,,,0,0,https://www.costco.com/televisions.html,9/27/2026 0:00
1738-item-9698900,1738,9698900,9698900,"Samsung 98"" Class - U9000H Crystal UHD Series - 4K Smart TV - Allstate 3 -Year Protection Plan Bundle Included For 5 Years of Total Coverage*",https://www.costco.com/.product.9698900.html,,,0,0,https://www.costco.com/televisions.html,9/27/2026 0:00
1738-item-9575676,1738,9575676,9575676,"TCL 75"" Class - QM6K Pro Series - 4K UHD QD-Mini LED Smart TV  - Allstate 3-Year Protection Plan Bundle Included for 5 Years of Total Coverage*",https://www.costco.com/.product.9575676.html,,,0,0,https://www.costco.com/televisions.html,9/27/2026 0:00
1738-item-9665035,1738,9665035,9665035,"LG 65"" Class - OLED evo AI C6 Series - 4K Smart TV   - Allstate 3-Year Protection Plan Bundle Included For 5 Years of Total Coverage*",https://www.costco.com/.product.9665035.html,,,0,0,https://www.costco.com/televisions.html,9/27/2026 0:00
1738-item-9550677,1738,9550677,9550677,"TCL 50"" Class - Q77K Series - 4K UHD QLED Smart TV - Allstate 3-Year Protection Plan Bundle Included for 5 Years of Total Coverage*",https://www.costco.com/.product.9550677.html,,,0,0,https://www.costco.com/televisions.html,9/27/2026 0:00
1738-item-9585676,1738,9585676,9585676,"TCL 85"" Class - QM6K Pro Series - 4K UHD QD-Mini LED Smart TV  - Allstate 3-Year Protection Plan Bundle Included for 5 Years of Total Coverage*",https://www.costco.com/.product.9585676.html,,,0,0,https://www.costco.com/televisions.html,9/27/2026 0:00
1738-item-9665075,1738,9665075,9665075,"LG 65"" Class - QNED AI Mini LED QNED75B Series - 4K Smart TV - Allstate 3-Year Protection Plan Bundle Included For 5 Years of Total Coverage*",https://www.costco.com/.product.9665075.html,,,0,0,https://www.costco.com/televisions.html,9/27/2026 0:00
1738-item-9665025,1738,9665025,9665025,"LG 65"" Class - OLED AI B6E Series - 4K Smart TV - Allstate 3-Year Protection Plan Bundle Included For 5 Years of Total Coverage*",https://www.costco.com/.product.9665025.html,,,0,0,https://www.costco.com/televisions.html,9/27/2026 0:00
1738-item-9643650,1738,9643650,9643650,"Hisense 43"" Class - QD65 Series - 4K Hi-QLED Smart TV - Allstate 3-Year Protection Plan Bundle Included for 5 Years of Total Coverage*",https://www.costco.com/.product.9643650.html,,,0,0,https://www.costco.com/televisions.html,9/27/2026 0:00
1738-item-9610750,1738,9610750,9610750,"Hisense 100"" Class - QD7 Series - 4K Hi-QLED Smart TV - Allstate 3-Year Protection Plan Bundle Included for 5 Years of Total Coverage*",https://www.costco.com/.product.9610750.html,,,0,0,https://www.costco.com/televisions.html,9/27/2026 0:00
1738-item-9575080,1738,9575080,9575080,"Samsung 75"" Class - QN80F Neo QLED Series - 4K Mini LED - Vision AI Smart TV - Allstate 3-Year Protection Plan Bundle Included For 5 Years of Total Coverage*",https://www.costco.com/.product.9575080.html,,,0,0,https://www.costco.com/televisions.html,9/27/2026 0:00
1738-item-9677091,1738,9677091,9677091,"Samsung 77"" Class - S90H OLED Series - 4K Vision AI Smart TV - Allstate 3-Year Protection Plan Bundle Included For 5 Years of Total Coverage*",https://www.costco.com/.product.9677091.html,,,0,0,https://www.costco.com/televisions.html,9/27/2026 0:00
1738-item-9655075,1738,9655075,9655075,"LG 55"" Class - QNED AI Mini LED QNED75B Series - 4K Smart TV - Allstate 3-Year Protection Plan Bundle Included For 5 Years of Total Coverage*",https://www.costco.com/.product.9655075.html,,,0,0,https://www.costco.com/televisions.html,9/27/2026 0:00
1738-item-9465080,1738,9465080,9465080,"Sony 65"" Class - BRAVIA 8 OLED Series - 4K Smart TV - Allstate 3-Year Protection Plan Bundle Included for 5 Years of Total Coverage*",https://www.costco.com/.product.9465080.html,,,0,0,https://www.costco.com/televisions.html,9/27/2026 0:00
1738-item-9665007,1738,9665007,9665007,"TCL 65"" Class - QM7L Pro Series - 4K UHD SQD-Mini LED Smart TV - Allstate 3-Year Protection Plan Bundle Included for 5 Years of Total Coverage*",https://www.costco.com/.product.9665007.html,,,0,0,https://www.costco.com/televisions.html,9/27/2026 0:00
1738-item-9565676,1738,9565676,9565676,"TCL 65"" Class - QM6K Pro Series - 4K UHD QD-Mini LED Smart TV - Allstate 3-Year Protection Plan Bundle Included for 5 Years of Total Coverage*",https://www.costco.com/.product.9565676.html,,,0,0,https://www.costco.com/televisions.html,9/27/2026 0:00
1738-item-9585677,1738,9585677,9585677,"TCL 85"" Class - Q77K Series - 4K UHD QLED Smart TV - Allstate 3-Year Protection Plan Bundle Included for 5 Years of Total Coverage*",https://www.costco.com/.product.9585677.html,,,0,0,https://www.costco.com/televisions.html,9/27/2026 0:00
1738-item-9677035,1738,9677035,9677035,"LG 77"" Class - OLED evo AI C6H Series - 4K Smart TV - Allstate 3-Year Protection Plan Bundle Included For 5 Years of Total Coverage*",https://www.costco.com/.product.9677035.html,,,0,0,https://www.costco.com/televisions.html,9/27/2026 0:00
1738-item-9650075,1738,9650075,9650075,"LG 50"" Class - QNED AI Mini LED QNED75B Series - 4K Smart TV - Allstate 3-Year Protection Plan Bundle Included For 5 Years of Total Coverage*",https://www.costco.com/.product.9650075.html,,,0,0,https://www.costco.com/televisions.html,9/27/2026 0:00
1738-item-9655035,1738,9655035,9655035,"LG 55"" Class - OLED evo AI C6 Series - 4K Smart TV - Allstate 3-Year Protection Plan Bundle Included For 5 Years of Total Coverage*",https://www.costco.com/.product.9655035.html,,,0,0,https://www.costco.com/televisions.html,9/27/2026 0:00
1738-item-9477080,1738,9477080,9477080,"Sony 77"" Class - BRAVIA 8 OLED Series - 4K Smart TV - Allstate 3-Year Protection Plan Bundle Included for 5 Years of Total Coverage*",https://www.costco.com/.product.9477080.html,,,0,0,https://www.costco.com/televisions.html,9/27/2026 0:00
1738-item-9565091,1738,9565091,9565091,"Samsung 65"" Class - S90F OLED Series - 4K Vision AI Smart TV - Allstate 3-Year Protection Plan Bundle Included For 5 Years of Total Coverage*",https://www.costco.com/.product.9565091.html,,,0,0,https://www.costco.com/televisions.html,9/27/2026 0:00
1738-item-9598676,1738,9598676,9598676,"TCL 98"" Class - QM6K Pro Series - 4K UHD QD-Mini LED Smart TV  - Allstate 3-Year Protection Plan Bundle Included for 5 Years of Total Coverage*",https://www.costco.com/.product.9598676.html,,,0,0,https://www.costco.com/televisions.html,9/27/2026 0:00
1738-item-9655091,1738,9655091,9655091,"Samsung 55"" Class - S90H OLED Series - 4K Vision AI Smart TV - Allstate 3-Year Protection Plan Bundle Included For 5 Years of Total Coverage*",https://www.costco.com/.product.9655091.html,,,0,0,https://www.costco.com/televisions.html,9/27/2026 0:00
1738-item-9548045,1738,9548045,9548045,"LG 48"" Class - OLED evo AI G5 Series - 4K Smart TV - Allstate 3-Year Protection Plan Bundle Included For 5 Years of Total Coverage*",https://www.costco.com/.product.9548045.html,,,0,0,https://www.costco.com/televisions.html,9/27/2026 0:00
1738-item-1977763,1738,1977763,1977763,"SANUS Preferred 26""-65"" Full-Motion TV Mount",https://www.costco.com/.product.1977763.html,,,0,0,https://www.costco.com/televisions.html,9/27/2026 0:00
1738-item-2054363,1738,2054363,2054363,"SANUS Preferred 50""-100"" Full-Motion TV Mount",https://www.costco.com/.product.2054363.html,,,0,0,https://www.costco.com/televisions.html,9/27/2026 0:00
1738-item-9677025,1738,9677025,9677025,"LG 77"" Class - OLED AI B6E Series - 4K Smart TV - Allstate 3-Year Protection Plan Bundle Included For 5 Years of Total Coverage*",https://www.costco.com/.product.9677025.html,,,0,0,https://www.costco.com/televisions.html,9/27/2026 0:00
1738-item-2027530,1738,2027530,2027530,"SANUS Preferred 42""-100"" Advanced Tilt TV Mount",https://www.costco.com/.product.2027530.html,,,0,0,https://www.costco.com/televisions.html,9/27/2026 0:00
1738-item-1958890,1738,1958890,1958890,Nintendo Switch 2 + NSO + Memory Card Bundle,https://www.costco.com/.product.1958890.html,,,0,0,https://www.costco.com/video-games.html,9/27/2026 0:00
1738-item-1792105,1738,1792105,1792105,Sony Playstation 5 Slim Disc Console and DualSense Controller Bundle,https://www.costco.com/.product.1792105.html,,,0,0,https://www.costco.com/video-games.html,9/27/2026 0:00
1738-item-1749471,1738,1749471,1749471,Nex Playground + 12-Month Play Pass Bundle,https://www.costco.com/.product.1749471.html,,,0,0,https://www.costco.com/video-games.html,9/27/2026 0:00
1738-item-1791815,1738,1791815,1791815,Sony Playstation 5 Digital Slim Console & DualSense Controller Bundle,https://www.costco.com/.product.1791815.html,,,0,0,https://www.costco.com/video-games.html,9/27/2026 0:00
1738-item-1853013,1738,1853013,1853013,PlayStation DualSense Wireless Controller and Charging Station - Starlight Blue,https://www.costco.com/.product.1853013.html,,,0,0,https://www.costco.com/video-games.html,9/27/2026 0:00
1738-item-2031749,1738,2031749,2031749,Joy-Con 2 (L)/(R) Light Purple/Light Green - Nintendo Switch 2,https://www.costco.com/.product.2031749.html,,,0,0,https://www.costco.com/video-games.html,9/27/2026 0:00
1738-item-1853011,1738,1853011,1853011,Playstation DualSense Wireless Controller and Charging Station - White,https://www.costco.com/.product.1853011.html,,,0,0,https://www.costco.com/video-games.html,9/27/2026 0:00
1738-item-2424148,1738,2424148,2424148,Joy-Con 2 (L)/(R) Light Blue/Light Red - Nintendo Switch 2,https://www.costco.com/.product.2424148.html,,,0,0,https://www.costco.com/video-games.html,9/27/2026 0:00
1738-item-2069480,1738,2069480,2069480,"Samsung Galaxy Watch9 40mm Smartwatch with Two Wireless Fast Chargers, Black",https://www.costco.com/.product.2069480.html,,,0,0,https://www.costco.com/wearable-technology.html,9/27/2026 0:00
1738-item-2069491,1738,2069491,2069491,"Samsung Galaxy Watch9 44mm Smartwatch with Two Wireless Fast Chargers, Black",https://www.costco.com/.product.2069491.html,,,0,0,https://www.costco.com/wearable-technology.html,9/27/2026 0:00
1738-item-1961641,1738,1961641,1961641,"Samsung Galaxy Watch8 44mm Smartwatch with Two Wireless Fast Chargers, Graphite",https://www.costco.com/.product.1961641.html,,,0,0,https://www.costco.com/wearable-technology.html,9/27/2026 0:00
1738-item-1961630,1738,1961630,1961630,"Samsung Galaxy Watch8 40mm Smartwatch with Two Wireless Fast Chargers, Silver",https://www.costco.com/.product.1961630.html,,,0,0,https://www.costco.com/wearable-technology.html,9/27/2026 0:00
1738-item-2052212,1738,2052212,2052212,"Oura Ring 5 Silver Smart Ring, Size 7, Exclusive Bundle, Ring + Additional Charger + Additional Year of Manufacturer’s Warranty",https://www.costco.com/.product.2052212.html,,,0,0,https://www.costco.com/wearable-technology.html,9/27/2026 0:00
1738-item-2052213,1738,2052213,2052213,"Oura Ring 5 Silver Smart Ring, Size 8, Exclusive Bundle, Ring + Additional Charger + Additional Year of Manufacturer’s Warranty",https://www.costco.com/.product.2052213.html,,,0,0,https://www.costco.com/wearable-technology.html,9/27/2026 0:00
1738-item-2052214,1738,2052214,2052214,"Oura Ring 5 Silver Smart Ring, Size 9, Exclusive Bundle, Ring + Additional Charger + Additional Year of Manufacturer’s Warranty",https://www.costco.com/.product.2052214.html,,,0,0,https://www.costco.com/wearable-technology.html,9/27/2026 0:00
1738-item-1861998,1738,1861998,1861998,"Rose Universal Broadmoore Bed Frame with Storage, White, King",https://www.costco.com/.product.1861998.html,,,0,0,https://www.costco.com/furniture.html,9/27/2026 0:00
1738-item-1812812,1738,1812812,1812812,"Montebello 68"" Accent Console",https://www.costco.com/.product.1812812.html,,,0,0,https://www.costco.com/furniture.html,9/27/2026 0:00
1738-item-1862133,1738,1862133,1862133,Henredon Caley Reversible Sofa Chaise with Ottoman,https://www.costco.com/.product.1862133.html,,,0,0,https://www.costco.com/furniture.html,9/27/2026 0:00
1738-item-1752898,1738,1752898,1752898,"La-Z-Boy Manager Office Chair, Black",https://www.costco.com/.product.1752898.html,,,0,0,https://www.costco.com/furniture.html,9/27/2026 0:00
1738-item-1782908,1738,1782908,1782908,Tresanti Aurora 47” Adjustable Desk with LED Lighting,https://www.costco.com/.product.1782908.html,,,0,0,https://www.costco.com/furniture.html,9/27/2026 0:00
1738-item-1646075,1738,1646075,1646075,Rose 6 Drawer Dresser,https://www.costco.com/.product.1646075.html,,,0,0,https://www.costco.com/furniture.html,9/27/2026 0:00
1738-item-1782879,1738,1782879,1782879,Bryce Dining Table and 6 Chairs,https://www.costco.com/.product.1782879.html,,,0,0,https://www.costco.com/furniture.html,9/27/2026 0:00
1738-item-1862072,1738,1862072,1862072,"Sereen Fabric Swivel Accent Chair, Taupe",https://www.costco.com/.product.1862072.html,,,0,0,https://www.costco.com/furniture.html,9/27/2026 0:00
1738-item-1782902,1738,1782902,1782902,"Colin 72"" Accent Console",https://www.costco.com/.product.1782902.html,,,0,0,https://www.costco.com/furniture.html,9/27/2026 0:00
1738-item-1861872,1738,1861872,1861872,Graham Dining Table and 8 Chairs,https://www.costco.com/.product.1861872.html,,,0,0,https://www.costco.com/furniture.html,9/27/2026 0:00
1738-item-1812682,1738,1812682,1812682,"Anistyn Wood Bed Frame with Upholstered Headboard, Gray Finish, Queen",https://www.costco.com/.product.1812682.html,,,0,0,https://www.costco.com/furniture.html,9/27/2026 0:00
1738-item-1782944,1738,1782944,1782944,Del Rey Oaks 74” Accent Console,https://www.costco.com/.product.1782944.html,,,0,0,https://www.costco.com/furniture.html,9/27/2026 0:00
1738-item-1782766,1738,1782766,1782766,"Keeley 72"" Accent Cabinet",https://www.costco.com/.product.1782766.html,,,0,0,https://www.costco.com/furniture.html,9/27/2026 0:00
1738-item-1987550,1738,1987550,1987550,Wren Zero Gravity Power Leather Recliner with Power Headrest,https://www.costco.com/.product.1987550.html,,,0,0,https://www.costco.com/furniture.html,9/27/2026 0:00
1738-item-1752902,1738,1752902,1752902,"Hughes Storage Bed, Queen",https://www.costco.com/.product.1752902.html,,,0,0,https://www.costco.com/furniture.html,9/27/2026 0:00
1738-item-1812395,1738,1812395,1812395,TrueWellness All Mesh Office Chair,https://www.costco.com/.product.1812395.html,,,0,0,https://www.costco.com/furniture.html,9/27/2026 0:00
1738-item-1646063,1738,1646063,1646063,Sanders Leather Power Recliner with Power Headrest,https://www.costco.com/.product.1646063.html,,,0,0,https://www.costco.com/furniture.html,9/27/2026 0:00
1738-item-1862009,1738,1862009,1862009,Highland Gas-lift Adjustable Stool,https://www.costco.com/.product.1862009.html,,,0,0,https://www.costco.com/furniture.html,9/27/2026 0:00
1738-item-4000396491,1738,4000396491,4000396491,"Rose Universal Broadmoore Bed Frame with Storage, White",https://www.costco.com/rose-universal-broadmoore-bed-frame-with-storage-white.product.4000396491.html,,,0,0,https://www.costco.com/bedroom-furniture.html,9/27/2026 0:00
1738-item-4000225967,1738,4000225967,4000225967,Rose 6 Drawer Dresser,https://www.costco.com/rose-6-drawer-dresser.product.4000225967.html,,,0,0,https://www.costco.com/bedroom-furniture.html,9/27/2026 0:00
1738-item-4000340294,1738,4000340294,4000340294,Hughes Storage Bed,https://www.costco.com/hughes-storage-bed.product.4000340294.html,,,0,0,https://www.costco.com/bedroom-furniture.html,9/27/2026 0:00
1738-item-4000433550,1738,4000433550,4000433550,"Anistyn Wood Bed Frame with Upholstered Headboard, Gray Finish",https://www.costco.com/anistyn-wood-bed-frame-with-upholstered-headboard-gray-finish.product.4000433550.html,,,0,0,https://www.costco.com/bedroom-furniture.html,9/27/2026 0:00
1738-item-4000395717,1738,4000395717,4000395717,Bryce Dining Table and 6 Chairs,https://www.costco.com/bryce-dining-table-and-6-chairs.product.4000395717.html,,,0,0,https://www.costco.com/dining-kitchen.html,9/27/2026 0:00
1738-item-4000365702,1738,4000365702,4000365702,Graham Dining Table and 8 Chairs,https://www.costco.com/graham-dining-table-and-8-chairs.product.4000365702.html,,,0,0,https://www.costco.com/dining-kitchen.html,9/27/2026 0:00
1738-item-4000399994,1738,4000399994,4000399994,Highland Gas-lift Adjustable Stool,https://www.costco.com/highland-gas-lift-adjustable-stool.product.4000399994.html,,,0,0,https://www.costco.com/dining-kitchen.html,9/27/2026 0:00
1738-item-4000242671,1738,4000242671,4000242671,Thomasville Tisdale Modular Sectional 6-piece Dark Gray with Storage Ottoman,https://www.costco.com/thomasville-tisdale-modular-sectional-6-piece-dark-gray-with-storage-ottoman.product.4000242671.html,,,0,0,https://www.costco.com/living-room.html,9/27/2026 0:00
1738-item-4000410992,1738,4000410992,4000410992,Henredon Caley Reversible Sofa Chaise with Ottoman,https://www.costco.com/henredon-caley-reversible-sofa-chaise-with-ottoman.product.4000410992.html,,,0,0,https://www.costco.com/living-room.html,9/27/2026 0:00
1738-item-4000399251,1738,4000399251,4000399251,"Montebello 68"" Accent Console",https://www.costco.com/montebello-68-accent-console.product.4000399251.html,,,0,0,https://www.costco.com/living-room.html,9/27/2026 0:00
1738-item-4000258410,1738,4000258410,4000258410,"Colin 72"" Accent Console",https://www.costco.com/colin-72-accent-console.product.4000258410.html,,,0,0,https://www.costco.com/living-room.html,9/27/2026 0:00
1738-item-4000249535,1738,4000249535,4000249535,"Keeley 72"" Accent Cabinet",https://www.costco.com/keeley-72-accent-cabinet.product.4000249535.html,,,0,0,https://www.costco.com/living-room.html,9/27/2026 0:00
1738-item-4000361515,1738,4000361515,4000361515,Del Rey Oaks 74” Accent Console,https://www.costco.com/del-rey-oaks-74-accent-console.product.4000361515.html,,,0,0,https://www.costco.com/living-room.html,9/27/2026 0:00
1738-item-4000419156,1738,4000419156,4000419156,"Sereen Fabric Swivel Accent Chair, Taupe",https://www.costco.com/sereen-fabric-swivel-accent-chair-taupe.product.4000419156.html,,,0,0,https://www.costco.com/living-room.html,9/27/2026 0:00
1738-item-4000436304,1738,4000436304,4000436304,Wren Zero Gravity Power Leather Recliner with Power Headrest,https://www.costco.com/wren-zero-gravity-power-leather-recliner-with-power-headrest.product.4000436304.html,,,0,0,https://www.costco.com/living-room.html,9/27/2026 0:00
1738-item-4000397135,1738,4000397135,4000397135,Sanders Leather Power Recliner with Power Headrest,https://www.costco.com/sanders-leather-power-recliner-with-power-headrest.product.4000397135.html,,,0,0,https://www.costco.com/living-room.html,9/27/2026 0:00
1738-item-4000230606,1738,4000230606,4000230606,La-Z-Boy Manager Office Chair,https://www.costco.com/la-z-boy-manager-office-chair.product.4000230606.html,,,0,0,https://www.costco.com/office-furniture.html,9/27/2026 0:00
1738-item-4000398506,1738,4000398506,4000398506,Tresanti Aurora 47” Adjustable Height Desk with LED Lighting,https://www.costco.com/tresanti-aurora-47-adjustable-height-desk-with-led-lighting.product.4000398506.html,,,0,0,https://www.costco.com/office-furniture.html,9/27/2026 0:00
1738-item-4000366330,1738,4000366330,4000366330,TrueWellness All Mesh Office Chair,https://www.costco.com/truewellness-all-mesh-office-chair.product.4000366330.html,,,0,0,https://www.costco.com/office-furniture.html,9/27/2026 0:00
1738-item-100382542,1738,100382542,100382542,"3M Scotch Precision Ultra Edge 8"" Scissor, 3-count",https://www.costco.com/3m-scotch-precision-ultra-edge-8-scissor-3-count.product.100382542.html,,,0,0,https://www.costco.com/all-costco-grocery.html,9/27/2026 0:00
1738-item-100643825,1738,100643825,100643825,"Advantage Premium Bright Ink Jet and Laser Paper, 8.5""x11"" Letter, White, 24lb, 97 Bright, 1 Ream of 800 Sheets",https://www.costco.com/advantage-premium-bright-ink-jet-and-laser-paper-85x11-letter-white-24lb-97-bright-1-ream-of-800-sheets.product.100643825.html,,,0,0,https://www.costco.com/all-costco-grocery.html,9/27/2026 0:00
1738-item-4000266579,1738,4000266579,4000266579,"Dove Advanced Care Invisible+ Deodorant, 2.6 oz, 4-pack",https://www.costco.com/dove-advanced-care-invisible-deodorant-26-oz-4-pack.product.4000266579.html,,,0,0,https://www.costco.com/all-costco-grocery.html,9/27/2026 0:00
1738-item-4000193139,1738,4000193139,4000193139,"Zevo Flying Insect Trap Starter Kit, 2 Devices + 6 Refills",https://www.costco.com/zevo-flying-insect-trap-starter-kit-2-devices--6-refills.product.4000193139.html,,,0,0,https://www.costco.com/all-costco-grocery.html,9/27/2026 0:00
1738-item-4000044496,1738,4000044496,4000044496,"Kirkland Signature Premoistened Flushable Wipes, Fragrance Free, 640-count",https://www.costco.com/kirkland-signature-premoistened-flushable-wipes-fragrance-free-640-count.product.4000044496.html,,,0,0,https://www.costco.com/all-costco-grocery.html,9/27/2026 0:00
1738-item-100385266,1738,100385266,100385266,"Softsoap Advanced Clean Liquid Hand Soap Refill 80 oz, 2-pack",https://www.costco.com/softsoap-advanced-clean-liquid-hand-soap-refill-80-oz-2-pack.product.100385266.html,,,0,0,https://www.costco.com/all-costco-grocery.html,9/27/2026 0:00
1738-item-11748454,1738,11748454,11748454,Scotch Heavy Duty Shipping Tape 8-pack,https://www.costco.com/scotch-heavy-duty-shipping-tape-8-pack.product.11748454.html,,,0,0,https://www.costco.com/all-costco-grocery.html,9/27/2026 0:00
1738-item-4000375512,1738,4000375512,4000375512,"Kirkland Signature Daily Dry Facial Towels, 200-count",https://www.costco.com/kirkland-signature-daily-dry-facial-towels-200-count.product.4000375512.html,,,0,0,https://www.costco.com/all-costco-grocery.html,9/27/2026 0:00
1738-item-4000441192,1738,4000441192,4000441192,Kirkland Signature Micellar Facial Cleansing Wipes 180-count,https://www.costco.com/kirkland-signature-micellar-facial-cleansing-wipes-180-count.product.4000441192.html,,,0,0,https://www.costco.com/all-costco-grocery.html,9/27/2026 0:00
1738-item-4000063845,1738,4000063845,4000063845,"Gillette Venus ComfortGlide Essential Botanicals, 1 Razor + 12 Cartridges Gel",https://www.costco.com/gillette-venus-comfortglide-essential-botanicals-1-razor--12-cartridges-gel.product.4000063845.html,,,0,0,https://www.costco.com/all-costco-grocery.html,9/27/2026 0:00
1738-item-100447863,1738,100447863,100447863,"Swisspers Premium Hypoallergenic Cotton Rounds, 900-count",https://www.costco.com/swisspers-premium-hypoallergenic-cotton-rounds-900-count.product.100447863.html,,,0,0,https://www.costco.com/all-costco-grocery.html,9/27/2026 0:00
1738-item-100745514,1738,100745514,100745514,"Kirkland Signature Moisture Shampoo, 33.8 fl oz, 1-count",https://www.costco.com/kirkland-signature-moisture-shampoo-338-fl-oz-1-count.product.100745514.html,,,0,0,https://www.costco.com/all-costco-grocery.html,9/27/2026 0:00
1738-item-4201008957,1738,4201008957,4201008957,"Crest 3D White Brilliant Mint Whitening Toothpaste, 5.2 oz, 5-pack",https://www.costco.com/crest-3d-white-brilliant-mint-whitening-toothpaste-52-oz-5-pack.product.4201008957.html,,,0,0,https://www.costco.com/all-costco-grocery.html,9/27/2026 0:00
1738-item-100809908,1738,100809908,100809908,"Gillette Proglide Plus Razor Cartridge Refills, 16-count",https://www.costco.com/gillette-proglide-plus-razor-cartridge-refills-16-count.product.100809908.html,,,0,0,https://www.costco.com/all-costco-grocery.html,9/27/2026 0:00
1738-item-100085370,1738,100085370,100085370,"Duracell 9V Alkaline Batteries, 8-count",https://www.costco.com/duracell-9v-alkaline-batteries-8-count.product.100085370.html,,,0,0,https://www.costco.com/all-costco-grocery.html,9/27/2026 0:00
1738-item-4000062546,1738,4000062546,4000062546,"Cetaphil Gentle Skin Cleanser, Dry to Normal Sensitive Skin, 20 fl oz, 2-count",https://www.costco.com/cetaphil-gentle-skin-cleanser-dry-to-normal-sensitive-skin-20-fl-oz-2-count.product.4000062546.html,,,0,0,https://www.costco.com/all-costco-grocery.html,9/27/2026 0:00
1738-item-100737979,1738,100737979,100737979,"Gillette Ultimate Protection 6-in-1 Antiperspirant, 3.8 oz, 5-pack",https://www.costco.com/gillette-ultimate-protection-6-in-1-antiperspirant-38-oz-5-pack.product.100737979.html,,,0,0,https://www.costco.com/all-costco-grocery.html,9/27/2026 0:00
1738-item-4000257190,1738,4000257190,4000257190,"Neutrogena Makeup Remover Wipes, 125-count",https://www.costco.com/neutrogena-makeup-remover-wipes-125-count.product.4000257190.html,,,0,0,https://www.costco.com/all-costco-grocery.html,9/27/2026 0:00
1738-item-4000058742,1738,4000058742,4000058742,"Cetaphil Moisturizing Cream Ultimate with Prebiotic Aloe, Very Dry to Dry Sensitive Skin, 20 oz + 16 oz, 2-pack",https://www.costco.com/cetaphil-moisturizing-cream-ultimate-with-prebiotic-aloe-very-dry-to-dry-sensitive-skin-20-oz--16-oz-2-pack.product.4000058742.html,,,0,0,https://www.costco.com/all-costco-grocery.html,9/27/2026 0:00
1738-item-100104327,1738,100104327,100104327,"Listerine UltraClean Coolmint Mouthwash, 1.5 Liter, 2-count",https://www.costco.com/listerine-ultraclean-coolmint-mouthwash-15-liter-2-count.product.100104327.html,,,0,0,https://www.costco.com/all-costco-grocery.html,9/27/2026 0:00
1738-item-100733023,1738,100733023,100733023,"Gillette Venus Sensitive Plus Disposable Razor, 15-count",https://www.costco.com/gillette-venus-sensitive-plus-disposable-razor-15-count.product.100733023.html,,,0,0,https://www.costco.com/all-costco-grocery.html,9/27/2026 0:00
1738-item-100711261,1738,100711261,100711261,"Crest + Scope Cavity Protection Toothpaste, 8.2 oz, 5-pack",https://www.costco.com/crest--scope-cavity-protection-toothpaste-82-oz-5-pack.product.100711261.html,,,0,0,https://www.costco.com/all-costco-grocery.html,9/27/2026 0:00
1738-item-100643940,1738,100643940,100643940,"Kirkland Signature Bar Soap with Shea Butter, 15 Bars",https://www.costco.com/kirkland-signature-bar-soap-with-shea-butter-15-bars.product.100643940.html,,,0,0,https://www.costco.com/all-costco-grocery.html,9/27/2026 0:00
1738-item-100339368,1738,100339368,100339368,"Duracell C Alkaline Batteries, 14-count",https://www.costco.com/duracell-c-alkaline-batteries-14-count.product.100339368.html,,,0,0,https://www.costco.com/all-costco-grocery.html,9/27/2026 0:00
1738-item-4000151041,1738,4000151041,4000151041,"Crest Pro-Health Advanced Mouthwash, 33.8 fl oz, 3-pack",https://www.costco.com/crest-pro-health-advanced-mouthwash-338-fl-oz-3-pack.product.4000151041.html,,,0,0,https://www.costco.com/all-costco-grocery.html,9/27/2026 0:00
1738-item-100746247,1738,100746247,100746247,"Kirkland Signature Moisture Conditioner, 33.8 fl oz, 1-count",https://www.costco.com/kirkland-signature-moisture-conditioner-338-fl-oz-1-count.product.100746247.html,,,0,0,https://www.costco.com/all-costco-grocery.html,9/27/2026 0:00
1738-item-4000352107,1738,4000352107,4000352107,"Dove Deep Moisture Body Wash, 23 fl oz, 3-pack",https://www.costco.com/dove-deep-moisture-body-wash-23-fl-oz-3-pack.product.4000352107.html,,,0,0,https://www.costco.com/all-costco-grocery.html,9/27/2026 0:00
1738-item-100460088,1738,100460088,100460088,"Unitex 100% Cotton Towel, White, 14 in x 17 in, 52-count",https://www.costco.com/unitex-100-cotton-towel-white-14-in-x-17-in-52-count.product.100460088.html,,,0,0,https://www.costco.com/all-costco-grocery.html,9/27/2026 0:00
1738-item-100322549,1738,100322549,100322549,"Duracell D Alkaline Batteries, 14-count",https://www.costco.com/duracell-d-alkaline-batteries-14-count.product.100322549.html,,,0,0,https://www.costco.com/all-costco-grocery.html,9/27/2026 0:00
1738-item-100650348,1738,100650348,100650348,"Dove Moisturizing Beauty Bar Soap Original, 3.75 oz, 16 Bars",https://www.costco.com/dove-moisturizing-beauty-bar-soap-original-375-oz-16-bars.product.100650348.html,,,0,0,https://www.costco.com/all-costco-grocery.html,9/27/2026 0:00
1738-item-100473402,1738,100473402,100473402,"Colgate Total Active Prevention Plus Advanced Whitening Toothpaste, 6.4 oz, 5-pack",https://www.costco.com/colgate-total-active-prevention-plus-advanced-whitening-toothpaste-64-oz-5-pack.product.100473402.html,,,0,0,https://www.costco.com/all-costco-grocery.html,9/27/2026 0:00
1738-item-100812038,1738,100812038,100812038,"Band-Aid Adhesive Bandages, Assorted, 198-count",https://www.costco.com/band-aid-adhesive-bandages-assorted-198-count.product.100812038.html,,,0,0,https://www.costco.com/all-costco-grocery.html,9/27/2026 0:00
1738-item-100811165,1738,100811165,100811165,"RICO Baby Wipes, 720-count",https://www.costco.com/rico-baby-wipes-720-count.product.100811165.html,,,0,0,https://www.costco.com/all-costco-grocery.html,9/27/2026 0:00
1738-item-4000339188,1738,4000339188,4000339188,"Frito Lay Simply Variety Pack, 30-count",https://www.costco.com/frito-lay-simply-variety-pack-30-count.product.4000339188.html,,,0,0,https://www.costco.com/all-costco-grocery.html,9/27/2026 0:00
1738-item-100650384,1738,100650384,100650384,"Dove Moisturizing Beauty Bar Soap Sensitive Skin, 3.75 oz, 16 Bars",https://www.costco.com/dove-moisturizing-beauty-bar-soap-sensitive-skin-375-oz-16-bars.product.100650384.html,,,0,0,https://www.costco.com/all-costco-grocery.html,9/27/2026 0:00
1738-item-4000392769,1738,4000392769,4000392769,"Dove Sensitive Body Wash, 23 fl oz, 3-pack",https://www.costco.com/dove-sensitive-body-wash-23-fl-oz-3-pack.product.4000392769.html,,,0,0,https://www.costco.com/all-costco-grocery.html,9/27/2026 0:00
1738-item-4000322532,1738,4000322532,4000322532,"Oral-B Glide Advanced Deep Clean Floss, 6-pack",https://www.costco.com/oral-b-glide-advanced-deep-clean-floss-6-pack.product.4000322532.html,,,0,0,https://www.costco.com/all-costco-grocery.html,9/27/2026 0:00
1738-item-100675007,1738,100675007,100675007,"Nestle Nido Kinder 1+ Toddler Powdered Milk, 77.6 oz",https://www.costco.com/nestle-nido-kinder-1-toddler-powdered-milk-776-oz.product.100675007.html,,,0,0,https://www.costco.com/all-costco-grocery.html,9/27/2026 0:00
1738-item-4000298430,1738,4000298430,4000298430,"Tampax Pearl Advanced Duopack, 87-count",https://www.costco.com/tampax-pearl-advanced-duopack-87-count.product.4000298430.html,,,0,0,https://www.costco.com/all-costco-grocery.html,9/27/2026 0:00
1738-item-100853676,1738,100853676,100853676,"Degree Men UltraClear+ Antiperspirant Deodorant, Black & White, 2.7 oz, 5-pack",https://www.costco.com/degree-men-ultraclear-antiperspirant-deodorant-black--white-27-oz-5-pack.product.100853676.html,,,0,0,https://www.costco.com/all-costco-grocery.html,9/27/2026 0:00
1738-item-100463241,1738,100463241,100463241,"trunature Cranberry 650 mg, 140 Vegetarian Capsules",https://www.costco.com/trunature-cranberry-650-mg-140-vegetarian-capsules.product.100463241.html,,,0,0,https://www.costco.com/all-costco-grocery.html,9/27/2026 0:00
1738-item-100520262,1738,100520262,100520262,"Always Ultra Thin Advanced Overnight Pads, 76-count",https://www.costco.com/always-ultra-thin-advanced-overnight-pads-76-count.product.100520262.html,,,0,0,https://www.costco.com/all-costco-grocery.html,9/27/2026 0:00
1738-item-4201001268,1738,4201001268,4201001268,"Always Infinity FlexFoam Pads, 72-count",https://www.costco.com/always-infinity-flexfoam-pads-72-count.product.4201001268.html,,,0,0,https://www.costco.com/all-costco-grocery.html,9/27/2026 0:00
1738-item-10031413,1738,10031413,10031413,"TUMS Antacid Ultra Strength, 265 Chewable Tablets",https://www.costco.com/tums-antacid-ultra-strength-265-chewable-tablets.product.10031413.html,,,0,0,https://www.costco.com/all-costco-grocery.html,9/27/2026 0:00
1738-item-4000444178,1738,4000444178,4000444178,"Kirkland Signature Sparkling Energy Drink, Variety Pack, 12 fl oz, 24-count",https://www.costco.com/kirkland-signature-sparkling-energy-drink-variety-pack-12-fl-oz-24-count.product.4000444178.html,,,0,0,https://www.costco.com/beverages.html,9/27/2026 0:00
1738-item-100735424,1738,100735424,100735424,"Coca-Cola Mini, 7.5 fl oz, 30-count",https://www.costco.com/coca-cola-mini-75-fl-oz-30-count.product.100735424.html,,,0,0,https://www.costco.com/beverages.html,9/27/2026 0:00
1738-item-4000448713,1738,4000448713,4000448713,"Celsius Vibe Energy Drink, Variety Pack, 12 fl oz, 18-count",https://www.costco.com/celsius-vibe-energy-drink-variety-pack-12-fl-oz-18-count.product.4000448713.html,,,0,0,https://www.costco.com/beverages.html,9/27/2026 0:00
1738-item-100787633,1738,100787633,100787633,"Coca-Cola Mini, Variety Pack, 7.5 fl oz, 30-count",https://www.costco.com/coca-cola-mini-variety-pack-75-fl-oz-30-count.product.100787633.html,,,0,0,https://www.costco.com/beverages.html,9/27/2026 0:00
1738-item-100411697,1738,100411697,100411697,"Vita Coco, Coconut Water, 11.1 fl oz, 18-Count",https://www.costco.com/vita-coco-coconut-water-111-fl-oz-18-count.product.100411697.html,,,0,0,https://www.costco.com/beverages.html,9/27/2026 0:00
1738-item-4000269836,1738,4000269836,4000269836,"Alani Nu Energy Drink, Variety Pack, 12 fl oz, 18-count",https://www.costco.com/alani-nu-energy-drink-variety-pack-12-fl-oz-18-count.product.4000269836.html,,,0,0,https://www.costco.com/beverages.html,9/27/2026 0:00
1738-item-4000242113,1738,4000242113,4000242113,"BODYARMOR Lyte Sports Drink, Variety Pack, 20 fl oz, 18-count",https://www.costco.com/bodyarmor-lyte-sports-drink-variety-pack-20-fl-oz-18-count.product.4000242113.html,,,0,0,https://www.costco.com/beverages.html,9/27/2026 0:00
1738-item-4000348391,1738,4000348391,4000348391,"San Pellegrino Ciao! Sparkling Water, Variety Pack, 11.15 fl oz, 24-count",https://www.costco.com/san-pellegrino-ciao-sparkling-water-variety-pack-1115-fl-oz-24-count.product.4000348391.html,,,0,0,https://www.costco.com/beverages.html,9/27/2026 0:00
1738-item-4201005694,1738,4201005694,4201005694,"Bloom Sparkling Energy Drink, Flavor Obsessions Variety Pack, 12 fl oz, 18-count",https://www.costco.com/bloom-sparkling-energy-drink-flavor-obsessions-variety-pack-12-fl-oz-18-count.product.4201005694.html,,,0,0,https://www.costco.com/beverages.html,9/27/2026 0:00
1738-item-4000446425,1738,4000446425,4000446425,"Maison Perrier French Kiss Sparkling Juice Beverage, Variety Pack, 11.15 fl oz, 20-count",https://www.costco.com/maison-perrier-french-kiss-sparkling-juice-beverage-variety-pack-1115-fl-oz-20-count.product.4000446425.html,,,0,0,https://www.costco.com/beverages.html,9/27/2026 0:00
1738-item-4000448697,1738,4000448697,4000448697,"Poppi Soda, Juicy Hits Variety Pack, 12 fl oz, 18-count",https://www.costco.com/poppi-soda-juicy-hits-variety-pack-12-fl-oz-18-count.product.4000448697.html,,,0,0,https://www.costco.com/beverages.html,9/27/2026 0:00
1738-item-100643804,1738,100643804,100643804,"Kirkland Signature, Organic Coconut Water, 11.1 fl oz, 12-count",https://www.costco.com/kirkland-signature-organic-coconut-water-111-fl-oz-12-count.product.100643804.html,,,0,0,https://www.costco.com/beverages.html,9/27/2026 0:00
1738-item-4000235669,1738,4000235669,4000235669,"IZZE, Sparkling Juice Beverage, Variety Pack, 8.4 fl oz, 24-Count",https://www.costco.com/izze-sparkling-juice-beverage-variety-pack-84-fl-oz-24-count.product.4000235669.html,,,0,0,https://www.costco.com/beverages.html,9/27/2026 0:00
1738-item-100486065,1738,100486065,100486065,"Honest Kids, Organic Juice Drink, Variety Pack, 6 fl oz, 40-Count",https://www.costco.com/honest-kids-organic-juice-drink-variety-pack-6-fl-oz-40-count.product.100486065.html,,,0,0,https://www.costco.com/beverages.html,9/27/2026 0:00
1738-item-4000387897,1738,4000387897,4000387897,"Celsius Sparkling Energy Drink, Core Variety Pack, 12 fl oz, 18-count",https://www.costco.com/celsius-sparkling-energy-drink-core-variety-pack-12-fl-oz-18-count.product.4000387897.html,,,0,0,https://www.costco.com/beverages.html,9/27/2026 0:00
1738-item-4000234662,1738,4000234662,4000234662,"Maison Perrier Sparkling Water, 16.9 fl oz, 24-count",https://www.costco.com/maison-perrier-sparkling-water-169-fl-oz-24-count.product.4000234662.html,,,0,0,https://www.costco.com/beverages.html,9/27/2026 0:00
1738-item-4000225361,1738,4000225361,4000225361,"Joyburst Hydration Drink, Variety Pack, 16.9 fl oz, 18-count",https://www.costco.com/joyburst-hydration-drink-variety-pack-169-fl-oz-18-count.product.4000225361.html,,,0,0,https://www.costco.com/beverages.html,9/27/2026 0:00
1738-item-100795656,1738,100795656,100795656,"S.Pellegrino Sparkling Natural Mineral Water, 16.9 fl oz, 24-count",https://www.costco.com/spellegrino-sparkling-natural-mineral-water-169-fl-oz-24-count.product.100795656.html,,,0,0,https://www.costco.com/beverages.html,9/27/2026 0:00
1738-item-4000365658,1738,4000365658,4000365658,"Alani Nu Energy Drink, Witch's Brew, 12 fl oz, 18-count",https://www.costco.com/alani-nu-energy-drink-witchs-brew-12-fl-oz-18-count.product.4000365658.html,,,0,0,https://www.costco.com/beverages.html,9/27/2026 0:00
1738-item-100644634,1738,100644634,100644634,"Propel Fitness Water Variety Pack, 16.9 fl oz, 24-count",https://www.costco.com/propel-fitness-water-variety-pack-169-fl-oz-24-count.product.100644634.html,,,0,0,https://www.costco.com/beverages.html,9/27/2026 0:00
1738-item-100800661,1738,100800661,100800661,"Gatorade Thirst Quencher, Turf Variety Pack, 12 fl oz, 28-count",https://www.costco.com/gatorade-thirst-quencher-turf-variety-pack-12-fl-oz-28-count.product.100800661.html,,,0,0,https://www.costco.com/beverages.html,9/27/2026 0:00
1738-item-100812475,1738,100812475,100812475,"Ocean Spray, Cranberry Juice, Variety Pack, 10 fl oz, 24-Count",https://www.costco.com/ocean-spray-cranberry-juice-variety-pack-10-fl-oz-24-count.product.100812475.html,,,0,0,https://www.costco.com/beverages.html,9/27/2026 0:00
1738-item-100841513,1738,100841513,100841513,"Kirkland Signature, Organic Coconut Water, 33.8 fl oz, 9-count",https://www.costco.com/kirkland-signature-organic-coconut-water-338-fl-oz-9-count.product.100841513.html,,,0,0,https://www.costco.com/beverages.html,9/27/2026 0:00
1738-item-4201001800,1738,4201001800,4201001800,"LMNT Sparkling Electrolyte Drink, Variety Pack, 12 fl oz, 15-count",https://www.costco.com/lmnt-sparkling-electrolyte-drink-variety-pack-12-fl-oz-15-count.product.4201001800.html,,,0,0,https://www.costco.com/beverages.html,9/27/2026 0:00
1738-item-4000442683,1738,4000442683,4000442683,"Olipop Mini Soda, Variety Pack, 7.5 fl oz, 15-count",https://www.costco.com/olipop-mini-soda-variety-pack-75-fl-oz-15-count.product.4000442683.html,,,0,0,https://www.costco.com/beverages.html,9/27/2026 0:00
1738-item-4201002019,1738,4201002019,4201002019,"Liquid Death Soda-Flavored Sparkling Water, Variety Pack, 24-count",https://www.costco.com/liquid-death-soda-flavored-sparkling-water-variety-pack-24-count.product.4201002019.html,,,0,0,https://www.costco.com/beverages.html,9/27/2026 0:00
1738-item-4000372651,1738,4000372651,4000372651,"Kirkland Signature Flavored Sparkling Water, 17 fl oz, 24-count",https://www.costco.com/kirkland-signature-flavored-sparkling-water-17-fl-oz-24-count.product.4000372651.html,,,0,0,https://www.costco.com/beverages.html,9/27/2026 0:00
1738-item-4201001644,1738,4201001644,4201001644,"Saint James Organic Brewed Tea, Variety Pack, 16 fl oz, 15-count",https://www.costco.com/saint-james-organic-brewed-tea-variety-pack-16-fl-oz-15-count.product.4201001644.html,,,0,0,https://www.costco.com/beverages.html,9/27/2026 0:00
1738-item-4000351024,1738,4000351024,4000351024,"Olipop Soda, Variety Pack, 12 fl oz, 15-count",https://www.costco.com/olipop-soda-variety-pack-12-fl-oz-15-count.product.4000351024.html,,,0,0,https://www.costco.com/beverages.html,9/27/2026 0:00
1738-item-4000412420,1738,4000412420,4000412420,"Sparkling Ice Zero Sugar Sparkling Water Purple Variety Pack, 17 fl oz, 24-count",https://www.costco.com/sparkling-ice-zero-sugar-sparkling-water-purple-variety-pack-17-fl-oz-24-count.product.4000412420.html,,,0,0,https://www.costco.com/beverages.html,9/27/2026 0:00
1738-item-100709443,1738,100709443,100709443,"Gatorade Thirst Quencher, Core Variety Pack, 12 fl oz, 28-count",https://www.costco.com/gatorade-thirst-quencher-core-variety-pack-12-fl-oz-28-count.product.100709443.html,,,0,0,https://www.costco.com/beverages.html,9/27/2026 0:00
1738-item-100384650,1738,100384650,100384650,"Kirkland Signature, Organic Lemonade, 96 fl oz, 2-count",https://www.costco.com/kirkland-signature-organic-lemonade-96-fl-oz-2-count.product.100384650.html,,,0,0,https://www.costco.com/beverages.html,9/27/2026 0:00
1738-item-100371255,1738,100371255,100371255,"Capri Sun, 100% Juice, Variety Pack, 6 fl oz, 40-count",https://www.costco.com/capri-sun-100-juice-variety-pack-6-fl-oz-40-count.product.100371255.html,,,0,0,https://www.costco.com/beverages.html,9/27/2026 0:00
1738-item-100765799,1738,100765799,100765799,"La Croix Sparkling Water, Beach Plum, Guava Sao Paulo and Black Razz Berry Variety Pack, 12 fl oz, 24-count",https://www.costco.com/la-croix-sparkling-water-beach-plum-guava-sao-paulo-and-black-razz-berry-variety-pack-12-fl-oz-24-count.product.100765799.html,,,0,0,https://www.costco.com/beverages.html,9/27/2026 0:00
1738-item-4000397460,1738,4000397460,4000397460,"Bai Antioxidant Beverage, Fruit Variety Pack, 18 fl oz, 15-count",https://www.costco.com/bai-antioxidant-beverage-fruit-variety-pack-18-fl-oz-15-count.product.4000397460.html,,,0,0,https://www.costco.com/beverages.html,9/27/2026 0:00
1738-item-100381498,1738,100381498,100381498,"Apple & Eve, 100% Juice, Variety Pack, 6.75 fl oz, 36-Count",https://www.costco.com/apple--eve-100-juice-variety-pack-675-fl-oz-36-count.product.100381498.html,,,0,0,https://www.costco.com/beverages.html,9/27/2026 0:00
1738-item-100779437,1738,100779437,100779437,"Welch's 100% Juice Drink, Variety Pack, 10 fl oz, 24-count",https://www.costco.com/welchs-100-juice-drink-variety-pack-10-fl-oz-24-count.product.100779437.html,,,0,0,https://www.costco.com/beverages.html,9/27/2026 0:00
1738-item-4000439916,1738,4000439916,4000439916,"Gatorade Lower Sugar, Variety Pack, 12 fl oz, 24-count",https://www.costco.com/gatorade-lower-sugar-variety-pack-12-fl-oz-24-count.product.4000439916.html,,,0,0,https://www.costco.com/beverages.html,9/27/2026 0:00
1738-item-100451132,1738,100451132,100451132,"Sprite Lemon-Lime Caffeine Free Soda Soft Drink Cans, 12 fl oz, 35-count",https://www.costco.com/sprite-lemon-lime-caffeine-free-soda-soft-drink-cans-12-fl-oz-35-count.product.100451132.html,,,0,0,https://www.costco.com/beverages.html,9/27/2026 0:00
1738-item-100368220,1738,100368220,100368220,"Red Bull Energy Drink, Sugar Free, 8.4 fl oz, 24-count",https://www.costco.com/red-bull-energy-drink-sugar-free-84-fl-oz-24-count.product.100368220.html,,,0,0,https://www.costco.com/beverages.html,9/27/2026 0:00
1738-item-4000444745,1738,4000444745,4000444745,"Ghost Energy Drink, Variety Pack, 16 fl oz, 18-count",https://www.costco.com/ghost-energy-drink-variety-pack-16-fl-oz-18-count.product.4000444745.html,,,0,0,https://www.costco.com/beverages.html,9/27/2026 0:00
1738-item-100381588,1738,100381588,100381588,"Carnation, Evaporated Milk, 12 fl oz, 12-Count",https://www.costco.com/carnation-evaporated-milk-12-fl-oz-12-count.product.100381588.html,,,0,0,https://www.costco.com/beverages.html,9/27/2026 0:00
1738-item-100314147,1738,100314147,100314147,"Kirkland Signature, Organic Almond Beverage, Vanilla, 32 fl oz, 6-Count",https://www.costco.com/kirkland-signature-organic-almond-beverage-vanilla-32-fl-oz-6-count.product.100314147.html,,,0,0,https://www.costco.com/beverages.html,9/27/2026 0:00
1738-item-100392423,1738,100392423,100392423,"Sunny D Citrus Punch, Tangy Original, 11.3 fl oz, 30-Count",https://www.costco.com/sunny-d-citrus-punch-tangy-original-113-fl-oz-30-count.product.100392423.html,,,0,0,https://www.costco.com/beverages.html,9/27/2026 0:00
1738-item-4000361369,1738,4000361369,4000361369,"Celsius Sparkling Energy Drink, Vibe Variety Pack, 12 fl oz, 18-count",https://www.costco.com/celsius-sparkling-energy-drink-vibe-variety-pack-12-fl-oz-18-count.product.4000361369.html,,,0,0,https://www.costco.com/beverages.html,9/27/2026 0:00
1738-item-100638343,1738,100638343,100638343,"Kirkland Signature, Organic Non-Dairy Oat Beverage, 32 oz, 6-count",https://www.costco.com/kirkland-signature-organic-non-dairy-oat-beverage-32-oz-6-count.product.100638343.html,,,0,0,https://www.costco.com/beverages.html,9/27/2026 0:00
1738-item-4000443229,1738,4000443229,4000443229,"Kirkland Signature Sport Drink, Variety Pack, 12 fl oz, 24-count",https://www.costco.com/kirkland-signature-sport-drink-variety-pack-12-fl-oz-24-count.product.4000443229.html,,,0,0,https://www.costco.com/beverages.html,9/27/2026 0:00
1738-item-100456512,1738,100456512,100456512,"Kirkland Signature, Almond Milk, 1 qt, 12-count",https://www.costco.com/kirkland-signature-almond-milk-1-qt-12-count.product.100456512.html,,,0,0,https://www.costco.com/beverages.html,9/27/2026 0:00
1738-item-100440556,1738,100440556,100440556,"Coca-Cola de Mexico Soda Soft Drink Glass Bottles, 335 mL, 24-count",https://www.costco.com/coca-cola-de-mexico-soda-soft-drink-glass-bottles-335-ml-24-count.product.100440556.html,,,0,0,https://www.costco.com/beverages.html,9/27/2026 0:00
1738-item-100449940,1738,100449940,100449940,"SO Delicious, Organic Coconut Milk, 32 oz, 6-Count",https://www.costco.com/so-delicious-organic-coconut-milk-32-oz-6-count.product.100449940.html,,,0,0,https://www.costco.com/beverages.html,9/27/2026 0:00
1738-item-100368228,1738,100368228,100368228,"Red Bull Energy Drink, 8.4 fl oz, 24-count",https://www.costco.com/red-bull-energy-drink-84-fl-oz-24-count.product.100368228.html,,,0,0,https://www.costco.com/beverages.html,9/27/2026 0:00
1738-item-4201003687,1738,4201003687,4201003687,"Kirkland Signature A2 Chocolate Milk, 8 fl oz, 24-count",https://www.costco.com/kirkland-signature-a2-chocolate-milk-8-fl-oz-24-count.product.4201003687.html,,,0,0,https://www.costco.com/beverages.html,9/27/2026 0:00
1738-item-4000240044,1738,4000240044,4000240044,"Kirkland Signature Organic Whole Milk, 8 fl oz, 18-count",https://www.costco.com/kirkland-signature-organic-whole-milk-8-fl-oz-18-count.product.4000240044.html,,,0,0,https://www.costco.com/beverages.html,9/27/2026 0:00
1738-item-100461841,1738,100461841,100461841,"Swiss Miss, Hot Cocoa Mix, 1.38 oz, 50-Count",https://www.costco.com/swiss-miss-hot-cocoa-mix-138-oz-50-count.product.100461841.html,,,0,0,https://www.costco.com/beverages.html,9/27/2026 0:00
1738-item-100688557,1738,100688557,100688557,"Kirkland Signature Organic A2 Whole Milk, Half Gallon, 3-count",https://www.costco.com/kirkland-signature-organic-a2-whole-milk-half-gallon-3-count.product.100688557.html,,,0,0,https://www.costco.com/beverages.html,9/27/2026 0:00
1738-item-4000446237,1738,4000446237,4000446237,"Monster Energy Drink, Ultra Variety Pack, 12 fl oz, 24-count",https://www.costco.com/monster-energy-drink-ultra-variety-pack-12-fl-oz-24-count.product.4000446237.html,,,0,0,https://www.costco.com/beverages.html,9/27/2026 0:00
1738-item-100451360,1738,100451360,100451360,"Coca-Cola Classic, 12 fl oz, 35-count",https://www.costco.com/coca-cola-classic-12-fl-oz-35-count.product.100451360.html,,,0,0,https://www.costco.com/beverages.html,9/27/2026 0:00
1738-item-100616479,1738,100616479,100616479,"Welch’s, 100% Grape Juice Blend, Concord Grape, 96 fl oz, 2-Count",https://www.costco.com/welchs-100-grape-juice-blend-concord-grape-96-fl-oz-2-count.product.100616479.html,,,0,0,https://www.costco.com/beverages.html,9/27/2026 0:00
1738-item-100433654,1738,100433654,100433654,"Mott's Organic 100% Apple Juice, 1 Gal, 2-count",https://www.costco.com/motts-organic-100-apple-juice-1-gal-2-count.product.100433654.html,,,0,0,https://www.costco.com/beverages.html,9/27/2026 0:00
1738-item-4000359657,1738,4000359657,4000359657,"Gatorade Zero Variety Pack, 20 fl oz, 24-count",https://www.costco.com/gatorade-zero-variety-pack-20-fl-oz-24-count.product.4000359657.html,,,0,0,https://www.costco.com/beverages.html,9/27/2026 0:00
1738-item-100442348,1738,100442348,100442348,"Lipton, Iced Tea Mix, Lemon, 5 lbs",https://www.costco.com/lipton-iced-tea-mix-lemon-5-lbs.product.100442348.html,,,0,0,https://www.costco.com/beverages.html,9/27/2026 0:00
1738-item-4000349261,1738,4000349261,4000349261,"AG1 Daily Foundational Nutrition, 40-count",https://www.costco.com/ag1-daily-foundational-nutrition-40-count.product.4000349261.html,,,0,0,https://www.costco.com/beverages.html,9/27/2026 0:00
1738-item-100398626,1738,100398626,100398626,"Glacéau Smartwater, 1 L, 15-count",https://www.costco.com/glacau-smartwater-1-l-15-count.product.100398626.html,,,0,0,https://www.costco.com/beverages.html,9/27/2026 0:00
1738-item-4201023800,1738,4201023800,4201023800,"Health-Ade Organic Fruity Fusion Kombucha Variety Pack, 16 fl oz, 6-count",https://www.costco.com/health-ade-organic-fruity-fusion-kombucha-variety-pack-16-fl-oz-6-count.product.4201023800.html,,,0,0,https://www.costco.com/beverages.html,9/27/2026 0:00
1738-item-4000033301,1738,4000033301,4000033301,"FIJI Natural Artesian Water, 16.9 fl oz, 24-count",https://www.costco.com/fiji-natural-artesian-water-169-fl-oz-24-count.product.4000033301.html,,,0,0,https://www.costco.com/beverages.html,9/27/2026 0:00
1738-item-4000179611,1738,4000179611,4000179611,"San Pellegrino Sparkling Natural Mineral Water, 25.3 fl oz, 15-count",https://www.costco.com/san-pellegrino-sparkling-natural-mineral-water-253-fl-oz-15-count.product.4000179611.html,,,0,0,https://www.costco.com/beverages.html,9/27/2026 0:00
1738-item-100588180,1738,100588180,100588180,"Kirkland Signaure Organic Raw Kombucha, 16 fl oz, 8-count",https://www.costco.com/kirkland-signaure-organic-raw-kombucha-16-fl-oz-8-count.product.100588180.html,,,0,0,https://www.costco.com/beverages.html,9/27/2026 0:00
1738-item-4000233754,1738,4000233754,4000233754,"POM Wonderful 100% Pomegranate Juice, 64 fl oz",https://www.costco.com/pom-wonderful-100-pomegranate-juice-64-fl-oz.product.4000233754.html,,,0,0,https://www.costco.com/beverages.html,9/27/2026 0:00
1738-item-4201001042,1738,4201001042,4201001042,"Kirkland Signature Ultra Filtered 2% Lactose Free Milk, Half Gallon, 3-count",https://www.costco.com/kirkland-signature-ultra-filtered-2-lactose-free-milk-half-gallon-3-count.product.4201001042.html,,,0,0,https://www.costco.com/beverages.html,9/27/2026 0:00
1738-item-100737535,1738,100737535,100737535,"Sambazon Organic Dragon Fruit Blend, 64 fl oz",https://www.costco.com/sambazon-organic-dragon-fruit-blend-64-fl-oz.product.100737535.html,,,0,0,https://www.costco.com/beverages.html,9/27/2026 0:00
1738-item-100437793,1738,100437793,100437793,"Fever Tree Ginger Beer, 9.3 fl oz, 12-count",https://www.costco.com/fever-tree-ginger-beer-93-fl-oz-12-count.product.100437793.html,,,0,0,https://www.costco.com/beverages.html,9/27/2026 0:00
1738-item-100688986,1738,100688986,100688986,"Kirkland Signature Funhouse Treats, Variety Pack, 92 oz",https://www.costco.com/kirkland-signature-funhouse-treats-variety-pack-92-oz.product.100688986.html,,,0,0,https://www.costco.com/candy.html,9/27/2026 0:00
1738-item-100381538,1738,100381538,100381538,"Hershey's Variety Pack, 30-count",https://www.costco.com/hersheys-variety-pack-30-count.product.100381538.html,,,0,0,https://www.costco.com/candy.html,9/27/2026 0:00
1738-item-100381504,1738,100381504,100381504,"M&M's, Snickers and More Chocolate Candy Bars, Variety Pack, 30-count",https://www.costco.com/mms-snickers-and-more-chocolate-candy-bars-variety-pack-30-count.product.100381504.html,,,0,0,https://www.costco.com/candy.html,9/27/2026 0:00
1738-item-100390360,1738,100390360,100390360,"Kellogg's Rice Krispies Treats, 0.78 oz, 60-count",https://www.costco.com/kelloggs-rice-krispies-treats-078-oz-60-count.product.100390360.html,,,0,0,https://www.costco.com/candy.html,9/27/2026 0:00
1738-item-4000444766,1738,4000444766,4000444766,"Haribo Gummi Candy Happy Mix Variety Pack, 120-count",https://www.costco.com/haribo-gummi-candy-happy-mix-variety-pack-120-count.product.4000444766.html,,,0,0,https://www.costco.com/candy.html,9/27/2026 0:00
1738-item-100381533,1738,100381533,100381533,"Hershey's Nuggets Assortment, Variety Pack, 145-count",https://www.costco.com/hersheys-nuggets-assortment-variety-pack-145-count.product.100381533.html,,,0,0,https://www.costco.com/candy.html,9/27/2026 0:00
1738-item-100394694,1738,100394694,100394694,"M&M's Chocolate Candy, Peanut, 62 oz Jar",https://www.costco.com/mms-chocolate-candy-peanut-62-oz-jar.product.100394694.html,,,0,0,https://www.costco.com/candy.html,9/27/2026 0:00
1738-item-4000064657,1738,4000064657,4000064657,"Skinny Dipped Cups, Dark Chocolate Peanut Butter, 30-count",https://www.costco.com/skinny-dipped-cups-dark-chocolate-peanut-butter-30-count.product.4000064657.html,,,0,0,https://www.costco.com/candy.html,9/27/2026 0:00
1738-item-100333883,1738,100333883,100333883,"Kirkland Signature Raisins, Milk Chocolate, 3.4 lb",https://www.costco.com/kirkland-signature-raisins-milk-chocolate-34-lb.product.100333883.html,,,0,0,https://www.costco.com/candy.html,9/27/2026 0:00
1738-item-100762844,1738,100762844,100762844,"Fruit By The Foot, Variety, 0.75 oz, 48-count",https://www.costco.com/fruit-by-the-foot-variety-075-oz-48-count.product.100762844.html,,,0,0,https://www.costco.com/candy.html,9/27/2026 0:00
1738-item-4000416452,1738,4000416452,4000416452,"Kirkland Signature Milk Chocolate Covered Almonds, 48 oz",https://www.costco.com/kirkland-signature-milk-chocolate-covered-almonds-48-oz.product.4000416452.html,,,0,0,https://www.costco.com/candy.html,9/27/2026 0:00
1738-item-4000349222,1738,4000349222,4000349222,"Jojo's Dark Chocolate Pistachio Almond Cranberry Bites, 14.4 oz",https://www.costco.com/jojos-dark-chocolate-pistachio-almond-cranberry-bites-144-oz.product.4000349222.html,,,0,0,https://www.costco.com/candy.html,9/27/2026 0:00
1738-item-100383408,1738,100383408,100383408,"Ferrero Rocher, Milk Chocolate Hazelnut Candy, 21.2 oz, 48 Count",https://www.costco.com/ferrero-rocher-milk-chocolate-hazelnut-candy-212-oz-48-count.product.100383408.html,,,0,0,https://www.costco.com/candy.html,9/27/2026 0:00
1738-item-100381532,1738,100381532,100381532,"Hershey's Kisses, Milk Chocolate, 56 oz",https://www.costco.com/hersheys-kisses-milk-chocolate-56-oz.product.100381532.html,,,0,0,https://www.costco.com/candy.html,9/27/2026 0:00
1738-item-100810714,1738,100810714,100810714,"Toblerone Swiss Milk Chocolate Bar, 3.52 oz, 6-Count",https://www.costco.com/toblerone-swiss-milk-chocolate-bar-352-oz-6-count.product.100810714.html,,,0,0,https://www.costco.com/candy.html,9/27/2026 0:00
1738-item-4000184371,1738,4000184371,4000184371,"Extra Sugar Free Chewing Gum, Mint Variety Pack, 15 Sticks, 18-Count",https://www.costco.com/extra-sugar-free-chewing-gum-mint-variety-pack-15-sticks-18-count.product.4000184371.html,,,0,0,https://www.costco.com/candy.html,9/27/2026 0:00
1738-item-100643925,1738,100643925,100643925,"Kinder Bueno Chocolate and Hazelnut Chocolate Bars, 2 Bars, 1.5 oz, 20 Pack",https://www.costco.com/kinder-bueno-chocolate-and-hazelnut-chocolate-bars-2-bars-15-oz-20-pack.product.100643925.html,,,0,0,https://www.costco.com/candy.html,9/27/2026 0:00
1738-item-100851787,1738,100851787,100851787,"Lindt Lindor Chocolate Truffles, Assorted Flavors, 21.2 oz",https://www.costco.com/lindt-lindor-chocolate-truffles-assorted-flavors-212-oz.product.100851787.html,,,0,0,https://www.costco.com/candy.html,9/27/2026 0:00
1738-item-4000426545,1738,4000426545,4000426545,"Skinny Dipped Dark Chocolate Coconut Almond Bites, 30-count",https://www.costco.com/skinny-dipped-dark-chocolate-coconut-almond-bites-30-count.product.4000426545.html,,,0,0,https://www.costco.com/candy.html,9/27/2026 0:00
1738-item-100368193,1738,100368193,100368193,"Healthy Choice Organic Fudge Bars, 3 fl oz, 18-count",https://www.costco.com/healthy-choice-organic-fudge-bars-3-fl-oz-18-count.product.100368193.html,,,0,0,https://www.costco.com/candy.html,9/27/2026 0:00
1738-item-100437854,1738,100437854,100437854,"Kerrygold Pure Irish Butter, Salted, 8 oz, 4-count",https://www.costco.com/kerrygold-pure-irish-butter-salted-8-oz-4-count.product.100437854.html,,,0,0,https://www.costco.com/dairy-eggs-cheese.html,9/27/2026 0:00
1738-item-100433972,1738,100433972,100433972,"Kirkland Signature Organic Greek Yogurt, 48 oz",https://www.costco.com/kirkland-signature-organic-greek-yogurt-48-oz.product.100433972.html,,,0,0,https://www.costco.com/dairy-eggs-cheese.html,9/27/2026 0:00
1738-item-100710281,1738,100710281,100710281,"Cello Variety Pack, Cracker Cut, Premium Sliced Cheeses, 2 lbs",https://www.costco.com/cello-variety-pack-cracker-cut-premium-sliced-cheeses-2-lbs.product.100710281.html,,,0,0,https://www.costco.com/dairy-eggs-cheese.html,9/27/2026 0:00
1738-item-100462183,1738,100462183,100462183,"Oikos Triple Zero Greek Nonfat Yogurt, Variety Pack, 5.3 oz, 18-count",https://www.costco.com/oikos-triple-zero-greek-nonfat-yogurt-variety-pack-53-oz-18-count.product.100462183.html,,,0,0,https://www.costco.com/dairy-eggs-cheese.html,9/27/2026 0:00
1738-item-100368194,1738,100368194,100368194,"Chobani Greek Yogurt Variety Pack, 5.3 oz, 20-count",https://www.costco.com/chobani-greek-yogurt-variety-pack-53-oz-20-count.product.100368194.html,,,0,0,https://www.costco.com/dairy-eggs-cheese.html,9/27/2026 0:00
1738-item-100713067,1738,100713067,100713067,"Kirkland Signature Grass-Fed Butter, 8 oz, 4-count",https://www.costco.com/kirkland-signature-grass-fed-butter-8-oz-4-count.product.100713067.html,,,0,0,https://www.costco.com/dairy-eggs-cheese.html,9/27/2026 0:00
1738-item-100436420,1738,100436420,100436420,"Kirkland Signature Shredded Mozzarella Cheese, 2.5 lbs, 2-count",https://www.costco.com/kirkland-signature-shredded-mozzarella-cheese-25-lbs-2-count.product.100436420.html,,,0,0,https://www.costco.com/dairy-eggs-cheese.html,9/27/2026 0:00
1738-item-100437629,1738,100437629,100437629,"Kirkland Signature Shredded Mexican Style Blend Cheese, 2.5 lbs, 2-count",https://www.costco.com/kirkland-signature-shredded-mexican-style-blend-cheese-25-lbs-2-count.product.100437629.html,,,0,0,https://www.costco.com/dairy-eggs-cheese.html,9/27/2026 0:00
1738-item-4000345017,1738,4000345017,4000345017,"Chobani Protein Lowfat Greek Yogurt, 6.7 oz, 16-count",https://www.costco.com/chobani-protein-lowfat-greek-yogurt-67-oz-16-count.product.4000345017.html,,,0,0,https://www.costco.com/dairy-eggs-cheese.html,9/27/2026 0:00
1738-item-100439614,1738,100439614,100439614,"Busseto California Snackin' Bite Size Salami & Provolone Cheese, 8-count",https://www.costco.com/busseto-california-snackin-bite-size-salami--provolone-cheese-8-count.product.100439614.html,,,0,0,https://www.costco.com/dairy-eggs-cheese.html,9/27/2026 0:00
1738-item-100637149,1738,100637149,100637149,"Kirkland Signature Fresh Mozzarella, 18 oz, 2-count",https://www.costco.com/kirkland-signature-fresh-mozzarella-18-oz-2-count.product.100637149.html,,,0,0,https://www.costco.com/dairy-eggs-cheese.html,9/27/2026 0:00
1738-item-100715989,1738,100715989,100715989,"Kirkland Signature Organic Greek Feta, 28.2 oz",https://www.costco.com/kirkland-signature-organic-greek-feta-282-oz.product.100715989.html,,,0,0,https://www.costco.com/dairy-eggs-cheese.html,9/27/2026 0:00
1738-item-4201012739,1738,4201012739,4201012739,"Chobani 20g Protein Lowfat Plain Greek Yogurt, 40 oz",https://www.costco.com/chobani-20g-protein-lowfat-plain-greek-yogurt-40-oz.product.4201012739.html,,,0,0,https://www.costco.com/dairy-eggs-cheese.html,9/27/2026 0:00
1738-item-100439445,1738,100439445,100439445,"Kerrygold Pure Unsalted Irish Butter, 8 oz, 4-count",https://www.costco.com/kerrygold-pure-unsalted-irish-butter-8-oz-4-count.product.100439445.html,,,0,0,https://www.costco.com/dairy-eggs-cheese.html,9/27/2026 0:00
1738-item-100453313,1738,100453313,100453313,"BelGioioso Fresh Mozzarella Snacking Cheese, 1 oz, 24-count",https://www.costco.com/belgioioso-fresh-mozzarella-snacking-cheese-1-oz-24-count.product.100453313.html,,,0,0,https://www.costco.com/dairy-eggs-cheese.html,9/27/2026 0:00
1738-item-100442159,1738,100442159,100442159,"Finlandia Premium Cheese Slices, 2 lbs",https://www.costco.com/finlandia-premium-cheese-slices-2-lbs.product.100442159.html,,,0,0,https://www.costco.com/dairy-eggs-cheese.html,9/27/2026 0:00
1738-item-100387887,1738,100387887,100387887,"Boursin Garlic & Fine Herbs + Shallot & Chive, Gourmet Cheese, 5.3 oz, 3-count",https://www.costco.com/boursin-garlic--fine-herbs--shallot--chive-gourmet-cheese-53-oz-3-count.product.100387887.html,,,0,0,https://www.costco.com/dairy-eggs-cheese.html,9/27/2026 0:00
1738-item-100423100,1738,100423100,100423100,"Kraft Singles American Cheese, 96 Slices, 4 lbs",https://www.costco.com/kraft-singles-american-cheese-96-slices-4-lbs.product.100423100.html,,,0,0,https://www.costco.com/dairy-eggs-cheese.html,9/27/2026 0:00
1738-item-4000109678,1738,4000109678,4000109678,"Babybel Mini Snack Cheese, Original, 0.71 oz, 36-count",https://www.costco.com/babybel-mini-snack-cheese-original-071-oz-36-count.product.4000109678.html,,,0,0,https://www.costco.com/dairy-eggs-cheese.html,9/27/2026 0:00
1738-item-100443302,1738,100443302,100443302,"Emmi Le Gruyere AOP Cheese, 1 lb",https://www.costco.com/emmi-le-gruyere-aop-cheese-1-lb.product.100443302.html,,,0,0,https://www.costco.com/dairy-eggs-cheese.html,9/27/2026 0:00
1738-item-4000283857,1738,4000283857,4000283857,"Noosa Yoghurt Variety Pack, 4 oz, 12-count",https://www.costco.com/noosa-yoghurt-variety-pack-4-oz-12-count.product.4000283857.html,,,0,0,https://www.costco.com/dairy-eggs-cheese.html,9/27/2026 0:00
1738-item-100377729,1738,100377729,100377729,"Kirkland Signature Aged Parmigiano Reggiano Cheese, Shredded, 1 lb",https://www.costco.com/kirkland-signature-aged-parmigiano-reggiano-cheese-shredded-1-lb.product.100377729.html,,,0,0,https://www.costco.com/dairy-eggs-cheese.html,9/27/2026 0:00
1738-item-100443215,1738,100443215,100443215,"Philadelphia Original Cream Cheese Spread, 48 oz",https://www.costco.com/philadelphia-original-cream-cheese-spread-48-oz.product.100443215.html,,,0,0,https://www.costco.com/dairy-eggs-cheese.html,9/27/2026 0:00
1738-item-100416444,1738,100416444,100416444,"President Crumbled Feta Cheese, 1.5 lbs",https://www.costco.com/president-crumbled-feta-cheese-15-lbs.product.100416444.html,,,0,0,https://www.costco.com/dairy-eggs-cheese.html,9/27/2026 0:00
1738-item-4000099834,1738,4000099834,4000099834,"Kirkland Signature Fresh Goat Cheese, 10.5 oz, 2-count",https://www.costco.com/kirkland-signature-fresh-goat-cheese-105-oz-2-count.product.4000099834.html,,,0,0,https://www.costco.com/dairy-eggs-cheese.html,9/27/2026 0:00
1738-item-100342484,1738,100342484,100342484,"Kirkland Signature Flex-Tech 13-Gallon Kitchen Trash Bag, 200-count",https://www.costco.com/kirkland-signature-flex-tech-13-gallon-kitchen-trash-bag-200-count.product.100342484.html,,,0,0,https://www.costco.com/household-cleaning.html,9/27/2026 0:00
1738-item-100534416,1738,100534416,100534416,"Clorox Disinfecting Wipes, Variety Pack, 85-count, 5-pack",https://www.costco.com/clorox-disinfecting-wipes-variety-pack-85-count-5-pack.product.100534416.html,,,0,0,https://www.costco.com/household-cleaning.html,9/27/2026 0:00
1738-item-4000350951,1738,4000350951,4000350951,"Cascade Platinum Plus Dishwasher Detergent ActionPacs, Fresh, 82-count",https://www.costco.com/cascade-platinum-plus-dishwasher-detergent-actionpacs-fresh-82-count.product.4000350951.html,,,0,0,https://www.costco.com/household-cleaning.html,9/27/2026 0:00
1738-item-4000438985,1738,4000438985,4000438985,"Dawn Platimum Advanced Power Dishwashing Liquid, Fresh, 90 fl oz",https://www.costco.com/dawn-platimum-advanced-power-dishwashing-liquid-fresh-90-fl-oz.product.4000438985.html,,,0,0,https://www.costco.com/household-cleaning.html,9/27/2026 0:00
1738-item-4000113981,1738,4000113981,4000113981,"Lysol Disinfecting Wipes, Variety Pack, 95-count, 4-pack",https://www.costco.com/lysol-disinfecting-wipes-variety-pack-95-count-4-pack.product.4000113981.html,,,0,0,https://www.costco.com/household-cleaning.html,9/27/2026 0:00
1738-item-100520272,1738,100520272,100520272,"Kirkland Signature Flex-Tech 13-Gallon Scented Kitchen Trash Bags, 200-count",https://www.costco.com/kirkland-signature-flex-tech-13-gallon-scented-kitchen-trash-bags-200-count.product.100520272.html,,,0,0,https://www.costco.com/household-cleaning.html,9/27/2026 0:00
1738-item-100540181,1738,100540181,100540181,"Lysol Advanced Toilet Bowl Cleaner, 32 fl oz, 4-count",https://www.costco.com/lysol-advanced-toilet-bowl-cleaner-32-fl-oz-4-count.product.100540181.html,,,0,0,https://www.costco.com/household-cleaning.html,9/27/2026 0:00
1738-item-4000435427,1738,4000435427,4000435427,"Cascade Platinum Liquid Dishwasher Detergent, Fresh, 125 fl oz",https://www.costco.com/cascade-platinum-liquid-dishwasher-detergent-fresh-125-fl-oz.product.4000435427.html,,,0,0,https://www.costco.com/household-cleaning.html,9/27/2026 0:00
1738-item-4000320960,1738,4000320960,4000320960,"Bounce Select a Size Fabric Softener Dryer Sheets, Outdoor Fresh, 400-count",https://www.costco.com/bounce-select-a-size-fabric-softener-dryer-sheets-outdoor-fresh-400-count.product.4000320960.html,,,0,0,https://www.costco.com/household-cleaning.html,9/27/2026 0:00
1738-item-4000423630,1738,4000423630,4000423630,"Cascade Complete Shine Boost Dishwasher Detergent ActionPacs, Fresh, 92-count",https://www.costco.com/cascade-complete-shine-boost-dishwasher-detergent-actionpacs-fresh-92-count.product.4000423630.html,,,0,0,https://www.costco.com/household-cleaning.html,9/27/2026 0:00
1738-item-4000260032,1738,4000260032,4000260032,"Dawn Platinum Plus Powerwash Dish Soap Spray, Fresh Clean, 1 Starter Kit + 2 Refills",https://www.costco.com/dawn-platinum-plus-powerwash-dish-soap-spray-fresh-clean-1-starter-kit--2-refills.product.4000260032.html,,,0,0,https://www.costco.com/household-cleaning.html,9/27/2026 0:00
1738-item-100525739,1738,100525739,100525739,"Kirkland Signature Ultra Clean Free & Clear HE Liquid Laundry Detergent, 146 loads, 194 fl oz",https://www.costco.com/kirkland-signature-ultra-clean-free--clear-he-liquid-laundry-detergent-146-loads-194-fl-oz.product.100525739.html,,,0,0,https://www.costco.com/household-cleaning.html,9/27/2026 0:00
1738-item-4000092361,1738,4000092361,4000092361,"Swiffer Duster Heavy Duty Dusting Kit, 1 Handle + 17 Refills",https://www.costco.com/swiffer-duster-heavy-duty-dusting-kit-1-handle--17-refills.product.4000092361.html,,,0,0,https://www.costco.com/household-cleaning.html,9/27/2026 0:00
1738-item-4000251265,1738,4000251265,4000251265,"Downy Ultimate Infusions In-Wash Scent Booster Beads, Whimsical Wonder, 24.5 oz",https://www.costco.com/downy-ultimate-infusions-in-wash-scent-booster-beads-whimsical-wonder-245-oz.product.4000251265.html,,,0,0,https://www.costco.com/household-cleaning.html,9/27/2026 0:00
1738-item-4000444453,1738,4000444453,4000444453,"Tide Pods with Ultra Oxi Laundry Detergent Pods, 100-count",https://www.costco.com/tide-pods-with-ultra-oxi-laundry-detergent-pods-100-count.product.4000444453.html,,,0,0,https://www.costco.com/household-cleaning.html,9/27/2026 0:00
1738-item-4000298387,1738,4000298387,4000298387,"Finish Jet-Dry Ultra Dishwasher Rinse Aid, 38 fl oz",https://www.costco.com/finish-jet-dry-ultra-dishwasher-rinse-aid-38-fl-oz.product.4000298387.html,,,0,0,https://www.costco.com/household-cleaning.html,9/27/2026 0:00
1738-item-4000417929,1738,4000417929,4000417929,"Tide Pods Laundry Detergent Pods, Spring Meadow, 156-count",https://www.costco.com/tide-pods-laundry-detergent-pods-spring-meadow-156-count.product.4000417929.html,,,0,0,https://www.costco.com/household-cleaning.html,9/27/2026 0:00
1738-item-4000247808,1738,4000247808,4000247808,"Kirkland Signature Ultra Shine Liquid Dish Soap, Fresh, 90 fl. oz.",https://www.costco.com/kirkland-signature-ultra-shine-liquid-dish-soap-fresh-90-fl-oz.product.4000247808.html,,,0,0,https://www.costco.com/household-cleaning.html,9/27/2026 0:00
1738-item-100525846,1738,100525846,100525846,"Kirkland Signature Ultra Clean HE Liquid Laundry Detergent, 146 loads, 194 fl oz",https://www.costco.com/kirkland-signature-ultra-clean-he-liquid-laundry-detergent-146-loads-194-fl-oz.product.100525846.html,,,0,0,https://www.costco.com/household-cleaning.html,9/27/2026 0:00
1738-item-4000278026,1738,4000278026,4000278026,"Downy Soft Liquid Fabric Softener, April Fresh, 257 Loads, 150 fl oz",https://www.costco.com/downy-soft-liquid-fabric-softener-april-fresh-257-loads-150-fl-oz.product.4000278026.html,,,0,0,https://www.costco.com/household-cleaning.html,9/27/2026 0:00
1738-item-4000100321,1738,4000100321,4000100321,"Tide Ultra Concentrated Liquid Laundry Detergent, Original, 152 Loads, 170 fl oz",https://www.costco.com/tide-ultra-concentrated-liquid-laundry-detergent-original-152-loads-170-fl-oz.product.4000100321.html,,,0,0,https://www.costco.com/household-cleaning.html,9/27/2026 0:00
1738-item-100146130,1738,100146130,100146130,"Clorox Clean-Up All Purpose Cleaner with Bleach, Original, 32 fl oz Spray & 180 fl oz Refill",https://www.costco.com/clorox-clean-up-all-purpose-cleaner-with-bleach-original-32-fl-oz-spray--180-fl-oz-refill.product.100146130.html,,,0,0,https://www.costco.com/household-cleaning.html,9/27/2026 0:00
1738-item-100308728,1738,100308728,100308728,"Clorox ToiletWand Disposable Toilet Cleaning System, Rainforest Rush, 1 Wand & 36 Refills",https://www.costco.com/clorox-toiletwand-disposable-toilet-cleaning-system-rainforest-rush-1-wand--36-refills.product.100308728.html,,,0,0,https://www.costco.com/household-cleaning.html,9/27/2026 0:00
1738-item-4000308669,1738,4000308669,4000308669,"Downy Unstopables In-Wash Scent Booster Beads, Fresh, 39.9 oz",https://www.costco.com/downy-unstopables-in-wash-scent-booster-beads-fresh-399-oz.product.4000308669.html,,,0,0,https://www.costco.com/household-cleaning.html,9/27/2026 0:00
1738-item-4000141369,1738,4000141369,4000141369,"Scotch-Brite Zero Scratch Sponge, 24-count",https://www.costco.com/scotch-brite-zero-scratch-sponge-24-count.product.4000141369.html,,,0,0,https://www.costco.com/household-cleaning.html,9/27/2026 0:00
1738-item-4000183052,1738,4000183052,4000183052,"Kirkland Signature Fabric Softener Sheets, 250-count, 2-pack",https://www.costco.com/kirkland-signature-fabric-softener-sheets-250-count-2-pack.product.4000183052.html,,,0,0,https://www.costco.com/household-cleaning.html,9/27/2026 0:00
1738-item-4000233330,1738,4000233330,4000233330,"Kirkland Signature Flex-Tech 33-Gallon Trash Bag, 90-count",https://www.costco.com/kirkland-signature-flex-tech-33-gallon-trash-bag-90-count.product.4000233330.html,,,0,0,https://www.costco.com/household-cleaning.html,9/27/2026 0:00
1738-item-4000234602,1738,4000234602,4000234602,"Kirkland Signature 18-Gallon Compactor & Kitchen Trash Bag, 70-count",https://www.costco.com/kirkland-signature-18-gallon-compactor--kitchen-trash-bag-70-count.product.4000234602.html,,,0,0,https://www.costco.com/household-cleaning.html,9/27/2026 0:00
1738-item-100224137,1738,100224137,100224137,"Kirkland Signature 10-Gallon Wastebasket Liner, Clear, 500-count",https://www.costco.com/kirkland-signature-10-gallon-wastebasket-liner-clear-500-count.product.100224137.html,,,0,0,https://www.costco.com/household-cleaning.html,9/27/2026 0:00
1738-item-100721568,1738,100721568,100721568,"Lysol Disinfectant Spray, Crisp Linen, 19 oz, 3-count",https://www.costco.com/lysol-disinfectant-spray-crisp-linen-19-oz-3-count.product.100721568.html,,,0,0,https://www.costco.com/household-cleaning.html,9/27/2026 0:00
1738-item-100689013,1738,100689013,100689013,"Swiffer Sweeper Heavy Duty Dry Sweeping Cloth Refills, 50-count",https://www.costco.com/swiffer-sweeper-heavy-duty-dry-sweeping-cloth-refills-50-count.product.100689013.html,,,0,0,https://www.costco.com/household-cleaning.html,9/27/2026 0:00
1738-item-4000401066,1738,4000401066,4000401066,"All Free & Clear Plus+ Liquid Laundry Detergent, 160 Loads, 200 fl oz",https://www.costco.com/all-free--clear-plus-liquid-laundry-detergent-160-loads-200-fl-oz.product.4000401066.html,,,0,0,https://www.costco.com/household-cleaning.html,9/27/2026 0:00
1738-item-4000415444,1738,4000415444,4000415444,"Tide Pods Laundry Detergent Pods, Free & Gentle, 152-count",https://www.costco.com/tide-pods-laundry-detergent-pods-free--gentle-152-count.product.4000415444.html,,,0,0,https://www.costco.com/household-cleaning.html,9/27/2026 0:00
1738-item-4000278027,1738,4000278027,4000278027,"Gain +Oxi Liquid Laundry Detergent, Original, 159 Loads, 170 fl oz",https://www.costco.com/gain-oxi-liquid-laundry-detergent-original-159-loads-170-fl-oz.product.4000278027.html,,,0,0,https://www.costco.com/household-cleaning.html,9/27/2026 0:00
1738-item-4000119129,1738,4000119129,4000119129,"Arm & Hammer Plus OxiClean Max HE Liquid Laundry Detergent, Fresh, 200 Loads, 200 fl oz",https://www.costco.com/arm--hammer-plus-oxiclean-max-he-liquid-laundry-detergent-fresh-200-loads-200-fl-oz.product.4000119129.html,,,0,0,https://www.costco.com/household-cleaning.html,9/27/2026 0:00
1738-item-4000141368,1738,4000141368,4000141368,"Scotch-Brite Heavy Duty Sponge, 24-count",https://www.costco.com/scotch-brite-heavy-duty-sponge-24-count.product.4000141368.html,,,0,0,https://www.costco.com/household-cleaning.html,9/27/2026 0:00
1738-item-4000120581,1738,4000120581,4000120581,"Fabuloso Multi-Purpose Cleaner, Lavender, 210 fl oz",https://www.costco.com/fabuloso-multi-purpose-cleaner-lavender-210-fl-oz.product.4000120581.html,,,0,0,https://www.costco.com/household-cleaning.html,9/27/2026 0:00
1738-item-4000254102,1738,4000254102,4000254102,"Tide Plus Advanced Power with Oxi Liquid Laundry Detergent, Original, 78 Loads, 138 fl oz",https://www.costco.com/tide-plus-advanced-power-with-oxi-liquid-laundry-detergent-original-78-loads-138-fl-oz.product.4000254102.html,,,0,0,https://www.costco.com/household-cleaning.html,9/27/2026 0:00
1738-item-4000248680,1738,4000248680,4000248680,"Pine-Sol Multi-Surface Cleaner, Original, 60 fl oz, 2-count",https://www.costco.com/pine-sol-multi-surface-cleaner-original-60-fl-oz-2-count.product.4000248680.html,,,0,0,https://www.costco.com/household-cleaning.html,9/27/2026 0:00
1738-item-4000364542,1738,4000364542,4000364542,"Tide Plus with Ultra Downy Liquid Laundry Detergent, April Fresh, 100 Loads, 128 fl oz",https://www.costco.com/tide-plus-with-ultra-downy-liquid-laundry-detergent-april-fresh-100-loads-128-fl-oz.product.4000364542.html,,,0,0,https://www.costco.com/household-cleaning.html,9/27/2026 0:00
1738-item-100307201,1738,100307201,100307201,"Kirkland Signature Ultra Clean HE Laundry Detergent Pacs, 152-count",https://www.costco.com/kirkland-signature-ultra-clean-he-laundry-detergent-pacs-152-count.product.100307201.html,,,0,0,https://www.costco.com/household-cleaning.html,9/27/2026 0:00
1738-item-4000392766,1738,4000392766,4000392766,"Airwick Scented Oils, 1 Plug-in + 9 Refills, Variety Pack, Assorted Scents",https://www.costco.com/airwick-scented-oils-1-plug-in--9-refills-variety-pack-assorted-scents.product.4000392766.html,,,0,0,https://www.costco.com/household-cleaning.html,9/27/2026 0:00
1738-item-4000206470,1738,4000206470,4000206470,"Lysol Laundry Sanitizer, Crisp Linen, 150 fl oz",https://www.costco.com/lysol-laundry-sanitizer-crisp-linen-150-fl-oz.product.4000206470.html,,,0,0,https://www.costco.com/household-cleaning.html,9/27/2026 0:00
1738-item-100368211,1738,100368211,100368211,"Palmolive Ultra Strength Liquid Dish Soap, 102 fl oz",https://www.costco.com/palmolive-ultra-strength-liquid-dish-soap-102-fl-oz.product.100368211.html,,,0,0,https://www.costco.com/household-cleaning.html,9/27/2026 0:00
1738-item-4000370724,1738,4000370724,4000370724,"Swiffer Sweep + Mop Deluxe Sweeping Kit, 1 Sweeper + 30 Refills",https://www.costco.com/swiffer-sweep--mop-deluxe-sweeping-kit-1-sweeper--30-refills.product.4000370724.html,,,0,0,https://www.costco.com/household-cleaning.html,9/27/2026 0:00
1738-item-4000233382,1738,4000233382,4000233382,"Kirkland Signature 50-Gallon Outdoor Trash Bag, 70-count",https://www.costco.com/kirkland-signature-50-gallon-outdoor-trash-bag-70-count.product.4000233382.html,,,0,0,https://www.costco.com/household-cleaning.html,9/27/2026 0:00
1738-item-4000350964,1738,4000350964,4000350964,"Tide Plus Ultra Oxi Powder Laundry Detergent, Original, 143 Loads, 225 oz",https://www.costco.com/tide-plus-ultra-oxi-powder-laundry-detergent-original-143-loads-225-oz.product.4000350964.html,,,0,0,https://www.costco.com/household-cleaning.html,9/27/2026 0:00
1738-item-100816543,1738,100816543,100816543,"Scott Shop Towels, Original Multi-Purpose, Blue, 10-count",https://www.costco.com/scott-shop-towels-original-multi-purpose-blue-10-count.product.100816543.html,,,0,0,https://www.costco.com/household-cleaning.html,9/27/2026 0:00
1738-item-4000441835,1738,4000441835,4000441835,"Mr. Clean Magic Eraser, Whole Home Extra Durable, 18-count",https://www.costco.com/mr-clean-magic-eraser-whole-home-extra-durable-18-count.product.4000441835.html,,,0,0,https://www.costco.com/household-cleaning.html,9/27/2026 0:00
1738-item-4000416239,1738,4000416239,4000416239,"Kirkland Signature Ultra Soft Fabric Softener, 257 Loads, 150 fl oz",https://www.costco.com/kirkland-signature-ultra-soft-fabric-softener-257-loads-150-fl-oz.product.4000416239.html,,,0,0,https://www.costco.com/household-cleaning.html,9/27/2026 0:00
1738-item-4201005849,1738,4201005849,4201005849,"All Free & Clear Plus+ Laundry Detergent Mighty Pacs, 118-count",https://www.costco.com/all-free--clear-plus-laundry-detergent-mighty-pacs-118-count.product.4201005849.html,,,0,0,https://www.costco.com/household-cleaning.html,9/27/2026 0:00
1738-item-4000160436,1738,4000160436,4000160436,"Mrs. Meyers Multi-Surface Variety Pack, 24 fl oz, 3-count",https://www.costco.com/mrs-meyers-multi-surface-variety-pack-24-fl-oz-3-count.product.4000160436.html,,,0,0,https://www.costco.com/household-cleaning.html,9/27/2026 0:00
1738-item-100401358,1738,100401358,100401358,"Scotch-Brite Lint Roller, 95-count, 5-pack",https://www.costco.com/scotch-brite-lint-roller-95-count-5-pack.product.100401358.html,,,0,0,https://www.costco.com/household-cleaning.html,9/27/2026 0:00
1738-item-4000444448,1738,4000444448,4000444448,"Finish Powerball Ultimate Quantum Dish Detergent Tabs, 90-count",https://www.costco.com/finish-powerball-ultimate-quantum-dish-detergent-tabs-90-count.product.4000444448.html,,,0,0,https://www.costco.com/household-cleaning.html,9/27/2026 0:00
1738-item-4000410069,1738,4000410069,4000410069,"Kirkland Signature Powder Laundry Detergent, 200 Loads, 348.8 oz",https://www.costco.com/kirkland-signature-powder-laundry-detergent-200-loads-3488-oz.product.4000410069.html,,,0,0,https://www.costco.com/household-cleaning.html,9/27/2026 0:00
1738-item-4000092340,1738,4000092340,4000092340,"Swiffer Sweeper Heavy Duty Wet Cloths, Lavender, 54-count",https://www.costco.com/swiffer-sweeper-heavy-duty-wet-cloths-lavender-54-count.product.4000092340.html,,,0,0,https://www.costco.com/household-cleaning.html,9/27/2026 0:00
1738-item-100687494,1738,100687494,100687494,"Poo-Pourri Toilet Spray, Variety Pack, 3.4 fl oz, 3-count",https://www.costco.com/poo-pourri-toilet-spray-variety-pack-34-fl-oz-3-count.product.100687494.html,,,0,0,https://www.costco.com/household-cleaning.html,9/27/2026 0:00
1738-item-4000383853,1738,4000383853,4000383853,"Tide Advanced Care Liquid Laundry Detergent, Free & Gentle, 125 Loads, 154 fl oz",https://www.costco.com/tide-advanced-care-liquid-laundry-detergent-free--gentle-125-loads-154-fl-oz.product.4000383853.html,,,0,0,https://www.costco.com/household-cleaning.html,9/27/2026 0:00
1738-item-4201023635,1738,4201023635,4201023635,"Tide Pods Unstopables Laundry Detergent Pods, Fresh, 80-count",https://www.costco.com/tide-pods-unstopables-laundry-detergent-pods-fresh-80-count.product.4201023635.html,,,0,0,https://www.costco.com/household-cleaning.html,9/27/2026 0:00
1738-item-3882772,1738,3882772,3882772,"Starbucks K-Cup Coffee Pods 72ct, Limited Edition Holiday Blend Medium Roast Coffee, 100% Arabica",https://www.costco.com/.product.3882772.html,,,0,0,https://www.costco.com/coffee-sweeteners.html,9/27/2026 0:00
1738-item-4000377480,1738,4000377480,4000377480,"Starbucks Coffee and Espresso Capsules for Nespresso Vertuo Machines 60-count Variety Pack, 100% Arabica Coffee",https://www.costco.com/starbucks-coffee-and-espresso-capsules-for-nespresso-vertuo-machines-60-count-variety-pack-100-arabica-coffee.product.4000377480.html,,,0,0,https://www.costco.com/coffee-sweeteners.html,9/27/2026 0:00
1738-item-100334883,1738,100334883,100334883,"Kirkland Signature Decaffeinated Coffee, Dark Roast, 3 lbs",https://www.costco.com/kirkland-signature-decaffeinated-coffee-dark-roast-3-lbs.product.100334883.html,,,0,0,https://www.costco.com/coffee-sweeteners.html,9/27/2026 0:00
1738-item-100368227,1738,100368227,100368227,"Starbucks Mocha Frappuccino Chilled Coffee, 9.5 fl oz, 15-count",https://www.costco.com/starbucks-mocha-frappuccino-chilled-coffee-95-fl-oz-15-count.product.100368227.html,,,0,0,https://www.costco.com/coffee-sweeteners.html,9/27/2026 0:00
1738-item-100750271,1738,100750271,100750271,"Starbucks Caramel Macchiato Creamer, 58 fl oz",https://www.costco.com/starbucks-caramel-macchiato-creamer-58-fl-oz.product.100750271.html,,,0,0,https://www.costco.com/coffee-sweeteners.html,9/27/2026 0:00
1738-item-4000371775,1738,4000371775,4000371775,Lavazza Dolcevita Classico 80-count K-Cup Pods,https://www.costco.com/lavazza-dolcevita-classico-80-count-k-cup-pods.product.4000371775.html,,,0,0,https://www.costco.com/coffee-sweeteners.html,9/27/2026 0:00
1738-item-100438498,1738,100438498,100438498,"Stevia in the Raw Organic Stevia Blend, 22.57 oz.",https://www.costco.com/stevia-in-the-raw-organic-stevia-blend-2257-oz.product.100438498.html,,,0,0,https://www.costco.com/coffee-sweeteners.html,9/27/2026 0:00
1738-item-100644683,1738,100644683,100644683,"WestEnd Cuisine Grilled Chicken Skewers, Mediterranean Style, 2 oz, 14-count",https://www.costco.com/westend-cuisine-grilled-chicken-skewers-mediterranean-style-2-oz-14-count.product.100644683.html,,,0,0,https://www.costco.com/deli.html,9/27/2026 0:00
1738-item-100611924,1738,100611924,100611924,"Plats Du Chef French Onion Soup, 10 oz, 6-count",https://www.costco.com/plats-du-chef-french-onion-soup-10-oz-6-count.product.100611924.html,,,0,0,https://www.costco.com/deli.html,9/27/2026 0:00
1738-item-100368196,1738,100368196,100368196,"Hillshire Farm Slow Roasted Turkey Breast, 16.5 oz, 2-count",https://www.costco.com/hillshire-farm-slow-roasted-turkey-breast-165-oz-2-count.product.100368196.html,,,0,0,https://www.costco.com/deli.html,9/27/2026 0:00
1738-item-100410830,1738,100410830,100410830,"Kirkland Signature Beef Hot Dogs, 12 Links, 1.5 lbs, 3-count",https://www.costco.com/kirkland-signature-beef-hot-dogs-12-links-15-lbs-3-count.product.100410830.html,,,0,0,https://www.costco.com/deli.html,9/27/2026 0:00
1738-item-4201026436,1738,4201026436,4201026436,"Bolder Foods Loaded Baked Potato Soup, 24 oz, 2-count",https://www.costco.com/bolder-foods-loaded-baked-potato-soup-24-oz-2-count.product.4201026436.html,,,0,0,https://www.costco.com/deli.html,9/27/2026 0:00
1738-item-4000340166,1738,4000340166,4000340166,"Kirkland Signature Uncured Black Forest Ham, 28 oz",https://www.costco.com/kirkland-signature-uncured-black-forest-ham-28-oz.product.4000340166.html,,,0,0,https://www.costco.com/deli.html,9/27/2026 0:00
1738-item-100442469,1738,100442469,100442469,"Morey's Seasoned Wild Alaskan Salmon, 6-Count",https://www.costco.com/moreys-seasoned-wild-alaskan-salmon-6-count.product.100442469.html,,,0,0,https://www.costco.com/deli.html,9/27/2026 0:00
1738-item-4000281541,1738,4000281541,4000281541,"Kirkland Signature Egg White with Cheese Trio and Peppers Egg Bites, 10-count",https://www.costco.com/kirkland-signature-egg-white-with-cheese-trio-and-peppers-egg-bites-10-count.product.4000281541.html,,,0,0,https://www.costco.com/deli.html,9/27/2026 0:00
1738-item-100587787,1738,100587787,100587787,"Mama Mancini's Jumbo Beef Meatballs, 48 oz",https://www.costco.com/mama-mancinis-jumbo-beef-meatballs-48-oz.product.100587787.html,,,0,0,https://www.costco.com/deli.html,9/27/2026 0:00
1738-item-100442378,1738,100442378,100442378,"Don Miguel Chipotle Chicken Mini Tacos, 35 oz, 2-count",https://www.costco.com/don-miguel-chipotle-chicken-mini-tacos-35-oz-2-count.product.100442378.html,,,0,0,https://www.costco.com/deli.html,9/27/2026 0:00
1738-item-100642433,1738,100642433,100642433,"Fresh Additions Fully Cooked Chicken Breast Bites, 3.2 oz, 10-count",https://www.costco.com/fresh-additions-fully-cooked-chicken-breast-bites-32-oz-10-count.product.100642433.html,,,0,0,https://www.costco.com/deli.html,9/27/2026 0:00
1738-item-4000027857,1738,4000027857,4000027857,"Giovanni Rana Beef and Short Rib Lasagna, 42 oz",https://www.costco.com/giovanni-rana-beef-and-short-rib-lasagna-42-oz.product.4000027857.html,,,0,0,https://www.costco.com/deli.html,9/27/2026 0:00
1738-item-100791659,1738,100791659,100791659,"Kirkland Signature Organic Spinach & Cheese Ravioli, 22 oz, 2-count",https://www.costco.com/kirkland-signature-organic-spinach--cheese-ravioli-22-oz-2-count.product.100791659.html,,,0,0,https://www.costco.com/deli.html,9/27/2026 0:00
1738-item-100638119,1738,100638119,100638119,"Dietz & Watson Organic Roasted Turkey Breast, 9 oz, 3-count",https://www.costco.com/dietz--watson-organic-roasted-turkey-breast-9-oz-3-count.product.100638119.html,,,0,0,https://www.costco.com/deli.html,9/27/2026 0:00
1738-item-100640756,1738,100640756,100640756,"Amylu Organic Chicken Burger with Caramelized Onion and Aged White Cheddar, 8-count",https://www.costco.com/amylu-organic-chicken-burger-with-caramelized-onion-and-aged-white-cheddar-8-count.product.100640756.html,,,0,0,https://www.costco.com/deli.html,9/27/2026 0:00
1738-item-4000103494,1738,4000103494,4000103494,"Boulder Organic Chicken Wild Rice Soup, 24 oz, 2-count",https://www.costco.com/boulder-organic-chicken-wild-rice-soup-24-oz-2-count.product.4000103494.html,,,0,0,https://www.costco.com/deli.html,9/27/2026 0:00
1738-item-4000149472,1738,4000149472,4000149472,"Kirkland Signature Smoked Pulled Pork, Rubbed with Seasonings, 2 lbs",https://www.costco.com/kirkland-signature-smoked-pulled-pork-rubbed-with-seasonings-2-lbs.product.4000149472.html,,,0,0,https://www.costco.com/deli.html,9/27/2026 0:00
1738-item-100444534,1738,100444534,100444534,"Hebrew National 100% Kosher Beef Franks, 12 oz, 4-count, 28 Beef Franks Total",https://www.costco.com/hebrew-national-100-kosher-beef-franks-12-oz-4-count-28-beef-franks-total.product.100444534.html,,,0,0,https://www.costco.com/deli.html,9/27/2026 0:00
1738-item-4000233733,1738,4000233733,4000233733,"Jongga Sliced Napa Cabbage Kimchi, 52.9 oz",https://www.costco.com/jongga-sliced-napa-cabbage-kimchi-529-oz.product.4000233733.html,,,0,0,https://www.costco.com/deli.html,9/27/2026 0:00
1738-item-4000262373,1738,4000262373,4000262373,"Kirkland Signature Parmesan Black Pepper & Parmesan Chicken Sausage, 3 lbs",https://www.costco.com/kirkland-signature-parmesan-black-pepper--parmesan-chicken-sausage-3-lbs.product.4000262373.html,,,0,0,https://www.costco.com/deli.html,9/27/2026 0:00
1738-item-4000360298,1738,4000360298,4000360298,"Kevin's Natural Foods Hawaiian Style Chicken, 32 oz",https://www.costco.com/kevins-natural-foods-hawaiian-style-chicken-32-oz.product.4000360298.html,,,0,0,https://www.costco.com/deli.html,9/27/2026 0:00
1738-item-100785824,1738,100785824,100785824,"Amylu Teriyaki Pineapple Chicken Meatballs, 46 oz",https://www.costco.com/amylu-teriyaki-pineapple-chicken-meatballs-46-oz.product.100785824.html,,,0,0,https://www.costco.com/deli.html,9/27/2026 0:00
1738-item-4000213579,1738,4000213579,4000213579,"Kirkland Signature Mild Italian Sausage, 3.5 lbs",https://www.costco.com/kirkland-signature-mild-italian-sausage-35-lbs.product.4000213579.html,,,0,0,https://www.costco.com/deli.html,9/27/2026 0:00
1738-item-100639654,1738,100639654,100639654,"Sabatino's Paleo Organic Basil and Cracked Black Pepper Chicken Sausages, 36 oz",https://www.costco.com/sabatinos-paleo-organic-basil-and-cracked-black-pepper-chicken-sausages-36-oz.product.100639654.html,,,0,0,https://www.costco.com/deli.html,9/27/2026 0:00
1738-item-4000221236,1738,4000221236,4000221236,"Pulmuone Teriyaki Stir-Fry Udon, 29.4 oz",https://www.costco.com/pulmuone-teriyaki-stir-fry-udon-294-oz.product.4000221236.html,,,0,0,https://www.costco.com/deli.html,9/27/2026 0:00
1738-item-4000438966,1738,4000438966,4000438966,"Kirkland Signature Five Cheese Tortelloni, 24 oz, 2-count",https://www.costco.com/kirkland-signature-five-cheese-tortelloni-24-oz-2-count.product.4000438966.html,,,0,0,https://www.costco.com/deli.html,9/27/2026 0:00
1738-item-100638499,1738,100638499,100638499,"Kirkland Signature Organic Hummus, 2.5 oz, 20-count",https://www.costco.com/kirkland-signature-organic-hummus-25-oz-20-count.product.100638499.html,,,0,0,https://www.costco.com/deli.html,9/27/2026 0:00
1738-item-100452925,1738,100452925,100452925,"Sukhi's Indian Chicken Tikka Masala Prepared Meal, 18 oz, 2-count",https://www.costco.com/sukhis-indian-chicken-tikka-masala-prepared-meal-18-oz-2-count.product.100452925.html,,,0,0,https://www.costco.com/deli.html,9/27/2026 0:00
1738-item-4000159426,1738,4000159426,4000159426,"Kirkland Signature Wild Smoked Sockeye Salmon, 8 oz, 2-count",https://www.costco.com/kirkland-signature-wild-smoked-sockeye-salmon-8-oz-2-count.product.4000159426.html,,,0,0,https://www.costco.com/deli.html,9/27/2026 0:00
1738-item-100436543,1738,100436543,100436543,"Teton Waters Ranch Polish Sausage, 2.25 lbs",https://www.costco.com/teton-waters-ranch-polish-sausage-225-lbs.product.100436543.html,,,0,0,https://www.costco.com/deli.html,9/27/2026 0:00
1738-item-4000281502,1738,4000281502,4000281502,"Kirkland Signature Uncured Bacon and Gouda Egg Bites, 10-count",https://www.costco.com/kirkland-signature-uncured-bacon-and-gouda-egg-bites-10-count.product.4000281502.html,,,0,0,https://www.costco.com/deli.html,9/27/2026 0:00
1738-item-100423075,1738,100423075,100423075,"Kirkland Signature Imported Basil Pesto, 22 oz",https://www.costco.com/kirkland-signature-imported-basil-pesto-22-oz.product.100423075.html,,,0,0,https://www.costco.com/deli.html,9/27/2026 0:00
1738-item-100637654,1738,100637654,100637654,"Greenridge Naturals Beef Snack Sticks, 3 oz, 12-count",https://www.costco.com/greenridge-naturals-beef-snack-sticks-3-oz-12-count.product.100637654.html,,,0,0,https://www.costco.com/deli.html,9/27/2026 0:00
1738-item-100569789,1738,100569789,100569789,"Amylu, Chicken Breakfast Sausage Links, 2.5 lbs",https://www.costco.com/amylu-chicken-breakfast-sausage-links-25-lbs.product.100569789.html,,,0,0,https://www.costco.com/deli.html,9/27/2026 0:00
1738-item-100809027,1738,100809027,100809027,"Perfect Bar Refrigerated Organic Protein Bar, Variety, 12-count",https://www.costco.com/perfect-bar-refrigerated-organic-protein-bar-variety-12-count.product.100809027.html,,,0,0,https://www.costco.com/deli.html,9/27/2026 0:00
1738-item-100435660,1738,100435660,100435660,"Sabatasso's Gluten-free Four-cheese Pizza, 17.5 oz, 3-count",https://www.costco.com/sabatassos-gluten-free-four-cheese-pizza-175-oz-3-count.product.100435660.html,,,0,0,https://www.costco.com/deli.html,9/27/2026 0:00
1738-item-100390593,1738,100390593,100390593,"Petite Cuisine Mozzarella Sticks in a Crispy Seasoned Breading, 5 lb",https://www.costco.com/petite-cuisine-mozzarella-sticks-in-a-crispy-seasoned-breading-5-lb.product.100390593.html,,,0,0,https://www.costco.com/deli.html,9/27/2026 0:00
1738-item-100645312,1738,100645312,100645312,"Stonefire Authentic Flatbreads Naan Dippers, 19.4 oz",https://www.costco.com/stonefire-authentic-flatbreads-naan-dippers-194-oz.product.100645312.html,,,0,0,https://www.costco.com/deli.html,9/27/2026 0:00
1738-item-4000311101,1738,4000311101,4000311101,"Kirkland Signature Reduced Sodium Dry Salame, 16 oz, 2-count",https://www.costco.com/kirkland-signature-reduced-sodium-dry-salame-16-oz-2-count.product.4000311101.html,,,0,0,https://www.costco.com/deli.html,9/27/2026 0:00
1738-item-100435916,1738,100435916,100435916,"Wildbrine Raw Organic Sauerkraut, 50 oz",https://www.costco.com/wildbrine-raw-organic-sauerkraut-50-oz.product.100435916.html,,,0,0,https://www.costco.com/deli.html,9/27/2026 0:00
1738-item-100456680,1738,100456680,100456680,"Good Foods Organic Avocado Mash, Sea Salt and Black Pepper, 2 oz, 16-count",https://www.costco.com/good-foods-organic-avocado-mash-sea-salt-and-black-pepper-2-oz-16-count.product.100456680.html,,,0,0,https://www.costco.com/deli.html,9/27/2026 0:00
1738-item-4000036664,1738,4000036664,4000036664,"Kirkland Signature Organic Roasted Pine Nut Hummus, 34 oz",https://www.costco.com/kirkland-signature-organic-roasted-pine-nut-hummus-34-oz.product.4000036664.html,,,0,0,https://www.costco.com/deli.html,9/27/2026 0:00
1738-item-100638780,1738,100638780,100638780,"Kirkland Signature Chunky Guacamole, Organic, 2.5 oz, 16-count",https://www.costco.com/kirkland-signature-chunky-guacamole-organic-25-oz-16-count.product.100638780.html,,,0,0,https://www.costco.com/deli.html,9/27/2026 0:00
1738-item-100694665,1738,100694665,100694665,"Kirkland Signature Original Bratwurst, 14-count, 3.5 lbs",https://www.costco.com/kirkland-signature-original-bratwurst-14-count-35-lbs.product.100694665.html,,,0,0,https://www.costco.com/deli.html,9/27/2026 0:00
1738-item-4000282542,1738,4000282542,4000282542,"Sabatino's Tuscan Style Chicken Piccata, 32 oz",https://www.costco.com/sabatinos-tuscan-style-chicken-piccata-32-oz.product.4000282542.html,,,0,0,https://www.costco.com/deli.html,9/27/2026 0:00
1738-item-4000214872,1738,4000214872,4000214872,"Kirkland Signature Breakfast Sandwich, 4.82 oz, 8-count",https://www.costco.com/kirkland-signature-breakfast-sandwich-482-oz-8-count.product.4000214872.html,,,0,0,https://www.costco.com/frozen-meals.html,9/27/2026 0:00
1738-item-100401378,1738,100401378,100401378,"Ajinomoto Yakisoba with Vegetables, All Natural, 9 oz, 6-count",https://www.costco.com/ajinomoto-yakisoba-with-vegetables-all-natural-9-oz-6-count.product.100401378.html,,,0,0,https://www.costco.com/frozen-meals.html,9/27/2026 0:00
1738-item-100433122,1738,100433122,100433122,"Sandwich Bros Chicken Melts Pita Snack Sandwiches, 2.5 oz, 15-count",https://www.costco.com/sandwich-bros-chicken-melts-pita-snack-sandwiches-25-oz-15-count.product.100433122.html,,,0,0,https://www.costco.com/frozen-meals.html,9/27/2026 0:00
1738-item-100447061,1738,100447061,100447061,"Sabatasso's Pizza Singles, Variety Pack, 12-count",https://www.costco.com/sabatassos-pizza-singles-variety-pack-12-count.product.100447061.html,,,0,0,https://www.costco.com/frozen-meals.html,9/27/2026 0:00
1738-item-100449346,1738,100449346,100449346,"Ajinomoto Yakitori Chicken Fried Rice, 9 oz, 6-count",https://www.costco.com/ajinomoto-yakitori-chicken-fried-rice-9-oz-6-count.product.100449346.html,,,0,0,https://www.costco.com/frozen-meals.html,9/27/2026 0:00
1738-item-100440959,1738,100440959,100440959,"Smucker's Uncrustables, Peanut Butter & Grape Jelly Sandwich, 18-count",https://www.costco.com/smuckers-uncrustables-peanut-butter--grape-jelly-sandwich-18-count.product.100440959.html,,,0,0,https://www.costco.com/frozen-meals.html,9/27/2026 0:00
1738-item-100640379,1738,100640379,100640379,"Kirkland Signature Italian Sausage and Beef Lasagna, 3 lbs, 2-count",https://www.costco.com/kirkland-signature-italian-sausage-and-beef-lasagna-3-lbs-2-count.product.100640379.html,,,0,0,https://www.costco.com/frozen-meals.html,9/27/2026 0:00
1738-item-4000160794,1738,4000160794,4000160794,"Kirkland Signature Cheese Pizza, 18.25 oz, 4-count",https://www.costco.com/kirkland-signature-cheese-pizza-1825-oz-4-count.product.4000160794.html,,,0,0,https://www.costco.com/frozen-meals.html,9/27/2026 0:00
1738-item-4000392838,1738,4000392838,4000392838,"Kirkland Signature Artisan Crust Pepperoni Pizza, 21.52 oz, 4-count",https://www.costco.com/kirkland-signature-artisan-crust-pepperoni-pizza-2152-oz-4-count.product.4000392838.html,,,0,0,https://www.costco.com/frozen-meals.html,9/27/2026 0:00
1738-item-100371275,1738,100371275,100371275,"CJ Bibigo Steamed Dumplings, Chicken & Vegetable, 36-count",https://www.costco.com/cj-bibigo-steamed-dumplings-chicken--vegetable-36-count.product.100371275.html,,,0,0,https://www.costco.com/frozen-meals.html,9/27/2026 0:00
1738-item-100574405,1738,100574405,100574405,"Jimmy Dean Delights English Muffins, 5.1 oz, 12-count",https://www.costco.com/jimmy-dean-delights-english-muffins-51-oz-12-count.product.100574405.html,,,0,0,https://www.costco.com/frozen-meals.html,9/27/2026 0:00
1738-item-100437350,1738,100437350,100437350,"Crazy Cuizine Mandarin Orange Chicken, 66 oz",https://www.costco.com/crazy-cuizine-mandarin-orange-chicken-66-oz.product.100437350.html,,,0,0,https://www.costco.com/frozen-meals.html,9/27/2026 0:00
1738-item-100655569,1738,100655569,100655569,"Authentic Motor City Pizza Co Detroit-Style Deep Dish Pizza, Double Pepperoni, 2-count",https://www.costco.com/authentic-motor-city-pizza-co-detroit-style-deep-dish-pizza-double-pepperoni-2-count.product.100655569.html,,,0,0,https://www.costco.com/frozen-meals.html,9/27/2026 0:00
1738-item-100638693,1738,100638693,100638693,"Veggies Made Great Spinach Egg White Frittatas, 20-count",https://www.costco.com/veggies-made-great-spinach-egg-white-frittatas-20-count.product.100638693.html,,,0,0,https://www.costco.com/frozen-meals.html,9/27/2026 0:00
1738-item-100416105,1738,100416105,100416105,"Trident Seafoods Alaskan Salmon Burgers, 4 oz, 12-count",https://www.costco.com/trident-seafoods-alaskan-salmon-burgers-4-oz-12-count.product.100416105.html,,,0,0,https://www.costco.com/frozen-meals.html,9/27/2026 0:00
1738-item-100787239,1738,100787239,100787239,"Kirkland Signature Cauliflower Crust Pizza, Supreme, 2-count",https://www.costco.com/kirkland-signature-cauliflower-crust-pizza-supreme-2-count.product.100787239.html,,,0,0,https://www.costco.com/frozen-meals.html,9/27/2026 0:00
1738-item-100439175,1738,100439175,100439175,"Milton's Cauliflower Crust Pizza, Roasted Vegetable, 17.8 oz, 2-count",https://www.costco.com/miltons-cauliflower-crust-pizza-roasted-vegetable-178-oz-2-count.product.100439175.html,,,0,0,https://www.costco.com/frozen-meals.html,9/27/2026 0:00
1738-item-100234271,1738,100234271,100234271,"Kirkland Signature Paper Towels, 2-Ply, 160 Sheets, 12 Individually Wrapped Rolls",https://www.costco.com/kirkland-signature-paper-towels-2-ply-160-sheets-12-individually-wrapped-rolls.product.100234271.html,,,0,0,https://www.costco.com/kirkland-signature-groceries.html,9/27/2026 0:00
1738-item-4000206004,1738,4000206004,4000206004,"Kirkland Signature Ultra Soft Bath Tissue, 2-Ply, 231 Sheets, 36 Rolls",https://www.costco.com/kirkland-signature-ultra-soft-bath-tissue-2-ply-231-sheets-36-rolls.product.4000206004.html,,,0,0,https://www.costco.com/kirkland-signature-groceries.html,9/27/2026 0:00
1738-item-100334841,1738,100334841,100334841,"Kirkland Signature, Organic Extra Virgin Olive Oil, 2 L",https://www.costco.com/kirkland-signature-organic-extra-virgin-olive-oil-2-l.product.100334841.html,,,0,0,https://www.costco.com/kirkland-signature-groceries.html,9/27/2026 0:00
1738-item-100718359,1738,100718359,100718359,"Kirkland Signature Facial Tissue, 3-Ply, 84-count, 12-pack",https://www.costco.com/kirkland-signature-facial-tissue-3-ply-84-count-12-pack.product.100718359.html,,,0,0,https://www.costco.com/kirkland-signature-groceries.html,9/27/2026 0:00
1738-item-100334960,1738,100334960,100334960,"Kirkland Signature, Chicken Breast, 12.5 oz, 6-Count",https://www.costco.com/kirkland-signature-chicken-breast-125-oz-6-count.product.100334960.html,,,0,0,https://www.costco.com/kirkland-signature-groceries.html,9/27/2026 0:00
1738-item-100334015,1738,100334015,100334015,"Kirkland Signature, Organic Chicken Stock, 32 fl oz, 6-Count",https://www.costco.com/kirkland-signature-organic-chicken-stock-32-fl-oz-6-count.product.100334015.html,,,0,0,https://www.costco.com/kirkland-signature-groceries.html,9/27/2026 0:00
1738-item-100455677,1738,100455677,100455677,"Kirkland Signature Soft & Chewy Granola Bars, 0.85 oz, 64-count",https://www.costco.com/kirkland-signature-soft--chewy-granola-bars-085-oz-64-count.product.100455677.html,,,0,0,https://www.costco.com/kirkland-signature-groceries.html,9/27/2026 0:00
1738-item-100393423,1738,100393423,100393423,"Kirkland Signature Peanut Butter Filled Pretzel Nuggets, 55 oz",https://www.costco.com/kirkland-signature-peanut-butter-filled-pretzel-nuggets-55-oz.product.100393423.html,,,0,0,https://www.costco.com/kirkland-signature-groceries.html,9/27/2026 0:00
1738-item-100333884,1738,100333884,100333884,"Kirkland Signature Organic Pure Maple Syrup, 33.8 oz",https://www.costco.com/kirkland-signature-organic-pure-maple-syrup-338-oz.product.100333884.html,,,0,0,https://www.costco.com/kirkland-signature-groceries.html,9/27/2026 0:00
1738-item-100334334,1738,100334334,100334334,"Kirkland Signature Organic Peanut Butter, 28 oz, 2-count",https://www.costco.com/kirkland-signature-organic-peanut-butter-28-oz-2-count.product.100334334.html,,,0,0,https://www.costco.com/kirkland-signature-groceries.html,9/27/2026 0:00
1738-item-100334203,1738,100334203,100334203,"Kirkland Signature, Organic Applesauce, 3.17 oz, 24-Count",https://www.costco.com/kirkland-signature-organic-applesauce-317-oz-24-count.product.100334203.html,,,0,0,https://www.costco.com/kirkland-signature-groceries.html,9/27/2026 0:00
1738-item-100515005,1738,100515005,100515005,"Kirkland Signature Semi-Sweet Chocolate Chips, 4.5 lbs",https://www.costco.com/kirkland-signature-semi-sweet-chocolate-chips-45-lbs.product.100515005.html,,,0,0,https://www.costco.com/kirkland-signature-groceries.html,9/27/2026 0:00
1738-item-100770569,1738,100770569,100770569,"Kirkland Signature Trail Mix Snack Packs, 2 oz, 28-count",https://www.costco.com/kirkland-signature-trail-mix-snack-packs-2-oz-28-count.product.100770569.html,,,0,0,https://www.costco.com/kirkland-signature-groceries.html,9/27/2026 0:00
1738-item-100334857,1738,100334857,100334857,"Kirkland Signature, Organic Diced Tomatoes, 14.5 oz, 8-Count",https://www.costco.com/kirkland-signature-organic-diced-tomatoes-145-oz-8-count.product.100334857.html,,,0,0,https://www.costco.com/kirkland-signature-groceries.html,9/27/2026 0:00
1738-item-100361434,1738,100361434,100361434,"Kirkland Signature Colombian Coffee, Dark Roast, 3 lbs",https://www.costco.com/kirkland-signature-colombian-coffee-dark-roast-3-lbs.product.100361434.html,,,0,0,https://www.costco.com/kirkland-signature-groceries.html,9/27/2026 0:00
1738-item-100229990,1738,100229990,100229990,"Kirkland Signature Extra-Large Absorbent Pads, 30 in L X 23 in W, 100-count",https://www.costco.com/kirkland-signature-extra-large-absorbent-pads-30-in-l-x-23-in-w-100-count.product.100229990.html,,,0,0,https://www.costco.com/kirkland-signature-groceries.html,9/27/2026 0:00
1738-item-100516925,1738,100516925,100516925,"Kirkland Signature Wild Flower Honey, 5 lbs",https://www.costco.com/kirkland-signature-wild-flower-honey-5-lbs.product.100516925.html,,,0,0,https://www.costco.com/kirkland-signature-groceries.html,9/27/2026 0:00
1738-item-100333696,1738,100333696,100333696,"Kirkland Signature Premium Extra Thick Steak Strips, 12 oz",https://www.costco.com/kirkland-signature-premium-extra-thick-steak-strips-12-oz.product.100333696.html,,,0,0,https://www.costco.com/kirkland-signature-groceries.html,9/27/2026 0:00
1738-item-100664982,1738,100664982,100664982,"Kirkland Signature Chewy Protein Bar, Peanut Butter & Semisweet Chocolate Chip, 1.41 oz, 42-Count",https://www.costco.com/kirkland-signature-chewy-protein-bar-peanut-butter--semisweet-chocolate-chip-141-oz-42-count.product.100664982.html,,,0,0,https://www.costco.com/kirkland-signature-groceries.html,9/27/2026 0:00
1738-item-100234581,1738,100234581,100234581,"Kirkland Signature Dental Chews, 72-count",https://www.costco.com/kirkland-signature-dental-chews-72-count.product.100234581.html,,,0,0,https://www.costco.com/kirkland-signature-groceries.html,9/27/2026 0:00
1738-item-100752766,1738,100752766,100752766,"Kirkland Signature Trail Mix, 4 lbs",https://www.costco.com/kirkland-signature-trail-mix-4-lbs.product.100752766.html,,,0,0,https://www.costco.com/kirkland-signature-groceries.html,9/27/2026 0:00
1738-item-100527924,1738,100527924,100527924,"Kirkland Signature Non-Stick Parchment Paper Rolls, 15 in x 164 ft, 2-pack",https://www.costco.com/kirkland-signature-non-stick-parchment-paper-rolls-15-in-x-164-ft-2-pack.product.100527924.html,,,0,0,https://www.costco.com/kirkland-signature-groceries.html,9/27/2026 0:00
1738-item-100333888,1738,100333888,100333888,"Kirkland Signature Microwave Popcorn, 3.3 oz, 44-count",https://www.costco.com/kirkland-signature-microwave-popcorn-33-oz-44-count.product.100333888.html,,,0,0,https://www.costco.com/kirkland-signature-groceries.html,9/27/2026 0:00
1738-item-100334874,1738,100334874,100334874,"Kirkland Signature, Organic Sugar, 10 lbs",https://www.costco.com/kirkland-signature-organic-sugar-10-lbs.product.100334874.html,,,0,0,https://www.costco.com/kirkland-signature-groceries.html,9/27/2026 0:00
1738-item-4000147442,1738,4000147442,4000147442,"Kirkland Signature Coffee Organic Pacific Bold K-Cup Pod, 120-count",https://www.costco.com/kirkland-signature-coffee-organic-pacific-bold-k-cup-pod-120-count.product.4000147442.html,,,0,0,https://www.costco.com/kirkland-signature-groceries.html,9/27/2026 0:00
1738-item-100524886,1738,100524886,100524886,"Kirkland Signature Nut Bars, 1.41 oz, 30-count",https://www.costco.com/kirkland-signature-nut-bars-141-oz-30-count.product.100524886.html,,,0,0,https://www.costco.com/kirkland-signature-groceries.html,9/27/2026 0:00
1738-item-100119388,1738,100119388,100119388,"Kirkland Signature Walnut Halves, 3 lbs",https://www.costco.com/kirkland-signature-walnut-halves-3-lbs.product.100119388.html,,,0,0,https://www.costco.com/kirkland-signature-groceries.html,9/27/2026 0:00
1738-item-100334877,1738,100334877,100334877,"Kirkland Signature, Organic Tomato Sauce, 15 oz, 12-Count",https://www.costco.com/kirkland-signature-organic-tomato-sauce-15-oz-12-count.product.100334877.html,,,0,0,https://www.costco.com/kirkland-signature-groceries.html,9/27/2026 0:00
1738-item-100334750,1738,100334750,100334750,"Kirkland Signature, Wild Alaskan Pink Salmon, 6 oz, 6-Count",https://www.costco.com/kirkland-signature-wild-alaskan-pink-salmon-6-oz-6-count.product.100334750.html,,,0,0,https://www.costco.com/kirkland-signature-groceries.html,9/27/2026 0:00
1738-item-100115257,1738,100115257,100115257,"Kirkland Signature Pecan Halves, 2 lbs",https://www.costco.com/kirkland-signature-pecan-halves-2-lbs.product.100115257.html,,,0,0,https://www.costco.com/kirkland-signature-groceries.html,9/27/2026 0:00
1738-item-100334421,1738,100334421,100334421,"Kirkland Signature, Bacon Crumbles, 20 oz",https://www.costco.com/kirkland-signature-bacon-crumbles-20-oz.product.100334421.html,,,0,0,https://www.costco.com/kirkland-signature-groceries.html,9/27/2026 0:00
1738-item-100491294,1738,100491294,100491294,"Kirkland Signature Praline Pecans, 2.5 lbs",https://www.costco.com/kirkland-signature-praline-pecans-25-lbs.product.100491294.html,,,0,0,https://www.costco.com/kirkland-signature-groceries.html,9/27/2026 0:00
1738-item-100333877,1738,100333877,100333877,"Kirkland Signature Cashew Clusters, 2 lbs",https://www.costco.com/kirkland-signature-cashew-clusters-2-lbs.product.100333877.html,,,0,0,https://www.costco.com/kirkland-signature-groceries.html,9/27/2026 0:00
1738-item-100336602,1738,100336602,100336602,"Kirkland Signature In-Shell Pistachios, Salted, 3 lbs",https://www.costco.com/kirkland-signature-in-shell-pistachios-salted-3-lbs.product.100336602.html,,,0,0,https://www.costco.com/kirkland-signature-groceries.html,9/27/2026 0:00
1738-item-100449422,1738,100449422,100449422,"Kirkland Signature Medium Roast Coffee, 40 oz.",https://www.costco.com/kirkland-signature-medium-roast-coffee-40-oz.product.100449422.html,,,0,0,https://www.costco.com/kirkland-signature-groceries.html,9/27/2026 0:00
1738-item-100115268,1738,100115268,100115268,"Kirkland Signature Supreme Whole Almonds, 3 lbs",https://www.costco.com/kirkland-signature-supreme-whole-almonds-3-lbs.product.100115268.html,,,0,0,https://www.costco.com/kirkland-signature-groceries.html,9/27/2026 0:00
1738-item-100334304,1738,100334304,100334304,"Kirkland Signature, Minced California Garlic, 48 oz",https://www.costco.com/kirkland-signature-minced-california-garlic-48-oz.product.100334304.html,,,0,0,https://www.costco.com/kirkland-signature-groceries.html,9/27/2026 0:00
1738-item-100116723,1738,100116723,100116723,"Kirkland Signature Cutlery, Clear, 360-count",https://www.costco.com/kirkland-signature-cutlery-clear-360-count.product.100116723.html,,,0,0,https://www.costco.com/kirkland-signature-groceries.html,9/27/2026 0:00
1738-item-100668922,1738,100668922,100668922,"Kirkland Signature Fancy Whole Cashews, 2.5 lbs",https://www.costco.com/kirkland-signature-fancy-whole-cashews-25-lbs.product.100668922.html,,,0,0,https://www.costco.com/kirkland-signature-groceries.html,9/27/2026 0:00
1738-item-100296198,1738,100296198,100296198,"Kirkland Signature Protein Bar, Variety Pack, 2.12 oz, 20-count",https://www.costco.com/kirkland-signature-protein-bar-variety-pack-212-oz-20-count.product.100296198.html,,,0,0,https://www.costco.com/kirkland-signature-groceries.html,9/27/2026 0:00
1738-item-100439090,1738,100439090,100439090,"Kirkland Signature Organic Roasted Seaweed, 0.6 oz, 10-count",https://www.costco.com/kirkland-signature-organic-roasted-seaweed-06-oz-10-count.product.100439090.html,,,0,0,https://www.costco.com/kirkland-signature-groceries.html,9/27/2026 0:00
1738-item-100115269,1738,100115269,100115269,"Kirkland Signature Super Extra-Large Peanuts, 2.5 lbs",https://www.costco.com/kirkland-signature-super-extra-large-peanuts-25-lbs.product.100115269.html,,,0,0,https://www.costco.com/kirkland-signature-groceries.html,9/27/2026 0:00
1738-item-100334843,1738,100334843,100334843,"Kirkland Signature Colombian Supremo Coffee, Whole Bean, 3 lbs",https://www.costco.com/kirkland-signature-colombian-supremo-coffee-whole-bean-3-lbs.product.100334843.html,,,0,0,https://www.costco.com/kirkland-signature-groceries.html,9/27/2026 0:00
1738-item-100334932,1738,100334932,100334932,"Kirkland Signature, Organic Tomato Paste, 6 oz, 12-Count",https://www.costco.com/kirkland-signature-organic-tomato-paste-6-oz-12-count.product.100334932.html,,,0,0,https://www.costco.com/kirkland-signature-groceries.html,9/27/2026 0:00
1738-item-100334839,1738,100334839,100334839,"Kirkland Signature, Pure Sea Salt, 30 oz",https://www.costco.com/kirkland-signature-pure-sea-salt-30-oz.product.100334839.html,,,0,0,https://www.costco.com/kirkland-signature-groceries.html,9/27/2026 0:00
1738-item-4000146862,1738,4000146862,4000146862,"Kirkland Signature Coffee Organic Breakfast Blend K-Cup Pod, 120-count",https://www.costco.com/kirkland-signature-coffee-organic-breakfast-blend-k-cup-pod-120-count.product.4000146862.html,,,0,0,https://www.costco.com/kirkland-signature-groceries.html,9/27/2026 0:00
1738-item-4000441170,1738,4000441170,4000441170,"Kirkland Signature Popcorn, Sea Salt, 0.65 oz, 36-count",https://www.costco.com/kirkland-signature-popcorn-sea-salt-065-oz-36-count.product.4000441170.html,,,0,0,https://www.costco.com/kirkland-signature-groceries.html,9/27/2026 0:00
1738-item-100334136,1738,100334136,100334136,"Kirkland Signature Organic Raw Honey, 24 oz, 3-count",https://www.costco.com/kirkland-signature-organic-raw-honey-24-oz-3-count.product.100334136.html,,,0,0,https://www.costco.com/kirkland-signature-groceries.html,9/27/2026 0:00
1738-item-100336580,1738,100336580,100336580,"Kirkland Signature, Organic Quinoa, 4.5 lbs",https://www.costco.com/kirkland-signature-organic-quinoa-45-lbs.product.100336580.html,,,0,0,https://www.costco.com/kirkland-signature-groceries.html,9/27/2026 0:00
1738-item-100334734,1738,100334734,100334734,"Kirkland Signature Snacking Nuts, Variety Pack, 1.6 oz, 30-count",https://www.costco.com/kirkland-signature-snacking-nuts-variety-pack-16-oz-30-count.product.100334734.html,,,0,0,https://www.costco.com/kirkland-signature-groceries.html,9/27/2026 0:00
1738-item-4000262621,1738,4000262621,4000262621,"Kirkland Signature Olive Oil, 3 L",https://www.costco.com/kirkland-signature-olive-oil-3-l.product.4000262621.html,,,0,0,https://www.costco.com/kirkland-signature-groceries.html,9/27/2026 0:00
1738-item-100421211,1738,100421211,100421211,"Kirkland Signature Chinet 18 oz Plastic Cup, Red, 240-count",https://www.costco.com/kirkland-signature-chinet-18-oz-plastic-cup-red-240-count.product.100421211.html,,,0,0,https://www.costco.com/kirkland-signature-groceries.html,9/27/2026 0:00
1738-item-4000147352,1738,4000147352,4000147352,"Kirkland Signature Coffee Organic Summit Roast K-Cup Pod, 120-count",https://www.costco.com/kirkland-signature-coffee-organic-summit-roast-k-cup-pod-120-count.product.4000147352.html,,,0,0,https://www.costco.com/kirkland-signature-groceries.html,9/27/2026 0:00
1738-item-100333875,1738,100333875,100333875,"Kirkland Signature Creamy Almond Butter, 27 oz",https://www.costco.com/kirkland-signature-creamy-almond-butter-27-oz.product.100333875.html,,,0,0,https://www.costco.com/kirkland-signature-groceries.html,9/27/2026 0:00
1738-item-100446587,1738,100446587,100446587,"Kirkland Signature, Ocean Spray Cranberry Premium 100% Juice, 96 fl oz, 2-Count",https://www.costco.com/kirkland-signature-ocean-spray-cranberry-premium-100-juice-96-fl-oz-2-count.product.100446587.html,,,0,0,https://www.costco.com/kirkland-signature-groceries.html,9/27/2026 0:00
1738-item-100334844,1738,100334844,100334844,"Kirkland Signature, Extra Virgin Italian Olive Oil, 2 L",https://www.costco.com/kirkland-signature-extra-virgin-italian-olive-oil-2-l.product.100334844.html,,,0,0,https://www.costco.com/kirkland-signature-groceries.html,9/27/2026 0:00
1738-item-100334881,1738,100334881,100334881,"Kirkland Signature, Whole Black Peppercorn, 14.1 oz",https://www.costco.com/kirkland-signature-whole-black-peppercorn-141-oz.product.100334881.html,,,0,0,https://www.costco.com/kirkland-signature-groceries.html,9/27/2026 0:00
1738-item-100334737,1738,100334737,100334737,"Kirkland Signature, Canola Oil, 3 qt, 2-count",https://www.costco.com/kirkland-signature-canola-oil-3-qt-2-count.product.100334737.html,,,0,0,https://www.costco.com/kirkland-signature-groceries.html,9/27/2026 0:00
1738-item-100334316,1738,100334316,100334316,"Kirkland Signature, Sunsweet Whole Dried Plums, 3.5 lbs",https://www.costco.com/kirkland-signature-sunsweet-whole-dried-plums-35-lbs.product.100334316.html,,,0,0,https://www.costco.com/kirkland-signature-groceries.html,9/27/2026 0:00
1738-item-100520076,1738,100520076,100520076,"Kirkland Signature Colombian Cold Brew Coffee, 11 fl oz, 12-count",https://www.costco.com/kirkland-signature-colombian-cold-brew-coffee-11-fl-oz-12-count.product.100520076.html,,,0,0,https://www.costco.com/kirkland-signature-groceries.html,9/27/2026 0:00
1738-item-100334958,1738,100334958,100334958,"Kirkland Signature Fine Ground Black Pepper, 12.3 oz",https://www.costco.com/kirkland-signature-fine-ground-black-pepper-123-oz.product.100334958.html,,,0,0,https://www.costco.com/kirkland-signature-groceries.html,9/27/2026 0:00
1738-item-100381407,1738,100381407,100381407,"Kirkland Signature Organic Blue Agave, 36 oz, 2-count",https://www.costco.com/kirkland-signature-organic-blue-agave-36-oz-2-count.product.100381407.html,,,0,0,https://www.costco.com/kirkland-signature-groceries.html,9/27/2026 0:00
1738-item-100438733,1738,100438733,100438733,"Kirkland Signature Dry Roasted Macadamia Nuts, 1.5 lbs",https://www.costco.com/kirkland-signature-dry-roasted-macadamia-nuts-15-lbs.product.100438733.html,,,0,0,https://www.costco.com/kirkland-signature-groceries.html,9/27/2026 0:00
1738-item-100334965,1738,100334965,100334965,"Kirkland Signature Organic No-Salt Seasoning, 14.5 oz",https://www.costco.com/kirkland-signature-organic-no-salt-seasoning-145-oz.product.100334965.html,,,0,0,https://www.costco.com/kirkland-signature-groceries.html,9/27/2026 0:00
1738-item-100635685,1738,100635685,100635685,"Kirkland Signature Thin Sliced Chicken Breasts, Boneless Skinless, 10 lbs",https://www.costco.com/kirkland-signature-thin-sliced-chicken-breasts-boneless-skinless-10-lbs.product.100635685.html,,,0,0,https://www.costco.com/kirkland-signature-groceries.html,9/27/2026 0:00
1738-item-100334964,1738,100334964,100334964,"Kirkland Signature, Crushed Red Pepper, 10 oz",https://www.costco.com/kirkland-signature-crushed-red-pepper-10-oz.product.100334964.html,,,0,0,https://www.costco.com/kirkland-signature-groceries.html,9/27/2026 0:00
1738-item-100605746,1738,100605746,100605746,"Kirkland Signature Plastic Food Wrap, 12 in x 750 ft, 2-count",https://www.costco.com/kirkland-signature-plastic-food-wrap-12-in-x-750-ft-2-count.product.100605746.html,,,0,0,https://www.costco.com/kirkland-signature-groceries.html,9/27/2026 0:00
1738-item-100438553,1738,100438553,100438553,"Kirkland Signature, Almond Flour, 3 lbs",https://www.costco.com/kirkland-signature-almond-flour-3-lbs.product.100438553.html,,,0,0,https://www.costco.com/kirkland-signature-groceries.html,9/27/2026 0:00
1738-item-100519419,1738,100519419,100519419,"Kirkland Signature Elegant Plastic Plates, Variety Pack, White, 50-count",https://www.costco.com/kirkland-signature-elegant-plastic-plates-variety-pack-white-50-count.product.100519419.html,,,0,0,https://www.costco.com/kirkland-signature-groceries.html,9/27/2026 0:00
1738-item-100381413,1738,100381413,100381413,"Kirkland Signature, Organic Virgin Coconut Oil, 84 fl oz",https://www.costco.com/kirkland-signature-organic-virgin-coconut-oil-84-fl-oz.product.100381413.html,,,0,0,https://www.costco.com/kirkland-signature-groceries.html,9/27/2026 0:00
1738-item-100805602,1738,100805602,100805602,"Kirkland Signature Whole Bean Coffee, French Roast, 2.5 lbs",https://www.costco.com/kirkland-signature-whole-bean-coffee-french-roast-25-lbs.product.100805602.html,,,0,0,https://www.costco.com/kirkland-signature-groceries.html,9/27/2026 0:00
1738-item-100334973,1738,100334973,100334973,Kirkland Signature Chicken and Rice Cat Food 25 lbs.,https://www.costco.com/kirkland-signature-chicken-and-rice-cat-food-25-lbs.product.100334973.html,,,0,0,https://www.costco.com/kirkland-signature-groceries.html,9/27/2026 0:00
1738-item-100334735,1738,100334735,100334735,"Kirkland Signature Organic Pine Nuts, 1.5 lbs",https://www.costco.com/kirkland-signature-organic-pine-nuts-15-lbs.product.100334735.html,,,0,0,https://www.costco.com/kirkland-signature-groceries.html,9/27/2026 0:00
1738-item-100441201,1738,100441201,100441201,"Kirkland Signature Wild Alaskan Sockeye Salmon, 5 oz - 7 oz Portion, 3 lbs",https://www.costco.com/kirkland-signature-wild-alaskan-sockeye-salmon-5-oz---7-oz-portion-3-lbs.product.100441201.html,,,0,0,https://www.costco.com/kirkland-signature-groceries.html,9/27/2026 0:00
1738-item-100508756,1738,100508756,100508756,"Kirkland Signature Grass-Fed Beef Patties, 1/3 lb Patty, 15-count",https://www.costco.com/kirkland-signature-grass-fed-beef-patties-13-lb-patty-15-count.product.100508756.html,,,0,0,https://www.costco.com/kirkland-signature-groceries.html,9/27/2026 0:00
1738-item-100456493,1738,100456493,100456493,"Kirkland Signature Cabernet Sauvignon, 3 L",https://www.costco.com/kirkland-signature-cabernet-sauvignon-3-l.product.100456493.html,,,0,0,https://www.costco.com/kirkland-signature-groceries.html,9/27/2026 0:00
1738-item-100242955,1738,100242955,100242955,Kirkland Signature Nature's Domain Cat Food 18 lbs.,https://www.costco.com/kirkland-signature-natures-domain-cat-food-18-lbs.product.100242955.html,,,0,0,https://www.costco.com/kirkland-signature-groceries.html,9/27/2026 0:00
1738-item-100410832,1738,100410832,100410832,"Kirkland Signature Meatballs, 6 lbs",https://www.costco.com/kirkland-signature-meatballs-6-lbs.product.100410832.html,,,0,0,https://www.costco.com/kirkland-signature-groceries.html,9/27/2026 0:00
1738-item-4000298044,1738,4000298044,4000298044,"Kirkland Signature Wild Argentine Raw Shrimp, 2 lb",https://www.costco.com/kirkland-signature-wild-argentine-raw-shrimp-2-lb.product.4000298044.html,,,0,0,https://www.costco.com/kirkland-signature-groceries.html,9/27/2026 0:00
1738-item-4000300941,1738,4000300941,4000300941,"Kirkland Signature Lightly Breaded Chicken Breast Fillets, 3 lbs",https://www.costco.com/kirkland-signature-lightly-breaded-chicken-breast-fillets-3-lbs.product.4000300941.html,,,0,0,https://www.costco.com/kirkland-signature-groceries.html,9/27/2026 0:00
1738-item-100116721,1738,100116721,100116721,"Kirkland Signature Reynolds Foodservice Foil, 12 in x 1,000 ft",https://www.costco.com/kirkland-signature-reynolds-foodservice-foil-12-in-x-1000-ft.product.100116721.html,,,0,0,https://www.costco.com/kirkland-signature-groceries.html,9/27/2026 0:00
1738-item-4000202951,1738,4000202951,4000202951,"Kirkland Signature Lightly Breaded Chicken Breast Chunks, 4 lbs",https://www.costco.com/kirkland-signature-lightly-breaded-chicken-breast-chunks-4-lbs.product.4000202951.html,,,0,0,https://www.costco.com/kirkland-signature-groceries.html,9/27/2026 0:00
1738-item-100450484,1738,100450484,100450484,"Kirkland Signature Organic Blueberries, 3 lbs",https://www.costco.com/kirkland-signature-organic-blueberries-3-lbs.product.100450484.html,,,0,0,https://www.costco.com/kirkland-signature-groceries.html,9/27/2026 0:00
1738-item-100539783,1738,100539783,100539783,"Kirkland Signature Chicken Wings, First and Second Sections, 10 lbs",https://www.costco.com/kirkland-signature-chicken-wings-first-and-second-sections-10-lbs.product.100539783.html,,,0,0,https://www.costco.com/kirkland-signature-groceries.html,9/27/2026 0:00
1738-item-100452337,1738,100452337,100452337,"Kirkland Signature Organic Strawberries, 4 lbs",https://www.costco.com/kirkland-signature-organic-strawberries-4-lbs.product.100452337.html,,,0,0,https://www.costco.com/kirkland-signature-groceries.html,9/27/2026 0:00
1738-item-4000318627,1738,4000318627,4000318627,"Kirkland Signature Extra Crispy French Fries, 5 lbs",https://www.costco.com/kirkland-signature-extra-crispy-french-fries-5-lbs.product.4000318627.html,,,0,0,https://www.costco.com/kirkland-signature-groceries.html,9/27/2026 0:00
1738-item-100639328,1738,100639328,100639328,"Kirkland Signature Chicken Tenderloins, Boneless Skinless, 6 lbs",https://www.costco.com/kirkland-signature-chicken-tenderloins-boneless-skinless-6-lbs.product.100639328.html,,,0,0,https://www.costco.com/kirkland-signature-groceries.html,9/27/2026 0:00
1738-item-4000054192,1738,4000054192,4000054192,"Kirkland Signature Garlic Butter Shrimp, 2 lbs",https://www.costco.com/kirkland-signature-garlic-butter-shrimp-2-lbs.product.4000054192.html,,,0,0,https://www.costco.com/kirkland-signature-groceries.html,9/27/2026 0:00
1738-item-100433848,1738,100433848,100433848,"Kirkland Signature Stir-Fry Vegetable Blend, 5.5 lbs",https://www.costco.com/kirkland-signature-stir-fry-vegetable-blend-55-lbs.product.100433848.html,,,0,0,https://www.costco.com/kirkland-signature-groceries.html,9/27/2026 0:00
1738-item-100637418,1738,100637418,100637418,"Kirkland Signature Organic Broccoli Florets, 1 lb, 4-count",https://www.costco.com/kirkland-signature-organic-broccoli-florets-1-lb-4-count.product.100637418.html,,,0,0,https://www.costco.com/kirkland-signature-groceries.html,9/27/2026 0:00
1738-item-100639698,1738,100639698,100639698,"Kirkland Signature Ground Beef Patties, 1/3 lb Patty, 18-count",https://www.costco.com/kirkland-signature-ground-beef-patties-13-lb-patty-18-count.product.100639698.html,,,0,0,https://www.costco.com/kirkland-signature-groceries.html,9/27/2026 0:00
1738-item-100354281,1738,100354281,100354281,Kirkland Signature Nature's Domain Puppy Formula Chicken & Pea Dog Food 20 lb.,https://www.costco.com/kirkland-signature-natures-domain-puppy-formula-chicken--pea-dog-food-20-lb.product.100354281.html,,,0,0,https://www.costco.com/kirkland-signature-groceries.html,9/27/2026 0:00
1738-item-100112668,1738,100112668,100112668,"Kirkland Signature Super B-Complex with Electrolytes, 500 Tablets",https://www.costco.com/kirkland-signature-super-b-complex-with-electrolytes-500-tablets.product.100112668.html,,,0,0,https://www.costco.com/kirkland-signature-groceries.html,9/27/2026 0:00
1738-item-4000411755,1738,4000411755,4000411755,"Kirkland Signature Crispy Wings with Classic Buffalo Sauce, 64 oz",https://www.costco.com/kirkland-signature-crispy-wings-with-classic-buffalo-sauce-64-oz.product.4000411755.html,,,0,0,https://www.costco.com/kirkland-signature-groceries.html,9/27/2026 0:00
1738-item-100452870,1738,100452870,100452870,"Kirkland Signature Super Premium Vanilla Ice Cream, 1/2 Gallon, 2-count",https://www.costco.com/kirkland-signature-super-premium-vanilla-ice-cream-12-gallon-2-count.product.100452870.html,,,0,0,https://www.costco.com/kirkland-signature-groceries.html,9/27/2026 0:00
1738-item-100462140,1738,100462140,100462140,Kirkland Signature Breaded Panko Shrimp 2.5 lbs,https://www.costco.com/kirkland-signature-breaded-panko-shrimp-25-lbs.product.100462140.html,,,0,0,https://www.costco.com/kirkland-signature-groceries.html,9/27/2026 0:00
1738-item-100408294,1738,100408294,100408294,"Kirkland Signature Farm-Raised Raw Shrimp, Tail-On, 21-25-count per Pound, 2 lbs",https://www.costco.com/kirkland-signature-farm-raised-raw-shrimp-tail-on-21-25-count-per-pound-2-lbs.product.100408294.html,,,0,0,https://www.costco.com/kirkland-signature-groceries.html,9/27/2026 0:00
1738-item-100410665,1738,100410665,100410665,"Kirkland Signature Three Berry Blend, 4 lbs",https://www.costco.com/kirkland-signature-three-berry-blend-4-lbs.product.100410665.html,,,0,0,https://www.costco.com/kirkland-signature-groceries.html,9/27/2026 0:00
1738-item-100638020,1738,100638020,100638020,"Kirkland Signature Tempura Shrimp, 2.35 lbs, 30-count",https://www.costco.com/kirkland-signature-tempura-shrimp-235-lbs-30-count.product.100638020.html,,,0,0,https://www.costco.com/kirkland-signature-groceries.html,9/27/2026 0:00
1738-item-100070491,1738,100070491,100070491,"Kirkland Signature Chardonnay, Sonoma County, 750 ml",https://www.costco.com/kirkland-signature-chardonnay-sonoma-county-750-ml.product.100070491.html,,,0,0,https://www.costco.com/kirkland-signature-groceries.html,9/27/2026 0:00
1738-item-100415670,1738,100415670,100415670,"Kirkland Signature Farm-Raised Cooked Shrimp, Tail-Off, 50-70-count per Pound, 2 lbs",https://www.costco.com/kirkland-signature-farm-raised-cooked-shrimp-tail-off-50-70-count-per-pound-2-lbs.product.100415670.html,,,0,0,https://www.costco.com/kirkland-signature-groceries.html,9/27/2026 0:00
1738-item-100462186,1738,100462186,100462186,"Kirkland Signature, Black Pepper with Grinder, 6.3 oz, 2-Count",https://www.costco.com/kirkland-signature-black-pepper-with-grinder-63-oz-2-count.product.100462186.html,,,0,0,https://www.costco.com/kirkland-signature-groceries.html,9/27/2026 0:00
1738-item-100442000,1738,100442000,100442000,"Kirkland Signature Boneless Lamb Leg Roast, 5.53 lb Avg Wt",https://www.costco.com/kirkland-signature-boneless-lamb-leg-roast-553-lb-avg-wt.product.100442000.html,,,0,0,https://www.costco.com/meat.html,9/27/2026 0:00
1738-item-100851738,1738,100851738,100851738,"Kirkland Signature, Albacore Solid White Tuna in Water, 7 oz, 8-Count",https://www.costco.com/kirkland-signature-albacore-solid-white-tuna-in-water-7-oz-8-count.product.100851738.html,,,0,0,https://www.costco.com/pantry.html,9/27/2026 0:00
1738-item-4000063331,1738,4000063331,4000063331,"Kirkland Signature Organic Unbleached All Purpose Flour, 10 lbs, 2-count",https://www.costco.com/kirkland-signature-organic-unbleached-all-purpose-flour-10-lbs-2-count.product.4000063331.html,,,0,0,https://www.costco.com/pantry.html,9/27/2026 0:00
1738-item-100783256,1738,100783256,100783256,"Campbell's, Simply Chicken Noodle Soup, 18.6 oz, 8-Count",https://www.costco.com/campbells-simply-chicken-noodle-soup-186-oz-8-count.product.100783256.html,,,0,0,https://www.costco.com/pantry.html,9/27/2026 0:00
1738-item-100334875,1738,100334875,100334875,"Kirkland Signature, Thai Hom Mali Jasmine Rice, 25 lbs",https://www.costco.com/kirkland-signature-thai-hom-mali-jasmine-rice-25-lbs.product.100334875.html,,,0,0,https://www.costco.com/pantry.html,9/27/2026 0:00
1738-item-4000040390,1738,4000040390,4000040390,"Bibigo, Cooked Sticky White Rice Bowls, Medium Grain, 7.4 oz, 12-Count",https://www.costco.com/bibigo-cooked-sticky-white-rice-bowls-medium-grain-74-oz-12-count.product.4000040390.html,,,0,0,https://www.costco.com/pantry.html,9/27/2026 0:00
1738-item-100381417,1738,100381417,100381417,"Garofalo, Organic Pasta, Variety Pack, 17.6 oz, 6-Count",https://www.costco.com/garofalo-organic-pasta-variety-pack-176-oz-6-count.product.100381417.html,,,0,0,https://www.costco.com/pantry.html,9/27/2026 0:00
1738-item-100443940,1738,100443940,100443940,"Del Monte, Canned Cut Green Beans, 14.5 oz, 12-Count",https://www.costco.com/del-monte-canned-cut-green-beans-145-oz-12-count.product.100443940.html,,,0,0,https://www.costco.com/pantry.html,9/27/2026 0:00
1738-item-100381612,1738,100381612,100381612,"Wild Planet, Albacore Wild Tuna, 5 oz, 6-Count",https://www.costco.com/wild-planet-albacore-wild-tuna-5-oz-6-count.product.100381612.html,,,0,0,https://www.costco.com/pantry.html,9/27/2026 0:00
1738-item-100315872,1738,100315872,100315872,"Royal, Basmati Rice, 20 lbs",https://www.costco.com/royal-basmati-rice-20-lbs.product.100315872.html,,,0,0,https://www.costco.com/pantry.html,9/27/2026 0:00
1738-item-100644452,1738,100644452,100644452,"Nongshim, Tonkotsu Ramen Bowl, 3.56 oz, 6-Count",https://www.costco.com/nongshim-tonkotsu-ramen-bowl-356-oz-6-count.product.100644452.html,,,0,0,https://www.costco.com/pantry.html,9/27/2026 0:00
1738-item-100443694,1738,100443694,100443694,"Del Monte, Canned Corn-Whole Kernel, 15.25 oz, 12-Count",https://www.costco.com/del-monte-canned-corn-whole-kernel-1525-oz-12-count.product.100443694.html,,,0,0,https://www.costco.com/pantry.html,9/27/2026 0:00
1738-item-100384209,1738,100384209,100384209,"Chicken of the Sea, Chunk Light Premium Tuna in Water, 7 oz, 12-Count",https://www.costco.com/chicken-of-the-sea-chunk-light-premium-tuna-in-water-7-oz-12-count.product.100384209.html,,,0,0,https://www.costco.com/pantry.html,9/27/2026 0:00
1738-item-100381542,1738,100381542,100381542,"Kraft, Macaroni & Cheese Dinner Cup, 2.05 oz, 12-Count",https://www.costco.com/kraft-macaroni--cheese-dinner-cup-205-oz-12-count.product.100381542.html,,,0,0,https://www.costco.com/pantry.html,9/27/2026 0:00
1738-item-100113428,1738,100113428,100113428,"Nissin Cup Noodles, Chicken, 2.5 oz, 24-count",https://www.costco.com/nissin-cup-noodles-chicken-25-oz-24-count.product.100113428.html,,,0,0,https://www.costco.com/pantry.html,9/27/2026 0:00
1738-item-4000401691,1738,4000401691,4000401691,"Snapdragon Foods Vietnamese Pho Bowls, 3.1 oz, 9-count",https://www.costco.com/snapdragon-foods-vietnamese-pho-bowls-31-oz-9-count.product.4000401691.html,,,0,0,https://www.costco.com/pantry.html,9/27/2026 0:00
1738-item-100381528,1738,100381528,100381528,"Arm & Hammer, Pure Baking Soda, 13.5 lbs",https://www.costco.com/arm--hammer-pure-baking-soda-135-lbs.product.100381528.html,,,0,0,https://www.costco.com/pantry.html,9/27/2026 0:00
1738-item-4000439540,1738,4000439540,4000439540,"Seeds of Change Organic Quinoa & Brown Rice with Garlic & Lentils, 6-count",https://www.costco.com/seeds-of-change-organic-quinoa--brown-rice-with-garlic--lentils-6-count.product.4000439540.html,,,0,0,https://www.costco.com/pantry.html,9/27/2026 0:00
1738-item-100403311,1738,100403311,100403311,"Nestlé Toll House, Semi-Sweet Chocolate Chip Morsels, 72 oz",https://www.costco.com/nestl-toll-house-semi-sweet-chocolate-chip-morsels-72-oz.product.100403311.html,,,0,0,https://www.costco.com/pantry.html,9/27/2026 0:00
1738-item-100452749,1738,100452749,100452749,"Thai Kitchen Organic Coconut Milk, Unsweetened, 13.66 fl oz, 6-count",https://www.costco.com/thai-kitchen-organic-coconut-milk-unsweetened-1366-fl-oz-6-count.product.100452749.html,,,0,0,https://www.costco.com/pantry.html,9/27/2026 0:00
1738-item-100643792,1738,100643792,100643792,"Chosen Foods Avocado Oil Spray, 13.5 oz, 2-count",https://www.costco.com/chosen-foods-avocado-oil-spray-135-oz-2-count.product.100643792.html,,,0,0,https://www.costco.com/pantry.html,9/27/2026 0:00
1738-item-4000444157,1738,4000444157,4000444157,"Tasty Bite Organic Madras Lentils, 10 oz, 8-count",https://www.costco.com/tasty-bite-organic-madras-lentils-10-oz-8-count.product.4000444157.html,,,0,0,https://www.costco.com/pantry.html,9/27/2026 0:00
1738-item-100368217,1738,100368217,100368217,"Jif Creamy Peanut Butter 48 oz, 2-Count",https://www.costco.com/jif-creamy-peanut-butter-48-oz-2-count.product.100368217.html,,,0,0,https://www.costco.com/pantry.html,9/27/2026 0:00
1738-item-100381460,1738,100381460,100381460,"Garofalo, Organic Spaghetti Noodles, 17.6 oz, 8-Count",https://www.costco.com/garofalo-organic-spaghetti-noodles-176-oz-8-count.product.100381460.html,,,0,0,https://www.costco.com/pantry.html,9/27/2026 0:00
1738-item-100381454,1738,100381454,100381454,"Ghirardelli, Triple Chocolate Premium Brownie Mix, 6-Count",https://www.costco.com/ghirardelli-triple-chocolate-premium-brownie-mix-6-count.product.100381454.html,,,0,0,https://www.costco.com/pantry.html,9/27/2026 0:00
1738-item-100371278,1738,100371278,100371278,"Hidden Valley Original Ranch Homestyle Dressing, 40 fl oz, 2-count",https://www.costco.com/hidden-valley-original-ranch-homestyle-dressing-40-fl-oz-2-count.product.100371278.html,,,0,0,https://www.costco.com/pantry.html,9/27/2026 0:00
1738-item-4000426490,1738,4000426490,4000426490,"Rao's Homemade Marinara Sauce, 31.7 oz, 2-count",https://www.costco.com/raos-homemade-marinara-sauce-317-oz-2-count.product.4000426490.html,,,0,0,https://www.costco.com/pantry.html,9/27/2026 0:00
1738-item-100442450,1738,100442450,100442450,"Kirkland Signature Pure Vanilla Extract, 16 fl oz",https://www.costco.com/kirkland-signature-pure-vanilla-extract-16-fl-oz.product.100442450.html,,,0,0,https://www.costco.com/pantry.html,9/27/2026 0:00
1738-item-4000067571,1738,4000067571,4000067571,"Nutella B-Ready Crispy Wafers Filled with Nutella, 0.7 oz, 36-count",https://www.costco.com/nutella-b-ready-crispy-wafers-filled-with-nutella-07-oz-36-count.product.4000067571.html,,,0,0,https://www.costco.com/pantry.html,9/27/2026 0:00
1738-item-100485555,1738,100485555,100485555,"Lotus Foods, Organic Millet & Brown Rice Ramen, 2.5 oz, 12-Count",https://www.costco.com/lotus-foods-organic-millet--brown-rice-ramen-25-oz-12-count.product.100485555.html,,,0,0,https://www.costco.com/pantry.html,9/27/2026 0:00
1738-item-100634569,1738,100634569,100634569,"Hellmann's Real Mayonnaise, Squeeze Bottle, 25 fl oz, 2-count",https://www.costco.com/hellmanns-real-mayonnaise-squeeze-bottle-25-fl-oz-2-count.product.100634569.html,,,0,0,https://www.costco.com/pantry.html,9/27/2026 0:00
1738-item-100381551,1738,100381551,100381551,"Sweet Baby Ray's, Barbecue Sauce, 40 oz, 2-Count",https://www.costco.com/sweet-baby-rays-barbecue-sauce-40-oz-2-count.product.100381551.html,,,0,0,https://www.costco.com/pantry.html,9/27/2026 0:00
1738-item-100440811,1738,100440811,100440811,"Homai California Calrose Rice, 25 lbs",https://www.costco.com/homai-california-calrose-rice-25-lbs.product.100440811.html,,,0,0,https://www.costco.com/pantry.html,9/27/2026 0:00
1738-item-100381485,1738,100381485,100381485,"Libby's, Vienna Sausage, 4.6 oz, 18-count",https://www.costco.com/libbys-vienna-sausage-46-oz-18-count.product.100381485.html,,,0,0,https://www.costco.com/pantry.html,9/27/2026 0:00
1738-item-100778116,1738,100778116,100778116,"Bachan's Japanese Barbecue Sauce, 34 oz",https://www.costco.com/bachans-japanese-barbecue-sauce-34-oz.product.100778116.html,,,0,0,https://www.costco.com/pantry.html,9/27/2026 0:00
1738-item-100371265,1738,100371265,100371265,"Nutella Hazelnut Spread with Cocoa, 33.5 oz, 2-count",https://www.costco.com/nutella-hazelnut-spread-with-cocoa-335-oz-2-count.product.100371265.html,,,0,0,https://www.costco.com/pantry.html,9/27/2026 0:00
1738-item-100441814,1738,100441814,100441814,"Cholula, Hot Sauce Original, 12 fl oz, 2-Count",https://www.costco.com/cholula-hot-sauce-original-12-fl-oz-2-count.product.100441814.html,,,0,0,https://www.costco.com/pantry.html,9/27/2026 0:00
1738-item-100449522,1738,100449522,100449522,"Genova, Yellowfin Tuna, 7 oz, 6-Count",https://www.costco.com/genova-yellowfin-tuna-7-oz-6-count.product.100449522.html,,,0,0,https://www.costco.com/pantry.html,9/27/2026 0:00
1738-item-100381577,1738,100381577,100381577,"Lawry's Coarse Ground Garlic Salt with Parsley, 33 oz",https://www.costco.com/lawrys-coarse-ground-garlic-salt-with-parsley-33-oz.product.100381577.html,,,0,0,https://www.costco.com/pantry.html,9/27/2026 0:00
1738-item-100654735,1738,100654735,100654735,"Hidden Valley Ranch Homestyle Seasoning, Dip and Salad Dressing Mix, 20 oz",https://www.costco.com/hidden-valley-ranch-homestyle-seasoning-dip-and-salad-dressing-mix-20-oz.product.100654735.html,,,0,0,https://www.costco.com/pantry.html,9/27/2026 0:00
1738-item-100377144,1738,100377144,100377144,"SPAM Canned Meat, 25% Less Sodium, 12 oz, 8-Count",https://www.costco.com/spam-canned-meat-25-less-sodium-12-oz-8-count.product.100377144.html,,,0,0,https://www.costco.com/pantry.html,9/27/2026 0:00
1738-item-100371260,1738,100371260,100371260,"Hellmann's, Real Mayonnaise, 64 oz",https://www.costco.com/hellmanns-real-mayonnaise-64-oz.product.100371260.html,,,0,0,https://www.costco.com/pantry.html,9/27/2026 0:00
1738-item-100334736,1738,100334736,100334736,"Kirkland Signature, Vegetable Oil, 3 qt, 2-Count",https://www.costco.com/kirkland-signature-vegetable-oil-3-qt-2-count.product.100334736.html,,,0,0,https://www.costco.com/pantry.html,9/27/2026 0:00
1738-item-4000446388,1738,4000446388,4000446388,"Kinder's Organic Signature Grill Variety Pack, 54.4 oz",https://www.costco.com/kinders-organic-signature-grill-variety-pack-544-oz.product.4000446388.html,,,0,0,https://www.costco.com/pantry.html,9/27/2026 0:00
1738-item-100441883,1738,100441883,100441883,"Red Star, Active Dry Yeast, 32 oz",https://www.costco.com/red-star-active-dry-yeast-32-oz.product.100441883.html,,,0,0,https://www.costco.com/pantry.html,9/27/2026 0:00
1738-item-4000184387,1738,4000184387,4000184387,"Samyang Buldak Ramen Carbonara, Spicy Chicken, 3.7 oz, 6-count",https://www.costco.com/samyang-buldak-ramen-carbonara-spicy-chicken-37-oz-6-count.product.4000184387.html,,,0,0,https://www.costco.com/pantry.html,9/27/2026 0:00
1738-item-1306311,1738,1306311,1306311,"Supreme Rice Long Grain Rice, 25 lbs",https://www.costco.com/.product.1306311.html,,,0,0,https://www.costco.com/pantry.html,9/27/2026 0:00
1738-item-100645583,1738,100645583,100645583,"Kirkland Signature Bath Tissue, 2-Ply, 380 Sheets, 30 Rolls",https://www.costco.com/kirkland-signature-bath-tissue-2-ply-380-sheets-30-rolls.product.100645583.html,,,0,0,https://www.costco.com/paper-products-food-storage.html,9/27/2026 0:00
1738-item-4000053321,1738,4000053321,4000053321,"Dixie Ultra 8-1/2"" Paper Plate, 240-count",https://www.costco.com/dixie-ultra-8-12-paper-plate-240-count.product.4000053321.html,,,0,0,https://www.costco.com/paper-products-food-storage.html,9/27/2026 0:00
1738-item-100352100,1738,100352100,100352100,"Dixie Ultra 10-1/16"" Paper Plate, 186-count",https://www.costco.com/dixie-ultra-10-116-paper-plate-186-count.product.100352100.html,,,0,0,https://www.costco.com/paper-products-food-storage.html,9/27/2026 0:00
1738-item-4000346087,1738,4000346087,4000346087,"Bounty Advanced Paper Towels, 2-Ply, 103 Sheets, 12-count",https://www.costco.com/bounty-advanced-paper-towels-2-ply-103-sheets-12-count.product.4000346087.html,,,0,0,https://www.costco.com/paper-products-food-storage.html,9/27/2026 0:00
1738-item-100089150,1738,100089150,100089150,"Kleenex Trusted Care Facial Tissue, 2-Ply, 230-count, 10-pack",https://www.costco.com/kleenex-trusted-care-facial-tissue-2-ply-230-count-10-pack.product.100089150.html,,,0,0,https://www.costco.com/paper-products-food-storage.html,9/27/2026 0:00
1738-item-11680104,1738,11680104,11680104,"Kleenex Ultra Soft Facial Tissue, 3-Ply, 85-count, 12-pack",https://www.costco.com/kleenex-ultra-soft-facial-tissue-3-ply-85-count-12-pack.product.11680104.html,,,0,0,https://www.costco.com/paper-products-food-storage.html,9/27/2026 0:00
1738-item-4000343144,1738,4000343144,4000343144,"Ziploc Seal Top Bag, Variety Pack, 322-count",https://www.costco.com/ziploc-seal-top-bag-variety-pack-322-count.product.4000343144.html,,,0,0,https://www.costco.com/paper-products-food-storage.html,9/27/2026 0:00
1738-item-100108599,1738,100108599,100108599,"Vanity Fair Everyday Napkin, 2-Ply, 110-count, 6-pack",https://www.costco.com/vanity-fair-everyday-napkin-2-ply-110-count-6-pack.product.100108599.html,,,0,0,https://www.costco.com/paper-products-food-storage.html,9/27/2026 0:00
1738-item-100836238,1738,100836238,100836238,"Kirkland Signature Napkins, 1-Ply, 280-count, 4-pack",https://www.costco.com/kirkland-signature-napkins-1-ply-280-count-4-pack.product.100836238.html,,,0,0,https://www.costco.com/paper-products-food-storage.html,9/27/2026 0:00
1738-item-100234270,1738,100234270,100234270,"Scott Bath Tissue, 1-Ply, 1100 Sheets, 36 Rolls",https://www.costco.com/scott-bath-tissue-1-ply-1100-sheets-36-rolls.product.100234270.html,,,0,0,https://www.costco.com/paper-products-food-storage.html,9/27/2026 0:00
1738-item-4000350136,1738,4000350136,4000350136,"Ziploc Seal Top Freezer Bag, Gallon, 136-count",https://www.costco.com/ziploc-seal-top-freezer-bag-gallon-136-count.product.4000350136.html,,,0,0,https://www.costco.com/paper-products-food-storage.html,9/27/2026 0:00
1738-item-4000356985,1738,4000356985,4000356985,"Ziploc Seal Top Bag, Sandwich, 480-count",https://www.costco.com/ziploc-seal-top-bag-sandwich-480-count.product.4000356985.html,,,0,0,https://www.costco.com/paper-products-food-storage.html,9/27/2026 0:00
1738-item-4000312330,1738,4000312330,4000312330,"Kirkland Signature Freezer Quart Plus Bags, 264-count",https://www.costco.com/kirkland-signature-freezer-quart-plus-bags-264-count.product.4000312330.html,,,0,0,https://www.costco.com/paper-products-food-storage.html,9/27/2026 0:00
1738-item-4000312404,1738,4000312404,4000312404,"Kirkland Signature Gallon Plus Freezer Bags, 192-count",https://www.costco.com/kirkland-signature-gallon-plus-freezer-bags-192-count.product.4000312404.html,,,0,0,https://www.costco.com/paper-products-food-storage.html,9/27/2026 0:00
1738-item-100381539,1738,100381539,100381539,"Dixie Ultra 20 oz Paper Bowl, 135-count",https://www.costco.com/dixie-ultra-20-oz-paper-bowl-135-count.product.100381539.html,,,0,0,https://www.costco.com/paper-products-food-storage.html,9/27/2026 0:00
1738-item-100113595,1738,100113595,100113595,"Solo Heavyweight Plastic Spoon, White, 500-count",https://www.costco.com/solo-heavyweight-plastic-spoon-white-500-count.product.100113595.html,,,0,0,https://www.costco.com/paper-products-food-storage.html,9/27/2026 0:00
1738-item-100113601,1738,100113601,100113601,"Solo Heavyweight Plastic Fork, White, 500-count",https://www.costco.com/solo-heavyweight-plastic-fork-white-500-count.product.100113601.html,,,0,0,https://www.costco.com/paper-products-food-storage.html,9/27/2026 0:00
1738-item-100397056,1738,100397056,100397056,"Cottonelle Fresh Care Flushable Wipes, 560 Wipes",https://www.costco.com/cottonelle-fresh-care-flushable-wipes-560-wipes.product.100397056.html,,,0,0,https://www.costco.com/paper-products-food-storage.html,9/27/2026 0:00
1738-item-18695,1738,18695,18695,"Chinet Classic Lunch 8-3/4"" Paper Plate, 225-count",https://www.costco.com/.product.18695.html,,,0,0,https://www.costco.com/paper-products-food-storage.html,9/27/2026 0:00
1738-item-60357,1738,60357,60357,"Mixed Bell Peppers, 6-count",https://www.costco.com/.product.60357.html,,,0,0,https://www.costco.com/produce.html,9/27/2026 0:00
1738-item-100445692,1738,100445692,100445692,"Organic English Cucumbers, Greenhouse Grown, 3-count",https://www.costco.com/organic-english-cucumbers-greenhouse-grown-3-count.product.100445692.html,,,0,0,https://www.costco.com/produce.html,9/27/2026 0:00
1738-item-100433821,1738,100433821,100433821,"Cantaloupe, 2-count",https://www.costco.com/cantaloupe-2-count.product.100433821.html,,,0,0,https://www.costco.com/produce.html,9/27/2026 0:00
1738-item-100439256,1738,100439256,100439256,"Organic Crimini Mushrooms, 24 oz",https://www.costco.com/organic-crimini-mushrooms-24-oz.product.100439256.html,,,0,0,https://www.costco.com/produce.html,9/27/2026 0:00
1738-item-100443126,1738,100443126,100443126,"Limes, 3 lbs",https://www.costco.com/limes-3-lbs.product.100443126.html,,,0,0,https://www.costco.com/produce.html,9/27/2026 0:00
1738-item-100608970,1738,100608970,100608970,"Grape Tomatoes, 2 lbs",https://www.costco.com/grape-tomatoes-2-lbs.product.100608970.html,,,0,0,https://www.costco.com/produce.html,9/27/2026 0:00
1738-item-100434185,1738,100434185,100434185,"Organic Celery Sticks, 2.5 lbs",https://www.costco.com/organic-celery-sticks-25-lbs.product.100434185.html,,,0,0,https://www.costco.com/produce.html,9/27/2026 0:00
1738-item-100437001,1738,100437001,100437001,"Organic Gala Apples, 3 lbs",https://www.costco.com/organic-gala-apples-3-lbs.product.100437001.html,,,0,0,https://www.costco.com/produce.html,9/27/2026 0:00
1738-item-100975546,1738,100975546,100975546,"Vidalia Sweet Onions, 5 lbs",https://www.costco.com/vidalia-sweet-onions-5-lbs.product.100975546.html,,,0,0,https://www.costco.com/produce.html,9/27/2026 0:00
1738-item-100598720,1738,100598720,100598720,"Organic Peeled Carrots, 2 lbs, 2-count",https://www.costco.com/organic-peeled-carrots-2-lbs-2-count.product.100598720.html,,,0,0,https://www.costco.com/produce.html,9/27/2026 0:00
1738-item-100441109,1738,100441109,100441109,"Gourmet Tomato Medley, Greenhouse Grown, 2 lbs",https://www.costco.com/gourmet-tomato-medley-greenhouse-grown-2-lbs.product.100441109.html,,,0,0,https://www.costco.com/produce.html,9/27/2026 0:00
1738-item-100442528,1738,100442528,100442528,"Gourmet Creamer Potato, 5 lbs",https://www.costco.com/gourmet-creamer-potato-5-lbs.product.100442528.html,,,0,0,https://www.costco.com/produce.html,9/27/2026 0:00
1738-item-100450792,1738,100450792,100450792,"Organic Squash, 3.5 lbs",https://www.costco.com/organic-squash-35-lbs.product.100450792.html,,,0,0,https://www.costco.com/produce.html,9/27/2026 0:00
1738-item-100816773,1738,100816773,100816773,"Plums, 3 lbs",https://www.costco.com/plums-3-lbs.product.100816773.html,,,0,0,https://www.costco.com/produce.html,9/27/2026 0:00
1738-item-100451213,1738,100451213,100451213,"Organic Mangos, 6 lbs",https://www.costco.com/organic-mangos-6-lbs.product.100451213.html,,,0,0,https://www.costco.com/produce.html,9/27/2026 0:00
1738-item-100601909,1738,100601909,100601909,"Organic Carrots, 6 lbs",https://www.costco.com/organic-carrots-6-lbs.product.100601909.html,,,0,0,https://www.costco.com/produce.html,9/27/2026 0:00
1738-item-100441746,1738,100441746,100441746,"Colossal Garlic, 2 lbs",https://www.costco.com/colossal-garlic-2-lbs.product.100441746.html,,,0,0,https://www.costco.com/produce.html,9/27/2026 0:00
1738-item-100787289,1738,100787289,100787289,"Grapefruit, 5 lbs",https://www.costco.com/grapefruit-5-lbs.product.100787289.html,,,0,0,https://www.costco.com/produce.html,9/27/2026 0:00
1738-item-100836033,1738,100836033,100836033,"Frito Lay Classic Mix, 1 oz, Variety Pack, 54-count",https://www.costco.com/frito-lay-classic-mix-1-oz-variety-pack-54-count.product.100836033.html,,,0,0,https://www.costco.com/snacks.html,9/27/2026 0:00
1738-item-100688266,1738,100688266,100688266,"SunChips Whole Grain, Variety, 1.5 oz, 30-count",https://www.costco.com/sunchips-whole-grain-variety-15-oz-30-count.product.100688266.html,,,0,0,https://www.costco.com/snacks.html,9/27/2026 0:00
1738-item-4000111758,1738,4000111758,4000111758,"Nature's Garden, Probiotic Strawberry Yoggies, 0.7 oz, 30-count",https://www.costco.com/natures-garden-probiotic-strawberry-yoggies-07-oz--30-count.product.4000111758.html,,,0,0,https://www.costco.com/snacks.html,9/27/2026 0:00
1738-item-100741625,1738,100741625,100741625,"Chomps Original Beef Sticks, Mild, 12 Individually Wrapped Sticks",https://www.costco.com/chomps-original-beef-sticks-mild-12-individually-wrapped-sticks.product.100741625.html,,,0,0,https://www.costco.com/snacks.html,9/27/2026 0:00
1738-item-100381415,1738,100381415,100381415,"Skinny Pop Popcorn, 0.65 oz, 28-count",https://www.costco.com/skinny-pop-popcorn-065-oz-28-count.product.100381415.html,,,0,0,https://www.costco.com/snacks.html,9/27/2026 0:00
1738-item-100679927,1738,100679927,100679927,"Pure Organic Layered Fruit Bars, Variety Pack, 0.63 oz, 28-count",https://www.costco.com/pure-organic-layered-fruit-bars-variety-pack--063-oz-28-count.product.100679927.html,,,0,0,https://www.costco.com/snacks.html,9/27/2026 0:00
1738-item-100493043,1738,100493043,100493043,"Pirate's Booty Aged White Cheddar Snack, 0.5 oz, 40-count",https://www.costco.com/pirates-booty-aged-white-cheddar-snack-05-oz-40-count.product.100493043.html,,,0,0,https://www.costco.com/snacks.html,9/27/2026 0:00
1738-item-4000252966,1738,4000252966,4000252966,"Nabisco Cookies & Crackers, Variety Pack, 1 oz, 40-count",https://www.costco.com/nabisco-cookies--crackers-variety-pack-1-oz-40-count.product.4000252966.html,,,0,0,https://www.costco.com/snacks.html,9/27/2026 0:00
1738-item-100642169,1738,100642169,100642169,"That's it Mini Fruit Bars, 24-count",https://www.costco.com/thats-it-mini-fruit-bars-24-count.product.100642169.html,,,0,0,https://www.costco.com/snacks.html,9/27/2026 0:00
1738-item-4000367875,1738,4000367875,4000367875,"Kirkland Signature Grass-fed Beef Sticks, 1.15 oz, 12-count",https://www.costco.com/kirkland-signature-grass-fed-beef-sticks-115-oz-12-count.product.4000367875.html,,,0,0,https://www.costco.com/snacks.html,9/27/2026 0:00
1738-item-100641392,1738,100641392,100641392,"Donsuemor, Traditional Madeleines Cake, 1 oz, 28-Count",https://www.costco.com/donsuemor-traditional-madeleines-cake-1-oz-28-count.product.100641392.html,,,0,0,https://www.costco.com/snacks.html,9/27/2026 0:00
1738-item-4000385777,1738,4000385777,4000385777,"Frito-Lay NFL Gameday Mix, 54-count",https://www.costco.com/frito-lay-nfl-gameday-mix-54-count.product.4000385777.html,,,0,0,https://www.costco.com/snacks.html,9/27/2026 0:00
1738-item-100840912,1738,100840912,100840912,"PopCorners Popped Corn Snacks Variety Pack, 1 oz, 30-Count",https://www.costco.com/popcorners-popped-corn-snacks-variety-pack-1-oz-30-count.product.100840912.html,,,0,0,https://www.costco.com/snacks.html,9/27/2026 0:00
1738-item-100347332,1738,100347332,100347332,"Nature's Garden Organic Trail Mix Snack Packs, Variety Pack, 1.2 oz, 24-count",https://www.costco.com/natures-garden-organic-trail-mix-snack-packs-variety-pack-12-oz-24-count.product.100347332.html,,,0,0,https://www.costco.com/snacks.html,9/27/2026 0:00
1738-item-100532544,1738,100532544,100532544,"Welch's Fruit Snacks, .8 oz, 90-count",https://www.costco.com/welchs-fruit-snacks-8-oz-90-count.product.100532544.html,,,0,0,https://www.costco.com/snacks.html,9/27/2026 0:00
1738-item-100439543,1738,100439543,100439543,"Heavenly Hunks Organic Oatmeal Dark Chocolate Cookies, 22 oz",https://www.costco.com/heavenly-hunks-organic-oatmeal-dark-chocolate-cookies-22-oz.product.100439543.html,,,0,0,https://www.costco.com/snacks.html,9/27/2026 0:00
1738-item-100371248,1738,100371248,100371248,"Goldfish Baked Snack Crackers, Cheddar, 1 oz, 45-count",https://www.costco.com/goldfish-baked-snack-crackers-cheddar-1-oz-45-count.product.100371248.html,,,0,0,https://www.costco.com/snacks.html,9/27/2026 0:00
1738-item-100538227,1738,100538227,100538227,"Country Archer Grass-Fed Beef Stick Minis Original, 0.5 oz, 28-Count",https://www.costco.com/country-archer-grass-fed-beef-stick-minis-original-05-oz-28-count.product.100538227.html,,,0,0,https://www.costco.com/snacks.html,9/27/2026 0:00
1738-item-100696413,1738,100696413,100696413,"Pringles Grab & Go Potato Crisps, Variety, 36-count",https://www.costco.com/pringles-grab--go-potato-crisps-variety-36-count.product.100696413.html,,,0,0,https://www.costco.com/snacks.html,9/27/2026 0:00
1738-item-100403275,1738,100403275,100403275,"Clif Kid ZBar Organic Granola Bar, Variety Pack, 1.27 oz, 36-count",https://www.costco.com/clif-kid-zbar-organic-granola-bar-variety-pack-127-oz-36-count.product.100403275.html,,,0,0,https://www.costco.com/snacks.html,9/27/2026 0:00
1738-item-100699040,1738,100699040,100699040,"OREO Sandwich Cookies, Variety Pack, 60-count",https://www.costco.com/oreo-sandwich-cookies-variety-pack-60-count.product.100699040.html,,,0,0,https://www.costco.com/snacks.html,9/27/2026 0:00
1738-item-4000094517,1738,4000094517,4000094517,"Milano Cookies, Double Dark Chocolate, 0.98 oz, 30-count",https://www.costco.com/milano-cookies-double-dark-chocolate-098-oz-30-count.product.4000094517.html,,,0,0,https://www.costco.com/snacks.html,9/27/2026 0:00
1738-item-4000203095,1738,4000203095,4000203095,"GoGo SqueeZ, Organic Applesauce, Variety Pack, 3.2 oz, 28-Count",https://www.costco.com/gogo-squeez-organic-applesauce-variety-pack-32-oz-28-count.product.4000203095.html,,,0,0,https://www.costco.com/snacks.html,9/27/2026 0:00
1738-item-100381587,1738,100381587,100381587,"Nature Valley Protein Bar, Peanut Butter Dark Chocolate, 1.42 oz, 30-count",https://www.costco.com/nature-valley-protein-bar-peanut-butter-dark-chocolate-142-oz-30-count.product.100381587.html,,,0,0,https://www.costco.com/snacks.html,9/27/2026 0:00
1738-item-4000329562,1738,4000329562,4000329562,"Variety Snack Pack, 40-count",https://www.costco.com/variety-snack-pack-40-count.product.4000329562.html,,,0,0,https://www.costco.com/snacks.html,9/27/2026 0:00
1738-item-100389661,1738,100389661,100389661,"Goldfish Baked Snacks, Variety Pack, 45-count",https://www.costco.com/goldfish-baked-snacks-variety-pack-45-count.product.100389661.html,,,0,0,https://www.costco.com/snacks.html,9/27/2026 0:00
1738-item-100381489,1738,100381489,100381489,"Cheez-It Crackers, Cheddar, 1.5 oz, 45-count",https://www.costco.com/cheez-it-crackers-cheddar-15-oz-45-count.product.100381489.html,,,0,0,https://www.costco.com/snacks.html,9/27/2026 0:00
1738-item-4000233544,1738,4000233544,4000233544,"Kirkland Signature Sweet Heat Snack Mix, 24 oz",https://www.costco.com/kirkland-signature-sweet-heat-snack-mix-24-oz.product.4000233544.html,,,0,0,https://www.costco.com/snacks.html,9/27/2026 0:00
1738-item-100698498,1738,100698498,100698498,"Go Raw Sprouted Organic Pumpkin Seeds with Sea Salt, 22 oz",https://www.costco.com/go-raw-sprouted-organic-pumpkin-seeds-with-sea-salt-22-oz.product.100698498.html,,,0,0,https://www.costco.com/snacks.html,9/27/2026 0:00
1738-item-4201003967,1738,4201003967,4201003967,"Kirkland Signature Snacking Nuts Variety Pack, 1.6 oz, 21-count",https://www.costco.com/kirkland-signature-snacking-nuts-variety-pack-16-oz-21-count.product.4201003967.html,,,0,0,https://www.costco.com/snacks.html,9/27/2026 0:00
1738-item-100805013,1738,100805013,100805013,"Golden Island Pork Snack Bites, Korean Barbecue, 1.5 oz, 12-count",https://www.costco.com/golden-island-pork-snack-bites-korean-barbecue-15-oz-12-count.product.100805013.html,,,0,0,https://www.costco.com/snacks.html,9/27/2026 0:00
1738-item-4000142365,1738,4000142365,4000142365,"The SnakYard Organic Sweet Potato Sticks, 2.82 oz, 6-count",https://www.costco.com/the-snakyard-organic-sweet-potato-sticks-282-oz-6-count.product.4000142365.html,,,0,0,https://www.costco.com/snacks.html,9/27/2026 0:00
1738-item-4000042930,1738,4000042930,4000042930,"Kirkland Signature Extra Fancy Mixed Nuts, Unsalted, 2.5 lbs",https://www.costco.com/kirkland-signature-extra-fancy-mixed-nuts-unsalted-25-lbs.product.4000042930.html,,,0,0,https://www.costco.com/snacks.html,9/27/2026 0:00
1738-item-4201005708,1738,4201005708,4201005708,"Kirkland Signature Rice Crackers, 32 oz",https://www.costco.com/kirkland-signature-rice-crackers-32-oz.product.4201005708.html,,,0,0,https://www.costco.com/snacks.html,9/27/2026 0:00
1738-item-4000409855,1738,4000409855,4000409855,"belVita Energy Snack Bites Variety Pack, 25-count",https://www.costco.com/belvita-energy-snack-bites-variety-pack-25-count.product.4000409855.html,,,0,0,https://www.costco.com/snacks.html,9/27/2026 0:00
1738-item-100368214,1738,100368214,100368214,"Meiji Hello Panda Chocolate Creme Filled Cookies, 0.75 oz, 32-count",https://www.costco.com/meiji-hello-panda-chocolate-creme-filled-cookies-075-oz-32-count.product.100368214.html,,,0,0,https://www.costco.com/snacks.html,9/27/2026 0:00
1738-item-4000332792,1738,4000332792,4000332792,"Crunchmaster 6-Seed Multi-Grain Crackers, 28 oz",https://www.costco.com/crunchmaster-6-seed-multi-grain-crackers-28-oz.product.4000332792.html,,,0,0,https://www.costco.com/snacks.html,9/27/2026 0:00
1738-item-100383407,1738,100383407,100383407,"Lotus Biscoff Cookies, 8.8 oz., 4 Count",https://www.costco.com/lotus-biscoff-cookies-88-oz-4-count.product.100383407.html,,,0,0,https://www.costco.com/snacks.html,9/27/2026 0:00
1738-item-4000420284,1738,4000420284,4000420284,"Nature Valley Crispy Creamy Wafer Bars, Variety Pack, 1.3 oz, 28-count",https://www.costco.com/nature-valley-crispy-creamy-wafer-bars-variety-pack-13-oz-28-count.product.4000420284.html,,,0,0,https://www.costco.com/snacks.html,9/27/2026 0:00
1738-item-100401345,1738,100401345,100401345,"Nutella & GO! Hazelnut and Cocoa Spread With Breadsticks, 1.8 oz, 16 Pack",https://www.costco.com/nutella--go-hazelnut-and-cocoa-spread-with-breadsticks-18-oz-16-pack.product.100401345.html,,,0,0,https://www.costco.com/snacks.html,9/27/2026 0:00
1738-item-100792770,1738,100792770,100792770,"Simple Mills Almond Flour Sea Salt Crackers, 10 oz, 2-count",https://www.costco.com/simple-mills-almond-flour-sea-salt-crackers-10-oz-2-count.product.100792770.html,,,0,0,https://www.costco.com/snacks.html,9/27/2026 0:00
1738-item-4000418227,1738,4000418227,4000418227,Hoody's Honey Roasted Nut Mix,https://www.costco.com/hoodys-honey-roasted-nut-mix.product.4000418227.html,,,0,0,https://www.costco.com/snacks.html,9/27/2026 0:00
1738-item-100113305,1738,100113305,100113305,"Cheez-It Crackers, Cheddar, 3 lbs",https://www.costco.com/cheez-it-crackers-cheddar-3-lbs.product.100113305.html,,,0,0,https://www.costco.com/snacks.html,9/27/2026 0:00
1738-item-100756482,1738,100756482,100756482,"Goldfish Baked Snack Crackers, Cheddar, 66 oz",https://www.costco.com/goldfish-baked-snack-crackers-cheddar-66-oz.product.100756482.html,,,0,0,https://www.costco.com/snacks.html,9/27/2026 0:00
1738-item-4000250022,1738,4000250022,4000250022,"Nutella Biscuits, 9.7 oz, 4-count",https://www.costco.com/nutella-biscuits-97-oz-4-count.product.4000250022.html,,,0,0,https://www.costco.com/snacks.html,9/27/2026 0:00
1738-item-100369040,1738,100369040,100369040,"RITZ Crackers, Original, 61.65 oz, 18-count",https://www.costco.com/ritz-crackers-original-6165-oz-18-count.product.100369040.html,,,0,0,https://www.costco.com/snacks.html,9/27/2026 0:00
1738-item-100381517,1738,100381517,100381517,"WildRoot's Coastal Berry Trail Mix, 26 oz",https://www.costco.com/wildroots-coastal-berry-trail-mix-26-oz.product.100381517.html,,,0,0,https://www.costco.com/snacks.html,9/27/2026 0:00
1738-item-4000415351,1738,4000415351,4000415351,"BARNUM'S Animal Crackers, 1 oz, 30-count",https://www.costco.com/barnums-animal-crackers-1-oz-30-count.product.4000415351.html,,,0,0,https://www.costco.com/snacks.html,9/27/2026 0:00
1738-item-100674223,1738,100674223,100674223,"Loacker Minis Wafer Cookie Variety, 28.22 oz",https://www.costco.com/loacker-minis-wafer-cookie-variety-2822-oz.product.100674223.html,,,0,0,https://www.costco.com/snacks.html,9/27/2026 0:00
1738-item-4000294926,1738,4000294926,4000294926,"BUILT Puff Protein Bar, Variety Pack, 1.41 oz, 14-count",https://www.costco.com/built-puff-protein-bar-variety-pack-141-oz-14-count.product.4000294926.html,,,0,0,https://www.costco.com/snacks.html,9/27/2026 0:00
1738-item-100403304,1738,100403304,100403304,"Nature Valley Biscuits with Almond Butter, 1.35 oz, 30-count",https://www.costco.com/nature-valley-biscuits-with-almond-butter-135-oz-30-count.product.100403304.html,,,0,0,https://www.costco.com/snacks.html,9/27/2026 0:00
1738-item-4000400472,1738,4000400472,4000400472,"Mezcla Puff-Crispy Bar, Pistachio Chocolate, 1.4 oz, 14-count",https://www.costco.com/mezcla-puff-crispy-bar-pistachio-chocolate-14-oz-14-count.product.4000400472.html,,,0,0,https://www.costco.com/snacks.html,9/27/2026 0:00
1738-item-4201009280,1738,4201009280,4201009280,"Chomps Chomplings Original Turkey Mini Sticks, 0.5 oz, 24-count",https://www.costco.com/chomps-chomplings-original-turkey-mini-sticks-05-oz-24-count.product.4201009280.html,,,0,0,https://www.costco.com/snacks.html,9/27/2026 0:00
1738-item-100643788,1738,100643788,100643788,"Schwartz Brothers Bakery, Organic Everything Bagel Chips, 15 oz",https://www.costco.com/schwartz-brothers-bakery-organic-everything-bagel-chips-15-oz.product.100643788.html,,,0,0,https://www.costco.com/snacks.html,9/27/2026 0:00
1738-item-100439457,1738,100439457,100439457,"BelVita Breakfast Biscuits, Blueberry, 1.76 oz, 30-count",https://www.costco.com/belvita-breakfast-biscuits-blueberry-176-oz-30-count.product.100439457.html,,,0,0,https://www.costco.com/snacks.html,9/27/2026 0:00
1738-item-100401360,1738,100401360,100401360,"FITCRUNCH Protein Bars, 16g Protein, Chocolate Peanut Butter, 1.62 oz, 18-count",https://www.costco.com/fitcrunch-protein-bars-16g-protein-chocolate-peanut-butter-162-oz-18-count.product.100401360.html,,,0,0,https://www.costco.com/snacks.html,9/27/2026 0:00
1738-item-4000022053,1738,4000022053,4000022053,"Simply Fuel Protein Balls, 14.4 oz",https://www.costco.com/simply-fuel-protein-balls-144-oz.product.4000022053.html,,,0,0,https://www.costco.com/snacks.html,9/27/2026 0:00
1738-item-4000204335,1738,4000204335,4000204335,"RXBAR Protein Bars, Variety Pack, 14-count",https://www.costco.com/rxbar-protein-bars-variety-pack-14-count.product.4000204335.html,,,0,0,https://www.costco.com/snacks.html,9/27/2026 0:00
1738-item-100421656,1738,100421656,100421656,"BelVita Breakfast Biscuit, Cinnamon Brown Sugar, 1.76 oz, 30-count",https://www.costco.com/belvita-breakfast-biscuit-cinnamon-brown-sugar-176-oz-30-count.product.100421656.html,,,0,0,https://www.costco.com/snacks.html,9/27/2026 0:00
1738-item-100383609,1738,100383609,100383609,"Frito Lay Classic Mix, Variety Pack, 30-count",https://www.costco.com/frito-lay-classic-mix-variety-pack-30-count.product.100383609.html,,,0,0,https://www.costco.com/snacks.html,9/27/2026 0:00
1738-item-4000201023,1738,4000201023,4000201023,"Miss Vickie's Kettle Cooked Potato Chips, 1.38 oz, Variety Pack, 30-count",https://www.costco.com/miss-vickies-kettle-cooked-potato-chips-138-oz-variety-pack-30-count.product.4000201023.html,,,0,0,https://www.costco.com/snacks.html,9/27/2026 0:00
1738-item-100400518,1738,100400518,100400518,"Ocean Spray Craisins, Whole Dried Cranberries, 64 oz",https://www.costco.com/ocean-spray-craisins-whole-dried-cranberries-64-oz.product.100400518.html,,,0,0,https://www.costco.com/snacks.html,9/27/2026 0:00
1738-item-100243281,1738,100243281,100243281,"Nature Valley Crunchy Granola Bar, Oats 'n Honey, 1.49 oz, 49-count",https://www.costco.com/nature-valley-crunchy-granola-bar-oats-n-honey-149-oz-49-count.product.100243281.html,,,0,0,https://www.costco.com/snacks.html,9/27/2026 0:00
1738-item-4000418551,1738,4000418551,4000418551,"Solely Organic Fruit Jerky Variety Pack, 0.8 oz, 16-count",https://www.costco.com/solely-organic-fruit-jerky-variety-pack-08-oz-16-count.product.4000418551.html,,,0,0,https://www.costco.com/snacks.html,9/27/2026 0:00
1738-item-4000336842,1738,4000336842,4000336842,"SnakYard Organic Shitake Mushrooms, 14.11 oz",https://www.costco.com/snakyard-organic-shitake-mushrooms-1411-oz.product.4000336842.html,,,0,0,https://www.costco.com/snacks.html,9/27/2026 0:00
1738-item-100397092,1738,100397092,100397092,"Wonderful Pistachios, Salt & Pepper, 3 lbs",https://www.costco.com/wonderful-pistachios-salt--pepper-3-lbs.product.100397092.html,,,0,0,https://www.costco.com/snacks.html,9/27/2026 0:00
1738-item-4000099743,1738,4000099743,4000099743,"Jackson's Kettle Cooked Sweet Potato Chips, Sea Salt, 16 oz",https://www.costco.com/jacksons-kettle-cooked-sweet-potato-chips-sea-salt-16-oz.product.4000099743.html,,,0,0,https://www.costco.com/snacks.html,9/27/2026 0:00
1738-item-4000026392,1738,4000026392,4000026392,"Nonni’s Biscotti, Almond Dark Chocolate, 1.34 oz, 25-count",https://www.costco.com/nonnis-biscotti-almond-dark-chocolate-134-oz-25-count.product.4000026392.html,,,0,0,https://www.costco.com/snacks.html,9/27/2026 0:00
1738-item-4000350969,1738,4000350969,4000350969,"Pure Protein Bars, Variety Pack, 1.76 oz, 25-count",https://www.costco.com/pure-protein-bars-variety-pack-176-oz-25-count.product.4000350969.html,,,0,0,https://www.costco.com/snacks.html,9/27/2026 0:00
1738-item-100441043,1738,100441043,100441043,"La Dolce Vita Classic Italian Biscotti, 40 oz",https://www.costco.com/la-dolce-vita-classic-italian-biscotti-40-oz.product.100441043.html,,,0,0,https://www.costco.com/snacks.html,9/27/2026 0:00
1738-item-4000250881,1738,4000250881,4000250881,"IQBAR Clean Protein Bars, Variety Pack, 1.6 oz, 18-count",https://www.costco.com/iqbar-clean-protein-bars-variety-pack-16-oz-18-count.product.4000250881.html,,,0,0,https://www.costco.com/snacks.html,9/27/2026 0:00
1738-item-4000240522,1738,4000240522,4000240522,"Siete Grain Free Sea Salt Tortilla Chips, 15 oz",https://www.costco.com/siete-grain-free-sea-salt-tortilla-chips-15-oz.product.4000240522.html,,,0,0,https://www.costco.com/snacks.html,9/27/2026 0:00
1738-item-100453227,1738,100453227,100453227,"Mott's, Organic Apple Sauce, 3.9 oz, 36-Count",https://www.costco.com/motts-organic-apple-sauce-39-oz-36-count.product.100453227.html,,,0,0,https://www.costco.com/snacks.html,9/27/2026 0:00
1738-item-4000434872,1738,4000434872,4000434872,"Quest Protein Bar Variety Pack, 2.12 oz, 16-count",https://www.costco.com/quest-protein-bar-variety-pack-212-oz-16-count.product.4000434872.html,,,0,0,https://www.costco.com/snacks.html,9/27/2026 0:00
1738-item-4201019919,1738,4201019919,4201019919,"ONE Protein Bar, Variety Pack, 2.12 oz, 16-count",https://www.costco.com/one-protein-bar-variety-pack-212-oz-16-count.product.4201019919.html,,,0,0,https://www.costco.com/snacks.html,9/27/2026 0:00
1738-item-100377388,1738,100377388,100377388,"Sugar Bowl Bakery, Petite Palmiers, 32 oz",https://www.costco.com/sugar-bowl-bakery-petite-palmiers-32-oz.product.100377388.html,,,0,0,https://www.costco.com/snacks.html,9/27/2026 0:00
1738-item-4000064056,1738,4000064056,4000064056,"Kirkland Signature Organic Whole Cashews, Unsalted, Unroasted, 2.5 lbs",https://www.costco.com/kirkland-signature-organic-whole-cashews-unsalted-unroasted-25-lbs.product.4000064056.html,,,0,0,https://www.costco.com/snacks.html,9/27/2026 0:00
1738-item-4201029325,1738,4201029325,4201029325,"Crown Bakeries Mini Muffin Bites, Birthday Cake, 1.65 oz, 20-count",https://www.costco.com/crown-bakeries-mini-muffin-bites-birthday-cake-165-oz-20-count.product.4201029325.html,,,0,0,https://www.costco.com/snacks.html,9/27/2026 0:00
1738-item-4000259693,1738,4000259693,4000259693,"Simply Protein Crispy Bar Variety Pack, 15-count",https://www.costco.com/simply-protein-crispy-bar-variety-pack-15-count.product.4000259693.html,,,0,0,https://www.costco.com/snacks.html,9/27/2026 0:00
1738-item-100436609,1738,100436609,100436609,"Madi Gran Panettone, 2.2 lbs",https://www.costco.com/madi-gran-panettone-22-lbs.product.100436609.html,,,0,0,https://www.costco.com/snacks.html,9/27/2026 0:00
1738-item-100436999,1738,100436999,100436999,"Country Archer Grass-Fed Beef Jerky, Mango Habanero, 16 oz",https://www.costco.com/country-archer-grass-fed-beef-jerky-mango-habanero-16-oz.product.100436999.html,,,0,0,https://www.costco.com/snacks.html,9/27/2026 0:00
1738-item-4000377029,1738,4000377029,4000377029,"Kize Life Changing Bars, Variety Pack, 12-count",https://www.costco.com/kize-life-changing-bars-variety-pack-12-count.product.4000377029.html,,,0,0,https://www.costco.com/snacks.html,9/27/2026 0:00
1738-item-4000111426,1738,4000111426,4000111426,"Kellogg's Cracker Collection, Variety Pack, 13-stacks",https://www.costco.com/kelloggs-cracker-collection-variety-pack-13-stacks.product.4000111426.html,,,0,0,https://www.costco.com/snacks.html,9/27/2026 0:00
1738-item-100456939,1738,100456939,100456939,"Joy Luck Palace Double Egg Yolk and Lotus Seed Paste Moon Cakes, 24.7 oz, 4-Count",https://www.costco.com/joy-luck-palace-double-egg-yolk-and-lotus-seed-paste-moon-cakes-247-oz-4-count.product.100456939.html,,,0,0,https://www.costco.com/snacks.html,9/27/2026 0:00
1738-item-100387865,1738,100387865,100387865,"Carr's Table Water Crackers, Variety Pack, 25.5 oz",https://www.costco.com/carrs-table-water-crackers-variety-pack-255-oz.product.100387865.html,,,0,0,https://www.costco.com/snacks.html,9/27/2026 0:00
1738-item-4000424142,1738,4000424142,4000424142,"Chomps Smokey BBQ Seasoned Beef Sticks, 1.15 oz, 12-count",https://www.costco.com/chomps-smokey-bbq-seasoned-beef-sticks-115-oz-12-count.product.4000424142.html,,,0,0,https://www.costco.com/snacks.html,9/27/2026 0:00
1738-item-4000237460,1738,4000237460,4000237460,"Kirkland Signature Roasted Almonds, Sea Salt, 2.5 lbs",https://www.costco.com/kirkland-signature-roasted-almonds-sea-salt-25-lbs.product.4000237460.html,,,0,0,https://www.costco.com/snacks.html,9/27/2026 0:00
1738-item-100581556,1738,100581556,100581556,"Tropical Fields Organic Coconut Rolls, 11 oz",https://www.costco.com/tropical-fields-organic-coconut-rolls-11-oz.product.100581556.html,,,0,0,https://www.costco.com/snacks.html,9/27/2026 0:00
1738-item-4000191539,1738,4000191539,4000191539,"Gen Bake Churro Donut Bites, 30 oz",https://www.costco.com/gen-bake-churro-donut-bites-30-oz.product.4000191539.html,,,0,0,https://www.costco.com/snacks.html,9/27/2026 0:00
1738-item-100423249,1738,100423249,100423249,"Gourmet Nut Power Up Trail Mix, Mega Omega, 26 oz",https://www.costco.com/gourmet-nut-power-up-trail-mix-mega-omega-26-oz.product.100423249.html,,,0,0,https://www.costco.com/snacks.html,9/27/2026 0:00
1738-item-100368222,1738,100368222,100368222,"Cape Cod Kettle Cooked Potato Chips, 30 oz",https://www.costco.com/cape-cod-kettle-cooked-potato-chips-30-oz.product.100368222.html,,,0,0,https://www.costco.com/snacks.html,9/27/2026 0:00
1738-item-100393415,1738,100393415,100393415,"Snack Factory Organic Original Pretzel Crisps, 28 oz",https://www.costco.com/snack-factory-organic-original-pretzel-crisps-28-oz.product.100393415.html,,,0,0,https://www.costco.com/snacks.html,9/27/2026 0:00
1738-item-4000179943,1738,4000179943,4000179943,"Skinny Pop Organic Popcorn, 14 oz",https://www.costco.com/skinny-pop-organic-popcorn-14-oz.product.4000179943.html,,,0,0,https://www.costco.com/snacks.html,9/27/2026 0:00
1738-item-100441930,1738,100441930,100441930,"Sun-Maid Organic California Sun-Dried Raisins, 2 lbs, 2-count",https://www.costco.com/sun-maid-organic-california-sun-dried-raisins-2-lbs-2-count.product.100441930.html,,,0,0,https://www.costco.com/snacks.html,9/27/2026 0:00
1738-item-100442140,1738,100442140,100442140,"Cheetos Cheese Flavored Snacks, Crunchy, 28.8 oz",https://www.costco.com/cheetos-cheese-flavored-snacks-crunchy-288-oz.product.100442140.html,,,0,0,https://www.costco.com/snacks.html,9/27/2026 0:00
1738-item-100405372,1738,100405372,100405372,"Doritos Tortilla Chips, Nacho Cheese, 30 oz",https://www.costco.com/doritos-tortilla-chips-nacho-cheese-30-oz.product.100405372.html,,,0,0,https://www.costco.com/snacks.html,9/27/2026 0:00
1738-item-100435721,1738,100435721,100435721,"Fritos Scoops! Corn Chips, 32 oz",https://www.costco.com/fritos-scoops-corn-chips-32-oz.product.100435721.html,,,0,0,https://www.costco.com/snacks.html,9/27/2026 0:00
1738-item-1485984,1738,1485984,1485984,"Fairlife Nutrition Plan, 30g Protein Shake, Chocolate, 11.5 fl oz, 18-pack",https://www.costco.com/.product.1485984.html,,,0,0,https://www.costco.com/health-beauty.html,9/27/2026 0:00
1738-item-1674070,1738,1674070,1674070,"Emergen-C 1000 mg Vitamin C Daily Immune Support Variety Pack Drink Mix, 120 Packets",https://www.costco.com/.product.1674070.html,,,0,0,https://www.costco.com/health-beauty.html,9/27/2026 0:00
1738-item-2025322,1738,2025322,2025322,"Grüns Adult Greens Gummies, 35 Daily Packs",https://www.costco.com/.product.2025322.html,,,0,0,https://www.costco.com/health-beauty.html,9/27/2026 0:00
1738-item-4748527,1738,4748527,4748527,Homedics SereneScent Ceramic Diffuser Set,https://www.costco.com/.product.4748527.html,,,0,0,https://www.costco.com/health-beauty.html,9/27/2026 0:00
1738-item-1148964,1738,1148964,1148964,"PreserVision AREDS2 Formula, 210 Soft Gels",https://www.costco.com/.product.1148964.html,,,0,0,https://www.costco.com/health-beauty.html,9/27/2026 0:00
1738-item-2021189,1738,2021189,2021189,"Olay Essential Botanical Body Wash, 23.6 fl oz, 3-pack",https://www.costco.com/.product.2021189.html,,,0,0,https://www.costco.com/health-beauty.html,9/27/2026 0:00
1738-item-7161149,1738,7161149,7161149,Philips Norelco All-in-One Electric Shaver and Trimmer with 24 Attachments,https://www.costco.com/.product.7161149.html,,,0,0,https://www.costco.com/health-beauty.html,9/27/2026 0:00
1738-item-2007587,1738,2007587,2007587,Harry's Chrome Edition Razor Set 16 Cartridges + 1 Handle,https://www.costco.com/.product.2007587.html,,,0,0,https://www.costco.com/health-beauty.html,9/27/2026 0:00
1738-item-1060126,1738,1060126,1060126,"Terra Kai USDA Organic Juce Super Fruit & Veggie Powder, 12.2 oz",https://www.costco.com/.product.1060126.html,,,0,0,https://www.costco.com/health-beauty.html,9/27/2026 0:00
1738-item-1816515,1738,1816515,1816515,"Osaki OS-3D Aspire Massage Chair, Brown",https://www.costco.com/.product.1816515.html,,,0,0,https://www.costco.com/health-beauty.html,9/27/2026 0:00
1738-item-1896208,1738,1896208,1896208,"Q-tips Cotton Swabs, 1875-count",https://www.costco.com/.product.1896208.html,,,0,0,https://www.costco.com/health-beauty.html,9/27/2026 0:00
1738-item-2011581,1738,2011581,2011581,Sharper Image Power Percussion Duo Max Deep Tissue Massager,https://www.costco.com/.product.2011581.html,,,0,0,https://www.costco.com/health-beauty.html,9/27/2026 0:00
1738-item-2049358,1738,2049358,2049358,"Liquid I.V. Hydration Multiplier, 30 Individual Serving Stick Packs in Resealable Pouch, Sugar Free, Variety Pack",https://www.costco.com/.product.2049358.html,,,0,0,https://www.costco.com/health-beauty.html,9/27/2026 0:00
1738-item-1252365,1738,1252365,1252365,"Ensure Original Nutrition Shake, Vanilla, 8 fl oz, 30-count",https://www.costco.com/.product.1252365.html,,,0,0,https://www.costco.com/health-beauty.html,9/27/2026 0:00
1738-item-2075676,1738,2075676,2075676,"Celsius Sparkling Energy Drink, Variety Pack, 12 fl oz, 18-count",https://www.costco.com/.product.2075676.html,,,0,0,https://www.costco.com/health-beauty.html,9/27/2026 0:00
1738-item-2009618,1738,2009618,2009618,"MaryRuth's Morning Multivitamin + Hair Growth, Peach Mango, 22 fl. oz., 2-pack",https://www.costco.com/.product.2009618.html,,,0,0,https://www.costco.com/health-beauty.html,9/27/2026 0:00
1738-item-1985130,1738,1985130,1985130,"youtheory Concentrated Effect Verisol Collagen with Biotin, 345 Count",https://www.costco.com/.product.1985130.html,,,0,0,https://www.costco.com/health-beauty.html,9/27/2026 0:00
1738-item-1932071,1738,1932071,1932071,"Liquid I.V. Hydration Multiplier, 30 Individual Serving Stick Packs in Resealable Pouch, Variety Pack",https://www.costco.com/.product.1932071.html,,,0,0,https://www.costco.com/health-beauty.html,9/27/2026 0:00
1738-item-1814790,1738,1814790,1814790,"Zena USDA Organic Supergreens Fruits & Vegetables Powder, 45 Stick Packets",https://www.costco.com/.product.1814790.html,,,0,0,https://www.costco.com/health-beauty.html,9/27/2026 0:00
1738-item-1303463,1738,1303463,1303463,"Vital Proteins Collagen Peptides, Unflavored, 1.5 lbs",https://www.costco.com/.product.1303463.html,,,0,0,https://www.costco.com/health-beauty.html,9/27/2026 0:00
1738-item-2032156,1738,2032156,2032156,"SmartyPants Kids Plus Multivitamin & Omegas, 180 Gummies",https://www.costco.com/.product.2032156.html,,,0,0,https://www.costco.com/health-beauty.html,9/27/2026 0:00
1738-item-1995727,1738,1995727,1995727,"Nello Supercalm Drink Mix, Variety Pack, 26-ct",https://www.costco.com/.product.1995727.html,,,0,0,https://www.costco.com/health-beauty.html,9/27/2026 0:00
1738-item-1945057,1738,1945057,1945057,"Oikos 30g Protein Shake, Vanilla, 12 fl oz, 18-pack",https://www.costco.com/.product.1945057.html,,,0,0,https://www.costco.com/health-beauty.html,9/27/2026 0:00
1738-item-1837002,1738,1837002,1837002,Crest 3D Whitestrips 20 Professional Treatments with 10 Bonus Brightening Treatments,https://www.costco.com/.product.1837002.html,,,0,0,https://www.costco.com/health-beauty.html,9/27/2026 0:00
1738-item-1654375,1738,1654375,1654375,"Neutrogena Rainbath Shower Gel, Original, 40 fl oz",https://www.costco.com/.product.1654375.html,,,0,0,https://www.costco.com/health-beauty.html,9/27/2026 0:00
1738-item-1121864,1738,1121864,1121864,"Neutrogena Rainbath Shower Gel, Ocean Mist, 40 fl oz",https://www.costco.com/.product.1121864.html,,,0,0,https://www.costco.com/health-beauty.html,9/27/2026 0:00
1738-item-1243880,1738,1243880,1243880,"Optimum Nutrition Gold Standard 100% Whey Protein Powder, 5.64 lbs, Chocolate",https://www.costco.com/.product.1243880.html,,,0,0,https://www.costco.com/health-beauty.html,9/27/2026 0:00
1738-item-2036501,1738,2036501,2036501,"Nordic Naturals Omega Mini Fish Oil, 110 Mini Softgels, Lemon Flavor",https://www.costco.com/.product.2036501.html,,,0,0,https://www.costco.com/health-beauty.html,9/27/2026 0:00
1738-item-1702153,1738,1702153,1702153,"Crest Pro Health Advanced Toothpaste, 5.9 oz, 5-pack",https://www.costco.com/.product.1702153.html,,,0,0,https://www.costco.com/health-beauty.html,9/27/2026 0:00
1738-item-1195611,1738,1195611,1195611,"Orgain Organic Protein and Superfoods Plant Based Protein Powder, Vanilla Bean, 2.7 lbs",https://www.costco.com/.product.1195611.html,,,0,0,https://www.costco.com/health-beauty.html,9/27/2026 0:00
1738-item-2049977,1738,2049977,2049977,"youtheory Total Body Turmeric, 90 Vegetarian Capsules",https://www.costco.com/.product.2049977.html,,,0,0,https://www.costco.com/health-beauty.html,9/27/2026 0:00
1738-item-870735,1738,870735,870735,"Kirkland Signature Adult Multivitamin, 320 Gummies",https://www.costco.com/.product.870735.html,,,0,0,https://www.costco.com/health-beauty.html,9/27/2026 0:00
1738-item-2017037,1738,2017037,2017037,"Orgain 35g Dairy Free Protein Shake, Creamy Chocolate 14 fl oz, 12-count",https://www.costco.com/.product.2017037.html,,,0,0,https://www.costco.com/health-beauty.html,9/27/2026 0:00
1738-item-1908287,1738,1908287,1908287,"Design Optics by Foster Grant, +2.00, #666 Classic Plastic Rectangle Reading Glasses, 3-pack",https://www.costco.com/.product.1908287.html,,,0,0,https://www.costco.com/health-beauty.html,9/27/2026 0:00
1738-item-1908284,1738,1908284,1908284,"Design Optics by Foster Grant, +1.25, #666 Classic Plastic Rectangle Reading Glasses, 3-pack",https://www.costco.com/.product.1908284.html,,,0,0,https://www.costco.com/health-beauty.html,9/27/2026 0:00
1738-item-1908286,1738,1908286,1908286,"Design Optics by Foster Grant, +1.75, #666 Classic Plastic Rectangle Reading Glasses, 3-pack",https://www.costco.com/.product.1908286.html,,,0,0,https://www.costco.com/health-beauty.html,9/27/2026 0:00
1738-item-1908290,1738,1908290,1908290,"Design Optics by Foster Grant, +3.00, #666 Classic Plastic Rectangle Reading Glasses, 3-pack",https://www.costco.com/.product.1908290.html,,,0,0,https://www.costco.com/health-beauty.html,9/27/2026 0:00
1738-item-1908288,1738,1908288,1908288,"Design Optics by Foster Grant, +2.50, #666 Classic Plastic Rectangle Reading Glasses, 3-pack",https://www.costco.com/.product.1908288.html,,,0,0,https://www.costco.com/health-beauty.html,9/27/2026 0:00
1738-item-1742398,1738,1742398,1742398,"youtheory Ashwagandha 1000 mg, 180 Vegetarian Capsules",https://www.costco.com/.product.1742398.html,,,0,0,https://www.costco.com/health-beauty.html,9/27/2026 0:00
1738-item-1502205,1738,1502205,1502205,"Orgain Organic Protein and Superfoods Plant Based Protein Powder, Creamy Chocolate Fudge, 2.64 lbs",https://www.costco.com/.product.1502205.html,,,0,0,https://www.costco.com/health-beauty.html,9/27/2026 0:00
1738-item-1446055,1738,1446055,1446055,"Nature's Truth Organic Apple Cider Vinegar 500 mg., 120 Gummies",https://www.costco.com/.product.1446055.html,,,0,0,https://www.costco.com/health-beauty.html,9/27/2026 0:00
1738-item-311676,1738,311676,311676,"Kirkland Signature Aller-Tec 10 mg Tablets, 365 count",https://www.costco.com/.product.311676.html,,,0,0,https://www.costco.com/health-beauty.html,9/27/2026 0:00
1738-item-1243864,1738,1243864,1243864,"Optimum Nutrition Gold Standard 100% Whey Protein Powder, Vanilla Ice Cream, 5.47 lbs",https://www.costco.com/.product.1243864.html,,,0,0,https://www.costco.com/health-beauty.html,9/27/2026 0:00
1738-item-580664,1738,580664,580664,"Nature Made Prenatal Folic Acid + DHA, 150 Softgels",https://www.costco.com/.product.580664.html,,,0,0,https://www.costco.com/health-beauty.html,9/27/2026 0:00
1738-item-370945,1738,370945,370945,"Ocuvite Eye Vitamin Adult 50+ Formula, 150 Soft Gels",https://www.costco.com/.product.370945.html,,,0,0,https://www.costco.com/health-beauty.html,9/27/2026 0:00
1738-item-2068077,1738,2068077,2068077,"Fairlife Nutrition Plan, 30g Protein Shake, Vanilla, 11.5 fl oz, 18-pack",https://www.costco.com/.product.2068077.html,,,0,0,https://www.costco.com/health-beauty.html,9/27/2026 0:00
1738-item-572220,1738,572220,572220,"Nature Made Iron, 65 mg, 365 Tablets",https://www.costco.com/.product.572220.html,,,0,0,https://www.costco.com/health-beauty.html,9/27/2026 0:00
1738-item-1698212,1738,1698212,1698212,"Nature Made Fish Oil, 1200mg, 300 Softgels",https://www.costco.com/.product.1698212.html,,,0,0,https://www.costco.com/health-beauty.html,9/27/2026 0:00
1738-item-2837566,1738,2837566,2837566,Braun Series 9 Sport + Electric Shaver with Clean and Charge Station and Travel Case,https://www.costco.com/.product.2837566.html,,,0,0,https://www.costco.com/health-beauty.html,9/27/2026 0:00
1738-item-2067295,1738,2067295,2067295,"Native Body Wash Coconut & Vanilla, 34 fl oz, 2-pack",https://www.costco.com/.product.2067295.html,,,0,0,https://www.costco.com/health-beauty.html,9/27/2026 0:00
1738-item-1927215,1738,1927215,1927215,"Orgain, Micronized Creatine Monohydrate, Unflavored, 1.48lbs",https://www.costco.com/.product.1927215.html,,,0,0,https://www.costco.com/health-beauty.html,9/27/2026 0:00
1738-item-40310,1738,40310,40310,Refresh Plus Lubricant Eye Drops,https://www.costco.com/.product.40310.html,,,0,0,https://www.costco.com/health-beauty.html,9/27/2026 0:00
1738-item-2075999,1738,2075999,2075999,"FEELGOOD NAD+ NMN, 120 Vegan Capsules",https://www.costco.com/.product.2075999.html,,,0,0,https://www.costco.com/health-beauty.html,9/27/2026 0:00
1738-item-1820576,1738,1820576,1820576,"eos Natural USDA Organic Lip Balm, 9 Sticks",https://www.costco.com/.product.1820576.html,,,0,0,https://www.costco.com/health-beauty.html,9/27/2026 0:00
1738-item-1968128,1738,1968128,1968128,"youtheory Ashwagandha, 180 Gummies, Mixed Berry Flavor",https://www.costco.com/.product.1968128.html,,,0,0,https://www.costco.com/health-beauty.html,9/27/2026 0:00
1738-item-864070,1738,864070,864070,"Nature Made Vitamin B12 1000 mcg, 400 Softgels",https://www.costco.com/.product.864070.html,,,0,0,https://www.costco.com/health-beauty.html,9/27/2026 0:00
1738-item-1908880,1738,1908880,1908880,"Gillette Venus Ultra Smooth Razor, 11-count",https://www.costco.com/.product.1908880.html,,,0,0,https://www.costco.com/health-beauty.html,9/27/2026 0:00
1738-item-1711799,1738,1711799,1711799,"Kirkland Signature Extra Strength Energy Shot, 2 fl oz, 48-count",https://www.costco.com/.product.1711799.html,,,0,0,https://www.costco.com/health-beauty.html,9/27/2026 0:00
1738-item-897980,1738,897980,897980,"Kirkland Signature Children's Multivitamin, 320 Gummies",https://www.costco.com/.product.897980.html,,,0,0,https://www.costco.com/health-beauty.html,9/27/2026 0:00
1738-item-1308590,1738,1308590,1308590,"Nature Made Extra Strength Magnesium 400 mg, 180 Softgels",https://www.costco.com/.product.1308590.html,,,0,0,https://www.costco.com/health-beauty.html,9/27/2026 0:00
1738-item-1102928,1738,1102928,1102928,"Centrum Silver Adults 50+, 325 Tablets",https://www.costco.com/.product.1102928.html,,,0,0,https://www.costco.com/health-beauty.html,9/27/2026 0:00
1738-item-1968803,1738,1968803,1968803,"GUM Professional Clean Floss Picks, 150-count, 3-pack",https://www.costco.com/.product.1968803.html,,,0,0,https://www.costco.com/health-beauty.html,9/27/2026 0:00
1738-item-1863995,1738,1863995,1863995,"TheraBreath Icy Mint Oral Rinse, 1 Liter, 2-pack",https://www.costco.com/.product.1863995.html,,,0,0,https://www.costco.com/health-beauty.html,9/27/2026 0:00
1738-item-135576,1738,135576,135576,"Zipfizz Multi-Vitamin Energy Hydration Drink Mix, Variety Pack, 30-count",https://www.costco.com/.product.135576.html,,,0,0,https://www.costco.com/health-beauty.html,9/27/2026 0:00
1738-item-1692715,1738,1692715,1692715,"Qunol Magnesium Extra Strength 250 mg, 150 Gummies",https://www.costco.com/.product.1692715.html,,,0,0,https://www.costco.com/health-beauty.html,9/27/2026 0:00
1738-item-648220,1738,648220,648220,"Kirkland Signature CoQ10 300 mg., 100 Softgels",https://www.costco.com/.product.648220.html,,,0,0,https://www.costco.com/health-beauty.html,9/27/2026 0:00
1738-item-1906773,1738,1906773,1906773,"OLLY Women's Multivitamin Gummy, 200 Gummies",https://www.costco.com/.product.1906773.html,,,0,0,https://www.costco.com/health-beauty.html,9/27/2026 0:00
1738-item-887498,1738,887498,887498,"Kirkland Signature Wild Alaskan Fish Oil 1400 mg, 230 Softgels",https://www.costco.com/.product.887498.html,,,0,0,https://www.costco.com/health-beauty.html,9/27/2026 0:00
1738-item-886740,1738,886740,886740,"Weider Prime Testosterone Support, 120 Capsules",https://www.costco.com/.product.886740.html,,,0,0,https://www.costco.com/health-beauty.html,9/27/2026 0:00
1738-item-1366250,1738,1366250,1366250,"Kirkland Signature Liquid Body Wash, Natural Citrus, 27 fl oz, 2-count",https://www.costco.com/.product.1366250.html,,,0,0,https://www.costco.com/health-beauty.html,9/27/2026 0:00
1738-item-1316229,1738,1316229,1316229,"Biotrue Multi-Purpose Solution, 34 Ounces",https://www.costco.com/.product.1316229.html,,,0,0,https://www.costco.com/health-beauty.html,9/27/2026 0:00
1738-item-2033364,1738,2033364,2033364,OFF! Clean Feel Mosquito Repellent Picaridin DEET-free Bug Spray Set,https://www.costco.com/.product.2033364.html,,,0,0,https://www.costco.com/health-beauty.html,9/27/2026 0:00
1738-item-667448,1738,667448,667448,NeilMed Sinus Rinse Kit,https://www.costco.com/.product.667448.html,,,0,0,https://www.costco.com/health-beauty.html,9/27/2026 0:00
1738-item-2027490,1738,2027490,2027490,"Orgain 30g Ultra Filtered A2 Milk Protein Shake, Chocolate 11 fl oz, 15-count",https://www.costco.com/.product.2027490.html,,,0,0,https://www.costco.com/health-beauty.html,9/27/2026 0:00
1738-item-3907391,1738,3907391,3907391,"Oral-B iO Series 2 Complete Clean Rechargeable Electric Toothbrush, 2-pack",https://www.costco.com/.product.3907391.html,,,0,0,https://www.costco.com/health-beauty.html,9/27/2026 0:00
1738-item-1355176,1738,1355176,1355176,"Lumify Redness Reliever Eye Drops, 15 ml.",https://www.costco.com/.product.1355176.html,,,0,0,https://www.costco.com/health-beauty.html,9/27/2026 0:00
1738-item-1458438,1738,1458438,1458438,"GUM Soft-Picks Advanced Mint, 180-count",https://www.costco.com/.product.1458438.html,,,0,0,https://www.costco.com/health-beauty.html,9/27/2026 0:00
1738-item-1563168,1738,1563168,1563168,"Children's Motrin Dye-Free Berry Flavor Suspension, Fever Reducer & Pain Relief, 12 Fluid Ounces",https://www.costco.com/.product.1563168.html,,,0,0,https://www.costco.com/health-beauty.html,9/27/2026 0:00
1738-item-2949962,1738,2949962,2949962,Sharper Image Motorized Handheld Rolling Massager,https://www.costco.com/.product.2949962.html,,,0,0,https://www.costco.com/health-beauty.html,9/27/2026 0:00
1738-item-691740,1738,691740,691740,"Ricola Sugar Free Lemon Mint Cough Drops, 210 Drops",https://www.costco.com/.product.691740.html,,,0,0,https://www.costco.com/health-beauty.html,9/27/2026 0:00
1738-item-1051972,1738,1051972,1051972,"Kirkland Signature Calcium 500 mg with D3 & Zinc, 240 Adult Gummies",https://www.costco.com/.product.1051972.html,,,0,0,https://www.costco.com/health-beauty.html,9/27/2026 0:00
1738-item-2028787,1738,2028787,2028787,"Poise Advanced Ultimate Absorbency Incontinence and Postpartum Long Pads, 108-Count",https://www.costco.com/.product.2028787.html,,,0,0,https://www.costco.com/health-beauty.html,9/27/2026 0:00
1738-item-393914,1738,393914,393914,"Kirkland Signature Vitamin D3, 2000 IU, 600-count",https://www.costco.com/.product.393914.html,,,0,0,https://www.costco.com/health-beauty.html,9/27/2026 0:00
1738-item-1252372,1738,1252372,1252372,"Ensure Plus Nutrition Shake, Vanilla, 8 fl. oz, 30-pack",https://www.costco.com/.product.1252372.html,,,0,0,https://www.costco.com/health-beauty.html,9/27/2026 0:00
1738-item-2048096,1738,2048096,2048096,"Genius Gourmet Sparkling Clear 30g Protein Variety Pack, 12 fl oz, 15-pack",https://www.costco.com/.product.2048096.html,,,0,0,https://www.costco.com/health-beauty.html,9/27/2026 0:00
1738-item-1669785,1738,1669785,1669785,"Kirkland Signature Omeprazole 20 mg., 42 Tablets",https://www.costco.com/.product.1669785.html,,,0,0,https://www.costco.com/health-beauty.html,9/27/2026 0:00
1738-item-588153,1738,588153,588153,"Kirkland Signature Calcium Citrate, Magnesium and Zinc, 500 Tablets",https://www.costco.com/.product.588153.html,,,0,0,https://www.costco.com/health-beauty.html,9/27/2026 0:00
1738-item-989874,1738,989874,989874,"Caltrate 600 + D3 Plus Minerals Tablets, 320-count",https://www.costco.com/.product.989874.html,,,0,0,https://www.costco.com/health-beauty.html,9/27/2026 0:00
1738-item-1050777,1738,1050777,1050777,"Kirkland Signature Vitamin C 250 mg, 360 Adult Gummies",https://www.costco.com/.product.1050777.html,,,0,0,https://www.costco.com/health-beauty.html,9/27/2026 0:00
1738-item-1729692,1738,1729692,1729692,"Nature's Bounty Optimal Solutions Hair Growth, 90 Capsules",https://www.costco.com/.product.1729692.html,,,0,0,https://www.costco.com/health-beauty.html,9/27/2026 0:00
1738-item-504882,1738,504882,504882,"Tylenol Extra Strength Acetaminophen 500 mg, Pain & Fever Relief, 290 Rapid Release Gelcap Tablets",https://www.costco.com/.product.504882.html,,,0,0,https://www.costco.com/health-beauty.html,9/27/2026 0:00
1738-item-1351728,1738,1351728,1351728,"trunature Cinnamon Concentrate Cinsulin 500mg, 200 Vegetarian Capsules",https://www.costco.com/.product.1351728.html,,,0,0,https://www.costco.com/health-beauty.html,9/27/2026 0:00
1738-item-2076005,1738,2076005,2076005,"FEELGOOD Magnesium Glycinate, 180 Vegan Capsules",https://www.costco.com/.product.2076005.html,,,0,0,https://www.costco.com/health-beauty.html,9/27/2026 0:00
1738-item-2052615,1738,2052615,2052615,"Zena Creatine + D3/K2 Gummies 180ct, Variety Pack",https://www.costco.com/.product.2052615.html,,,0,0,https://www.costco.com/health-beauty.html,9/27/2026 0:00
1738-item-1129909,1738,1129909,1129909,"Kirkland Signature LaxaClear, 100 Doses",https://www.costco.com/.product.1129909.html,,,0,0,https://www.costco.com/health-beauty.html,9/27/2026 0:00
1738-item-2040581,1738,2040581,2040581,OSAKI 3D QUEST BEIGE MODEL EC-1616 PLT1,https://www.costco.com/.product.2040581.html,,,0,0,https://www.costco.com/health-beauty.html,9/27/2026 0:00
1738-item-1607417,1738,1607417,1607417,"Qunol Turmeric Plus Ginger, 200 Gummies, Tangerine",https://www.costco.com/.product.1607417.html,,,0,0,https://www.costco.com/health-beauty.html,9/27/2026 0:00
1738-item-2007062,1738,2007062,2007062,"Premier Protein High Protein Chocolate Shake, 11 fl oz, 18-count",https://www.costco.com/.product.2007062.html,,,0,0,https://www.costco.com/health-beauty.html,9/27/2026 0:00
1738-item-1226620,1738,1226620,1226620,"Pure Alaska Omega Wild Salmon Oil 1000 mg, 210 Softgels",https://www.costco.com/.product.1226620.html,,,0,0,https://www.costco.com/health-beauty.html,9/27/2026 0:00
1738-item-1069850,1738,1069850,1069850,"Salonpas Pain Relieving Patch, 140 Patches",https://www.costco.com/.product.1069850.html,,,0,0,https://www.costco.com/health-beauty.html,9/27/2026 0:00
1738-item-935195,1738,935195,935195,"Ultra Strength BENGAY, Non-Greasy Topical Pain Relieving Cream, 8 Ounces",https://www.costco.com/.product.935195.html,,,0,0,https://www.costco.com/health-beauty.html,9/27/2026 0:00
1738-item-1763447,1738,1763447,1763447,"Emergen-C Immune+ 1000 mg Vitamin C + Vitamin D & Zinc, 90 Packets",https://www.costco.com/.product.1763447.html,,,0,0,https://www.costco.com/health-beauty.html,9/27/2026 0:00
1738-item-1105926,1738,1105926,1105926,"Nature's Bounty B-12 2500 mcg, 300 Quick Dissolve Tablets",https://www.costco.com/.product.1105926.html,,,0,0,https://www.costco.com/health-beauty.html,9/27/2026 0:00
1738-item-808620,1738,808620,808620,"Citracal Maximum Plus Calcium Citrate + D3, 280 Caplets",https://www.costco.com/.product.808620.html,,,0,0,https://www.costco.com/health-beauty.html,9/27/2026 0:00
1738-item-1810859,1738,1810859,1810859,"SENSODYNE Advanced Whitening Toothpaste, 6.5 oz, 4-pack",https://www.costco.com/.product.1810859.html,,,0,0,https://www.costco.com/health-beauty.html,9/27/2026 0:00
1738-item-1369089,1738,1369089,1369089,"Voltaren Arthritis Pain Gel, 12.34 Ounces",https://www.costco.com/.product.1369089.html,,,0,0,https://www.costco.com/health-beauty.html,9/27/2026 0:00
1738-item-1548657,1738,1548657,1548657,"Florastor Daily Probiotic with Vitamin D3, 120 Vegetarian Capsules",https://www.costco.com/.product.1548657.html,,,0,0,https://www.costco.com/health-beauty.html,9/27/2026 0:00
1738-item-402146,1738,402146,402146,"Nature's Way Joint Movement Glucosamine Extra Strength, 33.8 Fluid Ounces",https://www.costco.com/.product.402146.html,,,0,0,https://www.costco.com/health-beauty.html,9/27/2026 0:00
1738-item-529110,1738,529110,529110,"Refresh Tears Lubricant Eye Drops Multi-Pack, 65 ml.",https://www.costco.com/.product.529110.html,,,0,0,https://www.costco.com/health-beauty.html,9/27/2026 0:00
1738-item-2067452,1738,2067452,2067452,"Olay Advanced Repair Serum Body Wash, 35 fl oz, 2-pack",https://www.costco.com/.product.2067452.html,,,0,0,https://www.costco.com/health-beauty.html,9/27/2026 0:00
1738-item-690843,1738,690843,690843,"Kirkland Signature Quick Dissolve B-12 5000 mcg, 300 Tablets",https://www.costco.com/.product.690843.html,,,0,0,https://www.costco.com/health-beauty.html,9/27/2026 0:00
1738-item-1674847,1738,1674847,1674847,"Sports Research Plant-Based D3 + K2, 160-count",https://www.costco.com/.product.1674847.html,,,0,0,https://www.costco.com/health-beauty.html,9/27/2026 0:00
1738-item-657187,1738,657187,657187,"Amlactin Moisturizing Body Lotion with 12% Lactic Acid, 20 oz",https://www.costco.com/.product.657187.html,,,0,0,https://www.costco.com/health-beauty.html,9/27/2026 0:00
1738-item-1274751,1738,1274751,1274751,"One A Day Men's 50+ Multivitamin Tablets, 300 count",https://www.costco.com/.product.1274751.html,,,0,0,https://www.costco.com/health-beauty.html,9/27/2026 0:00
1738-item-1320303,1738,1320303,1320303,"Centrum Silver Men 50+ Immune Support Multivitamin, 275 Tablets",https://www.costco.com/.product.1320303.html,,,0,0,https://www.costco.com/health-beauty.html,9/27/2026 0:00
1738-item-1106007,1738,1106007,1106007,"Nature's Bounty Vitamin D3 125 mcg, 400 Softgels",https://www.costco.com/.product.1106007.html,,,0,0,https://www.costco.com/health-beauty.html,9/27/2026 0:00
1738-item-1987084,1738,1987084,1987084,Chirp Contour Decompression and Massage Roller Table with Additional Roller Set,https://www.costco.com/.product.1987084.html,,,0,0,https://www.costco.com/health-beauty.html,9/27/2026 0:00
1738-item-529688,1738,529688,529688,"Kirkland Signature NonDrowsy AllerClear Antihistamine 10 mg., 365 Tablets",https://www.costco.com/.product.529688.html,,,0,0,https://www.costco.com/health-beauty.html,9/27/2026 0:00
1738-item-1014328,1738,1014328,1014328,"MiraLAX Powder Laxative, 68 Doses",https://www.costco.com/.product.1014328.html,,,0,0,https://www.costco.com/health-beauty.html,9/27/2026 0:00
1738-item-2037453,1738,2037453,2037453,"Nurri 30g Protein Shake, Chocolate, 11 fl oz , 15-pack",https://www.costco.com/.product.2037453.html,,,0,0,https://www.costco.com/health-beauty.html,9/27/2026 0:00
1738-item-1349614,1738,1349614,1349614,"Kirkland Signature OPTIFIBER, 26.8 Ounces, 190 Servings",https://www.costco.com/.product.1349614.html,,,0,0,https://www.costco.com/health-beauty.html,9/27/2026 0:00
1738-item-853467,1738,853467,853467,"One A Day Men's Multivitamin, 300 Tablets",https://www.costco.com/.product.853467.html,,,0,0,https://www.costco.com/health-beauty.html,9/27/2026 0:00
1738-item-1957823,1738,1957823,1957823,"Sports Research Vitamin B Complex, 180 Veggie Soft Gels",https://www.costco.com/.product.1957823.html,,,0,0,https://www.costco.com/health-beauty.html,9/27/2026 0:00
1738-item-864024,1738,864024,864024,"Nature Made CoQ10 200 mg, 140 Softgels",https://www.costco.com/.product.864024.html,,,0,0,https://www.costco.com/health-beauty.html,9/27/2026 0:00
1738-item-536970,1738,536970,536970,"Natrol JuiceFestiv, 240 Capsules",https://www.costco.com/.product.536970.html,,,0,0,https://www.costco.com/health-beauty.html,9/27/2026 0:00
1738-item-1812167,1738,1812167,1812167,"Qunol Turmeric 1,500 mg., 220 Capsules",https://www.costco.com/.product.1812167.html,,,0,0,https://www.costco.com/health-beauty.html,9/27/2026 0:00
1738-item-1998494,1738,1998494,1998494,"SuperBeets Heart Gummies, Strawberry, 150ct",https://www.costco.com/.product.1998494.html,,,0,0,https://www.costco.com/health-beauty.html,9/27/2026 0:00
1738-item-1398241,1738,1398241,1398241,"Nature's Way Sambucus Elderberry with Vitamin C and Zinc, 120 Gummies",https://www.costco.com/.product.1398241.html,,,0,0,https://www.costco.com/health-beauty.html,9/27/2026 0:00
1738-item-1169865,1738,1169865,1169865,"Nature Made Super C with Vitamin D3 and Zinc, 200 Tablets",https://www.costco.com/.product.1169865.html,,,0,0,https://www.costco.com/health-beauty.html,9/27/2026 0:00
1738-item-1089847,1738,1089847,1089847,"Metamucil Fiber Supplement, Orange Sugar Free, 260 Servings",https://www.costco.com/.product.1089847.html,,,0,0,https://www.costco.com/health-beauty.html,9/27/2026 0:00
1738-item-1962753,1738,1962753,1962753,"Qunol Brain Health Memory Plus, 100 Count",https://www.costco.com/.product.1962753.html,,,0,0,https://www.costco.com/health-beauty.html,9/27/2026 0:00
1738-item-2025437,1738,2025437,2025437,"Force Factor Total Beets Chews, 90 Soft Chews",https://www.costco.com/.product.2025437.html,,,0,0,https://www.costco.com/health-beauty.html,9/27/2026 0:00
1738-item-1953411,1738,1953411,1953411,"Old Spice Swagger Scent Boosted Aluminum Free Deodorant, 3 oz, 4-pack",https://www.costco.com/.product.1953411.html,,,0,0,https://www.costco.com/health-beauty.html,9/27/2026 0:00
1738-item-2069070,1738,2069070,2069070,"Physician's Choice Advanced 60 Billion Probiotic, 75 Capsules",https://www.costco.com/.product.2069070.html,,,0,0,https://www.costco.com/health-beauty.html,9/27/2026 0:00
1738-item-1017650,1738,1017650,1017650,"Kirkland Signature Triple Action Joint Health, 110 Coated Tablets",https://www.costco.com/.product.1017650.html,,,0,0,https://www.costco.com/health-beauty.html,9/27/2026 0:00
1738-item-553486,1738,553486,553486,"Nature's Bounty Optimal Solutions Hair, Skin and Nails, 250 Softgels",https://www.costco.com/.product.553486.html,,,0,0,https://www.costco.com/health-beauty.html,9/27/2026 0:00
1738-item-1274752,1738,1274752,1274752,"One A Day Women's 50+ Multivitamin Tablets, 300-count",https://www.costco.com/.product.1274752.html,,,0,0,https://www.costco.com/health-beauty.html,9/27/2026 0:00
1738-item-2049359,1738,2049359,2049359,"Liquid I.V. Hydration Multiplier, 30 Individual Serving Stick Packs in Resealable Pouch, Sugar Free, Ring Pop Cherry",https://www.costco.com/.product.2049359.html,,,0,0,https://www.costco.com/health-beauty.html,9/27/2026 0:00
1738-item-1972488,1738,1972488,1972488,"Oats Overnight Variety Pack, 30g Protein Shake, Fudge Brownie, Cookies & Cream, 14-pack",https://www.costco.com/.product.1972488.html,,,0,0,https://www.costco.com/health-beauty.html,9/27/2026 0:00
1738-item-2034508,1738,2034508,2034508,"Bayer Aspirin Regimen Low Dose 81 mg., 365 Enteric Coated Tablets",https://www.costco.com/.product.2034508.html,,,0,0,https://www.costco.com/health-beauty.html,9/27/2026 0:00
1738-item-1408247,1738,1408247,1408247,"Trunature Ginkgo Biloba 120mg, 340 Softgels",https://www.costco.com/.product.1408247.html,,,0,0,https://www.costco.com/health-beauty.html,9/27/2026 0:00
1738-item-855643,1738,855643,855643,"Advil Liqui-Gels Ibuprofen 200 mg., Pain Reliever, Fever Reducer, 240 Liqui-Gel Capsules",https://www.costco.com/.product.855643.html,,,0,0,https://www.costco.com/health-beauty.html,9/27/2026 0:00
1738-item-2037515,1738,2037515,2037515,"Nurri 30g Protein Shake, Vanilla, 11 fl oz, 15-pack",https://www.costco.com/.product.2037515.html,,,0,0,https://www.costco.com/health-beauty.html,9/27/2026 0:00
1738-item-1991395,1738,1991395,1991395,"OLLY Men's Multivitamin Gummy, 200 Gummies",https://www.costco.com/.product.1991395.html,,,0,0,https://www.costco.com/health-beauty.html,9/27/2026 0:00
1738-item-926628,1738,926628,926628,"Kirkland Signature Omega-3 Fish Oil Concentrate 1000 mg, 400 Softgels",https://www.costco.com/.product.926628.html,,,0,0,https://www.costco.com/health-beauty.html,9/27/2026 0:00
1738-item-853472,1738,853472,853472,"One A Day Women's Multivitamin, 300 Tablets",https://www.costco.com/.product.853472.html,,,0,0,https://www.costco.com/health-beauty.html,9/27/2026 0:00
1738-item-1687275,1738,1687275,1687275,"Qunol Ultra CoQ10 100 mg, 180 Softgels",https://www.costco.com/.product.1687275.html,,,0,0,https://www.costco.com/health-beauty.html,9/27/2026 0:00
1738-item-1719200,1738,1719200,1719200,"Country Farms Fiber Care Gummies, 240 Gummies",https://www.costco.com/.product.1719200.html,,,0,0,https://www.costco.com/health-beauty.html,9/27/2026 0:00
1738-item-2047386,1738,2047386,2047386,Lume Whole Body Soft Powder Deodorant Set,https://www.costco.com/.product.2047386.html,,,0,0,https://www.costco.com/health-beauty.html,9/27/2026 0:00
1738-item-482358,1738,482358,482358,"Tylenol PM Extra Strength Acetaminophen 500 mg Pain Reliever, Sleep Aid, 225 Caplets",https://www.costco.com/.product.482358.html,,,0,0,https://www.costco.com/health-beauty.html,9/27/2026 0:00
1738-item-1043487,1738,1043487,1043487,"Neosporin + Max Strength Pain Relief Dual Action Topical Antibiotic Ointment, 2 Ounces",https://www.costco.com/.product.1043487.html,,,0,0,https://www.costco.com/health-beauty.html,9/27/2026 0:00
1738-item-2043904,1738,2043904,2043904,"Nello Superfocus Drink Mix, 26-ct, Variety Pack",https://www.costco.com/.product.2043904.html,,,0,0,https://www.costco.com/health-beauty.html,9/27/2026 0:00
1738-item-4640862,1738,4640862,4640862,"Philips Norelco Shaver 9000, Wet & Dry Electric Shaver, with SenseIQ",https://www.costco.com/.product.4640862.html,,,0,0,https://www.costco.com/health-beauty.html,9/27/2026 0:00
1738-item-1586629,1738,1586629,1586629,"Kirkland Signature Aller-Flo 50 mcg Allergy Spray, 720 Metered Sprays",https://www.costco.com/.product.1586629.html,,,0,0,https://www.costco.com/health-beauty.html,9/27/2026 0:00
1738-item-1917880,1738,1917880,1917880,"Salonpas LIDOCAINE 4% Pain Relieving Gel-Patch, 30 Patches",https://www.costco.com/.product.1917880.html,,,0,0,https://www.costco.com/health-beauty.html,9/27/2026 0:00
1738-item-1798586,1738,1798586,1798586,"eos Super Balm 24 Hour Moisture, 5 Tubes",https://www.costco.com/.product.1798586.html,,,0,0,https://www.costco.com/health-beauty.html,9/27/2026 0:00
1738-item-1886852,1738,1886852,1886852,"Sports Research Magtein Magnesium L-Threonate, 2000 mg, 135 Veggie Capsules",https://www.costco.com/.product.1886852.html,,,0,0,https://www.costco.com/health-beauty.html,9/27/2026 0:00
1738-item-1810858,1738,1810858,1810858,"SENSODYNE Pronamel Gentle Whitening Advanced Toothpaste, 6.5 oz, 4-pack",https://www.costco.com/.product.1810858.html,,,0,0,https://www.costco.com/health-beauty.html,9/27/2026 0:00
1738-item-1264311,1738,1264311,1264311,"Vicks VapoRub Cough Suppressant & Topical Analgesic, 3.53 oz, 2 count",https://www.costco.com/.product.1264311.html,,,0,0,https://www.costco.com/health-beauty.html,9/27/2026 0:00
1738-item-2037470,1738,2037470,2037470,"Nurri 30g Protein Shake, Coffee, 11 fl oz, 15-pack",https://www.costco.com/.product.2037470.html,,,0,0,https://www.costco.com/health-beauty.html,9/27/2026 0:00
1738-item-869100,1738,869100,869100,"vitafusion Women's Multivitamin, 220 Gummies",https://www.costco.com/.product.869100.html,,,0,0,https://www.costco.com/health-beauty.html,9/27/2026 0:00
1738-item-1487435,1738,1487435,1487435,"Kirkland Signature Arthritis Pain Relief Gel, Diclofenac Sodium Topical Gel 1%, 15.87 Ounces",https://www.costco.com/.product.1487435.html,,,0,0,https://www.costco.com/health-beauty.html,9/27/2026 0:00
1738-item-1332345,1738,1332345,1332345,"Natural Vitality Calm Magnesium Citrate Powder, 20 Ounces",https://www.costco.com/.product.1332345.html,,,0,0,https://www.costco.com/health-beauty.html,9/27/2026 0:00
1738-item-1562786,1738,1562786,1562786,"Children's Tylenol Liquid Pain Relief & Fever Medicine, Dye-Free Cherry Flavor, 12 Fluid Ounces",https://www.costco.com/.product.1562786.html,,,0,0,https://www.costco.com/health-beauty.html,9/27/2026 0:00
1738-item-355476,1738,355476,355476,"Kirkland Signature Extra Strength Acetaminophen 500 mg., 400 Gelcaps",https://www.costco.com/.product.355476.html,,,0,0,https://www.costco.com/health-beauty.html,9/27/2026 0:00
1738-item-2063186,1738,2063186,2063186,"Kids Grüns Superfood Greens Strawberry Burst Flavored Gummies, 35 Daily Packs",https://www.costco.com/.product.2063186.html,,,0,0,https://www.costco.com/health-beauty.html,9/27/2026 0:00
1738-item-1930184,1738,1930184,1930184,"Flents Wipe 'N Clear Lens Wipes, 4 Boxes, 75 Wipes Each",https://www.costco.com/.product.1930184.html,,,0,0,https://www.costco.com/health-beauty.html,9/27/2026 0:00
1738-item-1181284,1738,1181284,1181284,"Weider Red Yeast Rice Plus 1200 mg, 240 count",https://www.costco.com/.product.1181284.html,,,0,0,https://www.costco.com/health-beauty.html,9/27/2026 0:00
1738-item-1116624,1738,1116624,1116624,"Schiff Move Free Advanced Joint Supplement, 200 Tablets",https://www.costco.com/.product.1116624.html,,,0,0,https://www.costco.com/health-beauty.html,9/27/2026 0:00
1738-item-1347960,1738,1347960,1347960,"Claritin RediTabs 10 mg 24 Hour Non-Drowsy, 70 Disintegrating Tablets",https://www.costco.com/.product.1347960.html,,,0,0,https://www.costco.com/health-beauty.html,9/27/2026 0:00
1738-item-98501,1738,98501,98501,"Kirkland Signature Chewable Vitamin C 500 mg, 500 Tablets",https://www.costco.com/.product.98501.html,,,0,0,https://www.costco.com/health-beauty.html,9/27/2026 0:00
1738-item-1957813,1738,1957813,1957813,"Sports Research Multi Collagen, 180 Capsules",https://www.costco.com/.product.1957813.html,,,0,0,https://www.costco.com/health-beauty.html,9/27/2026 0:00
1738-item-1469910,1738,1469910,1469910,"Biofreeze Pain Reliever, 6 Fluid Ounce Pack",https://www.costco.com/.product.1469910.html,,,0,0,https://www.costco.com/health-beauty.html,9/27/2026 0:00
1738-item-1199824,1738,1199824,1199824,"Nature Made CholestOFF Plus, 210 Softgels",https://www.costco.com/.product.1199824.html,,,0,0,https://www.costco.com/health-beauty.html,9/27/2026 0:00
1738-item-572310,1738,572310,572310,"Nature Made Vitamin D3 25 mcg, 650 Softgels",https://www.costco.com/.product.572310.html,,,0,0,https://www.costco.com/health-beauty.html,9/27/2026 0:00
1738-item-1875027,1738,1875027,1875027,"Refresh Optive MEGA-3 Preservative-Free Lubricating Eye Drop, 70 Vials",https://www.costco.com/.product.1875027.html,,,0,0,https://www.costco.com/health-beauty.html,9/27/2026 0:00
1738-item-1320304,1738,1320304,1320304,"Centrum Silver Women 50+ Immune Support Multivitamin, 275 Tablets",https://www.costco.com/.product.1320304.html,,,0,0,https://www.costco.com/health-beauty.html,9/27/2026 0:00
1738-item-383241,1738,383241,383241,"Kirkland Signature Extra Strength Acetaminophen 500 mg., 1000 Caplets",https://www.costco.com/.product.383241.html,,,0,0,https://www.costco.com/health-beauty.html,9/27/2026 0:00
1738-item-1811669,1738,1811669,1811669,"Benefiber Fiber Supplement Powder, 410 Teaspoons",https://www.costco.com/.product.1811669.html,,,0,0,https://www.costco.com/health-beauty.html,9/27/2026 0:00
1738-item-2059615,1738,2059615,2059615,"Neuro Energy & Focus Gum, Peppermint and Spearmint, 12-packs, 72 Total Pieces",https://www.costco.com/.product.2059615.html,,,0,0,https://www.costco.com/health-beauty.html,9/27/2026 0:00
1738-item-1561942,1738,1561942,1561942,"Nasacort Allergy 24 HR, 480 Metered Sprays",https://www.costco.com/.product.1561942.html,,,0,0,https://www.costco.com/health-beauty.html,9/27/2026 0:00
1738-item-1231411,1738,1231411,1231411,"Pepto Bismol Ultra, 5 Symptom Digestive Relief Liquid, 36 Fluid Ounces",https://www.costco.com/.product.1231411.html,,,0,0,https://www.costco.com/health-beauty.html,9/27/2026 0:00
1738-item-3399074,1738,3399074,3399074,"Oral-B iO Series 5 All-in-One Clean Rechargeable Electric Toothbrush, 2-pack",https://www.costco.com/.product.3399074.html,,,0,0,https://www.costco.com/health-beauty.html,9/27/2026 0:00
1738-item-1996833,1738,1996833,1996833,"Metamucil Fiber Gummies, 150 Gummies",https://www.costco.com/.product.1996833.html,,,0,0,https://www.costco.com/health-beauty.html,9/27/2026 0:00
1738-item-249375,1738,249375,249375,"Kirkland Signature Extra Strength Glucosamine with MSM, 375 Tablets",https://www.costco.com/.product.249375.html,,,0,0,https://www.costco.com/health-beauty.html,9/27/2026 0:00
1738-item-1998559,1738,1998559,1998559,"Natrol Melatonin 10mg Gummies, 200ct",https://www.costco.com/.product.1998559.html,,,0,0,https://www.costco.com/health-beauty.html,9/27/2026 0:00
1738-item-1644223,1738,1644223,1644223,"Nature's Bounty Magnesium Glycinate 240 mg, 180 Capsules",https://www.costco.com/.product.1644223.html,,,0,0,https://www.costco.com/health-beauty.html,9/27/2026 0:00
1738-item-2032153,1738,2032153,2032153,"Tree Hut Body Scrub, Vanilla and Coco Colada, 21 fl oz, 2-pack",https://www.costco.com/.product.2032153.html,,,0,0,https://www.costco.com/health-beauty.html,9/27/2026 0:00
1738-item-1241036,1738,1241036,1241036,"Nature's Truth Apple Cider Vinegar 1200 mg, 180 Capsules",https://www.costco.com/.product.1241036.html,,,0,0,https://www.costco.com/health-beauty.html,9/27/2026 0:00
1738-item-1327667,1738,1327667,1327667,"Nature Made CoQ10 400 mg, 90 Softgels",https://www.costco.com/.product.1327667.html,,,0,0,https://www.costco.com/health-beauty.html,9/27/2026 0:00
1738-item-1969480,1738,1969480,1969480,"OLLY Sleep Gummy, 110 Gummies",https://www.costco.com/.product.1969480.html,,,0,0,https://www.costco.com/health-beauty.html,9/27/2026 0:00
1738-item-402463,1738,402463,402463,"Systane ULTRA Lubricant Eye Drops, 30 ml",https://www.costco.com/.product.402463.html,,,0,0,https://www.costco.com/health-beauty.html,9/27/2026 0:00
1738-item-2036982,1738,2036982,2036982,"MiraFAST Soft Chews Pouch, 100 Soft Chews",https://www.costco.com/.product.2036982.html,,,0,0,https://www.costco.com/health-beauty.html,9/27/2026 0:00
1738-item-1214224,1738,1214224,1214224,"Clear Care Plus Cleaning & Disinfecting Solution, 32 Fluid Ounces",https://www.costco.com/.product.1214224.html,,,0,0,https://www.costco.com/health-beauty.html,9/27/2026 0:00
1738-item-2007527,1738,2007527,2007527,"Vital Proteins Collagen Gummies, Raspberry 256 Count",https://www.costco.com/.product.2007527.html,,,0,0,https://www.costco.com/health-beauty.html,9/27/2026 0:00
1738-item-681272,1738,681272,681272,"trunature Vision Complex Lutein & Zeaxanthin, 140 Softgels",https://www.costco.com/.product.681272.html,,,0,0,https://www.costco.com/health-beauty.html,9/27/2026 0:00
1738-item-1697407,1738,1697407,1697407,"TUMS Chewy Bites, 108ct",https://www.costco.com/.product.1697407.html,,,0,0,https://www.costco.com/health-beauty.html,9/27/2026 0:00
1738-item-98268,1738,98268,98268,"Kirkland Signature Vitamin C 1000 mg, 500 Tablets",https://www.costco.com/.product.98268.html,,,0,0,https://www.costco.com/health-beauty.html,9/27/2026 0:00
1738-item-83829,1738,83829,83829,"Tylenol 8 Hour Arthritis & Joint Pain Extended-Release Acetaminophen 650 mg, 290 Caplets",https://www.costco.com/.product.83829.html,,,0,0,https://www.costco.com/health-beauty.html,9/27/2026 0:00
1738-item-2051218,1738,2051218,2051218,"Tylenol Extra Strength Caplets, Fever Reducer & Pain Reliever, 500 mg, 320 ct.",https://www.costco.com/.product.2051218.html,,,0,0,https://www.costco.com/health-beauty.html,9/27/2026 0:00
1738-item-1991633,1738,1991633,1991633,"Sports Research CoQ10 200mg, 150ct",https://www.costco.com/.product.1991633.html,,,0,0,https://www.costco.com/health-beauty.html,9/27/2026 0:00
1738-item-667287,1738,667287,667287,"Aleve Pain Reliever, 320 Caplets",https://www.costco.com/.product.667287.html,,,0,0,https://www.costco.com/health-beauty.html,9/27/2026 0:00
1738-item-1481822,1738,1481822,1481822,"Allegra Allergy Non-Drowsy, 110 Tablets",https://www.costco.com/.product.1481822.html,,,0,0,https://www.costco.com/health-beauty.html,9/27/2026 0:00
1738-item-1806584,1738,1806584,1806584,"Gillette Custom Plus3 Disposable Razors Sensitive, 30-count",https://www.costco.com/.product.1806584.html,,,0,0,https://www.costco.com/health-beauty.html,9/27/2026 0:00
1738-item-1590808,1738,1590808,1590808,"Pataday Extra Strength Once Daily Antihistamine Eye Drops, 7.5 ml",https://www.costco.com/.product.1590808.html,,,0,0,https://www.costco.com/health-beauty.html,9/27/2026 0:00
1738-item-1820338,1738,1820338,1820338,"Kirkland Signature Krill Oil 500mg, 180 Softgels",https://www.costco.com/.product.1820338.html,,,0,0,https://www.costco.com/health-beauty.html,9/27/2026 0:00
1738-item-1585071,1738,1585071,1585071,"Claritin 10 mg Non-Drowsy 24 Hour, 115 Tablets",https://www.costco.com/.product.1585071.html,,,0,0,https://www.costco.com/health-beauty.html,9/27/2026 0:00
1738-item-2007064,1738,2007064,2007064,"Premier Protein High Protein Café Latte Shake, 11 fl oz, 18-count",https://www.costco.com/.product.2007064.html,,,0,0,https://www.costco.com/health-beauty.html,9/27/2026 0:00
1738-item-1089974,1738,1089974,1089974,"Xyzal Allergy 24 Hour Antihistamine 5 mg, 110 Tablets",https://www.costco.com/.product.1089974.html,,,0,0,https://www.costco.com/health-beauty.html,9/27/2026 0:00
1738-item-1991797,1738,1991797,1991797,"Sports Research Vitamin C Liposomal, 1000 mg, 180 Veggie Capsules",https://www.costco.com/.product.1991797.html,,,0,0,https://www.costco.com/health-beauty.html,9/27/2026 0:00
1738-item-1086592,1738,1086592,1086592,"Kirkland Signature Acid Controller 20 mg, 250-count",https://www.costco.com/.product.1086592.html,,,0,0,https://www.costco.com/health-beauty.html,9/27/2026 0:00
1738-item-2056983,1738,2056983,2056983,"Force Factor Hair Growth Accelerator, 90-count",https://www.costco.com/.product.2056983.html,,,0,0,https://www.costco.com/health-beauty.html,9/27/2026 0:00
1738-item-654260,1738,654260,654260,"Natrol Melatonin 5 mg Fast Dissolve Tablets, 250 Tablets",https://www.costco.com/.product.654260.html,,,0,0,https://www.costco.com/health-beauty.html,9/27/2026 0:00
1738-item-536672,1738,536672,536672,"Nature's Bounty Fish Oil 1,400 mg, 130 Coated Softgels",https://www.costco.com/.product.536672.html,,,0,0,https://www.costco.com/health-beauty.html,9/27/2026 0:00
1738-item-1882051,1738,1882051,1882051,"Kirkland Signature Mini Ibuprofen, 200 mg, 500 Liquid-Filled Capsules",https://www.costco.com/.product.1882051.html,,,0,0,https://www.costco.com/health-beauty.html,9/27/2026 0:00
1738-item-1187500,1738,1187500,1187500,"trunature Advanced Digestive Probiotic, 100 Capsules",https://www.costco.com/.product.1187500.html,,,0,0,https://www.costco.com/health-beauty.html,9/27/2026 0:00
1738-item-1991771,1738,1991771,1991771,"Sports Research Advanced Multivitamin, 180 Veggie Capsules",https://www.costco.com/.product.1991771.html,,,0,0,https://www.costco.com/health-beauty.html,9/27/2026 0:00
1738-item-561532,1738,561532,561532,"Kirkland Signature Fast Acting Lactase, 180 Caplets",https://www.costco.com/.product.561532.html,,,0,0,https://www.costco.com/health-beauty.html,9/27/2026 0:00
1738-item-644585,1738,644585,644585,"trunature Prostate Plus Health Complex, 250 Softgels",https://www.costco.com/.product.644585.html,,,0,0,https://www.costco.com/health-beauty.html,9/27/2026 0:00
1738-item-2007065,1738,2007065,2007065,"Premier Protein High Protein Strawberries & Cream Shake, 11 fl oz, 18-count",https://www.costco.com/.product.2007065.html,,,0,0,https://www.costco.com/health-beauty.html,9/27/2026 0:00
1738-item-2023727,1738,2023727,2023727,"Once Upon a Farm Organic Immunity Blends Variety Pack, 3.2 fl oz, 12-count",https://www.costco.com/.product.2023727.html,,,0,0,https://www.costco.com/health-beauty.html,9/27/2026 0:00
1738-item-9022010,1738,9022010,9022010,"Orgain USDA Organic Kids Nutritional Protein Shake, Chocolate, 8 fl oz, 24-pack",https://www.costco.com/.product.9022010.html,,,0,0,https://www.costco.com/health-beauty.html,9/27/2026 0:00
1738-item-389194,1738,389194,389194,"Kirkland Signature Calcium 600 mg + D3, 500-count",https://www.costco.com/.product.389194.html,,,0,0,https://www.costco.com/health-beauty.html,9/27/2026 0:00
1738-item-1478260,1738,1478260,1478260,"Nature's Bounty Hair, Skin and Nails Advanced, 230 Gummies",https://www.costco.com/.product.1478260.html,,,0,0,https://www.costco.com/health-beauty.html,9/27/2026 0:00
1738-item-1816477,1738,1816477,1816477,"Schiff Digestive Advantage Probiotic, 120 Gummies",https://www.costco.com/.product.1816477.html,,,0,0,https://www.costco.com/health-beauty.html,9/27/2026 0:00
1738-item-555744,1738,555744,555744,"Glucerna Original Diabetic Nutrition Shake, 8 fl oz, 24-pack, Vanilla",https://www.costco.com/.product.555744.html,,,0,0,https://www.costco.com/health-beauty.html,9/27/2026 0:00
1738-item-1694426,1738,1694426,1694426,"Orgain Collagen Peptides + Probiotics, Unflavored, 1.6 lbs",https://www.costco.com/.product.1694426.html,,,0,0,https://www.costco.com/health-beauty.html,9/27/2026 0:00
1738-item-1428912,1738,1428912,1428912,"Zyrtec 24 Hour Allergy Relief Antihistamine Cetirizine HCl 10 mg, 120 Tablets",https://www.costco.com/.product.1428912.html,,,0,0,https://www.costco.com/health-beauty.html,9/27/2026 0:00
1738-item-98211,1738,98211,98211,"Kirkland Signature Vitamin E 400 IU, 500 Softgels",https://www.costco.com/.product.98211.html,,,0,0,https://www.costco.com/health-beauty.html,9/27/2026 0:00
1738-item-1648450,1738,1648450,1648450,"Afrin No Drip Severe Congestion 12 Hour Nasal Pump Mist, 60 ml",https://www.costco.com/.product.1648450.html,,,0,0,https://www.costco.com/health-beauty.html,9/27/2026 0:00
1738-item-851753,1738,851753,851753,"Nexium 24HR Acid Reducer 20 mg., 42 Capsules",https://www.costco.com/.product.851753.html,,,0,0,https://www.costco.com/health-beauty.html,9/27/2026 0:00
1738-item-2077790,1738,2077790,2077790,"Grüns Immün Daily Defense 13-in-1 Sour Pineapple Gummies, 35 Daily Packs",https://www.costco.com/.product.2077790.html,,,0,0,https://www.costco.com/health-beauty.html,9/27/2026 0:00
1738-item-580655,1738,580655,580655,"Nature Made Super B-Complex, 460 Tablets",https://www.costco.com/.product.580655.html,,,0,0,https://www.costco.com/health-beauty.html,9/27/2026 0:00
1738-item-987677,1738,987677,987677,"Kirkland Signature Aller-Fex 180mg, 180 Tablets",https://www.costco.com/.product.987677.html,,,0,0,https://www.costco.com/health-beauty.html,9/27/2026 0:00
1738-item-1796097,1738,1796097,1796097,"FEELGOOD Berberine Phytosome, 120 Vegan Capsules",https://www.costco.com/.product.1796097.html,,,0,0,https://www.costco.com/health-beauty.html,9/27/2026 0:00
1738-item-1992278,1738,1992278,1992278,"Sports Research Omega-3 Krill Oil Superba2 1000mg, 90ct Softgels",https://www.costco.com/.product.1992278.html,,,0,0,https://www.costco.com/health-beauty.html,9/27/2026 0:00
1738-item-2007063,1738,2007063,2007063,"Premier Protein Vanilla High Protein Shake, 11 fl oz, 18-count",https://www.costco.com/.product.2007063.html,,,0,0,https://www.costco.com/health-beauty.html,9/27/2026 0:00
1738-item-1683859,1738,1683859,1683859,"Sports Research Triple Strength Omega-3 Fish Oil, 150 Fish Softgels",https://www.costco.com/.product.1683859.html,,,0,0,https://www.costco.com/health-beauty.html,9/27/2026 0:00
1738-item-1476391,1738,1476391,1476391,"Nature's Bounty Immune 24 Hour +, 120 Softgels",https://www.costco.com/.product.1476391.html,,,0,0,https://www.costco.com/health-beauty.html,9/27/2026 0:00
1738-item-2077334,1738,2077334,2077334,"Mucinex 12HR Cold & Fever Multi-Symptom, 50 Extended Release Tablets",https://www.costco.com/.product.2077334.html,,,0,0,https://www.costco.com/health-beauty.html,9/27/2026 0:00
1738-item-2033366,1738,2033366,2033366,Flamingo by Harry's Moisture Plus Razor Set 11 Cartridges + 1 Handle,https://www.costco.com/.product.2033366.html,,,0,0,https://www.costco.com/health-beauty.html,9/27/2026 0:00
1738-item-1862992,1738,1862992,1862992,"Pepto Bismol Chews, Berry Mint Flavor, 70 Chewable Tablets",https://www.costco.com/.product.1862992.html,,,0,0,https://www.costco.com/health-beauty.html,9/27/2026 0:00
1738-item-1392697,1738,1392697,1392697,"Nature's Bounty Sleep3 10 mg. Melatonin, 120 Tablets",https://www.costco.com/.product.1392697.html,,,0,0,https://www.costco.com/health-beauty.html,9/27/2026 0:00
1738-item-1830585,1738,1830585,1830585,"Airborne Gummy Immune Support Supplement, 90 Gummies",https://www.costco.com/.product.1830585.html,,,0,0,https://www.costco.com/health-beauty.html,9/27/2026 0:00
1738-item-1003144,1738,1003144,1003144,"Schiff Move Free Ultra Triple Action Joint Supplement, 75 Tablets",https://www.costco.com/.product.1003144.html,,,0,0,https://www.costco.com/health-beauty.html,9/27/2026 0:00
1738-item-942620,1738,942620,942620,"vitafusion Men's Multivitamin Gummies, 220 Gummies",https://www.costco.com/.product.942620.html,,,0,0,https://www.costco.com/health-beauty.html,9/27/2026 0:00
1738-item-561527,1738,561527,561527,"Kirkland Signature Psyllium Fiber Sugar-Free Powder, 2x180 Teaspoons",https://www.costco.com/.product.561527.html,,,0,0,https://www.costco.com/health-beauty.html,9/27/2026 0:00
1738-item-1987193,1738,1987193,1987193,"Aleve Naproxen Sodium 220 mg Pain Reliever, Fever Reducer, 180 Liquid Gel Capsules",https://www.costco.com/.product.1987193.html,,,0,0,https://www.costco.com/health-beauty.html,9/27/2026 0:00
1738-item-720393,1738,720393,720393,"Excedrin Migraine for Migraine Relief, 300 Caplets",https://www.costco.com/.product.720393.html,,,0,0,https://www.costco.com/health-beauty.html,9/27/2026 0:00
1738-item-901165,1738,901165,901165,"Arm & Hammer Simply Saline Nasal Mist, 13.5 Ounces",https://www.costco.com/.product.901165.html,,,0,0,https://www.costco.com/health-beauty.html,9/27/2026 0:00
1738-item-1969459,1738,1969459,1969459,"OLLY Kids Multivitamin & Probiotic, 160 Gummies",https://www.costco.com/.product.1969459.html,,,0,0,https://www.costco.com/health-beauty.html,9/27/2026 0:00
1738-item-1888647,1738,1888647,1888647,"Sports Research L-Theanine Suntheanine 200 mg, 150 Softgels",https://www.costco.com/.product.1888647.html,,,0,0,https://www.costco.com/health-beauty.html,9/27/2026 0:00
1738-item-1616284,1738,1616284,1616284,"Irish Spring Bar Soap, 4.5 oz, 20-count",https://www.costco.com/.product.1616284.html,,,0,0,https://www.costco.com/health-beauty.html,9/27/2026 0:00
1738-item-1233864,1738,1233864,1233864,"Nature Made Magnesium Citrate 250 mg., 180 Softgels",https://www.costco.com/.product.1233864.html,,,0,0,https://www.costco.com/health-beauty.html,9/27/2026 0:00
1738-item-2027551,1738,2027551,2027551,"Muscle Milk 33g Protein Ultra-Filtered Milk Shake, Cookies 'N Crème, 11 fl oz, 18-pack",https://www.costco.com/.product.2027551.html,,,0,0,https://www.costco.com/health-beauty.html,9/27/2026 0:00
1738-item-1259303,1738,1259303,1259303,"Vicks Severe DayQuil and NyQuil Cough, Cold & Flu Relief, 72 LiquiCaps",https://www.costco.com/.product.1259303.html,,,0,0,https://www.costco.com/health-beauty.html,9/27/2026 0:00
1738-item-1747557,1738,1747557,1747557,"Systane Complete Preservative Free Lubricant Drops, 30ml",https://www.costco.com/.product.1747557.html,,,0,0,https://www.costco.com/health-beauty.html,9/27/2026 0:00
1738-item-502046,1738,502046,502046,"Zyrtec 24 Hour Allergy Relief Antihistamine Cetirizine HCl 10 mg, 65 Liquid Gels",https://www.costco.com/.product.502046.html,,,0,0,https://www.costco.com/health-beauty.html,9/27/2026 0:00
1738-item-1459734,1738,1459734,1459734,"Nature's Bounty Ultra Strength Probiotic 10, 70 Capsules",https://www.costco.com/.product.1459734.html,,,0,0,https://www.costco.com/health-beauty.html,9/27/2026 0:00
1738-item-1908250,1738,1908250,1908250,"Design Optics by Foster Grant, +1.25, #668 Metal Square Reading Glasses, 3-pack",https://www.costco.com/.product.1908250.html,,,0,0,https://www.costco.com/health-beauty.html,9/27/2026 0:00
1738-item-1908251,1738,1908251,1908251,"Design Optics by Foster Grant, +1.50, #668 Metal Square Reading Glasses, 3-pack",https://www.costco.com/.product.1908251.html,,,0,0,https://www.costco.com/health-beauty.html,9/27/2026 0:00
1738-item-1908254,1738,1908254,1908254,"Design Optics by Foster Grant, +2.50, #668 Metal Square Reading Glasses, 3-pack",https://www.costco.com/.product.1908254.html,,,0,0,https://www.costco.com/health-beauty.html,9/27/2026 0:00
1738-item-1908252,1738,1908252,1908252,"Design Optics by Foster Grant, +1.75, #668 Metal Square Reading Glasses, 3-pack",https://www.costco.com/.product.1908252.html,,,0,0,https://www.costco.com/health-beauty.html,9/27/2026 0:00
1738-item-1908253,1738,1908253,1908253,"Design Optics by Foster Grant, +2.00, #668 Metal Square Reading Glasses, 3-pack",https://www.costco.com/.product.1908253.html,,,0,0,https://www.costco.com/health-beauty.html,9/27/2026 0:00
1738-item-2076158,1738,2076158,2076158,FEELGOOD Glutathione Phytosome 120 Vegan Capsules,https://www.costco.com/.product.2076158.html,,,0,0,https://www.costco.com/health-beauty.html,9/27/2026 0:00
1738-item-598848,1738,598848,598848,"Kirkland Signature Psyllium Fiber, 720 Capsules",https://www.costco.com/.product.598848.html,,,0,0,https://www.costco.com/health-beauty.html,9/27/2026 0:00
1738-item-681421,1738,681421,681421,"Dulcolax Laxative, 200 Tablets",https://www.costco.com/.product.681421.html,,,0,0,https://www.costco.com/health-beauty.html,9/27/2026 0:00
1738-item-1416181,1738,1416181,1416181,"Zena Liquid Collagen + Biotin, 30 Fluid Ounces",https://www.costco.com/.product.1416181.html,,,0,0,https://www.costco.com/health-beauty.html,9/27/2026 0:00
1738-item-805287,1738,805287,805287,"Kirkland Signature Lansoprazole 15 mg. Acid Reducer, 42 Capsules",https://www.costco.com/.product.805287.html,,,0,0,https://www.costco.com/health-beauty.html,9/27/2026 0:00
1738-item-1813019,1738,1813019,1813019,"Neuriva Brain Supplement Original, 50 Capsules",https://www.costco.com/.product.1813019.html,,,0,0,https://www.costco.com/health-beauty.html,9/27/2026 0:00
1738-item-1965989,1738,1965989,1965989,"Aveeno Skin Relief Body Wash, 18 fl oz, 3-pack",https://www.costco.com/.product.1965989.html,,,0,0,https://www.costco.com/health-beauty.html,9/27/2026 0:00
1738-item-1667705,1738,1667705,1667705,"Ascent 100% Whey, Native Whey Protein Blend, Vanilla Bean, 4.25 lbs",https://www.costco.com/.product.1667705.html,,,0,0,https://www.costco.com/health-beauty.html,9/27/2026 0:00
1738-item-1700279,1738,1700279,1700279,"Zarbee's Children's Cough Daytime / Nighttime, Two 4 Ounce Daytime + One 4 Ounce Nighttime",https://www.costco.com/.product.1700279.html,,,0,0,https://www.costco.com/health-beauty.html,9/27/2026 0:00
1738-item-1856902,1738,1856902,1856902,"Theraflu Severe Cold Relief Medicine Powder, 24 Packets",https://www.costco.com/.product.1856902.html,,,0,0,https://www.costco.com/health-beauty.html,9/27/2026 0:00
1738-item-1209115,1738,1209115,1209115,"Qunol Liquid Turmeric 1000 mg, 30.4 fl oz",https://www.costco.com/.product.1209115.html,,,0,0,https://www.costco.com/health-beauty.html,9/27/2026 0:00
1738-item-1665191,1738,1665191,1665191,"Kirkland Signature Glucosamine & Chondroitin, 280 Tablets",https://www.costco.com/.product.1665191.html,,,0,0,https://www.costco.com/health-beauty.html,9/27/2026 0:00
1738-item-1904353,1738,1904353,1904353,"Colgate Bluey Toothbrush, 6-count",https://www.costco.com/.product.1904353.html,,,0,0,https://www.costco.com/health-beauty.html,9/27/2026 0:00
1738-item-2032764,1738,2032764,2032764,"Dove Men +Care Body & Face Wash, 32 fl oz, 2-pack",https://www.costco.com/.product.2032764.html,,,0,0,https://www.costco.com/health-beauty.html,9/27/2026 0:00
1738-item-1813892,1738,1813892,1813892,"Nature Made Extra Strength Vitamin D3 125 mcg, 200 Gummies",https://www.costco.com/.product.1813892.html,,,0,0,https://www.costco.com/health-beauty.html,9/27/2026 0:00
1738-item-1144335,1738,1144335,1144335,"Flonase Non-Drowsy 24 Hour Allergy Relief Nasal Spray, 432 Metered Sprays",https://www.costco.com/.product.1144335.html,,,0,0,https://www.costco.com/health-beauty.html,9/27/2026 0:00
1738-item-261574,1738,261574,261574,"Kirkland Signature Aller-Tec D 12 Hour, 24 Extended Release Tablets",https://www.costco.com/.product.261574.html,,,0,0,https://www.costco.com/health-beauty.html,9/27/2026 0:00
1738-item-1423302,1738,1423302,1423302,"trunature Women's Daily Probiotic, 90 Vegetarian Capsules",https://www.costco.com/.product.1423302.html,,,0,0,https://www.costco.com/health-beauty.html,9/27/2026 0:00
1738-item-1174112,1738,1174112,1174112,"Kirkland Signature USDA Organic Multivitamin, 80 Coated Tablets",https://www.costco.com/.product.1174112.html,,,0,0,https://www.costco.com/health-beauty.html,9/27/2026 0:00
1738-item-301341,1738,301341,301341,"Gas-X Extra Strength, 120 Softgels",https://www.costco.com/.product.301341.html,,,0,0,https://www.costco.com/health-beauty.html,9/27/2026 0:00
1738-item-2080753,1738,2080753,2080753,TUMS CHEWY BITES ASSORTED WNTRMNT VNL CRM T9H6MPK20,https://www.costco.com/.product.2080753.html,,,0,0,https://www.costco.com/health-beauty.html,9/27/2026 0:00
1738-item-1794121,1738,1794121,1794121,"Children's Zyrtec Allergy Cetirizine HCl 10 mg Dye-Free Grape Flavored Chewables, 72 Tablets",https://www.costco.com/.product.1794121.html,,,0,0,https://www.costco.com/health-beauty.html,9/27/2026 0:00
1738-item-2038523,1738,2038523,2038523,"Garden of Life Advanced Women's Daily Probiotic, 60 Capsules",https://www.costco.com/.product.2038523.html,,,0,0,https://www.costco.com/health-beauty.html,9/27/2026 0:00
1738-item-573854,1738,573854,573854,"Qunol Mega CoQ10 100 mg., 120 Softgels",https://www.costco.com/.product.573854.html,,,0,0,https://www.costco.com/health-beauty.html,9/27/2026 0:00
1738-item-1197931,1738,1197931,1197931,"Osteo Bi-Flex Triple Strength, 200 Tablets",https://www.costco.com/.product.1197931.html,,,0,0,https://www.costco.com/health-beauty.html,9/27/2026 0:00
1738-item-594518,1738,594518,594518,"Culturelle Digestive Health Probiotic, 80 Vegetarian Capsules",https://www.costco.com/.product.594518.html,,,0,0,https://www.costco.com/health-beauty.html,9/27/2026 0:00
1738-item-1076988,1738,1076988,1076988,Robitussin DM Day & Night Cough Relief,https://www.costco.com/.product.1076988.html,,,0,0,https://www.costco.com/health-beauty.html,9/27/2026 0:00
1738-item-547204,1738,547204,547204,"Zyrtec-D 12 Hour Allergy & Sinus Medicine & Nasal Decongestant, 24 Tablets",https://www.costco.com/.product.547204.html,,,0,0,https://www.costco.com/health-beauty.html,9/27/2026 0:00
1738-item-1458383,1738,1458383,1458383,"Nature's Bounty Zinc 50 mg, 400 Caplets",https://www.costco.com/.product.1458383.html,,,0,0,https://www.costco.com/health-beauty.html,9/27/2026 0:00
1738-item-596759,1738,596759,596759,"Kirkland Signature Acetaminophen PM, 500 mg, 375 Capsules",https://www.costco.com/.product.596759.html,,,0,0,https://www.costco.com/health-beauty.html,9/27/2026 0:00
1738-item-573015,1738,573015,573015,"Advil Ibuprofen 200 mg., Pain Reliever/Fever Reducer 360 Tablets",https://www.costco.com/.product.573015.html,,,0,0,https://www.costco.com/health-beauty.html,9/27/2026 0:00
1738-item-1594459,1738,1594459,1594459,"Vicks VapoInhaler Soothing Vapors, 4 Scented Sticks",https://www.costco.com/.product.1594459.html,,,0,0,https://www.costco.com/health-beauty.html,9/27/2026 0:00
1738-item-1734412,1738,1734412,1734412,"Nature Made Extra Strength Vitamin C 500 mg, 180 Gummies",https://www.costco.com/.product.1734412.html,,,0,0,https://www.costco.com/health-beauty.html,9/27/2026 0:00
1738-item-1566060,1738,1566060,1566060,"Mucinex Children's Multi-Symptom Day/Nighttime, 12 oz",https://www.costco.com/.product.1566060.html,,,0,0,https://www.costco.com/health-beauty.html,9/27/2026 0:00
1738-item-1176584,1738,1176584,1176584,"Qunol Liquid CoQ10 100 mg., 30.4 Fluid Ounces",https://www.costco.com/.product.1176584.html,,,0,0,https://www.costco.com/health-beauty.html,9/27/2026 0:00
1738-item-1820336,1738,1820336,1820336,"Kirkland Signature Turmeric 1000 mg, 320 Vegetarian Capsules",https://www.costco.com/.product.1820336.html,,,0,0,https://www.costco.com/health-beauty.html,9/27/2026 0:00
1738-item-1095721,1738,1095721,1095721,"Flonase Sensimist Allergy Relief, 360 Sprays",https://www.costco.com/.product.1095721.html,,,0,0,https://www.costco.com/health-beauty.html,9/27/2026 0:00
1738-item-1566153,1738,1566153,1566153,"Mucinex Maximum Strength 1200 mg Tablets, 56-count",https://www.costco.com/.product.1566153.html,,,0,0,https://www.costco.com/health-beauty.html,9/27/2026 0:00
1738-item-947272,1738,947272,947272,"Advil PM, Pain Reliever / Nighttime Sleep Aid, 200 Caplets",https://www.costco.com/.product.947272.html,,,0,0,https://www.costco.com/health-beauty.html,9/27/2026 0:00
1738-item-2052093,1738,2052093,2052093,"FeelGood Creatine+, 120 Capsules",https://www.costco.com/.product.2052093.html,,,0,0,https://www.costco.com/health-beauty.html,9/27/2026 0:00
1738-item-2001199,1738,2001199,2001199,"Ritual Prenatal Multivitamin, 120 Capsules",https://www.costco.com/.product.2001199.html,,,0,0,https://www.costco.com/health-beauty.html,9/27/2026 0:00
1738-item-699770,1738,699770,699770,"Kirkland Signature Allerclear-D 12 Hour, 30 Extended Release Tablets",https://www.costco.com/.product.699770.html,,,0,0,https://www.costco.com/health-beauty.html,9/27/2026 0:00
1738-item-427053,1738,427053,427053,Delsym 12 Hour Cough Relief,https://www.costco.com/.product.427053.html,,,0,0,https://www.costco.com/health-beauty.html,9/27/2026 0:00
1738-item-1561932,1738,1561932,1561932,"Vicks Dayquil/Nyquil Severe Cold & Flu, 12 fl oz, 3 Count",https://www.costco.com/.product.1561932.html,,,0,0,https://www.costco.com/health-beauty.html,9/27/2026 0:00
1738-item-352457,1738,352457,352457,MedMassager Body Massager,https://www.costco.com/.product.352457.html,,,0,0,https://www.costco.com/health-beauty.html,9/27/2026 0:00
1738-item-197197,1738,197197,197197,"Kirkland Signature Naproxen Sodium, 220 mg, 400 Caplets",https://www.costco.com/.product.197197.html,,,0,0,https://www.costco.com/health-beauty.html,9/27/2026 0:00
1738-item-1220987,1738,1220987,1220987,"Breathe Right Extra Strength Nasal Strips, Clear, 72 count",https://www.costco.com/.product.1220987.html,,,0,0,https://www.costco.com/health-beauty.html,9/27/2026 0:00
1738-item-1220988,1738,1220988,1220988,"Breathe Right Extra Strength Nasal Strips, Tan, 72 count",https://www.costco.com/.product.1220988.html,,,0,0,https://www.costco.com/health-beauty.html,9/27/2026 0:00
1738-item-1908257,1738,1908257,1908257,"Design Optics by Foster Grant, +1.25, #811 Fashion Cateye Reading Glasses, 3-pack",https://www.costco.com/.product.1908257.html,,,0,0,https://www.costco.com/health-beauty.html,9/27/2026 0:00
1738-item-1908267,1738,1908267,1908267,"Design Optics by Foster Grant, +2.50, #811 Fashion Cateye Reading Glasses, 3-pack",https://www.costco.com/.product.1908267.html,,,0,0,https://www.costco.com/health-beauty.html,9/27/2026 0:00
1738-item-1908258,1738,1908258,1908258,"Design Optics by Foster Grant, +1.50, #811 Fashion Cateye Reading Glasses, 3-pack",https://www.costco.com/.product.1908258.html,,,0,0,https://www.costco.com/health-beauty.html,9/27/2026 0:00
1738-item-1908259,1738,1908259,1908259,"Design Optics by Foster Grant, +1.75, #811 Fashion Cateye Reading Glasses, 3-pack",https://www.costco.com/.product.1908259.html,,,0,0,https://www.costco.com/health-beauty.html,9/27/2026 0:00
1738-item-1908260,1738,1908260,1908260,"Design Optics by Foster Grant, +2.00, #811 Fashion Cateye Reading Glasses, 3-pack",https://www.costco.com/.product.1908260.html,,,0,0,https://www.costco.com/health-beauty.html,9/27/2026 0:00
1738-item-1486041,1738,1486041,1486041,"Estroven Complete Multi-Symptom Menopause Relief, 84 Caplets",https://www.costco.com/.product.1486041.html,,,0,0,https://www.costco.com/health-beauty.html,9/27/2026 0:00
1738-item-1562581,1738,1562581,1562581,"Mucinex DM Maximum Strength, 56 Tablets",https://www.costco.com/.product.1562581.html,,,0,0,https://www.costco.com/health-beauty.html,9/27/2026 0:00
1738-item-1908270,1738,1908270,1908270,"Design Optics by Foster Grant, +1.25, #815 Classic Plastic Square Reading Glasses, 3-pack",https://www.costco.com/.product.1908270.html,,,0,0,https://www.costco.com/health-beauty.html,9/27/2026 0:00
1738-item-1908271,1738,1908271,1908271,"Design Optics by Foster Grant, +1.50, #815 Classic Plastic Square Reading Glasses, 3-pack",https://www.costco.com/.product.1908271.html,,,0,0,https://www.costco.com/health-beauty.html,9/27/2026 0:00
1738-item-1908272,1738,1908272,1908272,"Design Optics by Foster Grant, +1.75, #815 Classic Plastic Square Reading Glasses, 3-pack",https://www.costco.com/.product.1908272.html,,,0,0,https://www.costco.com/health-beauty.html,9/27/2026 0:00
1738-item-1908273,1738,1908273,1908273,"Design Optics by Foster Grant, +2.00, #815 Classic Plastic Square Reading Glasses, 3-pack",https://www.costco.com/.product.1908273.html,,,0,0,https://www.costco.com/health-beauty.html,9/27/2026 0:00
1738-item-1908274,1738,1908274,1908274,"Design Optics by Foster Grant, +2.50, #815 Classic Plastic Square Reading Glasses, 3-pack",https://www.costco.com/.product.1908274.html,,,0,0,https://www.costco.com/health-beauty.html,9/27/2026 0:00
1738-item-1908277,1738,1908277,1908277,"Design Optics by Foster Grant, +1.25, #809 Classic Plastic Round Reading Glasses, 3-pack",https://www.costco.com/.product.1908277.html,,,0,0,https://www.costco.com/health-beauty.html,9/27/2026 0:00
1738-item-1908278,1738,1908278,1908278,"Design Optics by Foster Grant, +1.50, #809 Classic Plastic Round Reading Glasses, 3-pack",https://www.costco.com/.product.1908278.html,,,0,0,https://www.costco.com/health-beauty.html,9/27/2026 0:00
1738-item-1908279,1738,1908279,1908279,"Design Optics by Foster Grant, +1.75, #809 Classic Plastic Round Reading Glasses, 3-pack",https://www.costco.com/.product.1908279.html,,,0,0,https://www.costco.com/health-beauty.html,9/27/2026 0:00
1738-item-1908280,1738,1908280,1908280,"Design Optics by Foster Grant, +2.00, #809 Classic Plastic Round Reading Glasses, 3-pack",https://www.costco.com/.product.1908280.html,,,0,0,https://www.costco.com/health-beauty.html,9/27/2026 0:00
1738-item-1908281,1738,1908281,1908281,"Design Optics by Foster Grant, +2.50, #809 Classic Plastic Round Reading Glasses, 3-pack",https://www.costco.com/.product.1908281.html,,,0,0,https://www.costco.com/health-beauty.html,9/27/2026 0:00
1738-item-719940,1738,719940,719940,"Kirkland Signature Nighttime Sleep Aid, 192 Tablets",https://www.costco.com/.product.719940.html,,,0,0,https://www.costco.com/health-beauty.html,9/27/2026 0:00
1738-item-837291,1738,837291,837291,"Pepcid Complete Dual Action Acid Reducer + Antacid, 100 Chewable Berry Tablets",https://www.costco.com/.product.837291.html,,,0,0,https://www.costco.com/health-beauty.html,9/27/2026 0:00
1738-item-638603,1738,638603,638603,"Kirkland Signature Multi-Purpose Disinfecting Solution, 48 Ounces",https://www.costco.com/.product.638603.html,,,0,0,https://www.costco.com/health-beauty.html,9/27/2026 0:00
1738-item-2027848,1738,2027848,2027848,"Design Optics by Foster Grant +1.75 #669 Upsweep Cateye Reading Glasses, 3- pack",https://www.costco.com/.product.2027848.html,,,0,0,https://www.costco.com/health-beauty.html,9/27/2026 0:00
1738-item-2027849,1738,2027849,2027849,"Design Optics by Foster Grant +2.00 #669 Upsweep Cateye Reading Glasses, 3- pack",https://www.costco.com/.product.2027849.html,,,0,0,https://www.costco.com/health-beauty.html,9/27/2026 0:00
1738-item-2027851,1738,2027851,2027851,"Design Optics by Foster Grant +2.50 #669 Upsweep Cateye Reading Glasses, 3- pack",https://www.costco.com/.product.2027851.html,,,0,0,https://www.costco.com/health-beauty.html,9/27/2026 0:00
1738-item-1140422,1738,1140422,1140422,"Kirkland Signature Esomeprazole 20 mg, 42 count",https://www.costco.com/.product.1140422.html,,,0,0,https://www.costco.com/health-beauty.html,9/27/2026 0:00
1738-item-629240,1738,629240,629240,"Kirkland Signature Stool Softener, 100 mg, 400 Softgels",https://www.costco.com/.product.629240.html,,,0,0,https://www.costco.com/health-beauty.html,9/27/2026 0:00
1738-item-650377,1738,650377,650377,"Kirkland Signature Quit Original Gum, 2 mg, 380 Pieces",https://www.costco.com/.product.650377.html,,,0,0,https://www.costco.com/health-beauty.html,9/27/2026 0:00
1738-item-650382,1738,650382,650382,"Kirkland Signature Quit Gum 4 mg., 380-pieces",https://www.costco.com/.product.650382.html,,,0,0,https://www.costco.com/health-beauty.html,9/27/2026 0:00
1738-item-906492,1738,906492,906492,"Kirkland Signature Quit4 Mint 4 mg. Lozenge, 270-pieces",https://www.costco.com/.product.906492.html,,,0,0,https://www.costco.com/health-beauty.html,9/27/2026 0:00
1738-item-906476,1738,906476,906476,"Kirkland Signature Quit Lozenges 2mg. or 4mg., Mint, 270 Pieces",https://www.costco.com/.product.906476.html,,,0,0,https://www.costco.com/health-beauty.html,9/27/2026 0:00
1738-item-1140951,1738,1140951,1140951,"Kirkland Signature Quit Coated Gum, 2 mg., 300-pieces",https://www.costco.com/.product.1140951.html,,,0,0,https://www.costco.com/health-beauty.html,9/27/2026 0:00
1738-item-1140957,1738,1140957,1140957,"Kirkland Signature Quit Coated Gum, 4 mg., 300-pieces",https://www.costco.com/.product.1140957.html,,,0,0,https://www.costco.com/health-beauty.html,9/27/2026 0:00
1738-item-1784954,1738,1784954,1784954,"Disney Holiday Village, 13-piece Set",https://www.costco.com/.product.1784954.html,,,0,0,https://www.costco.com/seasonal.html,9/27/2026 0:00
1738-item-1851698,1738,1851698,1851698,"Kirkland Signature Nativity Set, 14-piece",https://www.costco.com/.product.1851698.html,,,0,0,https://www.costco.com/seasonal.html,9/27/2026 0:00
1738-item-1851620,1738,1851620,1851620,"48"" Red Bow with LED Twinkle Lights",https://www.costco.com/.product.1851620.html,,,0,0,https://www.costco.com/seasonal.html,9/27/2026 0:00
1738-item-1739980,1738,1739980,1739980,7.5' Pre-Lit Radiant Micro LED with Twinkle Artificial Christmas Tree,https://www.costco.com/.product.1739980.html,,,0,0,https://www.costco.com/seasonal.html,9/27/2026 0:00
1738-item-1729162,1738,1729162,1729162,BARK Winter Wooferland Toy and Treat Dog Advent Calendar,https://www.costco.com/.product.1729162.html,,,0,0,https://www.costco.com/seasonal.html,9/27/2026 0:00
1738-item-1785051,1738,1785051,1785051,9' Pre-Lit Radiant Micro LED with Twinkle Artificial Christmas Tree,https://www.costco.com/.product.1785051.html,,,0,0,https://www.costco.com/seasonal.html,9/27/2026 0:00
1738-item-1929667,1738,1929667,1929667,4.5' Pre-Lit Whimsical Tree with LED Lights,https://www.costco.com/.product.1929667.html,,,0,0,https://www.costco.com/seasonal.html,9/27/2026 0:00
1738-item-1929673,1738,1929673,1929673,Pokémon Holiday Calendar,https://www.costco.com/.product.1929673.html,,,0,0,https://www.costco.com/seasonal.html,9/27/2026 0:00
1738-item-2002026,1738,2002026,2002026,Swarovski Annual Edition Ornament 2026,https://www.costco.com/.product.2002026.html,,,0,0,https://www.costco.com/seasonal.html,9/27/2026 0:00
1738-item-262092,1738,262092,262092,"USPS First-Class Holiday Forever Stamp, 100-count",https://www.costco.com/.product.262092.html,,,0,0,https://www.costco.com/seasonal.html,9/27/2026 0:00
1738-item-1785052,1738,1785052,1785052,12' Pre-lit Radiant Micro LED with Twinkle Artificial Christmas Tree,https://www.costco.com/.product.1785052.html,,,0,0,https://www.costco.com/seasonal.html,9/27/2026 0:00
1738-item-1784947,1738,1784947,1784947,7' LED Triple Lamp Post,https://www.costco.com/.product.1784947.html,,,0,0,https://www.costco.com/seasonal.html,9/27/2026 0:00
1738-item-2008742,1738,2008742,2008742,"Kirkland Signature Gift Bows, 50ct",https://www.costco.com/.product.2008742.html,,,0,0,https://www.costco.com/seasonal.html,9/27/2026 0:00
1738-item-1784949,1738,1784949,1784949,9.5' Star Arch with LED Twinkle Lights,https://www.costco.com/.product.1784949.html,,,0,0,https://www.costco.com/seasonal.html,9/27/2026 0:00
1738-item-1929696,1738,1929696,1929696,"BOO Wooden Light Up Letters, Set of 3",https://www.costco.com/.product.1929696.html,,,0,0,https://www.costco.com/seasonal.html,9/27/2026 0:00
1738-item-1851488,1738,1851488,1851488,7' Potted Tree with LED Lights,https://www.costco.com/.product.1851488.html,,,0,0,https://www.costco.com/seasonal.html,9/27/2026 0:00
1738-item-1929678,1738,1929678,1929678,"12"" Color Changing Candy Cane LED Pathway Lights, Set of 6",https://www.costco.com/.product.1929678.html,,,0,0,https://www.costco.com/seasonal.html,9/27/2026 0:00
1738-item-1784931,1738,1784931,1784931,7.5' Pre-Lit Glitter Flocked Micro LED with Twinkle Artificial Christmas Tree,https://www.costco.com/.product.1784931.html,,,0,0,https://www.costco.com/seasonal.html,9/27/2026 0:00
1738-item-1929704,1738,1929704,1929704,"72"" Candy Canes with LED Twinkle Lights",https://www.costco.com/.product.1929704.html,,,0,0,https://www.costco.com/seasonal.html,9/27/2026 0:00
1738-item-1851677,1738,1851677,1851677,9' Pre-Lit Radiant Micro LED with Twinkle Artificial Greenery Garland,https://www.costco.com/.product.1851677.html,,,0,0,https://www.costco.com/seasonal.html,9/27/2026 0:00
1738-item-1851622,1738,1851622,1851622,3.6' LED Mickey Pumpkin with Infinity LED Lights,https://www.costco.com/.product.1851622.html,,,0,0,https://www.costco.com/seasonal.html,9/27/2026 0:00
1738-item-1851630,1738,1851630,1851630,"42"" Color Changing LED Tree",https://www.costco.com/.product.1851630.html,,,0,0,https://www.costco.com/seasonal.html,9/27/2026 0:00
1738-item-1929676,1738,1929676,1929676,9' Pre-Lit Radiant Micro LED with Twinkle Artificial Flocked Greenery Garland,https://www.costco.com/.product.1929676.html,,,0,0,https://www.costco.com/seasonal.html,9/27/2026 0:00
1738-item-1953158,1738,1953158,1953158,Ingersoll Rand Edge 155 Piece Master Mechanic's Tool Set,https://www.costco.com/.product.1953158.html,,,0,0,https://www.costco.com/hardware.html,9/27/2026 0:00
1738-item-1806569,1738,1806569,1806569,"Mohawk Home 6MM Thick 9.4in X 47.8in 22 MIL Waterproof Luxury Vinyl Plank Flooring (15.65 sq ft/ctn), Tudor Oak",https://www.costco.com/.product.1806569.html,,,0,0,https://www.costco.com/hardware.html,9/27/2026 0:00
1738-item-1882002,1738,1882002,1882002,"Mohawk Home 6MM Thick 9.4in X 47.8in 22 MIL Waterproof Luxury Vinyl Plank Flooring (15.65 sq ft/ctn), Bloomington Oak",https://www.costco.com/.product.1882002.html,,,0,0,https://www.costco.com/hardware.html,9/27/2026 0:00
1738-item-1806289,1738,1806289,1806289,"Kohler Rodean Kitchen Sink Faucet, No Sensor, Stainless Steel",https://www.costco.com/.product.1806289.html,,,0,0,https://www.costco.com/hardware.html,9/27/2026 0:00
1738-item-1600208,1738,1600208,1600208,"Gorilla Rack Industrial Shelving, 77” x 24” x 72",https://www.costco.com/.product.1600208.html,,,0,0,https://www.costco.com/hardware.html,9/27/2026 0:00
1738-item-1806325,1738,1806325,1806325,"Firman Tri Fuel Portable Generator 7850/6300W Electric Start, Gas, CO Alert",https://www.costco.com/.product.1806325.html,,,0,0,https://www.costco.com/hardware.html,9/27/2026 0:00
1738-item-1806359,1738,1806359,1806359,"Feit 48' LED String Light Set, Black, 1-pack",https://www.costco.com/.product.1806359.html,,,0,0,https://www.costco.com/hardware.html,9/27/2026 0:00
1738-item-1806226,1738,1806226,1806226,"Kohler HydroRail 3-in-1 Multifunction Showerhead and Column Kit, in Brushed Nickel",https://www.costco.com/.product.1806226.html,,,0,0,https://www.costco.com/hardware.html,9/27/2026 0:00
1738-item-2322029,1738,2322029,2322029,Greenmade 5-Tier Utility Rack,https://www.costco.com/.product.2322029.html,,,0,0,https://www.costco.com/hardware.html,9/27/2026 0:00
1738-item-540003,1738,540003,540003,First Alert Rechargeable Heavy Duty Fire Extinguisher UL Rated 3-A:40-BC,https://www.costco.com/.product.540003.html,,,0,0,https://www.costco.com/hardware.html,9/27/2026 0:00
1738-item-1806313,1738,1806313,1806313,"Artika Sunnyvale 28” Fandelier with Remote, Brushed Nickel",https://www.costco.com/.product.1806313.html,,,0,0,https://www.costco.com/hardware.html,9/27/2026 0:00
1738-item-1938018,1738,1938018,1938018,Artika Bowen Solar LED Address Wall Light,https://www.costco.com/.product.1938018.html,,,0,0,https://www.costco.com/hardware.html,9/27/2026 0:00
1738-item-1758910,1738,1758910,1758910,"First Alert Precision Detection, 10-year Battery Smoke and Carbon Monoxide Alarm, 2-pack",https://www.costco.com/.product.1758910.html,,,0,0,https://www.costco.com/hardware.html,9/27/2026 0:00
1738-item-2009560,1738,2009560,2009560,Little Giant Ladders Megalite™ M18 Telescoping Multi-position Ladder with Ladder Rack,https://www.costco.com/.product.2009560.html,,,0,0,https://www.costco.com/hardware.html,9/27/2026 0:00
1738-item-1806351,1738,1806351,1806351,"Excello Global Products 10' String Light Pole, 2-pack",https://www.costco.com/.product.1806351.html,,,0,0,https://www.costco.com/hardware.html,9/27/2026 0:00
1738-item-1996984,1738,1996984,1996984,Jackery Explorer 1500 v2 Solar Generator with Solar Panel 100Air,https://www.costco.com/.product.1996984.html,,,0,0,https://www.costco.com/hardware.html,9/27/2026 0:00
1738-item-1806222,1738,1806222,1806222,"Kohler Provo 33"" Dual Mount Single-bowl Workstation Kitchen Sink Kit, Stainless Steel",https://www.costco.com/.product.1806222.html,,,0,0,https://www.costco.com/hardware.html,9/27/2026 0:00
1738-item-1937970,1738,1937970,1937970,Kohler Calidus 2-piece Elongated Toilet,https://www.costco.com/.product.1937970.html,,,0,0,https://www.costco.com/hardware.html,9/27/2026 0:00
1738-item-1937955,1738,1937955,1937955,"GTX Solar LED Pathway Lights, 4-pack",https://www.costco.com/.product.1937955.html,,,0,0,https://www.costco.com/hardware.html,9/27/2026 0:00
1738-item-2004793,1738,2004793,2004793,"Mohawk Home 6MM Thick x 9.43in x 47.8in 22 mil Waterproof Luxury Vinyl Plank Flooring (15.65 sq ft/ctn) , Coppervale Oak",https://www.costco.com/.product.2004793.html,,,0,0,https://www.costco.com/hardware.html,9/27/2026 0:00
1738-item-1806215,1738,1806215,1806215,"Artika Sonolok Sound-Absorbing Slatted Panel Kit, Walnut",https://www.costco.com/.product.1806215.html,,,0,0,https://www.costco.com/hardware.html,9/27/2026 0:00
1738-item-1856257,1738,1856257,1856257,Teakhaus Teak Bench,https://www.costco.com/.product.1856257.html,,,0,0,https://www.costco.com/hardware.html,9/27/2026 0:00
1738-item-1938099,1738,1938099,1938099,Artika Eclipse Solar String Light with Remote,https://www.costco.com/.product.1938099.html,,,0,0,https://www.costco.com/hardware.html,9/27/2026 0:00
1738-item-1959104,1738,1959104,1959104,HOTO Flexi Cordless Spin Scrubber,https://www.costco.com/.product.1959104.html,,,0,0,https://www.costco.com/hardware.html,9/27/2026 0:00
1738-item-1859466,1738,1859466,1859466,"Globe Electric 14"" Matte Black Outdoor Wall Light with GFCI Outlet",https://www.costco.com/.product.1859466.html,,,0,0,https://www.costco.com/hardware.html,9/27/2026 0:00
1738-item-1600212,1738,1600212,1600212,"Gorilla Rack Z-Beam 5-shelf Steel Storage Rack, 48“ x 24“ x 72""",https://www.costco.com/.product.1600212.html,,,0,0,https://www.costco.com/hardware.html,9/27/2026 0:00
1738-item-1975695,1738,1975695,1975695,"Mohawk Home 12MM Thick 9.4in X 47.2in AC4 Waterproof Surface Laminate Wood Plank Flooring (18.6 sq ft/ctn), Westhighland Oak",https://www.costco.com/.product.1975695.html,,,0,0,https://www.costco.com/hardware.html,9/27/2026 0:00
1738-item-1558000,1738,1558000,1558000,"SafeRacks Storage Bin Rack, 5 Tote Capacity, NSF Certified, Black",https://www.costco.com/.product.1558000.html,,,0,0,https://www.costco.com/hardware.html,9/27/2026 0:00
1738-item-1806250,1738,1806250,1806250,TOTO Washlet Elongated Bidet Seat with Soft Close Lid,https://www.costco.com/.product.1806250.html,,,0,0,https://www.costco.com/hardware.html,9/27/2026 0:00
1738-item-1806208,1738,1806208,1806208,"Kohler Fora One-piece Elongated Smart Toilet, Dual-flush",https://www.costco.com/.product.1806208.html,,,0,0,https://www.costco.com/hardware.html,9/27/2026 0:00
1738-item-1936026,1738,1936026,1936026,HOTO Wand Cordless Spin Scrubber,https://www.costco.com/.product.1936026.html,,,0,0,https://www.costco.com/hardware.html,9/27/2026 0:00
1738-item-2012412,1738,2012412,2012412,"United Weavers Urban Impressions WPC Flooring 8 MM Thick with 22 Mil Wear Layer, 14.74 sq.ft/ctn, Scottsdale",https://www.costco.com/.product.2012412.html,,,0,0,https://www.costco.com/hardware.html,9/27/2026 0:00
1738-item-1806317,1738,1806317,1806317,"Kohler Assert Multifunction 1.75GPM Handshower, Brushed Nickel",https://www.costco.com/.product.1806317.html,,,0,0,https://www.costco.com/hardware.html,9/27/2026 0:00
1738-item-1922000,1738,1922000,1922000,"Delta Rinna Two Handle Widespread Bathroom Faucet, Brushed Nickel",https://www.costco.com/.product.1922000.html,,,0,0,https://www.costco.com/hardware.html,9/27/2026 0:00
1738-item-1974257,1738,1974257,1974257,"Fanttik W10 APEX 4"" Mini Chainsaw",https://www.costco.com/.product.1974257.html,,,0,0,https://www.costco.com/hardware.html,9/27/2026 0:00
1738-item-1937919,1738,1937919,1937919,"Artika Royce 32” x 24” LED Wall Mirror with Defogger, Brushed Nickel",https://www.costco.com/.product.1937919.html,,,0,0,https://www.costco.com/hardware.html,9/27/2026 0:00
1738-item-1937993,1738,1937993,1937993,KODA Hardwire Motion Activated LED Security Floodlight,https://www.costco.com/.product.1937993.html,,,0,0,https://www.costco.com/hardware.html,9/27/2026 0:00
1738-item-1889825,1738,1889825,1889825,"Delta Adjustable Shower Head with Hand Shower, Brushed Nickel",https://www.costco.com/.product.1889825.html,,,0,0,https://www.costco.com/hardware.html,9/27/2026 0:00
1738-item-1806320,1738,1806320,1806320,Lutec Craftsman Style Outdoor LED Wall Lantern,https://www.costco.com/.product.1806320.html,,,0,0,https://www.costco.com/hardware.html,9/27/2026 0:00
1738-item-1961920,1738,1961920,1961920,HOTO Cordless Auto-Dispensing Glue Gun,https://www.costco.com/.product.1961920.html,,,0,0,https://www.costco.com/hardware.html,9/27/2026 0:00
1738-item-1904701,1738,1904701,1904701,"Mohawk Home 6MM Thick x 8.9in x 46.5in 22 mil Waterproof Luxury Vinyl Plank Flooring (14.35 sq ft/ctn), Beckett Oak",https://www.costco.com/.product.1904701.html,,,0,0,https://www.costco.com/hardware.html,9/27/2026 0:00
1738-item-1938000,1738,1938000,1938000,Feit Electric 15” Round Ceiling Fixture with Night Light,https://www.costco.com/.product.1938000.html,,,0,0,https://www.costco.com/hardware.html,9/27/2026 0:00
1738-item-2070429,1738,2070429,2070429,Jackery FridgeGuard Smart Fridge Backup Power Station,https://www.costco.com/.product.2070429.html,,,0,0,https://www.costco.com/hardware.html,9/27/2026 0:00
1738-item-1938066,1738,1938066,1938066,"Duracell 1600 Lumen Hybrid Power LED Flashlight, 3-Pack",https://www.costco.com/.product.1938066.html,,,0,0,https://www.costco.com/hardware.html,9/27/2026 0:00
1738-item-1878939,1738,1878939,1878939,American Standard Slim-Line 1.25HP Garbage Disposer,https://www.costco.com/.product.1878939.html,,,0,0,https://www.costco.com/hardware.html,9/27/2026 0:00
1738-item-1937997,1738,1937997,1937997,COSCO 5 in 1 Convertible Hand Truck with 3 Position Extendable Handle,https://www.costco.com/.product.1937997.html,,,0,0,https://www.costco.com/hardware.html,9/27/2026 0:00
1738-item-1937952,1738,1937952,1937952,"Energetic Lighting 14” Arcadia Flush Mount with Selectable CCT & Halo Accent Light, 1 Light",https://www.costco.com/.product.1937952.html,,,0,0,https://www.costco.com/hardware.html,9/27/2026 0:00
1738-item-1276702,1738,1276702,1276702,"Kirkland Signature Water Filter Cartridge, 10-pack set",https://www.costco.com/.product.1276702.html,,,0,0,https://www.costco.com/hardware.html,9/27/2026 0:00
1738-item-1731394,1738,1731394,1731394,Kohler Layne Quick Release Elongated Toilet Seat,https://www.costco.com/.product.1731394.html,,,0,0,https://www.costco.com/hardware.html,9/27/2026 0:00
1738-item-1996039,1738,1996039,1996039,Artika Sonokit Wall Panel Accessory Kit,https://www.costco.com/.product.1996039.html,,,0,0,https://www.costco.com/hardware.html,9/27/2026 0:00
1738-item-987554,1738,987554,987554,"Brita Replacement Water Filters, 10-pack",https://www.costco.com/.product.987554.html,,,0,0,https://www.costco.com/hardware.html,9/27/2026 0:00
1738-item-1975773,1738,1975773,1975773,"Feit Electric 100W Replacement 5-CCT LED Classic Glass A19 Bulbs, 4-pack",https://www.costco.com/.product.1975773.html,,,0,0,https://www.costco.com/hardware.html,9/27/2026 0:00
1738-item-4000295255,1738,4000295255,4000295255,"Gorilla Rack Industrial Shelving, 77” x 24” x 72""",https://www.costco.com/gorilla-rack-industrial-shelving-77-x-24-x-72.product.4000295255.html,,,0,0,https://www.costco.com/garage.html,9/27/2026 0:00
1738-item-100976583,1738,100976583,100976583,Greenmade 5-Tier Utility Rack,https://www.costco.com/greenmade-5-tier-utility-rack.product.100976583.html,,,0,0,https://www.costco.com/garage.html,9/27/2026 0:00
1738-item-4000292011,1738,4000292011,4000292011,"Gorilla Rack Z-Beam 5-shelf Steel Storage Rack, 48“ x 24“ x 72""",https://www.costco.com/gorilla-rack-z-beam-5-shelf-steel-storage-rack-48-x-24-x-72.product.4000292011.html,,,0,0,https://www.costco.com/garage.html,9/27/2026 0:00
1738-item-100677580,1738,100677580,100677580,"SafeRacks Storage Bin Rack, 5 Tote Capacity, NSF Certified",https://www.costco.com/saferacks-storage-bin-rack-5-tote-capacity-nsf-certified.product.100677580.html,,,0,0,https://www.costco.com/garage.html,9/27/2026 0:00
1738-item-4000412583,1738,4000412583,4000412583,"Firman Tri Fuel Portable Generator 7850/6300W Electric Start, Gas, CO Alert",https://www.costco.com/firman-tri-fuel-portable-generator-78506300w-electric-start-gas-co-alert.product.4000412583.html,,,0,0,https://www.costco.com/generators.html,9/27/2026 0:00
1738-item-4000411792,1738,4000411792,4000411792,Jackery Explorer 1500 v2 Solar Generator with Solar Panel 100Air,https://www.costco.com/jackery-explorer-1500-v2-solar-generator-with-solar-panel-100air.product.4000411792.html,,,0,0,https://www.costco.com/generators.html,9/27/2026 0:00
1738-item-4201017782,1738,4201017782,4201017782,Jackery FridgeGuard Smart Fridge Backup Power Station,https://www.costco.com/jackery-fridgeguard-smart-fridge-backup-power-station.product.4201017782.html,,,0,0,https://www.costco.com/generators.html,9/27/2026 0:00
1738-item-4000421002,1738,4000421002,4000421002,Artika Bowen Solar LED Address Wall Light,https://www.costco.com/artika-bowen-solar-led-address-wall-light.product.4000421002.html,,,0,0,https://www.costco.com/lighting.html,9/27/2026 0:00
1738-item-4000392789,1738,4000392789,4000392789,Artika Sunnyvale 28” Fandelier with Remote,https://www.costco.com/artika-sunnyvale-28-fandelier-with-remote.product.4000392789.html,,,0,0,https://www.costco.com/lighting.html,9/27/2026 0:00
1738-item-4000369135,1738,4000369135,4000369135,"Infinity X1 Under Cabinet Lights, 3-pack",https://www.costco.com/infinity-x1-under-cabinet-lights-3-pack.product.4000369135.html,,,0,0,https://www.costco.com/lighting.html,9/27/2026 0:00
1738-item-4000385994,1738,4000385994,4000385994,Feit 48' LED String Light,https://www.costco.com/feit-48-led-string-light.product.4000385994.html,,,0,0,https://www.costco.com/lighting.html,9/27/2026 0:00
1738-item-4000344094,1738,4000344094,4000344094,"SnapPower GuideLight 2 LED Outlet Cover, 3-pack",https://www.costco.com/snappower-guidelight-2-led-outlet-cover-3-pack.product.4000344094.html,,,0,0,https://www.costco.com/lighting.html,9/27/2026 0:00
1738-item-4000412083,1738,4000412083,4000412083,Feit Electric 15” Round Ceiling Fixture with Night Light,https://www.costco.com/feit-electric-15-round-ceiling-fixture-with-night-light.product.4000412083.html,,,0,0,https://www.costco.com/lighting.html,9/27/2026 0:00
1738-item-4000340301,1738,4000340301,4000340301,"Globe Electric 14"" Matte Black Outdoor Wall Light with GFCI Outlet",https://www.costco.com/globe-electric-14-matte-black-outdoor-wall-light-with-gfci-outlet.product.4000340301.html,,,0,0,https://www.costco.com/lighting.html,9/27/2026 0:00
1738-item-4000366387,1738,4000366387,4000366387,"Excello Global Products 10 ft. String Light Pole, 2-pack",https://www.costco.com/excello-global-products-10-ft-string-light-pole-2-pack.product.4000366387.html,,,0,0,https://www.costco.com/lighting.html,9/27/2026 0:00
1738-item-4000443169,1738,4000443169,4000443169,Energetic Lighting 14” Arcadia Flush Mount with Selectable CCT & Halo Accent Light,https://www.costco.com/energetic-lighting-14-arcadia-flush-mount-with-selectable-cct--halo-accent-light.product.4000443169.html,,,0,0,https://www.costco.com/lighting.html,9/27/2026 0:00
1738-item-4000411063,1738,4000411063,4000411063,Artika Eclipse Solar String Light with Remote,https://www.costco.com/artika-eclipse-solar-string-light-with-remote.product.4000411063.html,,,0,0,https://www.costco.com/lighting.html,9/27/2026 0:00
1738-item-4000450030,1738,4000450030,4000450030,KODA Hardwire Motion Activated LED Security Floodlight,https://www.costco.com/koda-hardwire-motion-activated-led-security-floodlight.product.4000450030.html,,,0,0,https://www.costco.com/lighting.html,9/27/2026 0:00
1738-item-4000355070,1738,4000355070,4000355070,Lutec Craftsman Style Outdoor LED Wall Lantern,https://www.costco.com/lutec-craftsman-style-outdoor-led-wall-lantern.product.4000355070.html,,,0,0,https://www.costco.com/lighting.html,9/27/2026 0:00
1738-item-4000403893,1738,4000403893,4000403893,"GTX Solar LED Pathway Lights, 4-pack",https://www.costco.com/gtx-solar-led-pathway-lights-4-pack.product.4000403893.html,,,0,0,https://www.costco.com/lighting.html,9/27/2026 0:00
1738-item-4000420691,1738,4000420691,4000420691,Artika Royce 32” x 24” LED Wall Mirror with Defogger,https://www.costco.com/artika-royce-32-x-24-led-wall-mirror-with-defogger.product.4000420691.html,,,0,0,https://www.costco.com/lighting.html,9/27/2026 0:00
1738-item-4000449798,1738,4000449798,4000449798,"Feit Electric Triple Outlet Outdoor Smart Plugs, 3-pack",https://www.costco.com/feit-electric-triple-outlet-outdoor-smart-plugs-3-pack.product.4000449798.html,,,0,0,https://www.costco.com/lighting.html,9/27/2026 0:00
1738-item-4000411477,1738,4000411477,4000411477,"Feit Electric 100W Replacement 5-CCT LED Classic Glass A19 Bulbs, 4-pack",https://www.costco.com/feit-electric-100w-replacement-5-cct-led-classic-glass-a19-bulbs-4-pack.product.4000411477.html,,,0,0,https://www.costco.com/lighting.html,9/27/2026 0:00
1738-item-4000438243,1738,4000438243,4000438243,COSCO 5-in-1 Convertible Hand Truck with 3 Position Extendable Handle,https://www.costco.com/cosco-5-in-1-convertible-hand-truck-with-3-position-extendable-handle.product.4000438243.html,,,0,0,https://www.costco.com/storage-organization.html,9/27/2026 0:00
1738-item-4000374144,1738,4000374144,4000374144,Ingersoll Rand Edge 155-piece Master Mechanic's Tool Set,https://www.costco.com/ingersoll-rand-edge-155-piece-master-mechanics-tool-set.product.4000374144.html,,,0,0,https://www.costco.com/tools.html,9/27/2026 0:00
1738-item-4000419023,1738,4000419023,4000419023,"Little Giant Ladders Megalite M18 Telescoping Multi-position Ladder with Ladder Rack, 18-ft Reach",https://www.costco.com/little-giant-ladders-megalite-m18-telescoping-multi-position-ladder-with-ladder-rack-18-ft-reach.product.4000419023.html,,,0,0,https://www.costco.com/tools.html,9/27/2026 0:00
1738-item-4000390930,1738,4000390930,4000390930,HOTO Flexi Cordless Spin Scrubber,https://www.costco.com/hoto-flexi-cordless-spin-scrubber.product.4000390930.html,,,0,0,https://www.costco.com/tools.html,9/27/2026 0:00
1738-item-4000392180,1738,4000392180,4000392180,"Fanttik W10 APEX 4"" Mini Chainsaw",https://www.costco.com/fanttik-w10-apex-4-mini-chainsaw.product.4000392180.html,,,0,0,https://www.costco.com/tools.html,9/27/2026 0:00
1738-item-4000360679,1738,4000360679,4000360679,HOTO Wand Cordless Spin Scrubber,https://www.costco.com/hoto-wand-cordless-spin-scrubber.product.4000360679.html,,,0,0,https://www.costco.com/tools.html,9/27/2026 0:00
1738-item-4000385781,1738,4000385781,4000385781,HOTO Cordless Auto-Dispensing Glue Gun,https://www.costco.com/hoto-cordless-auto-dispensing-glue-gun.product.4000385781.html,,,0,0,https://www.costco.com/tools.html,9/27/2026 0:00
1738-item-4000449524,1738,4000449524,4000449524,"Duracell 1600 Lumen Hybrid Power LED Flashlight, 3-pack",https://www.costco.com/duracell-1600-lumen-hybrid-power-led-flashlight-3-pack.product.4000449524.html,,,0,0,https://www.costco.com/tools.html,9/27/2026 0:00
1738-item-1748800,1738,1748800,1748800,"Casper Cooling Select 12"" Memory Foam Mattress, Queen",https://www.costco.com/.product.1748800.html,,,0,0,https://www.costco.com/mattresses.html,9/27/2026 0:00
1738-item-1748801,1738,1748801,1748801,"Casper Cooling Select 12"" Memory Foam Mattress, King",https://www.costco.com/.product.1748801.html,,,0,0,https://www.costco.com/mattresses.html,9/27/2026 0:00
1738-item-1608575,1738,1608575,1608575,"Beautyrest 12"" BR800 Medium Mattress, Twin",https://www.costco.com/.product.1608575.html,,,0,0,https://www.costco.com/mattresses.html,9/27/2026 0:00
1738-item-1608576,1738,1608576,1608576,"Beautyrest 12"" BR800 Medium Mattress, Full",https://www.costco.com/.product.1608576.html,,,0,0,https://www.costco.com/mattresses.html,9/27/2026 0:00
1738-item-1900478,1738,1900478,1900478,"Sealy Posturepedic Pro Highland Manor 13"" Medium Mattress, Queen",https://www.costco.com/.product.1900478.html,,,0,0,https://www.costco.com/mattresses.html,9/27/2026 0:00
1738-item-1900479,1738,1900479,1900479,"Sealy Posturepedic Pro Highland Manor 13"" Medium Mattress, King",https://www.costco.com/.product.1900479.html,,,0,0,https://www.costco.com/mattresses.html,9/27/2026 0:00
1738-item-1847133,1738,1847133,1847133,"Novaform 14"" Legacy Premier Support Hybrid Euro Top Mattress, Queen, Firm",https://www.costco.com/.product.1847133.html,,,0,0,https://www.costco.com/mattresses.html,9/27/2026 0:00
1738-item-1847134,1738,1847134,1847134,"Novaform 14"" Legacy Premier Support Hybrid Euro Top Mattress, King, Firm",https://www.costco.com/.product.1847134.html,,,0,0,https://www.costco.com/mattresses.html,9/27/2026 0:00
1738-item-1698562,1738,1698562,1698562,"Novaform DreamAway 8"" Gel Memory Foam Mattress, Twin",https://www.costco.com/.product.1698562.html,,,0,0,https://www.costco.com/mattresses.html,9/27/2026 0:00
1738-item-1698564,1738,1698564,1698564,"Novaform DreamAway 8"" Gel Memory Foam Mattress, Full",https://www.costco.com/.product.1698564.html,,,0,0,https://www.costco.com/mattresses.html,9/27/2026 0:00
1738-item-1743417,1738,1743417,1743417,"PurpleRenew 11"" Gel Grid Mattress, Queen",https://www.costco.com/.product.1743417.html,,,0,0,https://www.costco.com/mattresses.html,9/27/2026 0:00
1738-item-1743415,1738,1743415,1743415,"PurpleRenew 11"" Gel Grid Mattress, King",https://www.costco.com/.product.1743415.html,,,0,0,https://www.costco.com/mattresses.html,9/27/2026 0:00
1738-item-1819440,1738,1819440,1819440,"Kirkland Signature V3.0 Golf Ball, 2-dozen",https://www.costco.com/.product.1819440.html,,,0,0,https://www.costco.com/sports-fitness.html,9/27/2026 0:00
1738-item-1819487,1738,1819487,1819487,Tetris Tumble XL,https://www.costco.com/.product.1819487.html,,,0,0,https://www.costco.com/sports-fitness.html,9/27/2026 0:00
1738-item-2066550,1738,2066550,2066550,TUSCANY 2- PERSON INFRARE INFRARED SAUNA P3,https://www.costco.com/.product.2066550.html,,,0,0,https://www.costco.com/sports-fitness.html,9/27/2026 0:00
1738-item-1740556,1738,1740556,1740556,"Kirkland Signature 7-piece Players Iron Set, Right Handed, Regular",https://www.costco.com/.product.1740556.html,,,0,0,https://www.costco.com/sports-fitness.html,9/27/2026 0:00
1738-item-1872142,1738,1872142,1872142,Sealy Air Mattress Queen with Built-in Headboard,https://www.costco.com/.product.1872142.html,,,0,0,https://www.costco.com/sports-fitness.html,9/27/2026 0:00
1738-item-1819400,1738,1819400,1819400,Phantom A10 Smart Electric Scooter,https://www.costco.com/.product.1819400.html,,,0,0,https://www.costco.com/sports-fitness.html,9/27/2026 0:00
1738-item-1985364,1738,1985364,1985364,Stern Pokémon Pinball Machine,https://www.costco.com/.product.1985364.html,,,0,0,https://www.costco.com/sports-fitness.html,9/27/2026 0:00
1738-item-2028780,1738,2028780,2028780,Almost Heaven Arcadia 2-person Outdoor Barrel Sauna,https://www.costco.com/.product.2028780.html,,,0,0,https://www.costco.com/sports-fitness.html,9/27/2026 0:00
1738-item-1985324,1738,1985324,1985324,Duracell 5000L Tri-Powered Lantern,https://www.costco.com/.product.1985324.html,,,0,0,https://www.costco.com/sports-fitness.html,9/27/2026 0:00
1738-item-1740668,1738,1740668,1740668,"Kirkland Signature Adjustable Driver, Regular",https://www.costco.com/.product.1740668.html,,,0,0,https://www.costco.com/sports-fitness.html,9/27/2026 0:00
1738-item-1985333,1738,1985333,1985333,RinseKit Pro 2.0 Portable Shower,https://www.costco.com/.product.1985333.html,,,0,0,https://www.costco.com/sports-fitness.html,9/27/2026 0:00
1738-item-1872239,1738,1872239,1872239,LifeStraw Water Filter Variety Pack,https://www.costco.com/.product.1872239.html,,,0,0,https://www.costco.com/sports-fitness.html,9/27/2026 0:00
1738-item-1987067,1738,1987067,1987067,Aigo E3 Rainbow Kids Electric Scooter,https://www.costco.com/.product.1987067.html,,,0,0,https://www.costco.com/sports-fitness.html,9/27/2026 0:00
1738-item-1819441,1738,1819441,1819441,"Kirkland Signature V3.0 Yellow Golf Ball, 2-dozen",https://www.costco.com/.product.1819441.html,,,0,0,https://www.costco.com/sports-fitness.html,9/27/2026 0:00
1738-item-1896109,1738,1896109,1896109,"Hiboy C1 Electric Bike, Black",https://www.costco.com/.product.1896109.html,,,0,0,https://www.costco.com/sports-fitness.html,9/27/2026 0:00
1738-item-1872247,1738,1872247,1872247,Infinity X1 2000L Camp Site Light,https://www.costco.com/.product.1872247.html,,,0,0,https://www.costco.com/sports-fitness.html,9/27/2026 0:00
1738-item-2049073,1738,2049073,2049073,Axil MX II Pro SE + X30i Earplug Bundle,https://www.costco.com/.product.2049073.html,,,0,0,https://www.costco.com/sports-fitness.html,9/27/2026 0:00
1738-item-2024351,1738,2024351,2024351,LifeTrend Classic Cold Plunge with Chiller System,https://www.costco.com/.product.2024351.html,,,0,0,https://www.costco.com/sports-fitness.html,9/27/2026 0:00
1738-item-1825280,1738,1825280,1825280,"Selkirk Pro S1 Pickleball Ball, 24-pack",https://www.costco.com/.product.1825280.html,,,0,0,https://www.costco.com/sports-fitness.html,9/27/2026 0:00
1738-item-100406208,1738,100406208,100406208,MedMassager Body Massager,https://www.costco.com/medmassager-body-massager.product.100406208.html,,,0,0,https://www.costco.com/sports-fitness.html,9/27/2026 0:00
1738-item-1929716,1738,1929716,1929716,Mini Brands Mini Vinyls Playset with Three Capsules,https://www.costco.com/.product.1929716.html,,,0,0,https://www.costco.com/toys.html,9/27/2026 0:00
1738-item-2036911,1738,2036911,2036911,Jetson Halos 3-Wheel Light-Up Kick Scooter,https://www.costco.com/.product.2036911.html,,,0,0,https://www.costco.com/toys.html,9/27/2026 0:00
1738-item-2049570,1738,2049570,2049570,Level Readers - 10 book Packs,https://www.costco.com/.product.2049570.html,,,0,0,https://www.costco.com/toys.html,9/27/2026 0:00
1738-item-2213964,1738,2213964,2213964,Trifold Coloring and Activity Set,https://www.costco.com/.product.2213964.html,,,0,0,https://www.costco.com/toys.html,9/27/2026 0:00
1738-item-2064924,1738,2064924,2064924,Googly Eyes Sound Book,https://www.costco.com/.product.2064924.html,,,0,0,https://www.costco.com/toys.html,9/27/2026 0:00
1738-item-2065849,1738,2065849,2065849,My Big Wipe Clean: Spiral Floor Pad,https://www.costco.com/.product.2065849.html,,,0,0,https://www.costco.com/toys.html,9/27/2026 0:00
1738-item-2071117,1738,2071117,2071117,Quiz It Book & Set / Book & Talking Flash Card Set,https://www.costco.com/.product.2071117.html,,,0,0,https://www.costco.com/toys.html,9/27/2026 0:00
1738-item-1927496,1738,1927496,1927496,2025 Topps Baseball Flagship Collection 2,https://www.costco.com/.product.1927496.html,,,0,0,https://www.costco.com/toys.html,9/27/2026 0:00
1738-item-2037490,1738,2037490,2037490,Halloween Board Book,https://www.costco.com/.product.2037490.html,,,0,0,https://www.costco.com/toys.html,9/27/2026 0:00
