id,warehouse_id,sku,item_number,product_name,product_url,aisle,bay,is_wrong,is_discontinued,category_url
332e38af-700a-5569-a977-c544b51a1e54,1738,6262016,6262016,"Kirkland Signature Bath Tissue, 2-Ply, 380 Sheets, 30 Rolls",https://www.costco.com/.product.6262016.html,,,0,0,https://www.costco.com/grocery-household.html
7599ead7-a832-5bd1-b1f4-9bb02b25a14f,1738,512599,512599,"Kirkland Signature Paper Towels, 2-Ply, 160 Sheets, 12 Individually Wrapped Rolls",https://www.costco.com/.product.512599.html,,,0,0,https://www.costco.com/grocery-household.html
d6367773-70b4-556c-98cd-97f44c068aba,1738,1089787,1089787,"Kirkland Signature Flex-Tech 13-Gallon Kitchen Trash Bag, 200-count",https://www.costco.com/.product.1089787.html,,,0,0,https://www.costco.com/grocery-household.html
00a0f9c2-c7cd-5c86-a7c4-9b02d5a081d9,1738,2189436,2189436,"Clorox Disinfecting Wipes, Variety Pack, 85-count, 5-pack",https://www.costco.com/.product.2189436.html,,,0,0,https://www.costco.com/grocery-household.html
53ad3550-16bc-5cee-85d3-c2afe8d27ba7,1738,2727590,2727590,"Cascade Platinum Plus Dishwasher Detergent ActionPacs, Fresh, 82-count",https://www.costco.com/.product.2727590.html,,,0,0,https://www.costco.com/grocery-household.html
81d39b77-6dab-5708-931c-fc80681035ad,1738,1919326,1919326,"Bounty Advanced Paper Towels, 2-Ply, 103 Sheets, 12-count",https://www.costco.com/.product.1919326.html,,,0,0,https://www.costco.com/grocery-household.html
9465c0e3-2f56-55a6-bc06-abd2f9f82a73,1738,2990929,2990929,"Dawn Platimum Advanced Power Dishwashing Liquid, 90 fl oz",https://www.costco.com/.product.2990929.html,,,0,0,https://www.costco.com/grocery-household.html
855f47c2-00b5-5a4a-bb48-0e5f83c5de09,1738,1111161,1111161,"Dixie Ultra 10-1/16"" Paper Plate, 186-count",https://www.costco.com/.product.1111161.html,,,0,0,https://www.costco.com/grocery-household.html
4fbdf587-9b80-5dcf-a88f-f252913034ba,1738,1725952,1725952,"Kirkland Signature Ultra Soft Bath Tissue, 2-Ply, 231 Sheets, 36 Rolls",https://www.costco.com/.product.1725952.html,,,0,0,https://www.costco.com/grocery-household.html
789d7102-126d-5d0c-aba6-c0b1a215a2b6,1738,1627770,1627770,"Frito Lay Classic Mix, 1 oz, Variety Pack, 54-count",https://www.costco.com/.product.1627770.html,,,0,0,https://www.costco.com/grocery-household.html
fe08ec4b-262d-511e-a1d9-4e671332ec16,1738,1300658,1300658,"Kirkland Signature Flex-Tech 13-Gallon Scented Kitchen Trash Bags, 200-count",https://www.costco.com/.product.1300658.html,,,0,0,https://www.costco.com/grocery-household.html
de8591b1-90b6-5eab-b761-b37bdca5824e,1738,1668599,1668599,"Dixie Ultra 8-1/2"" Paper Plate, 240-count",https://www.costco.com/.product.1668599.html,,,0,0,https://www.costco.com/grocery-household.html
58d2baee-57ae-5434-834d-61eea6c9d690,1738,692731,692731,"Kirkland Signature, Organic Extra Virgin Olive Oil, 2 L",https://www.costco.com/.product.692731.html,,,0,0,https://www.costco.com/grocery-household.html
5ab028db-caaa-5f38-8e31-8eb46bbfd03f,1738,1920495,1920495,"Lysol Disinfecting Wipes, Variety Pack, 95-count, 4-pack",https://www.costco.com/.product.1920495.html,,,0,0,https://www.costco.com/grocery-household.html
fcf15e82-b7dd-5018-bb23-f037ff2602c9,1738,723675,723675,"Kleenex Trusted Care Facial Tissue, 2-Ply, 230-count, 10-pack",https://www.costco.com/.product.723675.html,,,0,0,https://www.costco.com/grocery-household.html
461ce7a3-711a-5078-bbf7-c9a25824ce7d,1738,1716201,1716201,"Nature's Garden, Probiotic Strawberry Yoggies, 0.7 oz,  30-count",https://www.costco.com/.product.1716201.html,,,0,0,https://www.costco.com/grocery-household.html
9dd32262-76d6-52c3-ae05-7e93c9a2e857,1738,1212860,1212860,"Kirkland Signature Soft & Chewy Granola Bars, 0.85 oz, 64-count",https://www.costco.com/.product.1212860.html,,,0,0,https://www.costco.com/grocery-household.html
95467a06-8582-55f5-864a-9d6a5bc6920a,1738,1481558,1481558,"SunChips Whole Grain, Variety, 1.5 oz, 30-count",https://www.costco.com/.product.1481558.html,,,0,0,https://www.costco.com/grocery-household.html
022d5a01-e6b3-55b1-a786-aeb562ca61d7,1738,1816483,1816483,"Nabisco Cookies & Crackers, Variety Pack, 1 oz, 40-count",https://www.costco.com/.product.1816483.html,,,0,0,https://www.costco.com/grocery-household.html
b0fd9c5e-4f44-5ee9-b965-2efd806ee767,1738,2662877,2662877,"Lysol Advanced Toilet Bowl Cleaner, 32 fl oz, 4-count",https://www.costco.com/.product.2662877.html,,,0,0,https://www.costco.com/grocery-household.html
33ac740c-8000-5ea5-a64e-217b560b5426,1738,320888,320888,"Hershey's Assorted Bar Variety Pack, 30-count",https://www.costco.com/.product.320888.html,,,0,0,https://www.costco.com/grocery-household.html
1f68af55-8996-536b-9a6d-d29818487a74,1738,516822,516822,"Kirkland Signature, Organic Chicken Stock, 32 fl oz, 6-Count",https://www.costco.com/.product.516822.html,,,0,0,https://www.costco.com/grocery-household.html
f785a8bd-c0d4-52be-a783-4fd3f3dc122e,1738,1966293,1966293,"Frito-Lay NFL Gameday Mix, 54-count",https://www.costco.com/.product.1966293.html,,,0,0,https://www.costco.com/grocery-household.html
4b8cc99d-b72e-54c1-9d03-cfb70c69fc18,1738,897971,897971,"Kirkland Signature, Organic Applesauce, 3.17 oz, 24-Count",https://www.costco.com/.product.897971.html,,,0,0,https://www.costco.com/grocery-household.html
4b146975-6f3a-5a8c-9552-f8731ad53c44,1738,3797974,3797974,"Dawn Platinum Plus Powerwash Dish Soap Spray, Fresh Clean, 1 Starter Kit + 2 Refills",https://www.costco.com/.product.3797974.html,,,0,0,https://www.costco.com/grocery-household.html
852269e6-4313-50ee-bb54-20c742f85a79,1738,1299062,1299062,"Coca-Cola Mini, 7.5 fl oz, 30-count",https://www.costco.com/.product.1299062.html,,,0,0,https://www.costco.com/grocery-household.html
138a0aae-29e3-58b3-a189-49c361ef557c,1738,1472774,1472774,"Pure Organic Layered Fruit Bars, Variety Pack, 0.63 oz, 28-count",https://www.costco.com/.product.1472774.html,,,0,0,https://www.costco.com/grocery-household.html
90dcae53-08fc-5afa-8595-7d04f0d163d9,1738,51070,51070,"Kirkland Signature, Chicken Breast, 12.5 oz, 6-Count",https://www.costco.com/.product.51070.html,,,0,0,https://www.costco.com/grocery-household.html
c0d8a4fc-220f-52e7-9f2a-245e9ae8d9e6,1738,1050557,1050557,"Kirkland Signature Peanut Butter Filled Pretzel Nuggets, 55 oz",https://www.costco.com/.product.1050557.html,,,0,0,https://www.costco.com/grocery-household.html
8e4ab2ab-443b-53e7-888a-5de5e72c7dbb,1738,705876,705876,"M&M's, Snickers and More Chocolate Candy Bars, Variety Pack, 30-count",https://www.costco.com/.product.705876.html,,,0,0,https://www.costco.com/grocery-household.html
b10628cd-7400-5e36-958d-f8f5a4fda739,1738,1800219,1800219,"Downy Ultimate Infusions In-Wash Scent Booster Beads, Whimsical Wonder, 24.5 oz",https://www.costco.com/.product.1800219.html,,,0,0,https://www.costco.com/grocery-household.html
95b9ded6-df94-5f66-9f5a-3f6124dbee56,1738,221663,221663,"Kleenex Ultra Soft Facial Tissue, 3-Ply, 85-count, 12-pack",https://www.costco.com/.product.221663.html,,,0,0,https://www.costco.com/grocery-household.html
e8f6da51-35a6-5225-b200-86a413de3b96,1738,1185317,1185317,"Kellogg's Rice Krispies Treats, 0.78 oz, 60-count",https://www.costco.com/.product.1185317.html,,,0,0,https://www.costco.com/grocery-household.html
0aa2acb0-b7d0-5d30-9abb-bc1a8aa306e6,1738,1532925,1532925,"Chomps Original Beef Sticks, Mild, 12 Individually Wrapped Sticks",https://www.costco.com/.product.1532925.html,,,0,0,https://www.costco.com/grocery-household.html
0d719fd2-92a6-501d-a197-8d232f2ca5ab,1738,3006152,3006152,"Bounce Select a Size Fabric Softener Dryer Sheets, Outdoor Fresh, 400-count",https://www.costco.com/.product.3006152.html,,,0,0,https://www.costco.com/grocery-household.html
0bb5120b-96f5-5269-9310-c45a791708e7,1738,1331206,1331206,"Pirate's Booty Aged White Cheddar Snack, 0.5 oz, 40 count",https://www.costco.com/.product.1331206.html,,,0,0,https://www.costco.com/grocery-household.html
1a977e07-707e-50c3-aec5-e23d211f4825,1738,1026583,1026583,"Skinny Pop Popcorn, 0.65 oz, 28-count",https://www.costco.com/.product.1026583.html,,,0,0,https://www.costco.com/grocery-household.html
07bef6d9-8b91-511a-aa1b-59ad8fcd3c14,1738,1361170,1361170,"That's it Mini Fruit Bars, 24-count",https://www.costco.com/.product.1361170.html,,,0,0,https://www.costco.com/grocery-household.html
d6d86ac6-4dbb-5675-86ba-7f4fd85cf31d,1738,1897229,1897229,"Ziploc Seal Top Bag, Variety Pack, 322-count",https://www.costco.com/.product.1897229.html,,,0,0,https://www.costco.com/grocery-household.html
057b8cb2-7eee-5caf-b325-c9ea7ca25fd1,1738,2848101,2848101,"Cascade Complete Shine Boost Dishwasher Detergent ActionPacs, Fresh, 92-count",https://www.costco.com/.product.2848101.html,,,0,0,https://www.costco.com/grocery-household.html
66c7d48f-2cd0-5d05-973c-018628ebee02,1738,1560969,1560969,"MadeGood Organic Granola Minis, Variety Pack, 0.85 oz, 24-count",https://www.costco.com/.product.1560969.html,,,0,0,https://www.costco.com/grocery-household.html
3dc596fb-c63d-57b5-8526-37b394ea1bed,1738,1343983,1343983,"Donsuemor, Traditional Madeleines Cake, 1 oz, 28-Count",https://www.costco.com/.product.1343983.html,,,0,0,https://www.costco.com/grocery-household.html
7f59c8cd-cc0f-5337-b63d-52bc5a5942b8,1738,679131,679131,"Kirkland Signature Organic Pure Maple Syrup, 33.8 oz",https://www.costco.com/.product.679131.html,,,0,0,https://www.costco.com/grocery-household.html
72636149-5858-5765-95a6-e63545766334,1738,4165769,4165769,"Kirkland Signature Facial Tissue, 3-Ply, 84-count, 12-pack",https://www.costco.com/.product.4165769.html,,,0,0,https://www.costco.com/grocery-household.html
224f0232-a85b-51f1-8402-8b3d2b62fabc,1738,7609681,7609681,"Cascade Platinum Liquid Dishwasher Detergent, Fresh, 125 fl oz",https://www.costco.com/.product.7609681.html,,,0,0,https://www.costco.com/grocery-household.html
fee746bf-79c4-54fe-81b2-a821c7465891,1738,1239519,1239519,"Kirkland Signature Ultra Clean Free & Clear HE Liquid Laundry Detergent, 146 loads, 194 fl oz",https://www.costco.com/.product.1239519.html,,,0,0,https://www.costco.com/grocery-household.html
801f4fe0-862c-50d1-9c3b-21d2dafb55df,1738,1709318,1709318,"Tide Ultra Concentrated Liquid Laundry Detergent, Original, 152 Loads, 170 fl oz",https://www.costco.com/.product.1709318.html,,,0,0,https://www.costco.com/grocery-household.html
66ac7e87-70db-5a01-9caa-3713a5ececf8,1738,1239521,1239521,"Kirkland Signature Ultra Clean HE Liquid Laundry Detergent, 146 loads, 194 fl oz",https://www.costco.com/.product.1239521.html,,,0,0,https://www.costco.com/grocery-household.html
dd9ac5d7-17c7-5f71-a56e-de9f77f83ff7,1738,625994,625994,"Clorox ToiletWand Disposable Toilet Cleaning System, Rainforest Rush, 1 Wand & 36 Refills",https://www.costco.com/.product.625994.html,,,0,0,https://www.costco.com/grocery-household.html
2e083652-a510-5576-b7f4-859b44f0dcf6,1738,2043945,2043945,"Haribo Gummi Candy Happy Mix Variety Pack, 120-count",https://www.costco.com/.product.2043945.html,,,0,0,https://www.costco.com/grocery-household.html
8e13b6ee-1e9a-50f0-9237-728bff4d8a45,1738,1857160,1857160,"Kirkland Signature Grass-fed Beef Sticks, 1.15 oz, 12-count",https://www.costco.com/.product.1857160.html,,,0,0,https://www.costco.com/grocery-household.html
12b9f3c7-af76-5af5-ac87-2e95d9e22163,1738,617686,617686,"Softsoap Advanced Clean Liquid Hand Soap Refill, 80 oz, 2-pack",https://www.costco.com/.product.617686.html,,,0,0,https://www.costco.com/grocery-household.html
b6c95187-1900-55eb-aa06-1a550de0e548,1738,1645578,1645578,"Kirkland Signature Extra Fancy Mixed Nuts, Salted, 2.5 lbs",https://www.costco.com/.product.1645578.html,,,0,0,https://www.costco.com/grocery-household.html
62e5c591-ef18-536c-873c-ae46692f5d0c,1738,1789130,1789130,"Kirkland Signature Ultra Shine Liquid Dish Soap, Fresh, 90 fl. oz.",https://www.costco.com/.product.1789130.html,,,0,0,https://www.costco.com/grocery-household.html
46322cea-ef03-517d-a6bd-ee3c502c5fc7,1738,1013100,1013100,"Goldfish Baked Snack Crackers, Cheddar, 1 oz, 45-count",https://www.costco.com/.product.1013100.html,,,0,0,https://www.costco.com/grocery-household.html
29f873fe-a4ff-5e8b-ab86-b5e200c84976,1738,3123235,3123235,"Starbucks Pike Place Medium Roast Single Cup Coffee K-Cup Pod, 72-count",https://www.costco.com/.product.3123235.html,,,0,0,https://www.costco.com/grocery-household.html
4162ac72-d230-5ffa-a186-94d58f0d3d73,1738,1538359,1538359,"Kirkland Signature, Organic Fruit and Vegetable Pouches, Variety Pack, 3.17 oz, 24-count",https://www.costco.com/.product.1538359.html,,,0,0,https://www.costco.com/grocery-household.html
27f94002-209f-503f-b6af-70f41ab65e3f,1738,1925833,1925833,"Kirkland Signature Sparkling Energy Drink, Variety Pack, 12 fl oz, 24-count",https://www.costco.com/.product.1925833.html,,,0,0,https://www.costco.com/grocery-household.html
ed08a996-8c71-59b4-99f8-88c5ca6f7782,1738,1481907,1481907,"Kirkland Signature Funhouse Treats, Variety Pack, 92 oz",https://www.costco.com/.product.1481907.html,,,0,0,https://www.costco.com/grocery-household.html
d7ec3f39-40dd-5487-88fb-95951e5991e0,1738,509768,509768,"3M Scotch Precision Ultra Edge 8"" Scissor, 3-count",https://www.costco.com/.product.509768.html,,,0,0,https://www.costco.com/grocery-household.html
a4e984b1-9af7-560f-aab2-3be4cf90e558,1738,2725160,2725160,"Tide Pods Laundry Detergent Pods, Spring Meadow, 156-count",https://www.costco.com/.product.2725160.html,,,0,0,https://www.costco.com/grocery-household.html
043a39d2-8231-54fe-995f-1a4963115134,1738,1374492,1374492,"Welch's Fruit Snacks, .8 oz, 90-count",https://www.costco.com/.product.1374492.html,,,0,0,https://www.costco.com/grocery-household.html
01ea4a59-da8a-5cb9-87f3-ba7eb5d90aa1,1738,555000,555000,"Kirkland Signature Organic Peanut Butter, 28 oz, 2-count",https://www.costco.com/.product.555000.html,,,0,0,https://www.costco.com/grocery-household.html
e7c4f72c-d4ea-5a47-9448-169f668ff8f3,1738,1840548,1840548,"Downy Soft Liquid Fabric Softener, April Fresh, 257 Loads, 150 fl oz",https://www.costco.com/.product.1840548.html,,,0,0,https://www.costco.com/grocery-household.html
03528539-be53-598e-9a9f-fdf6413db35b,1738,1485523,1485523,"Kirkland Signature Organic Unbleached All Purpose Flour, 10 lbs, 2-count",https://www.costco.com/.product.1485523.html,,,0,0,https://www.costco.com/grocery-household.html
40bb5e0f-f856-52c8-9640-4b70f5620526,1738,2218587,2218587,"Swiffer Duster Heavy Duty Dusting Kit, 1 Handle + 17 Refills",https://www.costco.com/.product.2218587.html,,,0,0,https://www.costco.com/grocery-household.html
7786e79c-2ac1-5d3c-b3f8-0e63a1f65202,1738,2312000,2312000,"Finish Jet-Dry Ultra Dishwasher Rinse Aid, 38 fl oz",https://www.costco.com/.product.2312000.html,,,0,0,https://www.costco.com/grocery-household.html
0a91a0eb-be48-5ca1-bdff-cebb96e7b871,1738,1579880,1579880,"Coca-Cola Mini, Variety Pack, 7.5 fl oz, 30-count",https://www.costco.com/.product.1579880.html,,,0,0,https://www.costco.com/grocery-household.html
76d70662-c812-5541-81ac-d7e8dcb5d6e4,1738,5161251,5161251,"Downy Unstopables In-wash Scent Booster Beads, Fresh, 39.9 oz",https://www.costco.com/.product.5161251.html,,,0,0,https://www.costco.com/grocery-household.html
ce136118-8b74-5ad5-a7de-c95905b24663,1738,913437,913437,"Clorox Clean-Up All Purpose Cleaner with Bleach, Original, 32 fl oz Spray & 180 fl oz Refill",https://www.costco.com/.product.913437.html,,,0,0,https://www.costco.com/grocery-household.html
cddd8daa-0156-5684-8c45-ce29998cd010,1738,477403,477403,"Del Monte, Canned Cut Green Beans, 14.5 oz, 12-Count",https://www.costco.com/.product.477403.html,,,0,0,https://www.costco.com/grocery-household.html
4cdbb8f7-718a-5ab8-871e-686680092eca,1738,1685578,1685578,"Bibigo, Cooked Sticky White Rice Bowls, Medium Grain, 7.4 oz, 12-Count",https://www.costco.com/.product.1685578.html,,,0,0,https://www.costco.com/grocery-household.html
febce83f-5a35-5d02-b361-43ecf10461ec,1738,1608549,1608549,"Ocean Spray, Cranberry Juice, Variety Pack, 10 fl oz, 24-Count",https://www.costco.com/.product.1608549.html,,,0,0,https://www.costco.com/grocery-household.html
7438e488-53fe-52ac-8269-6ab8529a82cd,1738,1483585,1483585,"OREO Sandwich Cookies, Variety Pack, 60-count",https://www.costco.com/.product.1483585.html,,,0,0,https://www.costco.com/grocery-household.html
990f20a1-7c2b-512d-ae4b-a684d02a8539,1738,993449,993449,"Garofalo, Organic Pasta, Variety Pack, 17.6 oz, 6-Count",https://www.costco.com/.product.993449.html,,,0,0,https://www.costco.com/grocery-household.html
2bb46447-6734-5a01-a978-62c0014d3923,1738,1331846,1331846,"Kirkland Signature Semi-Sweet Chocolate Chips, 4.5 lbs",https://www.costco.com/.product.1331846.html,,,0,0,https://www.costco.com/grocery-household.html
3bfb57cb-1dfa-59fc-b36a-a0941c839055,1738,1492456,1492456,"Kirkland Signature, Albacore Solid White Tuna in Water, 7 oz, 8-Count",https://www.costco.com/.product.1492456.html,,,0,0,https://www.costco.com/grocery-household.html
41ec1825-e9be-5f23-88e6-63d4bb800152,1738,1123591,1123591,"Nature's Garden Organic Trail Mix Snack Packs, Variety Pack, 1.2 oz, 24-count",https://www.costco.com/.product.1123591.html,,,0,0,https://www.costco.com/grocery-household.html
d9b9b991-4b70-50e6-a028-c79b5c102628,1738,1243186,1243186,"Heavenly Hunks Organic Oatmeal Dark Chocolate Cookies, 22 oz",https://www.costco.com/.product.1243186.html,,,0,0,https://www.costco.com/grocery-household.html
aa3f5955-aef6-56a6-9c13-e973d381cfb0,1738,5247022,5247022,"Tide Pods with Ultra Oxi Laundry Detergent Pods, 100-count",https://www.costco.com/.product.5247022.html,,,0,0,https://www.costco.com/grocery-household.html
68ec7728-258d-556a-b9f7-73aee332d1b5,1738,1760616,1760616,"GoGo SqueeZ, Organic Applesauce, Variety Pack, 3.2 oz, 28-count",https://www.costco.com/.product.1760616.html,,,0,0,https://www.costco.com/grocery-household.html
cce40110-bf0c-5a0d-9c16-120eb7b3f1f3,1738,1489206,1489206,"Pringles Grab & Go Potato Crisps, Variety, 36-count",https://www.costco.com/.product.1489206.html,,,0,0,https://www.costco.com/grocery-household.html
335fda17-6018-5031-bc58-d7ce2a5108fe,1738,1632656,1632656,"PopCorners Popped Corn Snacks Variety Pack, 1 oz, 30-Count",https://www.costco.com/.product.1632656.html,,,0,0,https://www.costco.com/grocery-household.html
f494765b-a14f-5bea-9f78-21f393e7545f,1738,443298,443298,"Kraft, Macaroni & Cheese Dinner Cup, 2.05 oz, 12-Count",https://www.costco.com/.product.443298.html,,,0,0,https://www.costco.com/grocery-household.html
52f7f484-d0ed-5b7c-9290-da9db8ec3221,1738,4054232,4054232,"Kirkland Signature Coffee Organic Pacific Bold K-Cup Pod, 120-count",https://www.costco.com/.product.4054232.html,,,0,0,https://www.costco.com/grocery-household.html
e6b2833b-baab-5b4d-8412-f8812baa3445,1738,162274,162274,"Chicken of the Sea, Chunk Light Premium Tuna in Water, 7 oz, 12-Count",https://www.costco.com/.product.162274.html,,,0,0,https://www.costco.com/grocery-household.html
57507ee9-b72c-57f7-9aad-7eaa4fa6a8b2,1738,4160644,4160644,"Gain +Oxi Liquid Laundry Detergent, Original, 159 Loads, 170 fl oz",https://www.costco.com/.product.4160644.html,,,0,0,https://www.costco.com/grocery-household.html
e5160cb5-c6f8-5752-9041-277171feb497,1738,1572002,1572002,"Campbell's, Simply Chicken Noodle Soup, 18.6 oz, 8-Count",https://www.costco.com/.product.1572002.html,,,0,0,https://www.costco.com/grocery-household.html
fdd12275-208e-5233-86df-29a778e657e0,1738,980978,980978,"Nissin Cup Noodles, Chicken, 2.5 oz, 24-count",https://www.costco.com/.product.980978.html,,,0,0,https://www.costco.com/grocery-household.html
e96b6338-b4cf-539e-9db2-77be9b705398,1738,1717856,1717856,"Scotch-Brite Zero Scratch Sponge, 24-count",https://www.costco.com/.product.1717856.html,,,0,0,https://www.costco.com/grocery-household.html
253910c3-d803-5a14-b468-554fb3adee83,1738,2990,2990,"Honest Kids, Organic Juice Drink, Variety Pack, 6 fl oz, 40-count",https://www.costco.com/.product.2990.html,,,0,0,https://www.costco.com/grocery-household.html
b625efe7-d9cf-5feb-8303-bf103aec42bc,1738,1377067,1377067,"Kirkland Signature Chewy Protein Bar, Peanut Butter & Semisweet Chocolate Chip, 1.41 oz, 42-Count",https://www.costco.com/.product.1377067.html,,,0,0,https://www.costco.com/grocery-household.html
9bf194d4-f0ac-5a51-9c43-4696422d0cf5,1738,2054350,2054350,"Crest 3D White Brilliant Mint Whitening Toothpaste, 5.2 oz, 5-pack",https://www.costco.com/.product.2054350.html,,,0,0,https://www.costco.com/grocery-household.html
f4b02c66-4a8d-5237-9e1c-434e695224a1,1738,1218891,1218891,"Vita Coco, Coconut Water, 11.1 fl oz, 18-count",https://www.costco.com/.product.1218891.html,,,0,0,https://www.costco.com/grocery-household.html
123d3a19-6518-5a5f-a746-769a6b6431d6,1738,1407434,1407434,"Nongshim, Tonkotsu Ramen Bowl, 3.56 oz, 6-Count",https://www.costco.com/.product.1407434.html,,,0,0,https://www.costco.com/grocery-household.html
dc1ade8b-81e7-5109-aa0d-2f4faae386da,1738,912796,912796,"Scott Bath Tissue, 1-Ply, 1100 Sheets, 36 Rolls",https://www.costco.com/.product.912796.html,,,0,0,https://www.costco.com/grocery-household.html
cd451162-c43a-5982-8f5c-ff1cdef2054b,1738,1089527,1089527,"Goldfish Baked Snacks, Variety Pack, 45-count",https://www.costco.com/.product.1089527.html,,,0,0,https://www.costco.com/grocery-household.html
8c701a97-e988-59dd-8a3c-2e79d132a8c1,1738,1897217,1897217,"Ziploc Seal Top Freezer Bag, Gallon, 136-count",https://www.costco.com/.product.1897217.html,,,0,0,https://www.costco.com/grocery-household.html
14b7d7cc-d812-53b4-b39f-484e728517cb,1738,1473917,1473917,"Kirkland Signature Trail Mix Snack Packs, 2 oz, 28-count",https://www.costco.com/.product.1473917.html,,,0,0,https://www.costco.com/grocery-household.html
3a0265cd-2ce8-52b8-b031-7a0b2ecd8d39,1738,785094,785094,"Vanity Fair Everyday Napkin, 2-Ply, 110-count, 6-pack",https://www.costco.com/.product.785094.html,,,0,0,https://www.costco.com/grocery-household.html
700ddc48-d072-55ae-810a-bcf2acf9f893,1738,425349,425349,"Del Monte, Canned Corn-Whole Kernel, 15.25 oz, 12-Count",https://www.costco.com/.product.425349.html,,,0,0,https://www.costco.com/grocery-household.html
4f32b403-dcf6-52d7-890e-1abb5102a196,1738,2626431,2626431,"Arm & Hammer Plus OxiClean Max HE Liquid Laundry Detergent, Fresh, 200 Loads, 200 fl oz",https://www.costco.com/.product.2626431.html,,,0,0,https://www.costco.com/grocery-household.html
99b16805-3aac-5abb-84b3-fe9d986f45f9,1738,1394201,1394201,"Kirkland Signature, Organic Coconut Water, 11.1 fl oz, 12-count",https://www.costco.com/.product.1394201.html,,,0,0,https://www.costco.com/grocery-household.html
ba800748-2080-5eee-b6fe-8c4dccb6d4ef,1738,1833411,1833411,"Alani Nu Energy Drink, Variety Pack, 12 fl oz, 18-count",https://www.costco.com/.product.1833411.html,,,0,0,https://www.costco.com/grocery-household.html
86e812e1-f561-5d8d-aad6-826481f4e02f,1738,1258564,1258564,"Country Archer Grass-Fed Beef Stick Minis Original, 0.5 oz, 28-Count",https://www.costco.com/.product.1258564.html,,,0,0,https://www.costco.com/grocery-household.html
65112cc0-6884-5e7f-af26-663da75d2301,1738,1504495,1504495,"Crest + Scope Cavity Protection Toothpaste, 8.2 oz, 5-pack",https://www.costco.com/.product.1504495.html,,,0,0,https://www.costco.com/grocery-household.html
b378c322-e0b0-5e76-abb7-1f8048453c54,1738,17767,17767,"Kirkland Signature Colombian Coffee, Dark Roast, 3 lbs",https://www.costco.com/.product.17767.html,,,0,0,https://www.costco.com/grocery-household.html
1751d8ba-28d6-58a9-8ee7-35087285a317,1738,986292,986292,"Clif Kid Organic ZBar, Variety Pack, 1.27 oz, 36-count",https://www.costco.com/.product.986292.html,,,0,0,https://www.costco.com/grocery-household.html
70697e80-12a5-5a49-9bf6-0d164700defc,1738,1779098,1779098,"BODYARMOR Lyte Sports Drink, Variety Pack, 20 fl oz, 18-count",https://www.costco.com/.product.1779098.html,,,0,0,https://www.costco.com/grocery-household.html
ef006b64-4ae4-5785-b548-343323774142,1738,1755436,1755436,"Kirkland Signature 18-Gallon Compactor & Kitchen Trash Bag, 70-count",https://www.costco.com/.product.1755436.html,,,0,0,https://www.costco.com/grocery-household.html
002326c4-ffb2-56f8-ade0-1ba30791a762,1738,1897232,1897232,"Ziploc Seal Top Bag, Sandwich, 480-count",https://www.costco.com/.product.1897232.html,,,0,0,https://www.costco.com/grocery-household.html
8d36c786-cc14-5847-ba24-d92d988f6959,1738,1707643,1707643,"Milano Cookies, Double Dark Chocolate, 0.98 oz, 30-count",https://www.costco.com/.product.1707643.html,,,0,0,https://www.costco.com/grocery-household.html
8e288ede-f68b-50d7-b317-cec0b198d20c,1738,1585373,1585373,"Kirkland Signature Napkins, 1-Ply, 280-count, 4-pack",https://www.costco.com/.product.1585373.html,,,0,0,https://www.costco.com/grocery-household.html
16f65f9c-2805-5485-9991-1a2c62fb3736,1738,1652990,1652990,"Kirkland Signature Premoistened Flushable Wipes, Fragrance Free, 640-count",https://www.costco.com/.product.1652990.html,,,0,0,https://www.costco.com/grocery-household.html
14a01b04-ede2-5064-9e61-f49bc35d47a0,1738,1680310,1680310,"Variety Snack Pack, 40-count",https://www.costco.com/.product.1680310.html,,,0,0,https://www.costco.com/grocery-household.html
11be1c12-f4d6-5d6c-b1ee-aa5e1d7b81fc,1738,956696,956696,"Kirkland Signature Extra-Large Absorbent Pads, 30 in L X 23 in W, 100-count",https://www.costco.com/.product.956696.html,,,0,0,https://www.costco.com/grocery-household.html
442464c9-0c7f-51c2-a58e-ef7108b3d8f7,1738,841930,841930,"Kirkland Signature, Thai Hom Mali Jasmine Rice, 25 lbs",https://www.costco.com/.product.841930.html,,,0,0,https://www.costco.com/grocery-household.html
f52e61ab-bb12-5685-a7a7-215acf8c95e5,1738,1956337,1956337,"Nescafé Blonde Gold Instant Espresso, 7 oz",https://www.costco.com/.product.1956337.html,,,0,0,https://www.costco.com/grocery-household.html
2059f21b-14f9-58a2-8f67-db6e897199d1,1738,1456660,1456660,"Swiffer Sweeper Heavy Duty Dry Sweeping Cloth Refills, 50-count",https://www.costco.com/.product.1456660.html,,,0,0,https://www.costco.com/grocery-household.html
1ccbf28d-d6aa-5091-ab38-2756a0deeecd,1738,426292,426292,"Arm & Hammer, Pure Baking Soda, 13.5 lbs",https://www.costco.com/.product.426292.html,,,0,0,https://www.costco.com/grocery-household.html
7d23fddc-20d5-56ba-a35c-f10b9ef5fd9f,1738,1725830,1725830,"Kirkland Signature Fabric Softener Sheets, 250 Sheets, 2-count",https://www.costco.com/.product.1725830.html,,,0,0,https://www.costco.com/grocery-household.html
f83adf19-b3ab-5d9b-8592-8bd975ed2c49,1738,1924266,1924266,"San Pellegrino Ciao! Sparkling Water, Variety Pack, 11.15 fl oz, 24-count",https://www.costco.com/.product.1924266.html,,,0,0,https://www.costco.com/grocery-household.html
ff53b2e0-3b89-5408-8077-5974ce25b535,1738,2040251,2040251,"Maison Perrier French Kiss Sparkling Juice Beverage, Variety Pack, 11.15 fl oz, 20-count",https://www.costco.com/.product.2040251.html,,,0,0,https://www.costco.com/grocery-household.html
b47b71a3-f8b4-597a-8803-c1c0a2c48ba2,1738,1491866,1491866,"Go Raw Sprouted Organic Pumpkin Seeds with Sea Salt, 22 oz",https://www.costco.com/.product.1491866.html,,,0,0,https://www.costco.com/grocery-household.html
bab064b6-2782-58be-831b-15659a5c6037,1738,3123239,3123239,"Starbucks French Roast Coffee, Dark, Keurig K-Cup Pods, 72 count",https://www.costco.com/.product.3123239.html,,,0,0,https://www.costco.com/grocery-household.html
52bcfa09-f26b-518c-8878-bf6849d12f87,1738,6406,6406,"Kirkland Signature Premium Extra Thick Steak Strips, 12 oz",https://www.costco.com/.product.6406.html,,,0,0,https://www.costco.com/grocery-household.html
ad1358eb-fe0f-5dc7-910d-3f8650af0aa8,1738,1843108,1843108,"Kirkland Signature Gallon Plus Freezer Bags, 192-count",https://www.costco.com/.product.1843108.html,,,0,0,https://www.costco.com/grocery-household.html
316600e4-e274-5ccd-9307-b1145180ad89,1738,1986173,1986173,"Snapdragon Foods Vietnamese Pho Bowls, Beef, 3.1 oz, 9-count",https://www.costco.com/.product.1986173.html,,,0,0,https://www.costco.com/grocery-household.html
085ef486-7e26-5d50-b86e-6e77d9220acd,1738,663439,663439,"Cheez-It Crackers, Cheddar, 1.5 oz, 45-count",https://www.costco.com/.product.663439.html,,,0,0,https://www.costco.com/grocery-household.html
672ce4a2-ffda-5fe6-b585-4f84870280ee,1738,1172471,1172471,"Kerrygold Pure Irish Butter, Salted, 8 oz, 4-count",https://www.costco.com/.product.1172471.html,,,0,0,https://www.costco.com/grocery-household.html
4a1b0d6a-ea1f-5f93-bcce-00eb78726b8b,1738,12648,12648,"Kirkland Signature Cutlery, Clear, 360-count",https://www.costco.com/.product.12648.html,,,0,0,https://www.costco.com/grocery-household.html
b49a84e8-d6fc-533c-bf77-8d066701947e,1738,1750832,1750832,"Zevo Flying Insect Trap Starter Kit, 2 Devices + 6 Refills",https://www.costco.com/.product.1750832.html,,,0,0,https://www.costco.com/grocery-household.html
2e7f8f7f-0cea-5baa-b7d8-7bde8d5903fa,1738,1755441,1755441,"Kirkland Signature Flex-Tech 33-Gallon Trash Bag, 90-count",https://www.costco.com/.product.1755441.html,,,0,0,https://www.costco.com/grocery-household.html
9c2d5fe3-9cf2-5a75-a8e9-ab94019bedb8,1738,1963239,1963239,"Airwick Scented Oils, 1 Plug-in + 9 Refills, Variety Pack, Assorted Scents",https://www.costco.com/.product.1963239.html,,,0,0,https://www.costco.com/grocery-household.html
41d5962b-fe9f-5618-8536-17654ebe8dff,1738,132666,132666,"Royal, Basmati Rice, 20 lbs",https://www.costco.com/.product.132666.html,,,0,0,https://www.costco.com/grocery-household.html
86f7a517-cf92-5bdc-8f6b-63ac5b487a64,1738,3818035,3818035,"The Original Donut Shop Coffee K-Cup Pod, 80-count",https://www.costco.com/.product.3818035.html,,,0,0,https://www.costco.com/grocery-household.html
398e08e9-f7b5-55fd-8f88-9b7e8db24ee2,1738,2203187,2203187,"Lysol Laundry Sanitizer, Crisp Linen, 150 fl oz",https://www.costco.com/.product.2203187.html,,,0,0,https://www.costco.com/grocery-household.html
0180390e-6043-5ae6-8157-d11d47fb762d,1738,4873222,4873222,"All Free & Clear Plus+ Liquid Laundry Detergent, 160 Loads, 200 fl oz",https://www.costco.com/.product.4873222.html,,,0,0,https://www.costco.com/grocery-household.html
4b7d2d37-0d25-5246-befc-a59488b53581,1738,124502,124502,"Nature Valley Protein Bar, Peanut Butter Dark Chocolate, 1.42 oz, 30-count",https://www.costco.com/.product.124502.html,,,0,0,https://www.costco.com/grocery-household.html
348ec5d0-82b5-5417-9be5-a4ee18e49d15,1738,1695155,1695155,"Cetaphil Moisturizing Cream Ultimate with Prebiotic Aloe, Very Dry to Dry Sensitive Skin, 20 oz + 16 oz, 2-pack",https://www.costco.com/.product.1695155.html,,,0,0,https://www.costco.com/grocery-household.html
34d89576-a938-591f-a20b-53b4182c4c5d,1738,1415519,1415519,"Propel Fitness Water Variety Pack, 16.9 fl oz, 24-count",https://www.costco.com/.product.1415519.html,,,0,0,https://www.costco.com/grocery-household.html
cccb8991-179f-5cfd-927c-02d9e089d19b,1738,633561,633561,"Kirkland Signature, Organic Diced Tomatoes, 14.5 oz, 8-Count",https://www.costco.com/.product.633561.html,,,0,0,https://www.costco.com/grocery-household.html
27b24a66-fec0-56f1-a865-3a0150685e43,1738,296917,296917,"Dixie Ultra 20 oz Paper Bowl, 135-count",https://www.costco.com/.product.296917.html,,,0,0,https://www.costco.com/grocery-household.html
6ba08ea1-f358-5596-bf24-0103955bb287,1738,969786,969786,"Meiji Hello Panda Chocolate Creme Filled Cookies, 0.75 oz, 32-count",https://www.costco.com/.product.969786.html,,,0,0,https://www.costco.com/grocery-household.html
f0362c1b-04e0-5880-a19c-6b3ee86ce313,1738,2056753,2056753,"Bloom Sparkling Energy Drink, Flavor Obsessions, Variety Pack, 12 fl oz, 18-count",https://www.costco.com/.product.2056753.html,,,0,0,https://www.costco.com/grocery-household.html
f0fca4ec-060f-558e-834b-77f24640ae35,1738,1281762,1281762,"Kirkland Signature Moisture Shampoo, 33.8 fl oz, 1-count",https://www.costco.com/.product.1281762.html,,,0,0,https://www.costco.com/grocery-household.html
fed15692-301a-5b5f-b7da-3bbe780a1cc8,1738,2048159,2048159,"Celsius Vibe Energy Drink, Variety Pack, 12 fl oz, 18-count",https://www.costco.com/.product.2048159.html,,,0,0,https://www.costco.com/grocery-household.html
054d4157-aa6e-5ce4-9dc8-5d0ddcfb6a53,1738,9555,9555,"Kirkland Signature Microwave Popcorn, 3.3 oz, 44-count",https://www.costco.com/.product.9555.html,,,0,0,https://www.costco.com/grocery-household.html
2e72d8a7-5c49-536a-b79f-ed4f9a7d2568,1738,1347776,1347776,"Kirkland Signature Wild Flower Honey, 5 lbs",https://www.costco.com/.product.1347776.html,,,0,0,https://www.costco.com/grocery-household.html
59575cda-33e0-5906-87f6-45281b4a332e,1738,1843112,1843112,"Kirkland Signature Freezer Quart Plus Bags, 264-count",https://www.costco.com/.product.1843112.html,,,0,0,https://www.costco.com/grocery-household.html
38b67b54-abce-5025-945f-e16186a34501,1738,1996983,1996983,"belVita Energy Snack Bites Variety Pack, 25-count",https://www.costco.com/.product.1996983.html,,,0,0,https://www.costco.com/grocery-household.html
94fca92e-fb3f-5816-afbc-1d656108bc3a,1738,2533324,2533324,"Lysol Disinfectant Spray, Crisp Linen, 19 oz, 3-count",https://www.costco.com/.product.2533324.html,,,0,0,https://www.costco.com/grocery-household.html
a059776c-7ff9-5387-bc43-4d8377c50f3e,1738,1937492,1937492,"Alani Nu Energy Drink, Witch's Brew, 12 fl oz, 18-count",https://www.costco.com/.product.1937492.html,,,0,0,https://www.costco.com/grocery-household.html
0631a602-58b8-5a4f-8b74-ef36f1fa2a5b,1738,1811598,1811598,"Head & Shoulders 2-in-1 Dandruff Shampoo and Conditioner Advanced Scalp Care, 40 fl oz",https://www.costco.com/.product.1811598.html,,,0,0,https://www.costco.com/grocery-household.html
d5d27d2b-8864-5be0-a15c-0c8db895b93f,1738,971832,971832,"Kirkland Signature Dental Chews, 72-count",https://www.costco.com/.product.971832.html,,,0,0,https://www.costco.com/grocery-household.html
315c83a2-ab7b-56c3-9564-c258b1919a60,1738,917546,917546,"Jif Creamy Peanut Butter 48 oz, 2-Count",https://www.costco.com/.product.917546.html,,,0,0,https://www.costco.com/grocery-household.html
c56fab05-5fe1-5b83-b225-015ce4323628,1738,834603,834603,"Kodiak Cakes Power Cakes Flapjack and Waffle Mix, 4.5 lbs",https://www.costco.com/.product.834603.html,,,0,0,https://www.costco.com/grocery-household.html
fc999172-0d51-52ee-b49e-f8efa0184de5,1738,1806357,1806357,"Duracell 9V Alkaline Batteries, 8-count",https://www.costco.com/.product.1806357.html,,,0,0,https://www.costco.com/grocery-household.html
d33dd27d-18bf-5cdf-a612-bf12fbfb215c,1738,1418060,1418060,"Kirkland Signature Moisture Conditioner, 33.8 fl oz, 1-count",https://www.costco.com/.product.1418060.html,,,0,0,https://www.costco.com/grocery-household.html
de624bc2-c84c-530c-a14d-ca3f773bb99d,1738,8984865,8984865,"Crafted Classics Coffee K-Cup Pod Variety Pack, 72ct K-Cup Pods",https://www.costco.com/.product.8984865.html,,,0,0,https://www.costco.com/grocery-household.html
18eef8e5-0935-59e0-acc1-f44937582a61,1738,1199479,1199479,"M&M's Chocolate Peanut, 62 oz",https://www.costco.com/.product.1199479.html,,,0,0,https://www.costco.com/grocery-household.html
1e07e721-73b3-59ae-8e61-50aec8aff633,1738,2700048,2700048,"Tide Pods Laundry Detergent Pods, Free & Gentle, 152-count",https://www.costco.com/.product.2700048.html,,,0,0,https://www.costco.com/grocery-household.html
49b3900a-fda3-5783-bb13-bd95b78025a7,1738,1323118,1323118,"Kirkland Signature Parchment Paper, 15 in x 164 ft, 2 count",https://www.costco.com/.product.1323118.html,,,0,0,https://www.costco.com/grocery-household.html
9d29a750-2ef3-5ba4-8b72-3be3273a1ec8,1738,1988113,1988113,"Fabuloso Multi-Purpose Cleaner, Lavender, 210 fl oz",https://www.costco.com/.product.1988113.html,,,0,0,https://www.costco.com/grocery-household.html
3fc092e4-fd68-54d1-92c6-ae5e85856107,1738,4160408,4160408,"Tide Plus with Ultra Downy Liquid Laundry Detergent, April Fresh, 100 Loads, 128 fl oz",https://www.costco.com/.product.4160408.html,,,0,0,https://www.costco.com/grocery-household.html
55f24101-1372-54b0-a71b-01c76734d14f,1738,835671,835671,"Kirkland Signature Raisins, Milk Chocolate, 3.4 lbs",https://www.costco.com/.product.835671.html,,,0,0,https://www.costco.com/grocery-household.html
f792ee0c-cd92-573a-bc9e-d860f44d1a45,1738,1700118,1700118,"Skinny Dipped Cups, Dark Chocolate Peanut Butter, 30-count",https://www.costco.com/.product.1700118.html,,,0,0,https://www.costco.com/grocery-household.html
bd8f2e3c-5378-5986-989e-d9565f627e04,1738,549797,549797,"Lotus Biscoff Cookies, 8.8 oz., 4 Count",https://www.costco.com/.product.549797.html,,,0,0,https://www.costco.com/grocery-household.html
77e04708-0d3a-59ba-8f89-89b6c79b1413,1738,1392843,1392843,"Chosen Foods Avocado Oil Spray, 13.5 oz, 2-count",https://www.costco.com/.product.1392843.html,,,0,0,https://www.costco.com/grocery-household.html
f3a9c3bf-8675-5388-b20f-d381c6d17908,1738,1805039,1805039,"Pine-Sol Multi-Surface Cleaner, Original, 60 fl oz, 2-count",https://www.costco.com/.product.1805039.html,,,0,0,https://www.costco.com/grocery-household.html
2de9a496-a11e-5585-9e0a-14fc25d17443,1738,1800413,1800413,"Dove Advanced Care Invisible+ Deodorant, 2.6 oz, 4-pack",https://www.costco.com/.product.1800413.html,,,0,0,https://www.costco.com/grocery-household.html
e87b443d-41dc-5a99-941e-55d7bca4ca4d,1738,3160440,3160440,"Tide Plus Advanced Power with Oxi Liquid Laundry Detergent, Original, 78 Loads, 138 fl oz",https://www.costco.com/.product.3160440.html,,,0,0,https://www.costco.com/grocery-household.html
5307811e-f48c-5e5b-b6f1-25912ad6c6d3,1738,901991,901991,"Kirkland Signature, Organic Sugar, 10 lbs",https://www.costco.com/.product.901991.html,,,0,0,https://www.costco.com/grocery-household.html
8608865e-7a51-545c-bbb5-cc8ff8908390,1738,1748763,1748763,"Kirkland Signature Breakfast Sandwich, 4.82 oz, 8-count",https://www.costco.com/.product.1748763.html,,,0,0,https://www.costco.com/grocery-household.html
df902162-87bc-5338-bd8f-44e9b98d6b44,1738,2023427,2023427,"Rao's Homemade Marinara Sauce Made with Italian Tomatoes, 31.7 oz, 2-count",https://www.costco.com/.product.2023427.html,,,0,0,https://www.costco.com/grocery-household.html
7c057e2d-8305-5514-a612-9a1b11924c15,1738,2899021,2899021,"Peet's Coffee Major Dickason’s K-Cup Coffee Pods, 80-count",https://www.costco.com/.product.2899021.html,,,0,0,https://www.costco.com/grocery-household.html
5fd6b033-afb2-5d98-be90-6269f88824b7,1738,1731104,1731104,"Crest Pro-Health Advanced Mouthwash, 33.8 fl oz, 3-pack",https://www.costco.com/.product.1731104.html,,,0,0,https://www.costco.com/grocery-household.html
2b290d2b-9503-5b4d-b8f2-33cd500d443d,1738,1984999,1984999,"Kirkland Signature Rice Crackers, 32 oz",https://www.costco.com/.product.1984999.html,,,0,0,https://www.costco.com/grocery-household.html
c3984a36-9e76-5650-bf3b-ea3f9bb14a52,1738,2043170,2043170,"Tasty Bite Organic Madras Lentils, 10 oz, 8-count",https://www.costco.com/.product.2043170.html,,,0,0,https://www.costco.com/grocery-household.html
6125b5bc-7443-5db7-be8c-64bcca2dd56c,1738,1695152,1695152,"Cetaphil Gentle Skin Cleanser, Dry to Normal Sensitive Skin, 20 fl oz, 2-count",https://www.costco.com/.product.1695152.html,,,0,0,https://www.costco.com/grocery-household.html
aeec0b9d-0961-52cd-88c6-04a5301d3501,1738,316689,316689,"Lotus Foods, Organic Millet & Brown Rice Ramen, 2.5 oz, 12-Count",https://www.costco.com/.product.316689.html,,,0,0,https://www.costco.com/grocery-household.html
3882b408-9352-58e7-8ca0-9f95df1d50ac,1738,1717853,1717853,"Scotch-Brite Heavy Duty Sponge, 24-count",https://www.costco.com/.product.1717853.html,,,0,0,https://www.costco.com/grocery-household.html
7121c96b-e5ba-5b33-9226-21bbf94b9b27,1738,5354,5354,"Hidden Valley Original Ranch Homestyle Dressing, 40 fl oz, 2-count",https://www.costco.com/.product.5354.html,,,0,0,https://www.costco.com/grocery-household.html
7cd97f9d-082d-5bcc-895c-69f1d4bbc402,1738,1594596,1594596,"Gatorade Thirst Quencher, Turf Variety Pack, 12 fl oz, 28-count",https://www.costco.com/.product.1594596.html,,,0,0,https://www.costco.com/grocery-household.html
e146562f-33ba-5559-9d66-427eb4499def,1738,1474436,1474436,"Kirkland Signature Trail Mix, 4 lbs",https://www.costco.com/.product.1474436.html,,,0,0,https://www.costco.com/grocery-household.html
8dc5a06f-9af6-5185-a685-ca45425372ab,1738,854344,854344,"Sprite Lemon-Lime Caffeine Free Soda Soft Drink Cans, 12 fl oz, 35-count",https://www.costco.com/.product.854344.html,,,0,0,https://www.costco.com/grocery-household.html
d83ad744-f395-5a3c-b1db-cf766cfb8e73,1738,1732802,1732802,"Kirkland Signature Sweet Heat Snack Mix, 24 oz",https://www.costco.com/.product.1732802.html,,,0,0,https://www.costco.com/grocery-household.html
97bbe1b8-2158-5fe7-95a8-676923e53d35,1738,401621,401621,"Hershey's Nuggets Assortment, Variety Pack, 145-count",https://www.costco.com/.product.401621.html,,,0,0,https://www.costco.com/grocery-household.html
83558e4a-19b5-5fe9-ae1a-e83d2a06920e,1738,87507,87507,"Kirkland Signature 10-Gallon Wastebasket Liner, Clear, 500-count",https://www.costco.com/.product.87507.html,,,0,0,https://www.costco.com/grocery-household.html
fab9c0ce-e266-58e4-b78f-17c5505b01cb,1738,383456,383456,"Sweet Baby Ray's, Barbecue Sauce, 40 oz, 2-Count",https://www.costco.com/.product.383456.html,,,0,0,https://www.costco.com/grocery-household.html
70e398ae-e326-53e7-b8f2-f414ee43e84a,1738,1415808,1415808,"WestEnd Cuisine Grilled Chicken Skewers, Mediterranean Style, 2 oz, 14-count",https://www.costco.com/.product.1415808.html,,,0,0,https://www.costco.com/grocery-household.html
09d58b9d-0986-509e-91af-3a3759e36e2e,1738,1660437,1660437,"Folgers Classic Roast Ground Coffee, Medium, 43.5 oz",https://www.costco.com/.product.1660437.html,,,0,0,https://www.costco.com/grocery-household.html
43813f3a-2328-5151-8ea3-574598e4413a,1738,1205611,1205611,"Cottonelle Fresh Care Flushable Wipes, 560 Wipes",https://www.costco.com/.product.1205611.html,,,0,0,https://www.costco.com/grocery-household.html
a5e44278-8f1c-5d87-a63a-96934be3a15c,1738,734786,734786,"General Mills, Cheerios Cereal, Honey Nut, 27.5 oz, 2-count",https://www.costco.com/.product.734786.html,,,0,0,https://www.costco.com/grocery-household.html
db169ac4-bacc-52df-9499-6beb2ced3537,1738,569051,569051,"Wonderful Roasted & Salted Pistachios, 24 oz",https://www.costco.com/.product.569051.html,,,0,0,https://www.costco.com/grocery-household.html
3ae0790d-3d19-5648-9db3-d880a9fdf5b2,1738,1907127,1907127,Swiffer Sweep + Mop Deluxe Sweeping Kit,https://www.costco.com/.product.1907127.html,,,0,0,https://www.costco.com/grocery-household.html
0f992089-8bd2-5575-a682-0a3ca2b6c6a9,1738,45221,45221,"Cheez-It Crackers, Cheddar, 3 lbs",https://www.costco.com/.product.45221.html,,,0,0,https://www.costco.com/grocery-household.html
f57d882e-1628-5905-810e-cfbb44058775,1738,1193444,1193444,"Kirkland Signature Chinet 18 oz Plastic Cup, Red, 240-count",https://www.costco.com/.product.1193444.html,,,0,0,https://www.costco.com/grocery-household.html
38ab11e0-363b-5811-9c73-18d00f13430d,1738,1652577,1652577,"Kirkland Signature Extra Fancy Mixed Nuts, Unsalted, 2.5 lbs",https://www.costco.com/.product.1652577.html,,,0,0,https://www.costco.com/grocery-household.html
a6e15e8f-59dc-5ff0-98e7-324093cdafb7,1738,1699741,1699741,"Gillette Venus ComfortGlide Essential Botanicals, 1 Razor + 12 Cartridges Gel",https://www.costco.com/.product.1699741.html,,,0,0,https://www.costco.com/grocery-household.html
b4d73517-00ea-5d1e-b5ac-bda190a68f55,1738,118677,118677,"Nestlé Toll House, Semi-Sweet Chocolate Chip Morsels, 72 oz",https://www.costco.com/.product.118677.html,,,0,0,https://www.costco.com/grocery-household.html
fb518e64-8d73-5dcd-891b-a611b0a6f85f,1738,1450796,1450796,"Just Bare Lightly Breaded Chicken Breast Chunks, Boneless Skinless, 4 lbs",https://www.costco.com/.product.1450796.html,,,0,0,https://www.costco.com/grocery-household.html
f96a2bbb-9ebf-5bef-8cc9-7f0a61b5c91d,1738,7552,7552,"Wild Planet, Albacore Wild Tuna, 5 oz, 6-count",https://www.costco.com/.product.7552.html,,,0,0,https://www.costco.com/grocery-household.html
50dc5cb6-06d9-5d0b-b24f-13ab113869f8,1738,1928295,1928295,"Dove Deep Moisture Body Wash, 23 fl oz, 3-pack",https://www.costco.com/.product.1928295.html,,,0,0,https://www.costco.com/grocery-household.html
9a669fd7-3d59-56ba-a910-c88ad7bfb5a7,1738,1658550,1658550,"Kirkland Signature Snacking Nuts Variety Pack, 1.6 oz, 21-count",https://www.costco.com/.product.1658550.html,,,0,0,https://www.costco.com/grocery-household.html
cbfdd5c6-d267-57a7-ab58-42be7aeada62,1738,2038055,2038055,"Seeds of Change Organic Quinoa & Brown Rice with Garlic & Lentils, 6-count",https://www.costco.com/.product.2038055.html,,,0,0,https://www.costco.com/grocery-household.html
2d743c2d-eeea-5972-84cd-d0a1dbc35f6d,1738,440493,440493,"Kirkland Signature Cashew Clusters, 2 lbs",https://www.costco.com/.product.440493.html,,,0,0,https://www.costco.com/grocery-household.html
f32aebb6-3981-56d7-bb6d-5e4db8481f12,1738,2010942,2010942,"Nature Valley Crispy Creamy Wafer Bars, Variety Pack, 1.3 oz, 28-count",https://www.costco.com/.product.2010942.html,,,0,0,https://www.costco.com/grocery-household.html
7a1e66eb-adc2-5337-9831-99a5cbed32d4,1738,1599199,1599199,"Golden Island Pork Snack Bites, Korean Barbecue, 1.5 oz, 12-count",https://www.costco.com/.product.1599199.html,,,0,0,https://www.costco.com/grocery-household.html
6578382b-6c46-59ac-a2a0-ea7c082a438e,1738,1850863,1850863,"Kirkland Signature  Flavored Sparkling Water, 17 fl oz, 24-count",https://www.costco.com/.product.1850863.html,,,0,0,https://www.costco.com/grocery-household.html
36616b4e-d53c-568a-9676-afed91360b36,1738,127489,127489,"Solo Heavyweight Plastic Spoon, White, 500 count",https://www.costco.com/.product.127489.html,,,0,0,https://www.costco.com/grocery-household.html
68ea8b00-b5fa-5355-8e1b-6f2decfa83a8,1738,36285,36285,"Kirkland Signature Walnut Halves, 3 lbs",https://www.costco.com/.product.36285.html,,,0,0,https://www.costco.com/grocery-household.html
c4dd46ee-1eec-5352-86ba-7e48cdc0d61d,1738,32911,32911,"Kirkland Signature Pure Vanilla, 16 fl oz",https://www.costco.com/.product.32911.html,,,0,0,https://www.costco.com/grocery-household.html
79219008-33f8-59b0-8d45-e5de531a6bd3,1738,142354,142354,"RITZ Crackers, Original, 18-count",https://www.costco.com/.product.142354.html,,,0,0,https://www.costco.com/grocery-household.html
688645df-21d3-5e8b-996e-8e602f7e79a8,1738,761486,761486,"Garofalo, Organic Spaghetti Noodles, 17.6 oz, 8-Count",https://www.costco.com/.product.761486.html,,,0,0,https://www.costco.com/grocery-household.html
447fbb4c-7402-577d-b2d4-e4a226bf0198,1738,736083,736083,"Kirkland Signature, Organic Lemonade, 96 fl oz, 2-count",https://www.costco.com/.product.736083.html,,,0,0,https://www.costco.com/grocery-household.html
87a5f0cf-5d71-5439-9bbc-1d1507615477,1738,670441,670441,"Peet's Coffee Major Dickason's Blend Coffee, Dark Roast, Whole Bean, 2 lbs",https://www.costco.com/.product.670441.html,,,0,0,https://www.costco.com/grocery-household.html
e102ab14-32a3-5f6e-8fcd-d719dd8a798e,1738,384732,384732,"Kirkland Signature, Pure Sea Salt, 30 oz",https://www.costco.com/.product.384732.html,,,0,0,https://www.costco.com/grocery-household.html
c9c73d42-9f7a-577e-9a11-93cd07b6cd33,1738,1054838,1054838,"Kirkland Signature Ultra Clean HE Laundry Detergent Pacs, 152-count",https://www.costco.com/.product.1054838.html,,,0,0,https://www.costco.com/grocery-household.html
e9f9bc7a-f04d-5dfc-bbec-f92163233dc4,1738,1390413,1390413,"Kirkland Signature Fancy Whole Cashews, 2.5lbs",https://www.costco.com/.product.1390413.html,,,0,0,https://www.costco.com/grocery-household.html
68ca6ec9-c932-5226-8d9a-86475725cfcc,1738,704329,704329,"Libby's, Vienna Sausage, 4.6 oz, 18-count",https://www.costco.com/.product.704329.html,,,0,0,https://www.costco.com/grocery-household.html
1558dc9b-59a1-5bfd-9d26-bbcb8e67dfa1,1738,1209607,1209607,"Kirkland Signature Praline Pecans, 2.5 lbs",https://www.costco.com/.product.1209607.html,,,0,0,https://www.costco.com/grocery-household.html
2db9b606-4618-5ef1-aadf-73fb2ec6b874,1738,446586,446586,"Quaker Oats Old Fashioned Rolled Oats, 10 lbs",https://www.costco.com/.product.446586.html,,,0,0,https://www.costco.com/grocery-household.html
34f91d4e-f956-52a0-8013-11c68d440210,1738,1218715,1218715,"Nutella & GO! Hazelnut and Cocoa Spread With Breadsticks, 1.8 oz, 16 Pack",https://www.costco.com/.product.1218715.html,,,0,0,https://www.costco.com/grocery-household.html
7c8f5342-aabf-5f03-9dbd-f108884a76b6,1738,1542070,1542070,"Goldfish Baked Snack Crackers, Cheddar, 66 oz",https://www.costco.com/.product.1542070.html,,,0,0,https://www.costco.com/grocery-household.html
fea74d70-e82d-56f9-86b5-a910475afc7f,1738,981859,981859,"Hellmann's Real Mayonnaise, Squeeze Bottle, 25 fl oz, 2-count",https://www.costco.com/.product.981859.html,,,0,0,https://www.costco.com/grocery-household.html
181e68b6-4469-5408-a7dd-0ab6e9a1d14d,1738,1999652,1999652,"BARNUM'S Animal Crackers, 1 oz, 30-count",https://www.costco.com/.product.1999652.html,,,0,0,https://www.costco.com/grocery-household.html
45750489-80ed-5dc2-9704-5107d738b131,1738,1812863,1812863,"Nutella Biscuits, 9.7 oz, 4-count",https://www.costco.com/.product.1812863.html,,,0,0,https://www.costco.com/grocery-household.html
3b3d77a8-dba5-5d42-9ee4-920b930b14f7,1738,1792368,1792368,"Maison Perrier Sparkling Water, 16.9 fl oz, 24-count",https://www.costco.com/.product.1792368.html,,,0,0,https://www.costco.com/grocery-household.html
1971defb-79e2-562b-aaba-c9efb21bf505,1738,581871,581871,"Kirkland Signature, Minced California Garlic, 48 oz",https://www.costco.com/.product.581871.html,,,0,0,https://www.costco.com/grocery-household.html
d256b63d-16ea-53e9-baac-8e31ae49c5a8,1738,2043159,2043159,"Poppi Soda, Juicy Hits Variety Pack, 12 fl oz, 18-count",https://www.costco.com/.product.2043159.html,,,0,0,https://www.costco.com/grocery-household.html
9919a797-0aec-5f15-b4a0-398cd6d16641,1738,1913150,1913150,"Frito Lay Simply Variety Pack, 30-count",https://www.costco.com/.product.1913150.html,,,0,0,https://www.costco.com/grocery-household.html
f6fb7c55-4149-58d7-8253-b34202423a81,1738,685586,685586,"Listerine UltraClean Coolmint Mouthwash, 1.5 Liter, 2-count",https://www.costco.com/.product.685586.html,,,0,0,https://www.costco.com/grocery-household.html
5a478da0-c823-51da-a8d0-5abbe75be499,1738,664635,664635,"Swisspers Premium Hypoallergenic Cotton Rounds, 900-count",https://www.costco.com/.product.664635.html,,,0,0,https://www.costco.com/grocery-household.html
3719ebad-ac5b-53a4-b54f-47813cefffc6,1738,1495250,1495250,"Kirkland Signature, Organic Coconut Water, 33.8 fl oz, 9-count",https://www.costco.com/.product.1495250.html,,,0,0,https://www.costco.com/grocery-household.html
f6ffa57e-2b26-51ef-a456-2bee020e94b5,1738,1115,1115,"Dixie 12 oz Paper Bowl, 175-count",https://www.costco.com/.product.1115.html,,,0,0,https://www.costco.com/grocery-household.html
c8c1f536-ed60-5454-8c64-40666e8a3ee7,1738,2079404,2079404,"Bolder Foods Loaded Baked Potato Soup, 24 oz, 2-count",https://www.costco.com/.product.2079404.html,,,0,0,https://www.costco.com/grocery-household.html
75400747-0263-55c3-9e0f-585fe220aa77,1738,1244454,1244454,"NESCAFE Taster's Choice Instant Coffee, House Blend, Light-Medium Roast, 14 oz",https://www.costco.com/.product.1244454.html,,,0,0,https://www.costco.com/grocery-household.html
0b2035f8-2eed-5375-ac8f-db6ac0a4b862,1738,1421932,1421932,"Dove Moisturizing Beauty Bar Soap Original, 3.75 oz, 16-count",https://www.costco.com/.product.1421932.html,,,0,0,https://www.costco.com/grocery-household.html
5e3cb8f7-5f31-52a9-b73d-8b149996a5d7,1738,1426611,1426611,"Loacker Minis Wafer Cookie Variety, 28.22 oz",https://www.costco.com/.product.1426611.html,,,0,0,https://www.costco.com/grocery-household.html
392edc41-4d48-5f2e-b62b-5406916e0228,1738,1758990,1758990,"Miss Vickie's Kettle Cooked Potato Chips, 1.38 oz, Variety Pack, 30-count",https://www.costco.com/.product.1758990.html,,,0,0,https://www.costco.com/grocery-household.html
ed085b3c-e2fd-589b-84d9-7ac47964e01d,1738,1795394,1795394,"IZZE, Sparkling Juice Beverage, Variety Pack, 8.4 fl oz, 24-Count",https://www.costco.com/.product.1795394.html,,,0,0,https://www.costco.com/grocery-household.html
f8c330c4-8588-5983-8869-fd0feb35f10a,1738,664927,664927,"Cinnamon Toast Crunch Cereal, 49.5 oz",https://www.costco.com/.product.664927.html,,,0,0,https://www.costco.com/grocery-household.html
34677241-c74d-594f-babc-79354b799da7,1738,438851,438851,"Capri Sun, 100% Juice, Variety Pack, 6 fl oz, 40-count",https://www.costco.com/.product.438851.html,,,0,0,https://www.costco.com/grocery-household.html
4146f7e4-06de-5a72-a240-8a7448e4b27a,1738,957330,957330,"Kirkland Signature Snacking Nuts, Variety Pack, 1.6 oz, 30-count",https://www.costco.com/.product.957330.html,,,0,0,https://www.costco.com/grocery-household.html
a9b79065-423d-51d3-9418-0f095757268f,1738,1905921,1905921,"Crunchmaster 6-Seed Multi-Grain Crackers, 28 oz",https://www.costco.com/.product.1905921.html,,,0,0,https://www.costco.com/grocery-household.html
64e0d6be-02f8-52c6-8fac-1ddbe14cf068,1738,633563,633563,"Kirkland Signature, Organic Tomato Sauce, 15 oz, 12-Count",https://www.costco.com/.product.633563.html,,,0,0,https://www.costco.com/grocery-household.html
fcbe991c-952e-5d87-a2b4-68174f18d903,1738,1014809,1014809,"Kirkland Signature Protein Bar, Variety Pack, 2.12 oz, 20-count",https://www.costco.com/.product.1014809.html,,,0,0,https://www.costco.com/grocery-household.html
b96ca0a5-6a88-52a2-aeb3-0b53311efb82,1738,545345,545345,"Kirkland Signature In-Shell Pistachios, Salted, 3 lbs",https://www.costco.com/.product.545345.html,,,0,0,https://www.costco.com/grocery-household.html
d784b933-c98a-5fa0-9330-9baf55b66015,1738,1806373,1806373,"Duracell Power Boost C Alkaline Batteries, 14-count",https://www.costco.com/.product.1806373.html,,,0,0,https://www.costco.com/grocery-household.html
96bebdc8-45c3-5705-9e0b-28cd33fcaefd,1738,1300509,1300509,"Kirkland Signature Nut Bars, 1.41 oz, 30 count",https://www.costco.com/.product.1300509.html,,,0,0,https://www.costco.com/grocery-household.html
fe575854-e5b5-5f6c-b808-557bf0beafdb,1738,975416,975416,"San Pellegrino Sparkling Natural Mineral Water, 16.9 fl oz, 24-count",https://www.costco.com/.product.975416.html,,,0,0,https://www.costco.com/grocery-household.html
1f6cb13b-7764-50c8-bf91-112485494236,1738,1999716,1999716,"Sparkling Ice Zero Sugar Sparkling Water Purple Variety Pack, 17 fl oz, 24-count",https://www.costco.com/.product.1999716.html,,,0,0,https://www.costco.com/grocery-household.html
591843f8-0061-51b7-b953-d1e88e6fcd70,1738,1462402,1462402,"Post, Honey Bunches of Oats with Almonds Cereal, 50 oz",https://www.costco.com/.product.1462402.html,,,0,0,https://www.costco.com/grocery-household.html
996c3a16-3a2f-5126-95c7-7dada9801d37,1738,1841924,1841924,"La Colombe Draft Latte Cold Brew Coffee, Variety Pack, 9 fl oz, 12-count",https://www.costco.com/.product.1841924.html,,,0,0,https://www.costco.com/grocery-household.html
39e758cc-e037-5e0b-b9d3-ee2c1c5303b1,1738,847909,847909,"Ghirardelli, Triple Chocolate Premium Brownie Mix, 6-count",https://www.costco.com/.product.847909.html,,,0,0,https://www.costco.com/grocery-household.html
27b49e74-33e6-51b6-b40a-7fde6acc9fea,1738,1471986,1471986,"Peet's Organic Dark French Roast Ground Coffee, 32 oz",https://www.costco.com/.product.1471986.html,,,0,0,https://www.costco.com/grocery-household.html
47afe3bd-bc03-5b54-8f4f-ee1d84c4df99,1738,473505,473505,"Apple & Eve, 100% Juice, Variety Pack, 6.75 fl oz, 36-count",https://www.costco.com/.product.473505.html,,,0,0,https://www.costco.com/grocery-household.html
63ef09d6-078f-5c63-8779-e95a7e44fd49,1738,1694269,1694269,"Nutella B-Ready Crispy Wafers Filled with Nutella, 0.7 oz, 36-count",https://www.costco.com/.product.1694269.html,,,0,0,https://www.costco.com/grocery-household.html
f48c1950-c3ea-5e38-b025-06e3ec78a828,1738,1532150,1532150,"La Croix Sparkling Water, Beach Plum, Guava Sao Paulo and Black Razz Berry Variety Pack, 12 fl oz, 24-count",https://www.costco.com/.product.1532150.html,,,0,0,https://www.costco.com/grocery-household.html
ef605641-94ec-5623-aa6c-a8c1fd842164,1738,1726382,1726382,"The SnakYard Organic Sweet Potato Sticks, 2.82 oz, 6-count",https://www.costco.com/.product.1726382.html,,,0,0,https://www.costco.com/grocery-household.html
996427a1-2177-5235-91ff-696e828ea5c8,1738,1840900,1840900,"Dixie Ultra Deep Dish Paper Plate, 115-count",https://www.costco.com/.product.1840900.html,,,0,0,https://www.costco.com/grocery-household.html
0e26e960-90f7-54c2-ab4d-3147a93f575b,1738,203444,203444,"Kirkland Signature Pecan Halves, 2 lbs",https://www.costco.com/.product.203444.html,,,0,0,https://www.costco.com/grocery-household.html
acea8edc-b773-5541-84f9-601de590b1ab,1738,1806386,1806386,"Duracell D Alkaline Batteries, 14-count",https://www.costco.com/.product.1806386.html,,,0,0,https://www.costco.com/grocery-household.html
ac7c8a1e-63d7-5bcf-8b1b-8ddba14cd947,1738,169730,169730,"Cuisine Adventures French Onion Soup, 10 oz, 6-count",https://www.costco.com/.product.169730.html,,,0,0,https://www.costco.com/grocery-household.html
b9408ca4-5778-5184-bacb-115e5c3d1e4f,1738,1391546,1391546,"Schwartz Brothers Bakery, Organic Everything Bagel Chips, 15 oz",https://www.costco.com/.product.1391546.html,,,0,0,https://www.costco.com/grocery-household.html
536055e3-686c-5dd1-b321-2474a3d512a9,1738,1285702,1285702,"Colgate Total Active Prevention Plus Advanced Whitening Toothpaste, 6.4 oz, 5-pack",https://www.costco.com/.product.1285702.html,,,0,0,https://www.costco.com/grocery-household.html
9f37115d-a8b8-5941-851a-a0cc593349d7,1738,1564814,1564814,"Simple Mills Almond Flour Sea Salt Crackers, 10 oz, 2-count",https://www.costco.com/.product.1564814.html,,,0,0,https://www.costco.com/grocery-household.html
5eb729bb-39f1-5c2b-ba41-33e6a4048cab,1738,1174811,1174811,"Sunny D Citrus Punch, Tangy Original, 11.3 fl oz, 30-Count",https://www.costco.com/.product.1174811.html,,,0,0,https://www.costco.com/grocery-household.html
4f57def6-4b29-538d-abac-34812a85d468,1738,9440,9440,"Thai Kitchen Organic Coconut Milk, Unsweetened, 13.66 fl oz, 6-count",https://www.costco.com/.product.9440.html,,,0,0,https://www.costco.com/grocery-household.html
6af5a5a1-993a-5fb0-bfab-ad861abccfcb,1738,1552446,1552446,"Fruit By The Foot, Variety, 0.75 oz, 48-count",https://www.costco.com/.product.1552446.html,,,0,0,https://www.costco.com/grocery-household.html
1a77c805-d6a1-5068-a617-68392caaa87f,1738,879520,879520,"Nutella Hazelnut Spread with Cocoa, 33.5 oz, 2-count",https://www.costco.com/.product.879520.html,,,0,0,https://www.costco.com/grocery-household.html
306f5cd5-74f8-558f-b518-9648db5a8376,1738,1991335,1991335,"Mr. Clean Magic Eraser, Whole Home Extra Durable, 18-count",https://www.costco.com/.product.1991335.html,,,0,0,https://www.costco.com/grocery-household.html
0da9dc6c-08b4-5d29-b021-357f637ef0f7,1738,4054238,4054238,"Kirkland Signature Coffee Organic Breakfast Blend K-Cup Pod, 120-count",https://www.costco.com/.product.4054238.html,,,0,0,https://www.costco.com/grocery-household.html
75e5ab33-de6e-5795-8cbf-14643fd99c12,1738,1685616,1685616,"Kirkland Signature Milk Chocolate Covered Almonds, 48 oz",https://www.costco.com/.product.1685616.html,,,0,0,https://www.costco.com/grocery-household.html
1ab38899-6a4c-5e2a-b4e2-5324f41ed921,1738,284601,284601,"Kirkland Signature Supreme Whole Almonds, 3 lbs",https://www.costco.com/.product.284601.html,,,0,0,https://www.costco.com/grocery-household.html
e8993230-65d3-593a-9851-3f7959a1a73c,1738,1780981,1780981,"Joyburst Hydration Drink, Variety Pack, 16.9 fl oz, 18-count",https://www.costco.com/.product.1780981.html,,,0,0,https://www.costco.com/grocery-household.html
10e2ce38-35f1-55c0-b6e4-2dfe198012ba,1738,756053,756053,"Kirkland Signature Medium Roast Coffee, 40 oz",https://www.costco.com/.product.756053.html,,,0,0,https://www.costco.com/grocery-household.html
885e5701-9f1d-5b90-a31f-2a02b8b07c25,1738,1974794,1974794,"Kellogg's Special K Extra Red Berries Cereal, 21.5 oz, 2-count",https://www.costco.com/.product.1974794.html,,,0,0,https://www.costco.com/grocery-household.html
aa1d8dcb-a226-5505-83c2-5fd927cbf528,1738,975,975,"Reynolds Wrap Heavy Duty Aluminum Foil, 18"" x 33.33 yd, 2-count",https://www.costco.com/.product.975.html,,,0,0,https://www.costco.com/grocery-household.html
a629b29a-c8a4-5031-b870-6120b9569c69,1738,701249,701249,"Welch's 100% Juice Drink, Variety Pack, 10 fl oz, 24-count",https://www.costco.com/.product.701249.html,,,0,0,https://www.costco.com/grocery-household.html
0b127859-1601-594c-a933-68205c595ea6,1738,2041444,2041444,"Olipop Mini Soda, Variety Pack, 7.5 fl oz, 15-count",https://www.costco.com/.product.2041444.html,,,0,0,https://www.costco.com/grocery-household.html
6bf1b830-4879-5289-9e28-b212767c100d,1738,1055599,1055599,"Kirkland Signature Thin Sliced Chicken Breasts, Boneless Skinless, 10 lbs",https://www.costco.com/.product.1055599.html,,,0,0,https://www.costco.com/grocery-household.html
83646a68-ddd2-5e38-bb71-fb22bb45be3d,1738,1770137,1770137,"DUDE Wipes Fragrance-Free + Moisturizing XL Flushable Wipes, 480 Wipes",https://www.costco.com/.product.1770137.html,,,0,0,https://www.costco.com/grocery-household.html
dc5106b1-af76-5ccd-b4a5-8bc8cf8bd4a5,1738,2008684,2008684,Hoody's Honey Roasted Nut Mix,https://www.costco.com/.product.2008684.html,,,0,0,https://www.costco.com/grocery-household.html
9eb98ca7-6ad6-551e-91b2-02239298ef4e,1738,1931211,1931211,Kirkland Signature Micellar Facial Cleansing Wipes 180-count,https://www.costco.com/.product.1931211.html,,,0,0,https://www.costco.com/grocery-household.html
0ee4ce0e-c78d-5f3c-b29d-7ec3e5d60ec6,1738,1789247,1789247,"Kirkland Signature Olive Oil, 3 L",https://www.costco.com/.product.1789247.html,,,0,0,https://www.costco.com/grocery-household.html
da33c5c5-9836-520f-976f-34c6c79d5467,1738,4054210,4054210,"Kirkland Signature Coffee Organic Summit Roast K-Cup Pod, 120 count",https://www.costco.com/.product.4054210.html,,,0,0,https://www.costco.com/grocery-household.html
3326207b-2eaf-5794-8555-ca41f70cf632,1738,596444,596444,"Kirkland Signature, Ocean Spray Cranberry Premium 100% Juice, 96 fl oz, 2-Count",https://www.costco.com/.product.596444.html,,,0,0,https://www.costco.com/grocery-household.html
ff0a60cd-9f58-5560-bca6-22a36abe7d69,1738,111894,111894,"Lawry's Coarse Ground Garlic Salt with Parsley, 33 oz",https://www.costco.com/.product.111894.html,,,0,0,https://www.costco.com/grocery-household.html
7f26f7c1-4594-56d1-85b4-3ae555d1ead4,1738,1802191,1802191,"Siete Grain Free Sea Salt Tortilla Chips, 15 oz",https://www.costco.com/.product.1802191.html,,,0,0,https://www.costco.com/grocery-household.html
c6c59823-e7da-5424-b8a5-b1ef722a9ac5,1738,57554,57554,"Blueberries, 18 oz",https://www.costco.com/.product.57554.html,,,0,0,https://www.costco.com/grocery-household.html
d3b3d033-1599-5dd3-aa14-fe5bd9bc4c48,1738,1886106,1886106,"Oral-B Glide Advanced Deep Clean Floss, 6-pack",https://www.costco.com/.product.1886106.html,,,0,0,https://www.costco.com/grocery-household.html
870cc99d-3d24-5b45-a725-316adfb14392,1738,1193197,1193197,"Kirkland Signature Organic Roasted Seaweed, 0.6 oz, 10-count",https://www.costco.com/.product.1193197.html,,,0,0,https://www.costco.com/grocery-household.html
d109d0e8-e6bf-58ba-a2ae-a328da8a6312,1738,720,720,"Reynolds Wrap Aluminum Foil, 12"" x 83.33 yd, 2-count",https://www.costco.com/.product.720.html,,,0,0,https://www.costco.com/grocery-household.html
55403dd5-5e6b-5f09-91a6-8d69aa9f0eae,1738,890181,890181,"Kirkland Signature, Wild Alaskan Pink Salmon, 6 oz, 6-Count",https://www.costco.com/.product.890181.html,,,0,0,https://www.costco.com/grocery-household.html
d4d3b4cc-f5c7-59af-afe2-324ee9105c7d,1738,1940909,1940909,"Kirkland Signature Daily Dry Facial Towels, 200-count",https://www.costco.com/.product.1940909.html,,,0,0,https://www.costco.com/grocery-household.html
74d8228e-d850-5676-b67c-ba7558ec74e9,1738,2040272,2040272,"Kinder's Organic Signature Grill Variety Pack, 54.4 oz",https://www.costco.com/.product.2040272.html,,,0,0,https://www.costco.com/grocery-household.html
3a2e7b50-0cc2-59af-840e-cca9ccab4d3e,1738,127509,127509,"Solo Heavyweight Plastic Fork, White, 500-count",https://www.costco.com/.product.127509.html,,,0,0,https://www.costco.com/grocery-household.html
04dcfb5d-2134-5682-94a6-0881f7dcb1ae,1738,947880,947880,"Hillshire Farm Slow Roasted Turkey Breast, 16.5 oz, 2-count",https://www.costco.com/.product.947880.html,,,0,0,https://www.costco.com/grocery-household.html
99b32db2-9728-5b3e-8e10-5d5d6e71b8fe,1738,1925186,1925186,"Jojo's Dark Chocolate Pistachio Almond Cranberry Bites, 14.4 oz",https://www.costco.com/.product.1925186.html,,,0,0,https://www.costco.com/grocery-household.html
da707486-e01a-5271-a45e-3f1524f0d87c,1738,1001368,1001368,"Kirkland Signature, Organic Quinoa, 4.5 lbs",https://www.costco.com/.product.1001368.html,,,0,0,https://www.costco.com/grocery-household.html
d9a1e898-2311-57a3-84e5-0e2a882baeec,1738,1669857,1669857,"Jackson's Kettle Cooked Sweet Potato Chips, Sea Salt, 16 oz",https://www.costco.com/.product.1669857.html,,,0,0,https://www.costco.com/grocery-household.html
9cb12513-9a74-537b-b854-a8f9ab01c6fa,1738,207,207,"Homai California Calrose Rice, 25 lbs",https://www.costco.com/.product.207.html,,,0,0,https://www.costco.com/grocery-household.html
bc7bae72-1dfa-5828-a909-2012d1e661d5,1738,1229285,1229285,"BelVita Breakfast Biscuit, Cinnamon Brown Sugar, 1.76 oz, 30-count",https://www.costco.com/.product.1229285.html,,,0,0,https://www.costco.com/grocery-household.html
e5d47752-f5f4-57e7-9831-cf4ffb0f1fb8,1738,1395061,1395061,"Advantage Premium Bright Ink Jet and Laser Paper, 8.5""x11"" Letter, White, 24lb, 97 Bright, 1 Ream of 800 Sheets",https://www.costco.com/.product.1395061.html,,,0,0,https://www.costco.com/grocery-household.html
97734dfa-22d2-5d3b-b26e-d2b3f96e2f1a,1738,3365592,3365592,"Caribou Coffee Caribou Blend K-Cup Pod, 80-count",https://www.costco.com/.product.3365592.html,,,0,0,https://www.costco.com/grocery-household.html
0baa4c70-6648-5a96-8250-2a0641f8bba7,1738,279783,279783,"Kirkland Signature, Bacon Crumbles, 20 oz",https://www.costco.com/.product.279783.html,,,0,0,https://www.costco.com/grocery-household.html
697b8b4e-13c8-5421-ab73-d30e7c715764,1738,202195,202195,"SPAM Canned Meat, 25% Less Sodium, 12 oz, 8-Count",https://www.costco.com/.product.202195.html,,,0,0,https://www.costco.com/grocery-household.html
8d91a9db-69ae-568d-82b9-2471255cb4c8,1738,461,461,"Toblerone Swiss Milk Chocolate Bar, 3.52 oz, 6-Count",https://www.costco.com/.product.461.html,,,0,0,https://www.costco.com/grocery-household.html
f13196fa-e27e-5be0-b703-f62ec59b748f,1738,1984296,1984296,"Mezcla Puff-Crispy Bar, Pistachio Chocolate, 1.4 oz, 14-count",https://www.costco.com/.product.1984296.html,,,0,0,https://www.costco.com/grocery-household.html
a12cd536-a494-55a8-9bd9-f4bf01a49033,1738,1421933,1421933,"Dove Moisturizing Beauty Bar Soap Sensitive Skin, 3.75 oz, 16 Bars",https://www.costco.com/.product.1421933.html,,,0,0,https://www.costco.com/grocery-household.html
98e3b641-57fd-5bcf-bbac-e1358d2f4e1f,1738,1672091,1672091,"Simply Fuel Protein Balls, 14.4 oz",https://www.costco.com/.product.1672091.html,,,0,0,https://www.costco.com/grocery-household.html
45041622-30d4-584d-90cd-e2a32f2c3790,1738,560519,560519,"WildRoot's Coastal Berry Trail Mix, 26 oz",https://www.costco.com/.product.560519.html,,,0,0,https://www.costco.com/grocery-household.html
493eacaf-caef-57bd-a608-0457990bf36a,1738,1036671,1036671,"Nature Valley Biscuits with Almond Butter, 1.35 oz, 30-count",https://www.costco.com/.product.1036671.html,,,0,0,https://www.costco.com/grocery-household.html
e09bc1ef-99e7-577b-9bc9-fd663bc1f70c,1738,1229303,1229303,"BelVita Breakfast Biscuits, Blueberry, 1.76 oz, 30 count",https://www.costco.com/.product.1229303.html,,,0,0,https://www.costco.com/grocery-household.html
f98aa92e-3ecb-5aa8-96ef-29e5fee2c60b,1738,164981,164981,"Kirkland Signature Fine Ground Black Pepper, 12.3 oz",https://www.costco.com/.product.164981.html,,,0,0,https://www.costco.com/grocery-household.html
d7a85876-3d03-5ea7-8cd5-362e12fbd5cf,1738,1806649,1806649,"Neutrogena Makeup Remover Wipes, 125-count",https://www.costco.com/.product.1806649.html,,,0,0,https://www.costco.com/grocery-household.html
8905aeab-d8e1-516c-bbe0-fb4c85aed94a,1738,222490,222490,"Kirkland Signature Super Extra-Large Peanuts, 2.5 lbs",https://www.costco.com/.product.222490.html,,,0,0,https://www.costco.com/grocery-household.html
9bcfaef5-29e9-54b2-a467-d3f6f7ae4de2,1738,846156,846156,"Nature Valley Crunchy Granola Bar, Oats 'n Honey, 1.49 oz, 49-count",https://www.costco.com/.product.846156.html,,,0,0,https://www.costco.com/grocery-household.html
7dd93cd0-6a66-5f04-931c-74a3b9381e96,1738,1492769,1492769,"Gillette Venus Sensitive Plus Disposable Razor, 15-count",https://www.costco.com/.product.1492769.html,,,0,0,https://www.costco.com/grocery-household.html
2368d43d-0fd3-5c59-bccc-c222c2f00bc2,1738,120296,120296,"Kirkland Signature Colombian Supremo Coffee, Whole Bean, 3 lbs",https://www.costco.com/.product.120296.html,,,0,0,https://www.costco.com/grocery-household.html
51b48a21-9754-548e-b290-857cdbe8b970,1738,1498286,1498286,"Gatorade Thirst Quencher, Core Variety Pack, 12 fl oz, 28-count",https://www.costco.com/.product.1498286.html,,,0,0,https://www.costco.com/grocery-household.html
e380a664-5c45-529a-9c1b-c355f559c32d,1738,906420,906420,"Kirkland Signature, Vegetable Oil, 3 qt, 2-count",https://www.costco.com/.product.906420.html,,,0,0,https://www.costco.com/grocery-household.html
048d5166-0484-5ee3-b61f-1a279de2d09e,1738,906410,906410,"Kirkland Signature, Canola Oil, 3 qt, 2-count",https://www.costco.com/.product.906410.html,,,0,0,https://www.costco.com/grocery-household.html
609392ef-f5c4-555e-b724-b91a938b15f2,1738,2051862,2051862,"LMNT Sparkling Electrolyte Drink, Variety Pack, 12 fl oz, 15-count",https://www.costco.com/.product.2051862.html,,,0,0,https://www.costco.com/grocery-household.html
3523223a-e8c6-532c-b2a6-21fde5cc8941,1738,2051490,2051490,"Saint James Organic Brewed Tea, Variety Pack, 16 fl oz, 15-count",https://www.costco.com/.product.2051490.html,,,0,0,https://www.costco.com/grocery-household.html
d0bd8b0d-bad4-5d07-83e6-ea756a9f3857,1738,1966529,1966529,"Celsius Sparkling Energy Drink, Core Variety Pack, 12 fl oz, 18-count",https://www.costco.com/.product.1966529.html,,,0,0,https://www.costco.com/grocery-household.html
5c8ce5e4-db40-52cc-8e26-d0389f235fb8,1738,3330816,3330816,"Kirkland Signature Popcorn, Sea Salt, 0.65 oz, 36-count",https://www.costco.com/.product.3330816.html,,,0,0,https://www.costco.com/grocery-household.html
01ba0d29-fe9a-5d21-907b-a79a920edcb5,1738,1587186,1587186,"Gillette Proglide Plus Razor Cartridge Refills, 16-count",https://www.costco.com/.product.1587186.html,,,0,0,https://www.costco.com/grocery-household.html
23fcac89-c249-59e9-83d0-320aa610ae1e,1738,1566350,1566350,"Bachan's Japanese Barbecue Sauce, 34 oz",https://www.costco.com/.product.1566350.html,,,0,0,https://www.costco.com/grocery-household.html
c4e8307e-0f44-5b2c-9afd-07b210001f78,1738,2009145,2009145,"Solely Organic Fruit Jerky Variety Pack, 0.8 oz, 16-count",https://www.costco.com/.product.2009145.html,,,0,0,https://www.costco.com/grocery-household.html
7b7eb1e8-cb8d-5aa5-a05d-eab78b6944e5,1738,1742162,1742162,"Siete Grain Free Tortilla Chips, Variety Pack, 1 oz, 14-count",https://www.costco.com/.product.1742162.html,,,0,0,https://www.costco.com/grocery-household.html
6cbcf884-f07c-5e84-8fd7-ce61c4697514,1738,1529345,1529345,"Siete Almond Flour Tortilla, 20-count",https://www.costco.com/.product.1529345.html,,,0,0,https://www.costco.com/grocery-household.html
c753148d-0b10-5569-9535-74aaa8009552,1738,1516973,1516973,"Gillette Ultimate Protection 6-in-1 Antiperspirant, 3.8 oz, 5-pack",https://www.costco.com/.product.1516973.html,,,0,0,https://www.costco.com/grocery-household.html
796a78dc-f7a4-5f7d-bd3e-c9c2d3e6a702,1738,1397147,1397147,"Kirkland Signature Bar Soap with Shea Butter, 15 Bars",https://www.costco.com/.product.1397147.html,,,0,0,https://www.costco.com/grocery-household.html
cec3fc03-3962-5be0-a6d4-091334f07777,1738,633564,633564,"Kirkland Signature, Organic Tomato Paste, 6 oz, 12-Count",https://www.costco.com/.product.633564.html,,,0,0,https://www.costco.com/grocery-household.html
7d3a4291-747c-5b38-b79d-21461e999261,1738,188140,188140,"Frito Lay Classic Mix, Variety Pack, 30-count",https://www.costco.com/.product.188140.html,,,0,0,https://www.costco.com/grocery-household.html
d30c73b8-d928-5808-931b-dc708f207ada,1738,2308572,2308572,"Mrs Meyers Multi-Surface Variety, 24 fl oz, 3-count",https://www.costco.com/.product.2308572.html,,,0,0,https://www.costco.com/grocery-household.html
a8e5c002-1d53-5931-b2f2-4dceb0cc72d2,1738,179571,179571,"Coca-Cola de Mexico Soda Soft Drink Glass Bottles, 335 mL, 24-count",https://www.costco.com/.product.179571.html,,,0,0,https://www.costco.com/grocery-household.html
90279683-0cc3-54ed-b70d-682da8ad19f6,1738,1143330,1143330,"Ocean Spray, Craisins Whole Dried Cranberries, 64 oz",https://www.costco.com/.product.1143330.html,,,0,0,https://www.costco.com/grocery-household.html
bf6a1229-e98a-5268-8635-861c3c182b3c,1738,1263833,1263833,"Dietz & Watson Organic Roasted Turkey Breast, 9 oz, 3-count",https://www.costco.com/.product.1263833.html,,,0,0,https://www.costco.com/grocery-household.html
d27c1866-1bd0-55d5-98f9-ddd0aa281e4b,1738,1851141,1851141,"BUILT Puff Protein Bar, Variety Pack, 1.41 oz, 14-count",https://www.costco.com/.product.1851141.html,,,0,0,https://www.costco.com/grocery-household.html
8c60c129-9a71-538c-bf1b-1d0a6b5d9c00,1738,1116038,1116038,"Kirkland Signature Shredded Mozzarella Cheese, 2.5 lbs, 2-count",https://www.costco.com/.product.1116038.html,,,0,0,https://www.costco.com/grocery-household.html
bb1e9cbe-2bb6-5ec4-b255-0811b87bd0c6,1738,31801,31801,"Morey's Seasoned Wild Alaskan Salmon, 6-Count",https://www.costco.com/.product.31801.html,,,0,0,https://www.costco.com/grocery-household.html
275266f0-9dc2-57b4-adcc-fc6b13be09a4,1738,1032422,1032422,"Palmolive Ultra Strength Liquid Dish Soap, 102 fl oz",https://www.costco.com/.product.1032422.html,,,0,0,https://www.costco.com/grocery-household.html
09da2b80-232d-55e3-bca2-3be219beaffe,1738,1913302,1913302,"Olipop Soda, Variety Pack, 12 fl oz, 15-count",https://www.costco.com/.product.1913302.html,,,0,0,https://www.costco.com/grocery-household.html
420e7300-9cbd-5679-a84a-30241d878d1a,1738,52296,52296,"Kirkland Signature Chicken and Rice Cat Food, 25 lbs",https://www.costco.com/.product.52296.html,,,0,0,https://www.costco.com/grocery-household.html
b003c62a-be93-5c7a-b846-838d63705abc,1738,464292,464292,"Ajinomoto Yakisoba with Vegetables, 9 oz, 6-count",https://www.costco.com/.product.464292.html,,,0,0,https://www.costco.com/grocery-household.html
f774e42f-4018-533d-b6ca-de89d2b14d2d,1738,118652,118652,"Carnation, Evaporated Milk, 12 fl oz, 12-Count",https://www.costco.com/.product.118652.html,,,0,0,https://www.costco.com/grocery-household.html
5b1ea260-f991-57b3-8123-324a4a1cb810,1738,4860002,4860002,"Kirkland Signature Uncured Black Forest Ham, 28 oz",https://www.costco.com/.product.4860002.html,,,0,0,https://www.costco.com/grocery-household.html
c865c9f3-9709-5e57-925c-6e3211ad4229,1738,1147377,1147377,"Kirkland Signature Organic Blue Agave, 36 oz, 2-count",https://www.costco.com/.product.1147377.html,,,0,0,https://www.costco.com/grocery-household.html
19280991-902c-5013-8b34-07cc7ca2cd97,1738,2009964,2009964,"Gatorade Lower Sugar Variety Pack, 12 fl oz, 24-count",https://www.costco.com/.product.2009964.html,,,0,0,https://www.costco.com/grocery-household.html
08365975-45f4-5f06-ae57-41d3a48975f5,1738,404609,404609,"Eco-Foil Half Size Deep Steam Table Pan, 30-count",https://www.costco.com/.product.404609.html,,,0,0,https://www.costco.com/grocery-household.html
d0292619-a3cb-51d7-8517-5bf98d978cb8,1738,2045021,2045021,"Kirkland Signature Ultra Soft Fabric Softener, 257 Loads, 150 fl oz",https://www.costco.com/.product.2045021.html,,,0,0,https://www.costco.com/grocery-household.html
6fac5b7e-964d-5664-b43d-32f37a83b9b4,1738,1006856,1006856,"Mama Mancini's Jumbo Beef Meatballs, 48 oz",https://www.costco.com/.product.1006856.html,,,0,0,https://www.costco.com/grocery-household.html
407e5e48-063c-5234-9e2b-b21c82060f12,1738,1675745,1675745,"Nonni’s Biscotti, Almond Dark Chocolate, 1.34 oz, 25-count",https://www.costco.com/.product.1675745.html,,,0,0,https://www.costco.com/grocery-household.html
30659a30-fe39-5f7e-9c22-2ab7429f0f3a,1738,1462714,1462714,"Kirkland Signature Organic A2 Whole Milk, Half Gallon, 3-count",https://www.costco.com/.product.1462714.html,,,0,0,https://www.costco.com/grocery-household.html
640fbcdf-bd45-5bb5-a176-5c1cb79938e2,1738,864917,864917,"Wonderful In-Shell Pistachios, Salt & Pepper, 3 lbs",https://www.costco.com/.product.864917.html,,,0,0,https://www.costco.com/grocery-household.html
0281d250-a290-58af-a100-9d5c335d22d9,1738,859695,859695,"Kirkland Signature Creamy Almond Butter, 27 oz",https://www.costco.com/.product.859695.html,,,0,0,https://www.costco.com/grocery-household.html
c456e151-e15e-599a-9f3e-f43704c984c7,1738,4165671,4165671,"Kleenex Soothing Lotion Facial Tissue, 3-Ply, 85-count, 12-pack",https://www.costco.com/.product.4165671.html,,,0,0,https://www.costco.com/grocery-household.html
6ef20b9d-b5af-5940-a945-7385ffebc01c,1738,47825,47825,"Green Seedless Grapes, 3 lbs",https://www.costco.com/.product.47825.html,,,0,0,https://www.costco.com/grocery-household.html
0c220ae4-5c3c-53fc-b829-75b7edbcd5ef,1738,541334,541334,"Nestlé Coffee-mate Powdered Creamer, Original, 56 oz",https://www.costco.com/.product.541334.html,,,0,0,https://www.costco.com/grocery-household.html
85d557c6-de1f-5e5c-bc82-4ac5dc5e9fa4,1738,1743030,1743030,"Kirkland Signature Organic Whole Milk, 8 fl oz, 18-count",https://www.costco.com/.product.1743030.html,,,0,0,https://www.costco.com/grocery-household.html
018aa550-7714-56ce-8a06-18ef604f343e,1738,2044023,2044023,"Ghost Energy Drink, Variety Pack, 16 fl oz, 18-count",https://www.costco.com/.product.2044023.html,,,0,0,https://www.costco.com/grocery-household.html
d354c214-c63b-5e95-a515-8dcc9f80923d,1738,1624490,1624490,"Giovanni Rana Beef and Short Rib Lasagna, 42 oz",https://www.costco.com/.product.1624490.html,,,0,0,https://www.costco.com/grocery-household.html
1786c586-2232-52a1-bab1-fe70542f435a,1738,2222019,2222019,"Kirkland Signature Organic Ancient Grain Granola, 35.3 oz",https://www.costco.com/.product.2222019.html,,,0,0,https://www.costco.com/grocery-household.html
d112d48b-bbe2-5ebd-8ce7-26ac7ffc5c29,1738,1032932,1032932,"Kirkland Signature Organic Raw Honey, 24 oz, 3-count",https://www.costco.com/.product.1032932.html,,,0,0,https://www.costco.com/grocery-household.html
b2d22a0e-67bb-5082-a5e3-623713149c9f,1738,1793017,1793017,"Jongga Sliced Napa Cabbage Kimchi, 52.9 oz",https://www.costco.com/.product.1793017.html,,,0,0,https://www.costco.com/grocery-household.html
d20d4dfe-847f-5876-a279-fd2031025603,1738,1394792,1394792,"Kinder Bueno Bars, 1.5 oz, 20-count",https://www.costco.com/.product.1394792.html,,,0,0,https://www.costco.com/grocery-household.html
5b0636fb-1268-5206-8e0b-e9701849b7fe,1738,2041830,2041830,"Chomps Chomplings Original Turkey Mini Sticks, 0.5 oz, 24-count",https://www.costco.com/.product.2041830.html,,,0,0,https://www.costco.com/grocery-household.html
5168d035-e87b-56fe-81d1-d1f7e022c2b1,1738,1006641,1006641,"Sandwich Bros Chicken Melts Pita Snack Sandwiches, 2.5 oz, 15-count",https://www.costco.com/.product.1006641.html,,,0,0,https://www.costco.com/grocery-household.html
530f3147-6090-5fbe-8edf-1960b7b2cef9,1738,2052182,2052182,"Liquid Death Soda-Flavored Sparkling Water, Variety Pack, 24-count",https://www.costco.com/.product.2052182.html,,,0,0,https://www.costco.com/grocery-household.html
04585b8b-457c-5a27-8f6c-6d0a0c03e91b,1738,262838,262838,"Cholula, Hot Sauce Original, 12 fl oz, 2-Count",https://www.costco.com/.product.262838.html,,,0,0,https://www.costco.com/grocery-household.html
14f7c2dd-f65a-5503-99e8-4d680025b028,1738,521658,521658,"Ferrero Rocher, Milk Chocolate Hazelnut Candy, 21.2 oz, 48 Count",https://www.costco.com/.product.521658.html,,,0,0,https://www.costco.com/grocery-household.html
fc1845f4-ffa7-5b25-96a6-ee6d744c3088,1738,519964,519964,"Chinet Crystal 10 oz Plastic Cup, Clear, 150-count",https://www.costco.com/.product.519964.html,,,0,0,https://www.costco.com/grocery-household.html
f45064bd-5639-5850-8b09-52fed3bb1865,1738,1615853,1615853,"Boulder Organic Chicken Wild Rice Soup, 24 oz, 2-count",https://www.costco.com/.product.1615853.html,,,0,0,https://www.costco.com/grocery-household.html
e488e681-56d0-5ce1-a226-25a85fdd1436,1738,854330,854330,"Coca-Cola Classic, 12 fl oz, 35-count",https://www.costco.com/.product.854330.html,,,0,0,https://www.costco.com/grocery-household.html
c7521def-6659-587b-bd05-213dd9025310,1738,32711,32711,"Chinet Classic Dinner 10-3/8"" Paper Plate, 165-count",https://www.costco.com/.product.32711.html,,,0,0,https://www.costco.com/grocery-household.html
1622d2ff-5ff9-5137-898f-5f310f352124,1738,2049779,2049779,"Nature's Path Organic Pumpkin Seed Flax Granola, 35.3 oz",https://www.costco.com/.product.2049779.html,,,0,0,https://www.costco.com/grocery-household.html
fcfdcdec-f14f-575b-bbae-2f72b2f7e135,1738,1975676,1975676,"Dove Sensitive Body Wash, 23 fl oz, 3-pack",https://www.costco.com/.product.1975676.html,,,0,0,https://www.costco.com/grocery-household.html
6fa9d4bc-4c61-548c-883a-4a2946a1c284,1738,1365562,1365562,"Fresh Additions Fully Cooked Chicken Breast Bites, 3.2 oz, 10-count",https://www.costco.com/.product.1365562.html,,,0,0,https://www.costco.com/grocery-household.html
b950c868-d44e-528e-a70e-8f1f60a89d0f,1738,1845080,1845080,"Kirkland Signature Sport Drink, Variety Pack, 12 fl oz, 24-count",https://www.costco.com/.product.1845080.html,,,0,0,https://www.costco.com/grocery-household.html
965bd100-a5b7-5d45-b9c4-f59d88174800,1738,624842,624842,"Sabatasso's Pizza Singles, Variety Pack, 12-count",https://www.costco.com/.product.624842.html,,,0,0,https://www.costco.com/grocery-household.html
4130637d-d61a-5e83-bca9-821cc42e522c,1738,1761722,1761722,"RXBAR Protein Bars, Variety Pack, 14-count",https://www.costco.com/.product.1761722.html,,,0,0,https://www.costco.com/grocery-household.html
3e4fc102-27a1-5bf2-9eb4-91bdcdb5886d,1738,1186080,1186080,"Dixie To Go 12 oz Insulated Cup & Lid, 100-count",https://www.costco.com/.product.1186080.html,,,0,0,https://www.costco.com/grocery-household.html
c2ad88c3-f0cc-58e6-a5d6-1be18162521d,1738,1910048,1910048,"SnakYard Organic Shitake Mushrooms, 14.11 oz",https://www.costco.com/.product.1910048.html,,,0,0,https://www.costco.com/grocery-household.html
2c2de810-8221-57da-9168-fd9c406c96eb,1738,6992988,6992988,"Starbucks Coffee and Espresso Capsules for Nespresso Vertuo Machines 60-count Variety Pack, 100% Arabica Coffee",https://www.costco.com/.product.6992988.html,,,0,0,https://www.costco.com/grocery-household.html
442d5dc5-7810-568b-951e-dbd4cf97e063,1738,2021527,2021527,"Skinny Dipped Dark Chocolate Coconut Almond Bites, 30-count",https://www.costco.com/.product.2021527.html,,,0,0,https://www.costco.com/grocery-household.html
a80dd85b-6291-53cc-8cfd-983f5238c462,1738,437484,437484,"Lavazza Caffé Espresso 100% Premium Arabica Coffee, Whole Bean, 2.2 lbs",https://www.costco.com/.product.437484.html,,,0,0,https://www.costco.com/grocery-household.html
b61e6ef6-9339-58af-9648-92ea4fdedcf3,1738,1938239,1938239,"Kevin's Natural Foods Hawaiian Style Chicken, 32 oz",https://www.costco.com/.product.1938239.html,,,0,0,https://www.costco.com/grocery-household.html
3f0f3c27-9e24-528b-ad32-55417905c4ee,1738,1424057,1424057,"Hidden Valley Ranch Homestyle Seasoning, Dip and Salad Dressing Mix, 20 oz",https://www.costco.com/.product.1424057.html,,,0,0,https://www.costco.com/grocery-household.html
75bbd7fd-99f5-560d-9c0d-077e6922d3b0,1738,951243,951243,"Mott's, Organic Apple Sauce, 3.9 oz, 36-Count",https://www.costco.com/.product.951243.html,,,0,0,https://www.costco.com/grocery-household.html
7176b6c8-1862-5805-b206-472ffd8c1162,1738,1952509,1952509,"Kirkland Signature Straight Bourbon Whiskey, Kentucky, 1.75 L",https://www.costco.com/.product.1952509.html,,,0,0,https://www.costco.com/grocery-household.html
e42951f6-364b-5906-b9b8-40837833a765,1738,1755444,1755444,"Kirkland Signature 50-Gallon Outdoor Trash Bag, 70-count",https://www.costco.com/.product.1755444.html,,,0,0,https://www.costco.com/grocery-household.html
99d7e885-5777-52a5-bbfe-6d30f2d387d2,1738,164950,164950,"Kirkland Signature, Whole Black Peppercorn, 14.1 oz",https://www.costco.com/.product.164950.html,,,0,0,https://www.costco.com/grocery-household.html
fe4f56b3-79b8-53d1-8a89-3d7b0e13bf1b,1738,30669,30669,"Bananas, 3 lbs",https://www.costco.com/.product.30669.html,,,0,0,https://www.costco.com/grocery-household.html
68fdf4bf-18d4-5452-b247-5c9592222b75,1738,9675389,9675389,"Tide Plus Ultra Oxi Powder Laundry Detergent, Original, 143 Loads, 225 oz",https://www.costco.com/.product.9675389.html,,,0,0,https://www.costco.com/grocery-household.html
4a3235c1-8d28-59b8-b711-ab2716923a84,1738,1830083,1830083,"Kirkland Signature Egg White with Cheese Trio and Peppers Egg Bites, 10-count",https://www.costco.com/.product.1830083.html,,,0,0,https://www.costco.com/grocery-household.html
3d60d812-381c-5e24-a93e-dab2f63416a5,1738,1509965,1509965,"Scott Shop Towels, Original Multi-Purpose, Blue, 10-count",https://www.costco.com/.product.1509965.html,,,0,0,https://www.costco.com/grocery-household.html
694cce49-7983-53e6-a2d7-a96728200a86,1738,1746847,1746847,"Extra Sugar Free Chewing Gum, Mint Variety Pack, 15 Sticks, 18-Count",https://www.costco.com/.product.1746847.html,,,0,0,https://www.costco.com/grocery-household.html
f54b4a90-8d85-561e-a25f-c56d0841d2cc,1738,1904630,1904630,"Pure Protein Bars, Variety Pack, 1.76 oz, 25-count",https://www.costco.com/.product.1904630.html,,,0,0,https://www.costco.com/grocery-household.html
6ec4b829-10a5-5b45-b3f0-ebdc349b8f17,1738,1082839,1082839,"FITCRUNCH Protein Bars, 16g Protein, Chocolate Peanut Butter, 1.62 oz, 18-count",https://www.costco.com/.product.1082839.html,,,0,0,https://www.costco.com/grocery-household.html
c1a06c6d-5402-5eb7-99c4-91a4b9c2434f,1738,1002373,1002373,"Kirkland Signature, Organic Almond Beverage, Vanilla, 32 fl oz, 6-Count",https://www.costco.com/.product.1002373.html,,,0,0,https://www.costco.com/grocery-household.html
0267ac59-99ef-51ca-bdb8-fdeac9eb9dd6,1738,1343253,1343253,"Kirkland Signature Elegant Plastic Plates, Variety Pack, White, 50-count",https://www.costco.com/.product.1343253.html,,,0,0,https://www.costco.com/grocery-household.html
6c657a06-6318-547c-80f0-50714b657978,1738,1695130,1695130,"Cetaphil Moisturizing Lotion, Dry to Normal Sensitive Skin, 20 fl oz, 2-count",https://www.costco.com/.product.1695130.html,,,0,0,https://www.costco.com/grocery-household.html
0b6141e4-6e9d-5396-a263-ef8ba29f8da8,1738,414,414,"Hellmann's, Real Mayonnaise, 64 oz",https://www.costco.com/.product.414.html,,,0,0,https://www.costco.com/grocery-household.html
3b6cb391-f67a-58ed-b61e-4c71f956c057,1738,1736931,1736931,"Kirkland Signature Lightly Breaded Chicken Breast Chunks, 4 lbs",https://www.costco.com/.product.1736931.html,,,0,0,https://www.costco.com/grocery-household.html
9a47af45-7c5e-5ffc-83ef-0db972cd1fcd,1738,1788968,1788968,"IQBAR Clean Protein Bars, Variety Pack, 1.6 oz, 18-count",https://www.costco.com/.product.1788968.html,,,0,0,https://www.costco.com/grocery-household.html
1dc6ec5a-1d60-5f6d-80f4-8d31c6e3b919,1738,219854,219854,"La Dolce Vita Classic Italian Biscotti, 40 oz",https://www.costco.com/.product.219854.html,,,0,0,https://www.costco.com/grocery-household.html
916feb16-cf54-52ad-a1cd-b35a6d94ff45,1738,1338984,1338984,"Foster Farms Take Out Crispy Chicken Wings, Classic Buffalo, 4 lbs",https://www.costco.com/.product.1338984.html,,,0,0,https://www.costco.com/grocery-household.html
ffd62197-0f98-562d-8265-3f0197053bdd,1738,327081,327081,"Don Miguel Chipotle Chicken Mini Tacos, 35 oz",https://www.costco.com/.product.327081.html,,,0,0,https://www.costco.com/grocery-household.html
3710c253-d87e-5d82-b527-0d10fcad1b68,1738,4165758,4165758,"Kirkland Signature Colombian Cold Brew Coffee, 11 fl oz, 12-count",https://www.costco.com/.product.4165758.html,,,0,0,https://www.costco.com/grocery-household.html
424218fc-8fd0-5450-a5e0-4e40343b6571,1738,1692255,1692255,"RICO Baby Wipes, 720-count",https://www.costco.com/.product.1692255.html,,,0,0,https://www.costco.com/grocery-household.html
ea2d14c4-0a10-5384-97cc-1b2a197e9211,1738,447180,447180,"Kirkland Signature Beef Hot Dogs, 12 Links, 1.5 lbs, 3-count",https://www.costco.com/.product.447180.html,,,0,0,https://www.costco.com/grocery-household.html
6c8482df-ec79-52e1-918f-0524a93286d1,1738,4054220,4054220,"Kirkland Signature Coffee Organic French Roast K-Cup Pod, 120-count",https://www.costco.com/.product.4054220.html,,,0,0,https://www.costco.com/grocery-household.html
07dabbb0-5f7d-5ac0-8596-220335e800c7,1738,744361,744361,"Genova, Yellowfin Tuna, 7 oz, 6-Count",https://www.costco.com/.product.744361.html,,,0,0,https://www.costco.com/grocery-household.html
a326c01a-016b-5c97-bf80-9a708bdb6719,1738,165041,165041,"Kirkland Signature Organic No-Salt Seasoning, 14.5 oz",https://www.costco.com/.product.165041.html,,,0,0,https://www.costco.com/grocery-household.html
623fc5d9-750f-5bd5-9dca-b75e1a8b43c9,1738,2049492,2049492,"All Free & Clear Plus+ Laundry Detergent Mighty Pacs, 118-count",https://www.costco.com/.product.2049492.html,,,0,0,https://www.costco.com/grocery-household.html
d8e92bb8-acde-528c-99c2-23a916831664,1738,9999699,9999699,"Kirkland Signature Extra Crispy French Fries, 5 lbs",https://www.costco.com/.product.9999699.html,,,0,0,https://www.costco.com/grocery-household.html
8fae3f00-e7bb-5f4e-9623-3b7d2b924a57,1738,553499,553499,"Kirkland Signature, Sunsweet Whole Dried Plums, 3.5 lbs",https://www.costco.com/.product.553499.html,,,0,0,https://www.costco.com/grocery-household.html
d245b670-faa4-5fd7-b995-7582421de79a,1738,2062082,2062082,"Pulmuone Teriyaki Stir-fry Udon, 30.9 oz",https://www.costco.com/.product.2062082.html,,,0,0,https://www.costco.com/grocery-household.html
40029a55-7ae0-54dc-a099-a86f7a138e09,1738,71003,71003,"Kirkland Signature, Extra Virgin Italian Olive Oil, 2 L",https://www.costco.com/.product.71003.html,,,0,0,https://www.costco.com/grocery-household.html
20884914-6cd7-5b08-ac5c-20504c5b176d,1738,2081894,2081894,"Crown Bakeries Mini Muffin Bites, Birthday Cake, 1.65 oz, 20-count",https://www.costco.com/.product.2081894.html,,,0,0,https://www.costco.com/grocery-household.html
b91eae09-e822-5ef9-8e77-c3b18047f3e6,1738,1424237,1424237,"Kirkland Signature Grass-Fed Butter, 8 oz, 4-count",https://www.costco.com/.product.1424237.html,,,0,0,https://www.costco.com/grocery-household.html
7419fb04-af74-5ade-81fe-46964b31a536,1738,1242231,1242231,"Swiss Miss, Hot Cocoa Mix, 1.38 oz, 50-Count",https://www.costco.com/.product.1242231.html,,,0,0,https://www.costco.com/grocery-household.html
b86dd966-aa63-57f7-83c1-aa2de5f5102a,1738,522107,522107,"General Mills, Cheerios Cereal, 20.35 oz, 2-count",https://www.costco.com/.product.522107.html,,,0,0,https://www.costco.com/grocery-household.html
a3075660-c47f-57c5-8e87-75a28316c86b,1738,522779,522779,"Kirkland Signature, Crushed Red Pepper, 10 oz",https://www.costco.com/.product.522779.html,,,0,0,https://www.costco.com/grocery-household.html
9d0f0ee1-fe52-56ca-99f6-49c92333422c,1738,1820893,1820893,"Kirkland Signature A2 Chocolate Milk, 8 fl oz, 24-count",https://www.costco.com/.product.1820893.html,,,0,0,https://www.costco.com/grocery-household.html
6c7a6040-d58f-52e4-b0fd-80b9f38ad39e,1738,1005641,1005641,"Chobani Greek Yogurt Variety Pack, 5.3 oz, 20-count",https://www.costco.com/.product.1005641.html,,,0,0,https://www.costco.com/grocery-household.html
c088d0db-58e8-59e2-aa7b-0136bedc1765,1738,1484855,1484855,"Cello Variety Pack, Cracker Cut, Premium Sliced Cheeses, 2 lbs",https://www.costco.com/.product.1484855.html,,,0,0,https://www.costco.com/grocery-household.html
c5453fad-4256-5336-884c-638b63bfcfcc,1738,1977124,1977124,"Bai Antioxidant Beverage, Fruit Variety Pack, 18 fl oz, 15-count",https://www.costco.com/.product.1977124.html,,,0,0,https://www.costco.com/grocery-household.html
380ffaee-c9d8-5e04-98fd-84e776e4a7ca,1738,6101960,6101960,"Kirkland Signature Organic Spinach & Cheese Ravioli, 22 oz, 2-count",https://www.costco.com/.product.6101960.html,,,0,0,https://www.costco.com/grocery-household.html
e87f52d7-e4b2-597c-b636-59e7b263f6a9,1738,1304236,1304236,"Kirkland Signature Grass-Fed Beef Patties, 1/3 lb Patty, 15-count",https://www.costco.com/.product.1304236.html,,,0,0,https://www.costco.com/grocery-household.html
e3a6101f-52e0-5353-bc13-444249c1f684,1738,1981743,1981743,"Kirkland Signature Five Cheese Tortelloni, 24 oz, 2-count",https://www.costco.com/.product.1981743.html,,,0,0,https://www.costco.com/grocery-household.html
ddd07e1d-ce07-5aa3-b041-f0d8b5ceea60,1738,951691,951691,"Sukhi's Indian Chicken Tikka Masala Prepared Meal, 18 oz, 2-count",https://www.costco.com/.product.951691.html,,,0,0,https://www.costco.com/grocery-household.html
58de9d96-eda5-556c-a276-278cf69bd777,1738,18668,18668,"El Monterey Mexican Grill Taquitos, Chicken & Cheese, 30-count",https://www.costco.com/.product.18668.html,,,0,0,https://www.costco.com/grocery-household.html
6aad5c73-b2e7-5fbd-9733-84fe78ae8695,1738,1645630,1645630,"PuraVida Fire Roasted Primavera Mistura, 64 oz",https://www.costco.com/.product.1645630.html,,,0,0,https://www.costco.com/grocery-household.html
76111c78-8c0e-53d9-9e51-e2e7de975ddc,1738,1239452,1239452,"Busseto California Snackin' Bite Size Salami & Provolone Cheese, 8-count",https://www.costco.com/.product.1239452.html,,,0,0,https://www.costco.com/grocery-household.html
4bd17551-c978-5cb4-9759-4080b0c661b5,1738,937348,937348,"Sugar Bowl Bakery, Petite Palmiers, 32 oz",https://www.costco.com/.product.937348.html,,,0,0,https://www.costco.com/grocery-household.html
3e34cf84-fb59-5958-920e-d413ba722b0e,1738,8370,8370,"Taylor Farms Organic Mediterranean Bagged Chopped Salad Kit, 12 oz, 2-count",https://www.costco.com/.product.8370.html,,,0,0,https://www.costco.com/grocery-household.html
efc4a12c-71eb-56c5-b388-f5e684d765e1,1738,1956465,1956465,"Kize Life Changing Bars, Variety Pack, 12-count",https://www.costco.com/.product.1956465.html,,,0,0,https://www.costco.com/grocery-household.html
5b67c0c2-499f-5f38-b265-afa1c5589787,1738,749182,749182,"Ajinomoto Yakitori Chicken Fried Rice, 9 oz, 6-count",https://www.costco.com/.product.749182.html,,,0,0,https://www.costco.com/grocery-household.html
57ed5115-aa76-5c12-986f-14b10128f571,1738,1726089,1726089,"Kirkland Signature House Blend Whole Bean Coffee, Medium Roast, 2.5 lbs",https://www.costco.com/.product.1726089.html,,,0,0,https://www.costco.com/grocery-household.html
31d6efb7-be38-57b5-8a80-53893ad71ee7,1738,1195303,1195303,"Kirkland Signature Dry Roasted Macadamia Nuts, 1.5 lbs",https://www.costco.com/.product.1195303.html,,,0,0,https://www.costco.com/grocery-household.html
f1dea41b-83da-5699-b68f-fb1ce87c6fea,1738,1217608,1217608,"Kirkland Signature Organic Broccoli Florets, 1 lb, 4-count",https://www.costco.com/.product.1217608.html,,,0,0,https://www.costco.com/grocery-household.html
846f9428-3dd6-5bbe-944f-b2c1e9aa3da7,1738,26757,26757,"Kirkland Signature 12"" Plastic Food Wrap, 750 ft, 2 count",https://www.costco.com/.product.26757.html,,,0,0,https://www.costco.com/grocery-household.html
e9374f25-4a75-51a5-92ea-0b4205b2af72,1738,1777022,1777022,"Pulmuone Teriyaki Stir-Fry Udon, 29.4 oz",https://www.costco.com/.product.1777022.html,,,0,0,https://www.costco.com/grocery-household.html
ea0c446f-dd10-5e4a-a87e-1034f67d6f62,1738,2068507,2068507,"ONE Protein Bar, Variety Pack, 2.12 oz, 16-count",https://www.costco.com/.product.2068507.html,,,0,0,https://www.costco.com/grocery-household.html
3e2b5cc0-e848-5c2a-85d5-fb44bbe8ed12,1738,415022,415022,"Scotch Heavy Duty Shipping Tape, 8-pack",https://www.costco.com/.product.415022.html,,,0,0,https://www.costco.com/grocery-household.html
e276a33c-aefe-5ff9-99bb-ac2cc48e0de8,1738,1925804,1925804,"Kirkland Signature Artisan Crust Pepperoni Pizza, 21.52 oz, 4-count",https://www.costco.com/.product.1925804.html,,,0,0,https://www.costco.com/grocery-household.html
53cedb51-9f3f-5d07-9902-29ca3919fcd4,1738,1272413,1272413,"Kirkland Signature, Organic Non-Dairy Oat Beverage, 32 oz, 6-count",https://www.costco.com/.product.1272413.html,,,0,0,https://www.costco.com/grocery-household.html
b0d5263b-8c2f-56bc-98d1-2de4e701542e,1738,1746909,1746909,"Samyang Buldak Ramen Carbonara, Spicy Chicken, 3.7 oz, 6-count",https://www.costco.com/.product.1746909.html,,,0,0,https://www.costco.com/grocery-household.html
c0c69c21-45a3-5940-b541-c4ecfde326a7,1738,1045706,1045706,"Kirkland Signature, Organic Virgin Coconut Oil, 84 fl oz",https://www.costco.com/.product.1045706.html,,,0,0,https://www.costco.com/grocery-household.html
29dcb112-f2a8-5006-b1f7-9d64ad19ef62,1738,1327763,1327763,"Amylu Organic Chicken Burger with Caramelized Onion and Aged White Cheddar, 8-count",https://www.costco.com/.product.1327763.html,,,0,0,https://www.costco.com/grocery-household.html
31d281a7-378c-58f7-aaa0-64eb30ad8d3f,1738,1939979,1939979,"Celsius Sparkling Energy Drink, Vibe Variety Pack, 12 fl oz, 18-count",https://www.costco.com/.product.1939979.html,,,0,0,https://www.costco.com/grocery-household.html
e2e0cf73-57fb-58e3-be50-8481104f4b68,1738,9820887,9820887,"Kirkland Signature Cheese Pizza, 18.25 oz, 4-count",https://www.costco.com/.product.9820887.html,,,0,0,https://www.costco.com/grocery-household.html
37536e8e-7d86-514a-958b-a48e5501aa23,1738,1145682,1145682,"Scotch-Brite Lint Roller, 95-count, 5-pack",https://www.costco.com/.product.1145682.html,,,0,0,https://www.costco.com/grocery-household.html
c6c04ec4-2859-5df3-8af3-b1de4be5fcc8,1738,1895187,1895187,"Glad Take-Aways Food Storage Containers with Lids, 38 oz Rectangle, 35-sets",https://www.costco.com/.product.1895187.html,,,0,0,https://www.costco.com/grocery-household.html
1c8a2cd7-311f-5c77-870f-6628c7f5374a,1738,1611040,1611040,"Kirkland Signature Smoked Pulled Pork, Rubbed with Seasonings, 2 lbs",https://www.costco.com/.product.1611040.html,,,0,0,https://www.costco.com/grocery-household.html
591deddc-4340-595a-9a66-b31c78e806b7,1738,1782177,1782177,"Kirkland Signature Lightly Breaded Chicken Breast Fillet, 3 lbs",https://www.costco.com/.product.1782177.html,,,0,0,https://www.costco.com/grocery-household.html
b6554490-851f-5fbd-9147-0ee845dc0ab5,1738,2751,2751,"Red Star, Active Dry Yeast, 32 oz",https://www.costco.com/.product.2751.html,,,0,0,https://www.costco.com/grocery-household.html
edf0952e-fa04-583c-be93-5e73cffbfb71,1738,21272,21272,"Smucker's Uncrustables, Peanut Butter & Grape Jelly Sandwich, 18-count",https://www.costco.com/.product.21272.html,,,0,0,https://www.costco.com/grocery-household.html
d4d29f78-c1ba-589b-b410-5f9f63ed297d,1738,1368591,1368591,"Always Ultra Thin Advanced Overnight Pads, 76-count",https://www.costco.com/.product.1368591.html,,,0,0,https://www.costco.com/grocery-household.html
075eb9d3-a023-515a-bda8-d2df26b33aaa,1738,221177,221177,"Kirkland Signature Wild Alaskan Sockeye Salmon, 5 oz - 7 oz Portion, 3 lbs",https://www.costco.com/.product.221177.html,,,0,0,https://www.costco.com/grocery-household.html
814c9d2c-e0a6-53d6-beac-228a8c96f2f6,1738,38175,38175,"Cara Cara Oranges, 5 lbs",https://www.costco.com/.product.38175.html,,,0,0,https://www.costco.com/grocery-household.html
99aff0ed-fc0f-56a6-9245-3991d7c73411,1738,1048072,1048072,"Kirkland Signature Organic Greek Yogurt, 48 oz",https://www.costco.com/.product.1048072.html,,,0,0,https://www.costco.com/grocery-household.html
4d93de4d-8e9f-5004-9984-1f718ee913b5,1738,1189000,1189000,"Kirkland Signature Fresh Mozzarella, 18 oz, 2-count",https://www.costco.com/.product.1189000.html,,,0,0,https://www.costco.com/grocery-household.html
6f53b89c-34ca-5004-a30b-571d4d2185d1,1738,88744,88744,"Kirkland Signature Meatballs, 6 lbs",https://www.costco.com/.product.88744.html,,,0,0,https://www.costco.com/grocery-household.html
4f20b829-cd52-5a95-bb15-5871591301de,1738,1644605,1644605,"Lindt Lindor Chocolate Truffles, Assorted Flavors, 21.2 oz",https://www.costco.com/.product.1644605.html,,,0,0,https://www.costco.com/grocery-household.html
39ef723b-7888-55da-b6ef-bf7874794420,1738,1271446,1271446,"Oikos Triple Zero Greek Nonfat Yogurt, Variety Pack, 5.3 oz, 18-count",https://www.costco.com/.product.1271446.html,,,0,0,https://www.costco.com/grocery-household.html
1a20a9bb-4ff8-5f1b-9f13-0f2090db8eae,1738,1920008,1920008,"Chobani Protein Lowfat Greek Yogurt, 6.7 oz, 16-count",https://www.costco.com/.product.1920008.html,,,0,0,https://www.costco.com/grocery-household.html
1b86582c-9ccf-5b3b-b4aa-3923e9267a45,1738,264266,264266,"Starbucks Mocha Frappuccino Chilled Coffee, 9.5 fl oz, 15-count",https://www.costco.com/.product.264266.html,,,0,0,https://www.costco.com/grocery-household.html
2292183e-f43b-5d84-8998-97dc86c3fd04,1738,1824668,1824668,"Simply Protein Crispy Bar Variety Pack, 15-count",https://www.costco.com/.product.1824668.html,,,0,0,https://www.costco.com/grocery-household.html
45e8bb72-30df-5fc5-a45d-d43b7215989d,1738,1719185,1719185,"Babybel Mini Snack Cheese, Original, 0.71 oz, 36-count",https://www.costco.com/.product.1719185.html,,,0,0,https://www.costco.com/grocery-household.html
8ccce2aa-9233-5dfc-bd80-2ba70bb43d96,1738,1169418,1169418,"Kirkland Signature Cabernet Sauvignon, 3 L",https://www.costco.com/.product.1169418.html,,,0,0,https://www.costco.com/grocery-household.html
a5dc6a14-4fe6-5b6f-af1b-fd41c8f9ad89,1738,1321637,1321637,"Kirkland Signature Italian Sausage and Beef Lasagna, 3 lbs, 2-count",https://www.costco.com/.product.1321637.html,,,0,0,https://www.costco.com/grocery-household.html
66e726ee-c385-5a95-b1b1-ba2677264e8b,1738,790652,790652,"SO Delicious, Organic Coconut Milk, 32 oz, 6-Count",https://www.costco.com/.product.790652.html,,,0,0,https://www.costco.com/grocery-household.html
561e9035-3f74-550a-8e27-159ff6d82dec,1738,904984,904984,"Kirkland Signature Organic Strawberries, 4 lbs",https://www.costco.com/.product.904984.html,,,0,0,https://www.costco.com/grocery-household.html
9c2cf4c8-1b7e-5143-8726-a91e525a0dc4,1738,1178969,1178969,"Kirkland Signature, Almond Flour, 3 lbs",https://www.costco.com/.product.1178969.html,,,0,0,https://www.costco.com/grocery-household.html
f749a45c-1da9-5a51-9bd4-e1cae7a6fda8,1738,1644309,1644309,"Kirkland Signature Wild Smoked Sockeye Salmon, 8 oz, 2-count",https://www.costco.com/.product.1644309.html,,,0,0,https://www.costco.com/grocery-household.html
4696ee79-21d2-5a20-978f-ba8fbfa120b3,1738,1032767,1032767,"Mott's Organic 100% Apple Juice, 1 Gal, 2-count",https://www.costco.com/.product.1032767.html,,,0,0,https://www.costco.com/grocery-household.html
438d1969-b97e-51e2-975f-8157f0803360,1738,1978580,1978580,"Kirkland Signature Tonkotsu Pork Ramen Broth, 32 fl oz, 4-count",https://www.costco.com/.product.1978580.html,,,0,0,https://www.costco.com/grocery-household.html
b10800a1-286c-5e3b-a5b0-3e966b683fe6,1738,1242342,1242342,"Kirkland Signature, Almond Milk, 1 qt, 12-count",https://www.costco.com/.product.1242342.html,,,0,0,https://www.costco.com/grocery-household.html
dbe71415-6f83-57d5-a03e-80584f34b86d,1738,433677,433677,"McCormick, Grill Mates, Montreal Steak Seasoning, 29 oz",https://www.costco.com/.product.433677.html,,,0,0,https://www.costco.com/grocery-household.html
36f67186-5a2a-5e1d-934c-b6f95b93fc3d,1738,1015237,1015237,"Kirkland Signature Stir-Fry Vegetable Blend, 5.5 lbs",https://www.costco.com/.product.1015237.html,,,0,0,https://www.costco.com/grocery-household.html
d5c03d9b-dbb3-5164-888c-1678fedfc479,1738,1462040,1462040,"Kirkland Signature Wild Argentine Raw Shrimp, 2 lb",https://www.costco.com/.product.1462040.html,,,0,0,https://www.costco.com/grocery-household.html
eb8f6d87-29bc-51b9-9280-cd2546edf89e,1738,1854959,1854959,"Kirkland Signature Atlantic Blackened Salmon, 6-count",https://www.costco.com/.product.1854959.html,,,0,0,https://www.costco.com/grocery-household.html
e89e1296-d0fe-5e8a-b1d0-8752674e2f85,1738,1775302,1775302,"Kirkland Signature Parmesan Black Pepper & Parmesan Chicken Sausage, 3 lbs",https://www.costco.com/.product.1775302.html,,,0,0,https://www.costco.com/grocery-household.html
03792c4e-aea1-59e9-ac69-8cb6421b9baf,1738,1561556,1561556,"Amylu Teriyaki Pineapple Chicken Meatballs, 46 oz",https://www.costco.com/.product.1561556.html,,,0,0,https://www.costco.com/grocery-household.html
1e181198-6178-53ff-847c-801c75411c47,1738,401993,401993,"Hershey's Kisses, Milk Chocolate, 56 oz, 330-count",https://www.costco.com/.product.401993.html,,,0,0,https://www.costco.com/grocery-household.html
8264f901-e890-5c4a-bea4-3104e78e728d,1738,1374083,1374083,"Rao's Homemade Alfredo Sauce, 15 oz, 2-count",https://www.costco.com/.product.1374083.html,,,0,0,https://www.costco.com/grocery-household.html
cad9af80-cc19-58bc-8386-69a397b62508,1738,815544,815544,"Kirkland Signature Organic Blueberries, 3 lbs",https://www.costco.com/.product.815544.html,,,0,0,https://www.costco.com/grocery-household.html
ee9f2961-e41d-5325-96c7-076aaaaa13f9,1738,570940,570940,"Kirkland Signature Nature's Domain Cat Food, 18 lbs",https://www.costco.com/.product.570940.html,,,0,0,https://www.costco.com/grocery-household.html
ea5cfc0f-b73a-584d-b9be-b365d2de95ce,1738,1312297,1312297,"Jimmy Dean Delights English Muffins, 5.1 oz, 12-count",https://www.costco.com/.product.1312297.html,,,0,0,https://www.costco.com/grocery-household.html
a920d806-d187-5e12-96d5-5bc37e49b30a,1738,1847476,1847476,"Ling Ling Potstickers, Chicken and Vegetable, 4.2 lbs",https://www.costco.com/.product.1847476.html,,,0,0,https://www.costco.com/grocery-household.html
f9d9d8d4-3d3c-5176-b370-7b7f9d4b49e9,1738,1294446,1294446,"Kirkland Signature Chicken Wings, First and Second Sections, 10 lbs",https://www.costco.com/.product.1294446.html,,,0,0,https://www.costco.com/grocery-household.html
997c63a7-888d-559a-9c58-10e47cfa8d93,1738,2003097,2003097,"Quest Protein Bar Variety Pack, 2.12 oz, 16-count",https://www.costco.com/.product.2003097.html,,,0,0,https://www.costco.com/grocery-household.html
af44335c-34b7-5a23-b765-cf87dfa7af82,1738,1889510,1889510,"Kirkland Signature Powder Laundry Detergent, 200 Loads, 348.8 oz",https://www.costco.com/.product.1889510.html,,,0,0,https://www.costco.com/grocery-household.html
fcaf6a8f-1a6d-58aa-829d-61593c27a0f8,1738,7186561,7186561,"Kirkland Signature Organic Greek Feta, 28.2 oz",https://www.costco.com/.product.7186561.html,,,0,0,https://www.costco.com/grocery-household.html
4a15fa94-2453-5e09-9b2e-f393b07d9523,1738,1735359,1735359,"Kirkland Signature Mild Italian Sausage, 3.5 lbs",https://www.costco.com/.product.1735359.html,,,0,0,https://www.costco.com/grocery-household.html
28a504ad-3b76-5bb9-895e-8a3ffda3e435,1738,1302599,1302599,"Sabatino's Paleo Organic Basil and Cracked Black Pepper Chicken Sausages, 36 oz",https://www.costco.com/.product.1302599.html,,,0,0,https://www.costco.com/grocery-household.html
78605649-aa7f-5a9a-86c9-5729031d3d08,1738,1165284,1165284,"Kirkland Signature Shredded Mexican Style Blend Cheese, 2.5 lbs, 2-count",https://www.costco.com/.product.1165284.html,,,0,0,https://www.costco.com/grocery-household.html
49974777-993f-5598-a4a1-4611662471e1,1738,1842854,1842854,"Tampax Pearl Advanced Duopack, 87-count",https://www.costco.com/.product.1842854.html,,,0,0,https://www.costco.com/grocery-household.html
205ebb35-74f2-5285-8649-62fcc08661db,1738,303285,303285,"Finlandia Premium Cheese Slices, 2 lbs",https://www.costco.com/.product.303285.html,,,0,0,https://www.costco.com/grocery-household.html
1d21d323-b545-571f-b91c-12854ebf0606,1738,689121,689121,"Phillips Crab Cake Minis, 36-count",https://www.costco.com/.product.689121.html,,,0,0,https://www.costco.com/grocery-household.html
8250b338-ef4f-5064-85b1-dd6759a5b1ce,1738,107699,107699,"CJ Bibigo Steamed Dumplings, Chicken & Vegetable, 36-count",https://www.costco.com/.product.107699.html,,,0,0,https://www.costco.com/grocery-household.html
bdd0592d-6be7-5ba5-818e-f90b57390e6b,1738,587289,587289,"Double Egg Yolk and Lotus Seed Paste Moon Cakes, 24.7 oz, 4-count",https://www.costco.com/.product.587289.html,,,0,0,https://www.costco.com/grocery-household.html
ebffce26-c1a8-5f66-bac5-a705a5896852,1738,1617506,1617506,"Kirkland Signature Organic Whole Cashews, Unsalted, Unroasted, 2.5 lbs",https://www.costco.com/.product.1617506.html,,,0,0,https://www.costco.com/grocery-household.html
10367805-2741-5ab0-be07-d0e7ed7ee63a,1738,316629,316629,"Welch’s, 100% Grape Juice Blend, Concord Grape, 96 fl oz, 2-Count",https://www.costco.com/.product.316629.html,,,0,0,https://www.costco.com/grocery-household.html
18ac1a49-7a7a-5b71-b59d-a1ddc6fb7d82,1738,1578895,1578895,"Band-Aid Adhesive Bandages, Assorted, 198-count",https://www.costco.com/.product.1578895.html,,,0,0,https://www.costco.com/grocery-household.html
d5a46014-1c18-57dd-b113-8d14d000bfea,1738,29755,29755,"Kirkland Signature Boneless Lamb Leg Roast, Australian",https://www.costco.com/.product.29755.html,,,0,0,https://www.costco.com/grocery-household.html
c35ef3bb-21e2-5f25-98cc-15e71a81e430,1738,1528787,1528787,"Kirkland Signature Whole Bean Coffee, French Roast, 2.5 lbs",https://www.costco.com/.product.1528787.html,,,0,0,https://www.costco.com/grocery-household.html
b6a8de11-6e9b-5134-8997-2ca4c3c83b24,1738,1339035,1339035,"Foster Farms Take Out Crispy Chicken Wings, Sweet Chipotle BBQ, 4 lbs",https://www.costco.com/.product.1339035.html,,,0,0,https://www.costco.com/grocery-household.html
881fd635-bc2a-5dae-b1c9-643988869b9e,1738,519638,519638,"Organic Blueberries, 18 oz",https://www.costco.com/.product.519638.html,,,0,0,https://www.costco.com/grocery-household.html
da13a9b7-9fe1-5795-9ac2-d09b5fcaa00a,1738,41181,41181,"Emmi Le Gruyere AOP Cheese, 1 lb",https://www.costco.com/.product.41181.html,,,0,0,https://www.costco.com/grocery-household.html
a7d99d1f-3891-53b6-b96a-0acaf90ef5d1,1738,8816886,8816886,"Finish Powerball Ultimate Quantum Dish Detergent Tabs, 90-count",https://www.costco.com/.product.8816886.html,,,0,0,https://www.costco.com/grocery-household.html
5a406fbd-816b-57ec-8556-dfd704d53c2d,1738,795269,795269,"Carr's Table Water Crackers, Variety Pack, 25.5 oz",https://www.costco.com/.product.795269.html,,,0,0,https://www.costco.com/grocery-household.html
247901b4-5572-5e62-9c39-00675ad96e6a,1738,1200200,1200200,"Kirkland Signature Garlic Butter Shrimp, 2 lbs",https://www.costco.com/.product.1200200.html,,,0,0,https://www.costco.com/grocery-household.html
370354e5-d5f3-5d90-9207-95e3896a60a7,1738,1231893,1231893,"Greenridge Naturals Beef Snack Sticks, 3 oz, 12-count",https://www.costco.com/.product.1231893.html,,,0,0,https://www.costco.com/grocery-household.html
0459aef2-7aa6-50c5-81df-d3be4833182c,1738,56366,56366,"Raspberries, 12 oz",https://www.costco.com/.product.56366.html,,,0,0,https://www.costco.com/grocery-household.html
3c682be6-8f38-5f27-bee6-b44af5ce6370,1738,325112,325112,"Lipton, Iced Tea Mix, Lemon, 5 lbs",https://www.costco.com/.product.325112.html,,,0,0,https://www.costco.com/grocery-household.html
0e6961ee-29aa-5952-8518-51d07c4ec55b,1738,1282504,1282504,"General Mills Morning Summit Cereal, 38 oz",https://www.costco.com/.product.1282504.html,,,0,0,https://www.costco.com/grocery-household.html
a7d00391-7fd7-5034-858a-ab09fcd420cc,1738,388467,388467,"Boursin Garlic & Fine Herbs + Shallot & Chive, Gourmet Cheese, 5.3 oz, 3-count",https://www.costco.com/.product.388467.html,,,0,0,https://www.costco.com/grocery-household.html
2aca31c0-5e74-535e-9fc2-8e66a5500be9,1738,1124028,1124028,"Teton Waters Ranch Polish Sausage, 2.25 lbs",https://www.costco.com/.product.1124028.html,,,0,0,https://www.costco.com/grocery-household.html
a0f1e273-53dd-56c5-98d2-545a43cc5619,1738,1456653,1456653,"Kellogg's Cracker Collection, Variety Pack, 13-stacks",https://www.costco.com/.product.1456653.html,,,0,0,https://www.costco.com/grocery-household.html
591e1066-c1b1-5b56-a6e3-98caf3b44747,1738,967892,967892,"BelGioioso Fresh Mozzarella Snacking Cheese, 1 oz, 24-count",https://www.costco.com/.product.967892.html,,,0,0,https://www.costco.com/grocery-household.html
426e0169-557a-529e-a184-1877c0677f1f,1738,1143205,1143205,"Crazy Cuizine Mandarin Orange Chicken, 66 oz",https://www.costco.com/.product.1143205.html,,,0,0,https://www.costco.com/grocery-household.html
9901df6f-e4e9-5b35-90e3-b78b4ee56096,1738,2045189,2045189,"Monster Energy Drink, Ultra Variety Pack, 12 fl oz, 24-count",https://www.costco.com/.product.2045189.html,,,0,0,https://www.costco.com/grocery-household.html
0db519d0-5183-5a9a-b38d-d928b9c26a00,1738,46242,46242,"Kirkland Signature Decaffeinated Coffee, Dark Roast, 3 lbs",https://www.costco.com/.product.46242.html,,,0,0,https://www.costco.com/grocery-household.html
9a834b08-2c01-526d-bd55-a104d509cac2,1738,1284156,1284156,"Veggies Made Great Spinach Egg White Frittatas, 20-count",https://www.costco.com/.product.1284156.html,,,0,0,https://www.costco.com/grocery-household.html
4c3d1819-213e-5a33-9214-ca368f282ee5,1738,1953371,1953371,"Beyond Meat Plant-Based Patties, 4 oz, 10-count",https://www.costco.com/.product.1953371.html,,,0,0,https://www.costco.com/grocery-household.html
b6aeb3b3-29b6-5e99-872c-85f7f4ba7c61,1738,941275,941275,"Kirkland Signature Organic Pine Nuts, 1.5 lbs",https://www.costco.com/.product.941275.html,,,0,0,https://www.costco.com/grocery-household.html
d5f685ef-899a-53f5-8a8c-b5a26e24d037,1738,819413,819413,"Giorgia Organic Mushrooms Sliced, 4 oz, 12-count",https://www.costco.com/.product.819413.html,,,0,0,https://www.costco.com/grocery-household.html
ba7ff4ed-2131-5b5b-bdd1-6727da99a994,1738,1305092,1305092,"Kirkland Signature Ground Beef Patties, 1/3 lb Patty, 18-count",https://www.costco.com/.product.1305092.html,,,0,0,https://www.costco.com/grocery-household.html
1c3a82a5-217b-57ea-97b4-c17988eba8b6,1738,711509,711509,"Red Bull Energy Drink, Sugar Free, 8.4 fl oz, 24-count",https://www.costco.com/.product.711509.html,,,0,0,https://www.costco.com/grocery-household.html
f743f838-edce-591b-a66b-2f99621c2829,1738,112266,112266,"Madi Gran Panettone Italian Traditional Oven Baked Cake, 2.2 lbs",https://www.costco.com/.product.112266.html,,,0,0,https://www.costco.com/grocery-household.html
4adcaf82-8d92-5f51-aced-d866c98c9f89,1738,112218,112218,"Haagen Dazs Vanilla Milk Chocolate Almond Ice Cream Bars, 3 fl oz, 15-count",https://www.costco.com/.product.112218.html,,,0,0,https://www.costco.com/grocery-household.html
2245e4db-068a-502d-93dc-5aa7d3c5c551,1738,1294443,1294443,"Kirkland Signature Chicken Tenderloins, Boneless Skinless, 6 lbs",https://www.costco.com/.product.1294443.html,,,0,0,https://www.costco.com/grocery-household.html
0d878e45-6639-5b51-b289-15750ccc4c88,1738,1280819,1280819,"Kirkland Signature Organic Hummus, 2.5 oz, 20-count",https://www.costco.com/.product.1280819.html,,,0,0,https://www.costco.com/grocery-household.html
e91320c3-c833-51fb-8339-27b8087e737e,1738,2070826,2070826,"Nutella Peanut Spread with Cocoa, 26.5 oz, 2-count",https://www.costco.com/.product.2070826.html,,,0,0,https://www.costco.com/grocery-household.html
70ff1102-e95f-5aea-ae67-67af2c95de9c,1738,1936264,1936264,"Gatorade Zero Variety Pack, 20 fl oz, 24-count",https://www.costco.com/.product.1936264.html,,,0,0,https://www.costco.com/grocery-household.html
08009e41-1820-5c4b-9fc0-0bf1abb4afbd,1738,990551,990551,"Kirkland Signature Imported Basil Pesto, 22 oz",https://www.costco.com/.product.990551.html,,,0,0,https://www.costco.com/grocery-household.html
d2533bfe-ee1b-5afe-ab7a-f6c057047f90,1738,2218574,2218574,"Swiffer Heavy Duty Wet Mopping Cloths, Lavender, 54-count",https://www.costco.com/.product.2218574.html,,,0,0,https://www.costco.com/grocery-household.html
799d467b-e89e-5eb0-ac35-bb2975a75430,1738,1207907,1207907,"Kerrygold Pure Unsalted Irish Butter, 8 oz, 4-count",https://www.costco.com/.product.1207907.html,,,0,0,https://www.costco.com/grocery-household.html
f631d7db-e6c7-5247-a531-07a323176ac7,1738,1312303,1312303,"Jimmy Dean Croissant Sausage Egg & Cheese, 4.5 oz, 12-count",https://www.costco.com/.product.1312303.html,,,0,0,https://www.costco.com/grocery-household.html
e72bfad1-4764-5395-a5f4-f8e0adc5cce4,1738,242668,242668,"Red Bull Energy Drink, 8.4 fl oz, 24 count",https://www.costco.com/.product.242668.html,,,0,0,https://www.costco.com/grocery-household.html
628cfac9-b3cc-5b71-91ef-45b69ae5a211,1738,1847677,1847677,"Noosa Yoghurt Variety Pack, 4 oz, 12-count",https://www.costco.com/.product.1847677.html,,,0,0,https://www.costco.com/grocery-household.html
210fbcfb-4868-5b0b-acd5-504d69ee5c65,1738,2008132,2008132,"Always Infinity FlexFoam Pads, 72-count",https://www.costco.com/.product.2008132.html,,,0,0,https://www.costco.com/grocery-household.html
729fd374-711e-50c8-bac7-9c7e6c12c59b,1738,1538864,1538864,"Starbucks Caramel Macchiato Creamer, 58 fl oz",https://www.costco.com/.product.1538864.html,,,0,0,https://www.costco.com/grocery-household.html
14879723-0a55-5edb-a748-b92a00a66b57,1738,7416,7416,"Tyson Panko Breaded Chicken Breast Tenderloins, 5 lbs",https://www.costco.com/.product.7416.html,,,0,0,https://www.costco.com/grocery-household.html
bdbd4921-7c7a-5d37-a579-c99078a0d43a,1738,755383,755383,"Tyson Crispy Chicken Strips, 48 oz",https://www.costco.com/.product.755383.html,,,0,0,https://www.costco.com/grocery-household.html
6ce289b9-7da0-50e9-ab8e-85198e4f8365,1738,2059712,2059712,"Chobani 20g Protein Lowfat Plain Greek Yogurt, 40 oz",https://www.costco.com/.product.2059712.html,,,0,0,https://www.costco.com/grocery-household.html
e33eabcf-0f3c-5709-81c1-bc9c58131301,1738,4032,4032,Seedless Watermelon,https://www.costco.com/.product.4032.html,,,0,0,https://www.costco.com/grocery-household.html
37fada03-0ad9-5685-a83b-277cc53528c5,1738,1603075,1603075,"Perfect Bar Refrigerated Organic Protein Bar, Variety, 12-count",https://www.costco.com/.product.1603075.html,,,0,0,https://www.costco.com/grocery-household.html
6c273b30-0178-5fc1-a88a-5beba9939a25,1738,1856165,1856165,"Sunny Fruit Dried Apricots, 32 oz",https://www.costco.com/.product.1856165.html,,,0,0,https://www.costco.com/grocery-household.html
62523403-d9a6-5602-98ec-161e94276c04,1738,1139689,1139689,"Kirkland Signature Tilapia Loins, 3 lbs",https://www.costco.com/.product.1139689.html,,,0,0,https://www.costco.com/grocery-household.html
5d488ae8-85fd-5061-ae6a-25dee376fb1e,1738,1750825,1750825,"Gen Bake Churro Donut Bites, 30 oz",https://www.costco.com/.product.1750825.html,,,0,0,https://www.costco.com/grocery-household.html
5d491680-a262-563b-893b-c7e5fd30b127,1738,620595,620595,"Nestle Nido Kinder 1+ Toddler Powdered Milk, 77.6 oz",https://www.costco.com/.product.620595.html,,,0,0,https://www.costco.com/grocery-household.html
c721ec00-9f0e-5af2-a841-b6d7703c73e2,1738,986654,986654,"Unitex 100% Cotton Towel, White, 14 in x 17 in, 52-count",https://www.costco.com/.product.986654.html,,,0,0,https://www.costco.com/grocery-household.html
443f3744-0e4a-5459-946e-68a11d8245ae,1738,5331,5331,"Classico Organic Pasta Sauce, 32 oz, 3-count",https://www.costco.com/.product.5331.html,,,0,0,https://www.costco.com/grocery-household.html
ccc990ef-076d-5d1d-91ae-b5ca3eeea2a4,1738,1804984,1804984,"Carbone Spicy Vodka Sauce, 32 oz, 2-count",https://www.costco.com/.product.1804984.html,,,0,0,https://www.costco.com/grocery-household.html
f987b8fc-fbb1-5c01-8384-9cfd401acf70,1738,948400,948400,"Kirkland Signature Super Premium Vanilla Ice Cream, 1/2 Gallon, 2-count",https://www.costco.com/.product.948400.html,,,0,0,https://www.costco.com/grocery-household.html
8c49e310-2167-54d7-8534-14f24f01de74,1738,5276,5276,"Red Seedless Grapes, 3 lbs",https://www.costco.com/.product.5276.html,,,0,0,https://www.costco.com/grocery-household.html
61b407e6-edaf-5c3a-b5bf-17546e6bd1f8,1738,979669,979669,"USPS First-Class Forever Stamp, 100-Count",https://www.costco.com/.product.979669.html,,,0,0,https://www.costco.com/grocery-household.html
e4bd406b-5af2-5e45-98f3-8421e9d5bc74,1738,96928,96928,"Kraft Singles American Cheese, 96 Slices, 4 lbs",https://www.costco.com/.product.96928.html,,,0,0,https://www.costco.com/grocery-household.html
5d410120-7374-5467-b444-f198cebbf05e,1738,1136479,1136479,"Archer Grass-Fed Beef Jerky, Mango Habanero, 16 oz",https://www.costco.com/.product.1136479.html,,,0,0,https://www.costco.com/grocery-household.html
8aac31a1-f0bd-53e6-b5ae-02d6459b215a,1738,1956136,1956136,"Kirkland Signature Crispy Wings with Classic Buffalo Sauce, 64 oz",https://www.costco.com/.product.1956136.html,,,0,0,https://www.costco.com/grocery-household.html
4e4b0729-82c6-586c-ae59-8431e38d41a6,1738,1830081,1830081,"Kirkland Signature Uncured Bacon and Gouda Egg Bites, 10-count",https://www.costco.com/.product.1830081.html,,,0,0,https://www.costco.com/grocery-household.html
cb4c48ad-788e-5237-a639-c1ea9b73c741,1738,31680,31680,"Kirkland Signature Aluminum Foil, 12""W x 1000'L",https://www.costco.com/.product.31680.html,,,0,0,https://www.costco.com/grocery-household.html
0cec8d5b-82bf-5f9d-a760-08552545eeef,1738,1440704,1440704,"Authentic Motor City Pizza Co Detroit-Style Deep Dish Pizza, Double Pepperoni, 2-count",https://www.costco.com/.product.1440704.html,,,0,0,https://www.costco.com/grocery-household.html
6510e5df-6d95-5ec6-82e3-345e8e7f183b,1738,2076416,2076416,"Health-Ade Organic Fruity Fusion Kombucha Variety Pack, 16 fl oz, 6-count",https://www.costco.com/.product.2076416.html,,,0,0,https://www.costco.com/grocery-household.html
2a2d7ead-0a30-5000-9168-af01a130a492,1738,1018790,1018790,"Brazi Bites Brazilian Cheddar & Parmesan Cheese Bread, 62-count",https://www.costco.com/.product.1018790.html,,,0,0,https://www.costco.com/grocery-household.html
a99e6991-2bb2-5dce-9faa-1062706b4efc,1738,50550,50550,"Hebrew National 100% Kosher Beef Franks, 12 oz, 4-count, 28 Beef Franks Total",https://www.costco.com/.product.50550.html,,,0,0,https://www.costco.com/grocery-household.html
e9b13c1e-142e-53ef-94d9-acc4862c98a0,1738,1191845,1191845,"Stevia in the Raw Organic Stevia Blend, 22.57 oz",https://www.costco.com/.product.1191845.html,,,0,0,https://www.costco.com/grocery-household.html
22b49bc6-2314-544c-9f59-dd13b4237954,1738,1449725,1449725,"NuTrail Nut Granola, Blueberry Cinnamon, 22 oz",https://www.costco.com/.product.1449725.html,,,0,0,https://www.costco.com/grocery-household.html
d49fa93c-fb99-55e4-88ac-e485b2c2201f,1738,1560758,1560758,"Yummy Dino Buddies Dinosaur Chicken Breast Nuggets, 5 lbs",https://www.costco.com/.product.1560758.html,,,0,0,https://www.costco.com/grocery-household.html
2f319f1e-870f-5a37-8c50-3b89dbe6dc15,1738,2057644,2057644,"Kinder's The Flavor Rack Signature Organic Seasoning Variety Pack, 12-count",https://www.costco.com/.product.2057644.html,,,0,0,https://www.costco.com/grocery-household.html
d4e3e384-cb59-59ab-939c-663ae31290dd,1738,1320289,1320289,"Perdue, Panko Breaded Chicken Breast Nuggets, 5 lbs",https://www.costco.com/.product.1320289.html,,,0,0,https://www.costco.com/grocery-household.html
2c897841-e0f5-5359-8232-6b819c9bfadf,1738,2067029,2067029,"Tide Pods Unstopables Laundry Detergent Pods, Fresh, 80-count",https://www.costco.com/.product.2067029.html,,,0,0,https://www.costco.com/grocery-household.html
d095714c-6ccf-5fef-bc0b-7597c1f3544d,1738,514007,514007,"Kirkland Signature Chardonnay, Sonoma County, 750 ml",https://www.costco.com/.product.514007.html,,,0,0,https://www.costco.com/grocery-household.html
c707fb1f-3282-5fa0-b6fa-86364c73e448,1738,1096018,1096018,"Sabatasso's Gluten-free Four-cheese Pizza, 17.5 oz, 3-count",https://www.costco.com/.product.1096018.html,,,0,0,https://www.costco.com/grocery-household.html
a090a3b0-9c20-58c6-8cc5-d449b149b3c7,1738,2008181,2008181,"Chomps Smokey BBQ Seasoned Beef Sticks, 1.15 oz, 12-count",https://www.costco.com/.product.2008181.html,,,0,0,https://www.costco.com/grocery-household.html
2ff988fe-932f-51d7-803e-5dacde7e7b17,1738,1021876,1021876,"Pierre Raw Stuffed Chicken Breasts, Cordon Bleu, 6-count",https://www.costco.com/.product.1021876.html,,,0,0,https://www.costco.com/grocery-household.html
e277ee1c-e81b-5148-8b67-cc11e42846e5,1738,720650,720650,"Cocktail Cucumber, Greenhouse Grown, 1.5 lbs",https://www.costco.com/.product.720650.html,,,0,0,https://www.costco.com/grocery-household.html
a9dcd373-1225-5231-acb7-9040a36432e3,1738,1101794,1101794,Kirkland Signature Nature's Domain Puppy Formula Chicken & Pea Dog Food 20 lb.,https://www.costco.com/.product.1101794.html,,,0,0,https://www.costco.com/grocery-household.html
440d1c6d-189e-5009-8a60-c0a36d1c12e0,1738,1105983,1105983,"Glacéau Smartwater, 1 L, 15-count",https://www.costco.com/.product.1105983.html,,,0,0,https://www.costco.com/grocery-household.html
30a8005e-2844-5de5-8a63-107a419319de,1738,1292488,1292488,"Safe Catch Ahi Wild Yellowfin Tuna Steaks, 5 oz, 6-count",https://www.costco.com/.product.1292488.html,,,0,0,https://www.costco.com/grocery-household.html
21544079-3d33-5f7e-af65-ac928887280f,1738,1763967,1763967,"Ajinomoto Japanese Style Gyoza, Pork And Chicken, 60-count",https://www.costco.com/.product.1763967.html,,,0,0,https://www.costco.com/grocery-household.html
d4a5a031-ffad-5c75-913a-f9b66974dcad,1738,16594,16594,"Trident Seafoods Alaskan Salmon Burgers, 4 oz, 12-count",https://www.costco.com/.product.16594.html,,,0,0,https://www.costco.com/grocery-household.html
8f8a5168-a983-58b0-ac68-3774b37f3597,1738,7172015,7172015,"Kirkland Signature Reduced Sodium Dry Salame, 16 oz, 2-count",https://www.costco.com/.product.7172015.html,,,0,0,https://www.costco.com/grocery-household.html
a72026f0-b82c-5205-9084-33e58a256614,1738,2345775,2345775,"Poo-Pourri Toilet Spray, Variety Pack, 3.4 fl oz, 3-count",https://www.costco.com/.product.2345775.html,,,0,0,https://www.costco.com/grocery-household.html
703f447d-6540-5c39-93e1-5ad139a1d97e,1738,1433996,1433996,"Stonefire Authentic Flatbreads Naan Dippers, 19.4 oz",https://www.costco.com/.product.1433996.html,,,0,0,https://www.costco.com/grocery-household.html
20125366-d9b5-5358-abb8-a9638a872386,1738,1388332,1388332,"Tropical Fields Organic Coconut Rolls, 11 oz",https://www.costco.com/.product.1388332.html,,,0,0,https://www.costco.com/grocery-household.html
c4710db9-48f5-59a6-b064-492a1f31e6e7,1738,1524380,1524380,"Kirkland Signature Cauliflower Crust Pizza, Supreme, 2-count",https://www.costco.com/.product.1524380.html,,,0,0,https://www.costco.com/grocery-household.html
5ee1c53a-f9d8-5d23-b0d1-f35685b9093d,1738,1053793,1053793,"Healthy Choice Organic Fudge Bars, 3 fl oz, 18-count",https://www.costco.com/.product.1053793.html,,,0,0,https://www.costco.com/grocery-household.html
39559a21-373b-506c-90fb-2c590051024d,1738,38742,38742,"Super Sweet Corn, 8-count",https://www.costco.com/.product.38742.html,,,0,0,https://www.costco.com/grocery-household.html
d5773af5-1e1a-58a0-a0cd-2407ac096f99,1738,1613181,1613181,"Degree Men UltraClear+ Antiperspirant Deodorant, Black & White, 2.7 oz, 5-pack",https://www.costco.com/.product.1613181.html,,,0,0,https://www.costco.com/grocery-household.html
f0fdaa1f-6356-58fc-9fea-8fbc0b935a48,1738,1550486,1550486,"Bibigo Steamed Soup Dumplings, Beef Pho Flavor, 36-count",https://www.costco.com/.product.1550486.html,,,0,0,https://www.costco.com/grocery-household.html
9c59e476-c54e-55e9-970a-131646a5c8fd,1738,1018249,1018249,"Organic Ataulfo Mangos, 6-count",https://www.costco.com/.product.1018249.html,,,0,0,https://www.costco.com/grocery-household.html
3c4cac97-37d3-5ee4-a9b3-715c6f0014a9,1738,25551,25551,"Kirkland Signature Farm-Raised Raw Shrimp, Tail-On, 21-25-count per Pound, 2 lbs",https://www.costco.com/.product.25551.html,,,0,0,https://www.costco.com/grocery-household.html
3cc3783c-f477-542b-84dc-994eb1d222ee,1738,67072,67072,"Navel Oranges, 8 lbs",https://www.costco.com/.product.67072.html,,,0,0,https://www.costco.com/grocery-household.html
c2256a70-d57b-5d1e-9017-9951c07092e9,1738,1917654,1917654,"AG1 Daily Foundational Nutrition, 40-count",https://www.costco.com/.product.1917654.html,,,0,0,https://www.costco.com/grocery-household.html
08389551-26f9-56ae-b7d8-f69c58a57a3a,1738,1380296,1380296,"Amylu, Chicken Breakfast Sausage Links, 2.5 lbs",https://www.costco.com/.product.1380296.html,,,0,0,https://www.costco.com/grocery-household.html
2a22602c-1efb-5204-a7e8-c5d09deb2488,1738,1243287,1243287,"Kirkland Signaure Organic Raw Kombucha, 16 fl oz, 8-count",https://www.costco.com/.product.1243287.html,,,0,0,https://www.costco.com/grocery-household.html
9f4c4bd8-6008-5907-a3eb-bf3da51b6a96,1738,4223955,4223955,"Tide Advanced Care Liquid Laundry Detergent, Free & Gentle, 125 Loads, 154 fl oz",https://www.costco.com/.product.4223955.html,,,0,0,https://www.costco.com/grocery-household.html
4b62e1e8-7706-5d80-bbd6-e527fa53f9d4,1738,1239636,1239636,"Good Foods Organic Avocado Mash, Sea Salt and Black Pepper, 2 oz, 16-count",https://www.costco.com/.product.1239636.html,,,0,0,https://www.costco.com/grocery-household.html
5f043939-5d33-54f9-98e9-8bd433b41cda,1738,1975527,1975527,"Kirkland Signature Ultra Filtered 2% Lactose Free Milk, Half Gallon, 3-count",https://www.costco.com/.product.1975527.html,,,0,0,https://www.costco.com/grocery-household.html
c22623c9-7ae5-51fb-9c87-ee5edf03cc9d,1738,985695,985695,"Annie's Organic Macaroni & Cheese Variety Pack, 6 oz, 12-count",https://www.costco.com/.product.985695.html,,,0,0,https://www.costco.com/grocery-household.html
e988bb7b-c41f-5338-af55-adc4b5872955,1738,1792879,1792879,"POM Wonderful 100% Pomegranate Juice, 64 fl oz",https://www.costco.com/.product.1792879.html,,,0,0,https://www.costco.com/grocery-household.html
6fb7c315-2ab8-5806-908c-9ac6179c3dfb,1738,3451400,3451400,"Marathon Jumbo Roll Bath Tissue, 2-Ply, 900 ft Rolls, 6 Rolls",https://www.costco.com/.product.3451400.html,,,0,0,https://www.costco.com/grocery-household.html
7881d546-1683-51f6-a5e7-d504f2e447eb,1738,1713786,1713786,"Kirkland Signature Roasted Almonds, Sea Salt, 2.5 lbs",https://www.costco.com/.product.1713786.html,,,0,0,https://www.costco.com/grocery-household.html
fb9a07e7-9439-54f5-a72a-8985672a385e,1738,1233570,1233570,"Kirkland Signature Breaded Panko Shrimp, 2.5 lbs",https://www.costco.com/.product.1233570.html,,,0,0,https://www.costco.com/grocery-household.html
136399ad-58eb-5386-b784-5d9737d7472a,1738,27003,27003,"Strawberries, 2 lbs",https://www.costco.com/.product.27003.html,,,0,0,https://www.costco.com/grocery-household.html
0057508a-89a1-55fe-a33d-ea1d4598740d,1738,222464,222464,"Petite Cuisine Mozzarella Sticks in a Crispy Seasoned Breading, 5 lb",https://www.costco.com/.product.222464.html,,,0,0,https://www.costco.com/grocery-household.html
30abae16-76ae-51c4-ae0c-68d68a89bada,1738,1010598,1010598,"Kirkland Signature Three Berry Blend, 4 lbs",https://www.costco.com/.product.1010598.html,,,0,0,https://www.costco.com/grocery-household.html
dc92c3bf-b760-567a-a64b-5b576feb559b,1738,831454,831454,"Paesana Organic Tomato & Basil Pasta Sauce, 25 oz, 2-count",https://www.costco.com/.product.831454.html,,,0,0,https://www.costco.com/grocery-household.html
dcc797ab-527f-5050-ab75-7bd2d5cdb490,1738,239600,239600,"FIJI Natural Artesian Water, 16.9 fl oz, 24-count",https://www.costco.com/.product.239600.html,,,0,0,https://www.costco.com/grocery-household.html
9df8db18-fffc-5cf7-8e64-25c770c76efb,1738,1014484,1014484,"Cantaloupe, 2-count",https://www.costco.com/.product.1014484.html,,,0,0,https://www.costco.com/grocery-household.html
52151891-66f1-5569-8909-4dcc0a75f3f3,1738,1010656,1010656,"Gourmet Nut Power Up Trail Mix, Mega Omega, 26 oz",https://www.costco.com/.product.1010656.html,,,0,0,https://www.costco.com/grocery-household.html
7189c0d5-63f5-5220-a3da-142eed659f76,1738,1098785,1098785,"Wildbrine Raw Organic Sauerkraut, 50 oz",https://www.costco.com/.product.1098785.html,,,0,0,https://www.costco.com/grocery-household.html
c9c0466c-4709-575c-b45a-1bd15867b50e,1738,2619,2619,"Organic Bananas, 3 lbs",https://www.costco.com/.product.2619.html,,,0,0,https://www.costco.com/grocery-household.html
d0985a1d-cfd3-5d64-8a74-4c53b4376e42,1738,2251987,2251987,"Kirkland Signature Organic Roasted Pine Nut Hummus, 34 oz",https://www.costco.com/.product.2251987.html,,,0,0,https://www.costco.com/grocery-household.html
e085bd3b-1fc6-52df-8b2d-9065d72508ca,1738,40532,40532,"Philadelphia Original Cream Cheese Spread, 48 oz",https://www.costco.com/.product.40532.html,,,0,0,https://www.costco.com/grocery-household.html
113280ca-4857-58ee-b964-c7f52eacccbe,1738,238120,238120,"Kirkland Signature Super B-Complex with Electrolytes, 500 Tablets",https://www.costco.com/.product.238120.html,,,0,0,https://www.costco.com/grocery-household.html
7a30b617-1523-54e4-8f5c-5c9506f6af20,1738,77009,77009,"Kirkland Signature Farm-Raised Cooked Shrimp, Tail-Off, 50-70-count per Pound, 2 lbs",https://www.costco.com/.product.77009.html,,,0,0,https://www.costco.com/grocery-household.html
a039bb18-5d1e-526d-ad74-8f0b8345f89c,1738,8288,8288,"Artisan Romaine Hearts, 5-count",https://www.costco.com/.product.8288.html,,,0,0,https://www.costco.com/grocery-household.html
4bd8c388-4b50-5ac8-a667-a9c009729462,1738,1194639,1194639,"Milton's Cauliflower Crust Pizza, Roasted Vegetable, 17.8 oz, 2-count",https://www.costco.com/.product.1194639.html,,,0,0,https://www.costco.com/grocery-household.html
aa634aa8-f6b4-5a64-aec8-f8668f0ec80e,1738,8789,8789,"Golden Pineapple, Each",https://www.costco.com/.product.8789.html,,,0,0,https://www.costco.com/grocery-household.html
460255e7-bc38-5ff4-82a9-80c0e7b4b1b6,1738,568915,568915,"Organic English Cucumbers, Greenhouse Grown, 3-count",https://www.costco.com/.product.568915.html,,,0,0,https://www.costco.com/grocery-household.html
62880896-a2bf-5e1f-9947-0719dd478b87,1738,121288,121288,"Organic Crimini Mushrooms, 24 oz",https://www.costco.com/.product.121288.html,,,0,0,https://www.costco.com/grocery-household.html
73b11ca5-1d99-5572-ad60-35e280483d1a,1738,1285362,1285362,"Kirkland Signature Chunky Guacamole, Organic, 2.5 oz, 16-count",https://www.costco.com/.product.1285362.html,,,0,0,https://www.costco.com/grocery-household.html
474d900b-17e4-550c-9e55-8ac7b4649b34,1738,1251702,1251702,"Kirkland Signature Tempura Shrimp, 2.35 lbs, 30-count",https://www.costco.com/.product.1251702.html,,,0,0,https://www.costco.com/grocery-household.html
7336e60f-d9df-5edc-926f-6e0fe56cbec6,1738,96716,96716,"Organic Baby Spinach, 1 lb",https://www.costco.com/.product.96716.html,,,0,0,https://www.costco.com/grocery-household.html
0d959eab-cc4b-591c-b1f9-567617a4973e,1738,5938,5938,"Gold Potatoes, 10 lbs",https://www.costco.com/.product.5938.html,,,0,0,https://www.costco.com/grocery-household.html
460b9c31-b89a-549f-8cd4-a7fed82740cb,1738,186626,186626,"Kirkland Signature Aged Parmigiano Reggiano Cheese, Shredded, 1 lb",https://www.costco.com/.product.186626.html,,,0,0,https://www.costco.com/grocery-household.html
f7656251-d5fd-5429-87e2-f7162bffb050,1738,131,131,"Organic Brussels Sprouts, 2 lbs",https://www.costco.com/.product.131.html,,,0,0,https://www.costco.com/grocery-household.html
d9508855-1717-53f6-a9ef-02e4d043f19e,1738,7445,7445,"Baking Potatoes, 10 lbs",https://www.costco.com/.product.7445.html,,,0,0,https://www.costco.com/grocery-household.html
60f9f7ff-bcef-5593-93de-5d9f7cec967f,1738,25595,25595,"Campari Tomatoes, 2 lbs",https://www.costco.com/.product.25595.html,,,0,0,https://www.costco.com/grocery-household.html
e7d7818c-5225-56a2-9094-9de4ce202c80,1738,77053,77053,"Grape Tomatoes, 2 lbs",https://www.costco.com/.product.77053.html,,,0,0,https://www.costco.com/grocery-household.html
4a574305-8a1e-50bc-ba14-231b8c7a33cf,1738,251680,251680,"Organic Raspberries, 12 oz",https://www.costco.com/.product.251680.html,,,0,0,https://www.costco.com/grocery-household.html
955cfdbe-5d99-5f82-a9d2-1fc29ce98fb5,1738,316780,316780,"Cheetos Cheese Flavored Snacks, Crunchy, 28.8 oz",https://www.costco.com/.product.316780.html,,,0,0,https://www.costco.com/grocery-household.html
4aca51bb-fe37-59f1-b533-d6b9d77ff8b5,1738,3133113,3133113,"Kirkland Signature, Black Pepper with Grinder, 6.3 oz, 2-Count",https://www.costco.com/.product.3133113.html,,,0,0,https://www.costco.com/grocery-household.html
98b9402d-8c3b-5e63-aed4-9e1b9d9e840e,1738,806230,806230,"Trident Seafoods Wild Alaskan Beer Battered Cod, 2.5 lbs",https://www.costco.com/.product.806230.html,,,0,0,https://www.costco.com/grocery-household.html
05f0b5d1-7d99-58bf-84a2-c114a6957b83,1738,669434,669434,"Cape Cod Kettle Cooked Potato Chips, 30 oz",https://www.costco.com/.product.669434.html,,,0,0,https://www.costco.com/grocery-household.html
4c2db431-1a6f-5118-9c2c-8c3b36aaa60f,1738,1136340,1136340,"Organic Gala Apples, 3 lbs",https://www.costco.com/.product.1136340.html,,,0,0,https://www.costco.com/grocery-household.html
42fd784d-883f-52d7-87b9-ab44ceb31062,1738,1150189,1150189,"Skinny Pop Organic Popcorn, 14 oz",https://www.costco.com/.product.1150189.html,,,0,0,https://www.costco.com/grocery-household.html
25a18eca-1485-59ce-a431-2e5f7fc3868b,1738,3923,3923,"Limes, 3 lbs",https://www.costco.com/.product.3923.html,,,0,0,https://www.costco.com/grocery-household.html
cdd4f976-0bb1-5bed-9660-f0c4618187da,1738,1060788,1060788,"Snack Factory Organic Original Pretzel Crisps, 28 oz",https://www.costco.com/.product.1060788.html,,,0,0,https://www.costco.com/grocery-household.html
a5ffce8b-a99a-52cb-ae0c-27fb059d6691,1738,72147,72147,"TUMS Antacid Ultra Strength, 265 Chewable Tablets",https://www.costco.com/.product.72147.html,,,0,0,https://www.costco.com/grocery-household.html
d4b99be0-dd44-5e99-a972-ee1f7e0ab6b5,1738,412,412,"Organic Peeled Carrots, 2 lbs, 2-count",https://www.costco.com/.product.412.html,,,0,0,https://www.costco.com/grocery-household.html
732d0daf-f6e0-5ea9-a777-a2c11da6f000,1738,1845747,1845747,"Sabatino's Tuscan Style Chicken Piccata, 32 oz",https://www.costco.com/.product.1845747.html,,,0,0,https://www.costco.com/grocery-household.html
f2e6e453-00d6-5af8-8dc5-1025f80602c6,1738,1946730,1946730,Lavazza Dolcevita Classico 80-count K-Cup Pods,https://www.costco.com/.product.1946730.html,,,0,0,https://www.costco.com/grocery-household.html
1a2c76c2-35ba-54f6-a328-2fad6c0beb78,1738,26802,26802,"President Crumbled Feta Cheese, 1.5 lbs",https://www.costco.com/.product.26802.html,,,0,0,https://www.costco.com/grocery-household.html
f6ef2751-d526-5289-9313-0c560342a60d,1738,1036732,1036732,"Organic Celery Sticks, 2.5 lbs",https://www.costco.com/.product.1036732.html,,,0,0,https://www.costco.com/grocery-household.html
4e252caa-4881-5787-862a-a49762a1f367,1738,1530604,1530604,"Sambazon Organic Dragon Fruit Blend, 64 fl oz",https://www.costco.com/.product.1530604.html,,,0,0,https://www.costco.com/grocery-household.html
f208fca7-b441-55d0-a250-bc2ca8444711,1738,1948305,1948305,"Comvita Manuka Honey UMF 12+, 17.6 oz",https://www.costco.com/.product.1948305.html,,,0,0,https://www.costco.com/grocery-household.html
e7adf296-7969-5abd-b04a-a691c743b3b3,1738,21046,21046,"Gourmet Tomato Medley, Greenhouse Grown, 2 lbs",https://www.costco.com/.product.21046.html,,,0,0,https://www.costco.com/grocery-household.html
9b10ba48-739f-55c5-9afe-fb5e47b423aa,1738,842994,842994,"Organic Mangos, 6 lbs",https://www.costco.com/.product.842994.html,,,0,0,https://www.costco.com/grocery-household.html
293ed792-9bba-54cf-b481-f2046dff61ad,1738,607373,607373,"San Pellegrino Sparkling Natural Mineral Water, 25.3 fl oz, 15-count",https://www.costco.com/.product.607373.html,,,0,0,https://www.costco.com/grocery-household.html
1a70d287-cf61-5635-a371-fc7235987887,1738,638854,638854,"Bibigo Chicken and Cilantro Mini Wontons, 3 lbs",https://www.costco.com/.product.638854.html,,,0,0,https://www.costco.com/grocery-household.html
d56dfba0-6599-5c97-ad71-88bfac1d0988,1738,1141000,1141000,"Kirkland Signature Original Bratwurst, 14-count, 3.5 lbs",https://www.costco.com/.product.1141000.html,,,0,0,https://www.costco.com/grocery-household.html
dafb1767-59d9-5f2f-b4ac-6dc89bd36407,1738,331100,331100,"Gourmet Creamer Potato, 5 lbs",https://www.costco.com/.product.331100.html,,,0,0,https://www.costco.com/grocery-household.html
c486d135-bc99-5101-b080-3139053e7dc4,1738,9090,9090,"Kirkland Signature Fresh Goat Cheese, 10 oz, 2-count",https://www.costco.com/.product.9090.html,,,0,0,https://www.costco.com/grocery-household.html
0a789fe6-7a79-54ad-8fcb-ee53194b0a6e,1738,6652,6652,"Vidalia Sweet Onions, 5 lbs",https://www.costco.com/.product.6652.html,,,0,0,https://www.costco.com/grocery-household.html
44f12da0-e07f-580a-aa76-c8351b435172,1738,826365,826365,"Organic Squash, 3.5 lbs",https://www.costco.com/.product.826365.html,,,0,0,https://www.costco.com/grocery-household.html
907bdcb2-eb56-51c5-9822-114c4608fe9b,1738,1352,1352,"Organic Carrots, 6 lbs",https://www.costco.com/.product.1352.html,,,0,0,https://www.costco.com/grocery-household.html
555f041e-70b1-5d27-bd8b-622440855fa7,1738,289685,289685,"Sun-Maid Organic California Sun-Dried Raisins, 2 lbs, 2-count",https://www.costco.com/.product.289685.html,,,0,0,https://www.costco.com/grocery-household.html
eadfaf55-82b7-59b7-a4c9-6c16ec4fc1df,1738,549721,549721,"Heinz Simply Tomato Ketchup, 44 oz, 3-count",https://www.costco.com/.product.549721.html,,,0,0,https://www.costco.com/grocery-household.html
cdc4b238-b1bf-5789-96b2-16a964b3cd3f,1738,25949,25949,"Colossal Garlic, 2 lbs",https://www.costco.com/.product.25949.html,,,0,0,https://www.costco.com/grocery-household.html
09b57916-3de7-5c48-9e19-826b717c2674,1738,559608,559608,"Mateo's Gourmet Salsa, Medium, 32 oz",https://www.costco.com/.product.559608.html,,,0,0,https://www.costco.com/grocery-household.html
4123c246-39ee-5fdb-8800-ebccffd028e7,1738,6021,6021,"Plums, 3 lbs",https://www.costco.com/.product.6021.html,,,0,0,https://www.costco.com/grocery-household.html
1bf066a1-ae19-55a8-83ff-671f6983dd3d,1738,1235761,1235761,"trunature Cranberry 650 mg, 140 Vegetarian Capsules",https://www.costco.com/.product.1235761.html,,,0,0,https://www.costco.com/grocery-household.html
273c9d0d-21fa-566b-b3fe-8db0cf4331f2,1738,1357244,1357244,Kirkland Signature Cranberry Walnut Round Bread,https://www.costco.com/.product.1357244.html,,,0,0,https://www.costco.com/grocery-household.html
f765e493-5abf-5d68-b05e-6e24b5a5349e,1738,699251,699251,"Victoria White Linen Marinara Sauce, 40 oz, 2-count",https://www.costco.com/.product.699251.html,,,0,0,https://www.costco.com/grocery-household.html
caf8c154-eef8-5f2a-b7a2-5d6d8d4412c4,1738,1169942,1169942,"Fever Tree Ginger Beer, 9.3 fl oz, 12 count",https://www.costco.com/.product.1169942.html,,,0,0,https://www.costco.com/grocery-household.html
f5e2983f-7015-5501-8430-2d11240649e5,1738,933402,933402,"Doritos Tortilla Chips, Nacho Cheese, 30 oz",https://www.costco.com/.product.933402.html,,,0,0,https://www.costco.com/grocery-household.html
79c9360b-5a1e-5a80-b783-6897785cf027,1738,1095734,1095734,"Fritos Scoops! Corn Chips, 32 oz",https://www.costco.com/.product.1095734.html,,,0,0,https://www.costco.com/grocery-household.html
b2dffb97-7062-5804-9cc5-11008cf757d5,1738,3987,3987,"Grapefruit, 5 lbs",https://www.costco.com/.product.3987.html,,,0,0,https://www.costco.com/grocery-household.html
2459bf26-3ac0-5348-aa58-44a072d4741d,1738,1930479,1930479,Hisense 10.2 cu. ft. Garage Ready Frost Free Convertible Upright Freezer with Seal Break Handle,https://www.costco.com/.product.1930479.html,,,0,0,https://www.costco.com/appliances.html
8b8866ab-4f76-5ea2-aede-4aedb3d575e7,1738,6660756,6660756,Maytag Top Load 4.8 cu. ft. Washer with Deep Fill Option,https://www.costco.com/.product.6660756.html,,,0,0,https://www.costco.com/appliances.html
0cbadd3b-260a-5793-8285-ad1df51c2be4,1738,1871118,1871118,"Hisense 8,000 BTU Smart Inverter Window Air Conditioner with Easy Install Bracket",https://www.costco.com/.product.1871118.html,,,0,0,https://www.costco.com/appliances.html
b52e9ded-8bad-5534-a362-425e928082d8,1738,2295022,2295022,Shark Detect Performance Lift-Away Advanced Upright Vacuum with DuoClean Detect,https://www.costco.com/.product.2295022.html,,,0,0,https://www.costco.com/appliances.html
5e6e4ab6-4b1d-5139-84af-d0d9b0e714ed,1738,2658468,2658468,"Ninja Deluxe Blender & Kitchen System with 88-oz. Pitcher, 9-Cup Processor & Auto-iQ",https://www.costco.com/.product.2658468.html,,,0,0,https://www.costco.com/appliances.html
4587fecc-4c9a-515a-a198-a28cd712f91f,1738,6264351,6264351,Dyson V10 Konical Cordless Stick Vacuum with Car Cleaning Kit,https://www.costco.com/.product.6264351.html,,,0,0,https://www.costco.com/appliances.html
247326af-82d9-54e7-872e-b1bb13152957,1738,1744674,1744674,"Filtrete Air Filter 1”, MPR 2500 MERV 14, High Performance Premium Allergen, Ultrafine Particles, Bacteria and Virus Filter, 4-pack, 20 x 20 x 1",https://www.costco.com/.product.1744674.html,,,0,0,https://www.costco.com/appliances.html
14b14c81-b256-5ef1-8988-24e46b79a1e4,1738,1744675,1744675,"Filtrete Air Filter 1”, MPR 2500 MERV 14, High Performance Premium Allergen, Ultrafine Particles, Bacteria and Virus Filter, 4-pack, 20 x 25 x 1",https://www.costco.com/.product.1744675.html,,,0,0,https://www.costco.com/appliances.html
29739953-0aeb-5d00-aa99-2d64d712253c,1738,1744673,1744673,"Filtrete Air Filter 1”, MPR 2500 MERV 14, High Performance Premium Allergen, Ultrafine Particles, Bacteria and Virus Filter, 4-pack, 16 x 25 x 1",https://www.costco.com/.product.1744673.html,,,0,0,https://www.costco.com/appliances.html
1455e3ba-6e6f-57a3-a5ad-5dbb6589b4c5,1738,1744676,1744676,"Filtrete Air Filter 1”, MPR 2500 MERV 14, High Performance Premium Allergen, Ultrafine Particles, Bacteria and Virus Filter, 4-pack, 20 x 30 x 1",https://www.costco.com/.product.1744676.html,,,0,0,https://www.costco.com/appliances.html
6ed3a922-1f76-5449-807f-cb7b5b665205,1738,1744671,1744671,"Filtrete Air Filter 1”, MPR 2500 MERV 14, High Performance Premium Allergen, Ultrafine Particles, Bacteria and Virus Filter, 4-pack, 16 x 20 x 1",https://www.costco.com/.product.1744671.html,,,0,0,https://www.costco.com/appliances.html
4dca0db9-22a1-561f-914a-9e8e69a9d1eb,1738,1691251,1691251,Midea 18.7 cu. ft. Bottom Mount Freezer Refrigerator,https://www.costco.com/.product.1691251.html,,,0,0,https://www.costco.com/appliances.html
09381d57-bcfe-5c88-87b0-53f05199d04d,1738,2043254,2043254,Frigidaire Gallery Garage Ready 7 cu. ft. Convertible Chest Freezer with Black Granite Finish,https://www.costco.com/.product.2043254.html,,,0,0,https://www.costco.com/appliances.html
bcbb7830-a844-55be-84e0-6960e4622e7b,1738,1928806,1928806,BISSELL PowerClean FurGuard Deluxe 280W Cordless Vacuum with Extra Battery,https://www.costco.com/.product.1928806.html,,,0,0,https://www.costco.com/appliances.html
6ca4f215-d3f7-5771-8fd7-9d9787e35b10,1738,5752554,5752554,Shark Navigator Lift-Away Upright Vacuum with Reveal Technology,https://www.costco.com/.product.5752554.html,,,0,0,https://www.costco.com/appliances.html
4f31ff49-0589-578d-829d-6d25fff5a0a8,1738,6373801,6373801,Dyson Gen5detect Extra Cordless Stick Vacuum,https://www.costco.com/.product.6373801.html,,,0,0,https://www.costco.com/appliances.html
fb15f2ea-483b-5a45-8271-fbc8b88b3503,1738,4449587,4449587,WINIX C710 4-Stage True HEPA Air Purifier with Wi-Fi and Additional Filter,https://www.costco.com/.product.4449587.html,,,0,0,https://www.costco.com/appliances.html
9fc8d34a-d572-56cf-ad27-55df2ca78a8f,1738,1491084,1491084,Maytag 7.0 cu. ft. Electric Dryer with Moisture Sensing in White,https://www.costco.com/.product.1491084.html,,,0,0,https://www.costco.com/appliances.html
4b82480f-5704-5ad3-87d5-ca036c735cd0,1738,1905061,1905061,Dyson Purifier Hot+Cool HP11,https://www.costco.com/.product.1905061.html,,,0,0,https://www.costco.com/appliances.html
6e7640c6-f5db-520b-be48-b7cfd7b0d980,1738,4639087,4639087,Shark BreatheClear MAX With NeverChange Air Purifier,https://www.costco.com/.product.4639087.html,,,0,0,https://www.costco.com/appliances.html
f3f8c075-9723-5e3f-a09e-8781b933301c,1738,2665100,2665100,Tineco GO HammerHead MessDetect Ultra Cordless Mop and Vacuum,https://www.costco.com/.product.2665100.html,,,0,0,https://www.costco.com/appliances.html
95731bb5-3c33-54d5-9f2b-ab48be043a01,1738,7750815,7750815,Shark Stratos Cordless Vacuum with Clean Sense IQ DuoClean PowerFins HairPro,https://www.costco.com/.product.7750815.html,,,0,0,https://www.costco.com/appliances.html
5c8a9c14-30f3-56a6-b922-66ec6144f84f,1738,2791272,2791272,"Roborock QX Revo PLUS Robot Vacuum and Mop with Multifunctional Dock 3.0, White",https://www.costco.com/.product.2791272.html,,,0,0,https://www.costco.com/appliances.html
63f538b7-1a3c-5c55-8bee-992ecb720aff,1738,2741541,2741541,Ninja DualBrew Grounds & Pods Hot & Iced Coffee Maker with Rapid Cold Brew,https://www.costco.com/.product.2741541.html,,,0,0,https://www.costco.com/appliances.html
cd553c07-3f70-538c-b083-f0dd1d8c53e9,1738,6990603,6990603,Dyson Ball Animal Optic Corded Upright Vacuum,https://www.costco.com/.product.6990603.html,,,0,0,https://www.costco.com/appliances.html
e9e21189-b6cd-5fc9-b55d-fa794f8a8886,1738,1950298,1950298,Atomi Smart 12K BTU Tempestas Inverter Ductless Mini-Split Air Conditioner and Heat Pump,https://www.costco.com/.product.1950298.html,,,0,0,https://www.costco.com/appliances.html
3eb1dca7-e70a-5767-8d37-dffe8cdbc772,1738,2002648,2002648,"Brio 740i Nugget Ice Maker, 44lbs",https://www.costco.com/.product.2002648.html,,,0,0,https://www.costco.com/appliances.html
bcbd3ebb-dd0d-5224-9c1f-f4bb88bb6ebb,1738,1902789,1902789,Brio 740 Series Self-Cleaning Bottom Load Water Cooler,https://www.costco.com/.product.1902789.html,,,0,0,https://www.costco.com/appliances.html
a9189f44-f9be-5229-ba83-d1150fe9cea5,1738,2835898,2835898,"Nespresso Vertuo UP Coffee and Espresso Maker by DeLonghi, Graphite with Aeroccino Milk Frother",https://www.costco.com/.product.2835898.html,,,0,0,https://www.costco.com/appliances.html
4ab4fcb1-8326-50a0-87e0-d3a0dd19a55c,1738,2038099,2038099,"bella 12""x24"" XL Fold and Store Griddle",https://www.costco.com/.product.2038099.html,,,0,0,https://www.costco.com/appliances.html
94fd485b-97ab-5d31-8fb1-a4c6449eed6f,1738,7753245,7753245,Shark PowerDetect Speed Clean and Empty Cordless Stick Vacuum with Auto-Empty System,https://www.costco.com/.product.7753245.html,,,0,0,https://www.costco.com/appliances.html
0a9b03c1-1983-5f77-b7f5-11ff3a048617,1738,4446542,4446542,Chefman Custom-Temp 1.8L Electric Kettle,https://www.costco.com/.product.4446542.html,,,0,0,https://www.costco.com/appliances.html
90443e9d-8b1c-59ec-8147-9c0de3b9e8b6,1738,3670779,3670779,BISSELL Little Green MultiClean Wet and Dry Portable Carpet and Upholstery Cleaner,https://www.costco.com/.product.3670779.html,,,0,0,https://www.costco.com/appliances.html
164d1237-951b-51bc-8b07-89869ca91b23,1738,1733533,1733533,Cuisinart Precision Prep 3-in-1 Immersion Blending System,https://www.costco.com/.product.1733533.html,,,0,0,https://www.costco.com/appliances.html
1ba4f02c-6b69-51be-9644-84a88b47af8b,1738,3603480,3603480,Ninja CREAMi Deluxe 11-in-1 Ice Cream and Frozen Treat Maker,https://www.costco.com/.product.3603480.html,,,0,0,https://www.costco.com/appliances.html
d907cc3b-29ae-5636-9155-07fb7188310d,1738,2887016,2887016,bella 10-in-1 8.5qt MultiCooker,https://www.costco.com/.product.2887016.html,,,0,0,https://www.costco.com/appliances.html
346234b2-7b41-54e6-b63a-7bbac3fee19c,1738,1733532,1733532,"Dash 14” Family Size Electric Skillet, Ceramic",https://www.costco.com/.product.1733532.html,,,0,0,https://www.costco.com/appliances.html
c4fc8cfc-ec21-52ab-929e-a5c3e484028d,1738,7565000,7565000,Cuisinart Brew Central Plus 14-Cup Programmable Coffee Maker,https://www.costco.com/.product.7565000.html,,,0,0,https://www.costco.com/appliances.html
bf7f080f-7607-5fc4-b5ad-1c87716b6bb7,1738,2048113,2048113,Ninja CRISPi DualZone 2-Basket Glass Air Fryer,https://www.costco.com/.product.2048113.html,,,0,0,https://www.costco.com/appliances.html
ba203b29-7fff-553f-bb38-81db7894d820,1738,1835898,1835898,Nespresso Vertuo Next Deluxe with Aeroccino 3 and 32 Capsules,https://www.costco.com/.product.1835898.html,,,0,0,https://www.costco.com/appliances.html
213f083c-d331-5ba6-a08e-44e901d9cf55,1738,3603482,3603482,"Ninja SLUSHi Professional Frozen Drink Maker, 96-oz. Capacity, 5 Preset Programs",https://www.costco.com/.product.3603482.html,,,0,0,https://www.costco.com/appliances.html
192dfb0d-1c1a-53b3-945d-71f13b5e164a,1738,6234400,6234400,Gourmia XL 13-In-1 French Door Countertop Oven with Air Fry and Temperature Probe,https://www.costco.com/.product.6234400.html,,,0,0,https://www.costco.com/appliances.html
fedeb340-327a-5fbe-8645-04e5817bbbd7,1738,2850285,2850285,Shark PowerDetect 2-in-1 Robot Vacuum & Mop with NeverTouch Pro Self-Cleaning Base,https://www.costco.com/.product.2850285.html,,,0,0,https://www.costco.com/appliances.html
e51f417e-a105-5e2f-8db2-802de1657806,1738,1491413,1491413,"Maytag 7.0 cu. ft. GAS Dryer with Moisture Sensing, in White",https://www.costco.com/.product.1491413.html,,,0,0,https://www.costco.com/appliances.html
ecc67ca3-96be-59dd-aada-e7c7b9b121f6,1738,2081890,2081890,Tiger 5.5-Cup Micom Rice Cooker and Warmer,https://www.costco.com/.product.2081890.html,,,0,0,https://www.costco.com/appliances.html
d5fcaeac-337f-5206-b8eb-aba449e4e7e8,1738,4444017,4444017,Gourmia 2 Quart Automatic Soft Serve Ice Cream and Frozen Drink Maker,https://www.costco.com/.product.4444017.html,,,0,0,https://www.costco.com/appliances.html
8c054a8d-3b58-5e21-864c-b192c2f16cc4,1738,2826615,2826615,Lasko MotionX Whole Room Heater with Remote,https://www.costco.com/.product.2826615.html,,,0,0,https://www.costco.com/appliances.html
b0059aa6-7e5d-5dd2-9b28-536898e7123f,1738,8881975,8881975,Keurig K-Mini Mate Plus Single-Serve Coffee Maker with Water Filter and K-Cup Pods,https://www.costco.com/.product.8881975.html,,,0,0,https://www.costco.com/appliances.html
3824acff-afa4-55be-8e8f-8f05bdb52a2d,1738,1513024,1513024,Ninja Flip 10-in-1 Toaster Oven & Air Fryer with Added Broil Rack,https://www.costco.com/.product.1513024.html,,,0,0,https://www.costco.com/appliances.html
dbe7103f-b1e2-5eab-abb7-da90e0779fc7,1738,1938084,1938084,DeWalt 8-Gallon 4 HP Stealthsonic Quiet Stainless Steel Wet Dry Vacuum,https://www.costco.com/.product.1938084.html,,,0,0,https://www.costco.com/appliances.html
63579b7b-e0ad-52ef-b7f1-a10eaa96beb0,1738,1281364,1281364,Whirlpool 20 cu. ft. Wide French Door Refrigerator with Fingerprint Resistant Stainless Steel,https://www.costco.com/.product.1281364.html,,,0,0,https://www.costco.com/appliances.html
00fab6ae-51d1-5dc9-9a8f-c8afdbb4d7ee,1738,2043903,2043903,"Blueair Blue Signature Mini Air Purifier, 2-pack",https://www.costco.com/.product.2043903.html,,,0,0,https://www.costco.com/appliances.html
f577aa92-d94f-56de-aec6-61b9fa5d5cb2,1738,4333018,4333018,Cuisinart SimpliTouch XL Color Touchscreen 2-Slice Toaster,https://www.costco.com/.product.4333018.html,,,0,0,https://www.costco.com/appliances.html
a2ff1a15-fbb2-5154-8eec-acd3b7f5df0d,1738,5248298,5248298,FoodSaver Preserve Vacuum Sealer Appliance with Bags and Marinate Container,https://www.costco.com/.product.5248298.html,,,0,0,https://www.costco.com/appliances.html
27d847a9-5112-5306-bbbb-edeff0842e27,1738,9140914,9140914,Dyson R2 Nurovi Wash Dry Robot Vacuum,https://www.costco.com/.product.9140914.html,,,0,0,https://www.costco.com/appliances.html
37959082-93b7-5b6e-8190-507b88be67d1,1738,1965335,1965335,Cuisinart Extra-Large 26L 10-in-1 Digital Air Fryer Oven,https://www.costco.com/.product.1965335.html,,,0,0,https://www.costco.com/appliances.html
89cef7d9-baa6-5127-a18d-683afd933432,1738,2027264,2027264,Nordic Ware Deluxe Kettle Smoker with 5 Woodchip Varieties,https://www.costco.com/.product.2027264.html,,,0,0,https://www.costco.com/appliances.html
8ad9e534-2fbd-599b-a3c9-2259c8515d3b,1738,2021451,2021451,Dyson HushJet Compact Pure Control Air Purifier,https://www.costco.com/.product.2021451.html,,,0,0,https://www.costco.com/appliances.html
22fadebe-064e-5865-a25e-c40a9e1fceee,1738,3325480,3325480,Panasonic 1.3 cu ft. Countertop Black Stainless Microwave Oven with Inverter Technology,https://www.costco.com/.product.3325480.html,,,0,0,https://www.costco.com/appliances.html
954441aa-0ac9-51bb-977c-bc3a26c1feaa,1738,2733527,2733527,Dash 5qt SmartStore Ceramic Stirring Popcorn Maker,https://www.costco.com/.product.2733527.html,,,0,0,https://www.costco.com/appliances.html
1b6c5f23-d8aa-5fc9-8a4f-47cd100d5e0b,1738,1922924,1922924,"Brita Champlain Water Filter Pitcher, 10 Cup with 2 Filters",https://www.costco.com/.product.1922924.html,,,0,0,https://www.costco.com/appliances.html
65a2a52a-c283-5b4b-bbd9-dac4d4593871,1738,100457663,100457663,Whirlpool 20 cu. ft. French Door Refrigerator with FreshFlow,https://www.costco.com/whirlpool-20-cu-ft-french-door-refrigerator-with-freshflow.product.100457663.html,,,0,0,https://www.costco.com/small-space-appliances.html
ec823409-46f0-5fbf-b9f2-c8329752ab4c,1738,4000444184,4000444184,Frigidaire Gallery Garage Ready 7 cu. ft. Convertible Chest Freezer with Black Granite Finish,https://www.costco.com/frigidaire-gallery-garage-ready-7-cu-ft-convertible-chest-freezer-with-black-granite-finish.product.4000444184.html,,,0,0,https://www.costco.com/freezers-ice-makers.html
f644a8c9-eb8d-52c5-aab9-2483d3a75d0e,1738,4000353948,4000353948,Hisense 10.2 cu. ft. Garage Ready Frost Free Convertible Upright Freezer with Seal Break Handle,https://www.costco.com/hisense-102-cu-ft-garage-ready-frost-free-convertible-upright-freezer-with-seal-break-handle.product.4000353948.html,,,0,0,https://www.costco.com/freezers-ice-makers.html
a6fc5f0f-156c-53de-bafe-977722730059,1738,4000448737,4000448737,"Brio 740i Nugget Ice Maker, 44lbs",https://www.costco.com/brio-740i-nugget-ice-maker-44lbs.product.4000448737.html,,,0,0,https://www.costco.com/freezers-ice-makers.html
ef837e96-a700-592d-ab76-9b00b0a830a2,1738,1914943,1914943,"OmniHeat Digital Ceramic Personal Heater, 2-pack",https://www.costco.com/.product.1914943.html,,,0,0,https://www.costco.com/cooling-air-treatment-heating.html
0bccec3e-9061-50f0-9071-e731b3d29112,1738,4201016861,4201016861,Panasonic 1.3 cu ft. Countertop Black Stainless Microwave Oven with Inverter Technology,https://www.costco.com/panasonic-13-cu-ft-countertop-black-stainless-microwave-oven-with-inverter-technology.product.4201016861.html,,,0,0,https://www.costco.com/microwaves.html
924ec1e4-827c-58a3-8eac-40f6d2b4f86e,1738,4000050834,4000050834,Midea 18.7 cu. ft. Bottom Mount Freezer Refrigerator,https://www.costco.com/midea-187-cu-ft-bottom-mount-freezer-refrigerator.product.4000050834.html,,,0,0,https://www.costco.com/refrigerators.html
0df823f6-f2a4-5b10-ba6f-95955f2063bf,1738,4000355739,4000355739,Midea 20.5 cu. ft. Garage Ready Top-Mount Refrigerator,https://www.costco.com/midea-20.5-cu.-ft.-garage-ready-top-mount-refrigerator.product.4000355739.html,,,0,0,https://www.costco.com/refrigerators.html
35413247-c9d7-5552-a404-a196a6c3e9f8,1738,100948386,100948386,Samsung 29 cu. ft. Bespoke 4-Door French Door Smart Refrigerator with Beverage Center,https://www.costco.com/samsung-29-cu-ft-bespoke-4-door-french-door-smart-refrigerator-with-beverage-center.product.100948386.html?preselect=top%2Fbottom%20panel%20color%3Awhiteglass,,,0,0,https://www.costco.com/french-door-refrigerators.html
750bcd2c-fb41-5f54-8ae5-bf85fa2b01f3,1738,100971241,100971241,Samsung 23 cu. ft. Bespoke Counter Depth 4-Door French Door Refrigerator with Beverage Center,https://www.costco.com/samsung-23-cu-ft-bespoke-counter-depth-4-door-french-door-refrigerator-with-beverage-center.product.100971241.html?preselect=top%2Fbottom%20panel%20color%3Astainlesssteel,,,0,0,https://www.costco.com/french-door-refrigerators.html
265ebc64-0536-5b51-90b1-853b422a2bb5,1738,100421002,100421002,GE 27 cu. ft. Standard Depth 3-Door French Door Refrigerator with Internal Water Dispenser and Ice Maker,https://www.costco.com/ge-27-cu-ft-standard-depth-3-door-french-door-refrigerator-with-internal-water-dispenser-and-ice-maker.product.100421002.html?preselect=color%3Astainlesssteel,,,0,0,https://www.costco.com/french-door-refrigerators.html
f942bcbe-5ba9-597c-ae05-9901f1f0ff37,1738,4000212584,4000212584,LG 30 cu. ft. Smart Standard-Depth MAX 4-Door French Door Refrigerator with Full-Convert Drawer,https://www.costco.com/lg-30-cu-ft-smart-standard-depth-max-4-door-french-door-refrigerator-with-full-convert-drawer.product.4000212584.html,,,0,0,https://www.costco.com/french-door-refrigerators.html
62f3a1ea-53c6-53f0-830c-5e0e6ca99e40,1738,4000354684,4000354684,LG 26.5 cu. ft. Smart Counter-Depth MAX French Door Refrigerator,https://www.costco.com/lg-265-cu-ft-smart-counter-depth-max-french-door-refrigerator.product.4000354684.html?preselect=color%3Ablackstainlesssteel,,,0,0,https://www.costco.com/french-door-refrigerators.html
4dc92d5b-f1aa-5122-b28d-c27b508cc8cb,1738,100514479,100514479,"GE Profile 27.9 cu. ft. Standard Depth 4-Door French Door Refrigerator with AutoFill Water, Door-in-Door, WiFi",https://www.costco.com/ge-profile-279-cu-ft-standard-depth-4-door-french-door-refrigerator-with-autofill-water-door-in-door-wifi.product.100514479.html,,,0,0,https://www.costco.com/french-door-refrigerators.html
656bb5ab-dab2-52a1-95b8-a1a708a86537,1738,4000281308,4000281308,LG 25 cu. ft. Smart Counter-Depth MAX 4-Door French Door Refrigerator with Full-Convert Drawer,https://www.costco.com/lg-25-cu-ft-smart-counter-depth-max-4-door-french-door-refrigerator-with-full-convert-drawer.product.4000281308.html,,,0,0,https://www.costco.com/french-door-refrigerators.html
66d7ab7c-cd77-58eb-a05b-0042ebfcfb9e,1738,4000212654,4000212654,LG 29 cu. ft. Smart Standard-Depth MAX 4-Door French Door Refrigerator with Full-Convert Drawer,https://www.costco.com/lg-29-cu-ft-smart-standard-depth-max-4-door-french-door-refrigerator-with-full-convert-drawer.product.4000212654.html,,,0,0,https://www.costco.com/french-door-refrigerators.html
c50099f0-de26-5999-9c12-a21a6cab33c2,1738,4000039993,4000039993,Samsung 30 cu. ft. Bespoke 3-Door French Door Refrigerator with Beverage Center,https://www.costco.com/samsung-30-cu-ft-bespoke-3-door-french-door-refrigerator-with-beverage-center.product.4000039993.html?preselect=top%2Fbottom%20panel%20color%3Awhiteglass,,,0,0,https://www.costco.com/french-door-refrigerators.html
ecebf7df-82a3-5f6c-92e2-6ddaa32e62d5,1738,4000103974,4000103974,LG 26 cu. ft. Smart Counter-Depth MAX French Door Refrigerator,https://www.costco.com/lg-26-cu-ft-smart-counter-depth-max-french-door-refrigerator.product.4000103974.html,,,0,0,https://www.costco.com/french-door-refrigerators.html
e4ef614d-7d8c-5841-80ce-3beda096ab08,1738,4000250203,4000250203,Samsung 29 cu. ft. Bespoke 4-Door Flex Refrigerator with Beverage Center,https://www.costco.com/samsung-29-cu-ft-bespoke-4-door-flex-refrigerator-with-beverage-center.product.4000250203.html?preselect=color%3Awhiteglass,,,0,0,https://www.costco.com/french-door-refrigerators.html
51ae033b-93f0-5229-b0f3-b3a6dbd970fe,1738,4000154400,4000154400,"Samsung 25 cu. ft. 33"" 3-Door French Door Refrigerator with Beverage Center",https://www.costco.com/samsung-25-cu-ft-33-3-door-french-door-refrigerator-with-beverage-center.product.4000154400.html,,,0,0,https://www.costco.com/french-door-refrigerators.html
6033e24a-8dc6-5355-88bd-f1e0c95c8699,1738,4000279490,4000279490,GE ENERGY STAR 21.9 cu. ft. Fingerprint Resistant Counter-Depth French-Door Refrigerator,https://www.costco.com/ge-energy-star-219-cu-ft-fingerprint-resistant-counter-depth-french-door-refrigerator.product.4000279490.html,,,0,0,https://www.costco.com/french-door-refrigerators.html
630c33c6-e6bf-5135-a520-84c63fe78b0e,1738,100741374,100741374,Samsung 17.5 cu. ft. Smart Counter Depth 3-Door French Door Refrigerator,https://www.costco.com/samsung-175-cu-ft-smart-counter-depth-3-door-french-door-refrigerator.product.100741374.html,,,0,0,https://www.costco.com/french-door-refrigerators.html
68ec2248-6d0a-5d7e-9f39-1b94ef575e2e,1738,4000354629,4000354629,LG 31.7 cu. ft. Smart Standard-Depth MAX French Door Refrigerator,https://www.costco.com/lg-317-cu-ft-smart-standard-depth-max-french-door-refrigerator.product.4000354629.html,,,0,0,https://www.costco.com/french-door-refrigerators.html
3930d7da-b637-54e9-9750-046d14df4880,1738,4201018295,4201018295,"Ninja Deluxe Blender & Kitchen System with 88-oz. Pitcher, 9-Cup Processor & Auto-iQ",https://www.costco.com/ninja-deluxe-blender--kitchen-system-with-88-oz-pitcher-9-cup-processor--auto-iq.product.4201018295.html,,,0,0,https://www.costco.com/small-kitchen-appliances.html
e7cd615e-f77e-5f72-a5bc-0ce2e6016fba,1738,4201023329,4201023329,"Nespresso Vertuo UP Coffee and Espresso Maker by DeLonghi, Graphite with Aeroccino Milk Frother",https://www.costco.com/nespresso-vertuo-up-coffee-and-espresso-maker-by-delonghi-graphite-with-aeroccino-milk-frother.product.4201023329.html,,,0,0,https://www.costco.com/small-kitchen-appliances.html
dd95be43-ca2a-504b-8600-5f9431137120,1738,4000429112,4000429112,Ninja DualBrew Grounds & Pods Hot & Iced Coffee Maker with Rapid Cold Brew,https://www.costco.com/ninja-dualbrew-grounds--pods-hot--iced-coffee-maker-with-rapid-cold-brew.product.4000429112.html,,,0,0,https://www.costco.com/small-kitchen-appliances.html
b94ec03e-99da-590a-8b5d-ff6c4802374a,1738,4201002779,4201002779,bella 10-in-1 8.5qt MultiCooker,https://www.costco.com/bella-10-in-1-85qt-multicooker.product.4201002779.html,,,0,0,https://www.costco.com/small-kitchen-appliances.html
db9190f2-7540-5b04-aaae-b302b687f978,1738,4000334276,4000334276,Brio 740 Series Self-Cleaning Bottom Load Water Cooler,https://www.costco.com/brio-740-series-self-cleaning-bottom-load-water-cooler.product.4000334276.html,,,0,0,https://www.costco.com/small-kitchen-appliances.html
060dd491-c100-59fe-b678-26cbe3ad77b4,1738,4000359830,4000359830,Ninja Flip 10-in-1 Toaster Oven & Air Fryer with Added Broil Rack,https://www.costco.com/ninja-flip-10-in-1-toaster-oven--air-fryer-with-added-broil-rack.product.4000359830.html,,,0,0,https://www.costco.com/small-kitchen-appliances.html
a67638e9-f5fc-5dff-9d15-4bbbf57610cf,1738,4201002833,4201002833,"bella 12""x24"" XL Fold and Store Griddle",https://www.costco.com/bella-12x24-xl-fold-and-store-griddle.product.4201002833.html,,,0,0,https://www.costco.com/small-kitchen-appliances.html
1b93013c-334b-5f53-a36e-150d542a66c8,1738,4201013845,4201013845,Cuisinart Precision Prep 3-in-1 Immersion Blending System,https://www.costco.com/cuisinart-precision-prep-3-in-1-immersion-blending-system.product.4201013845.html,,,0,0,https://www.costco.com/small-kitchen-appliances.html
4c9d4629-e628-5354-82b9-1a338b5c4989,1738,4000213642,4000213642,Ninja CREAMi Deluxe 11-in-1 Ice Cream and Frozen Treat Maker,https://www.costco.com/ninja-creami-deluxe-11-in-1-ice-cream-and-frozen-treat-maker.product.4000213642.html,,,0,0,https://www.costco.com/small-kitchen-appliances.html
fb35898a-aa52-536a-8014-f4ce2dd7c728,1738,4000391766,4000391766,Tiger 5.5-Cup Micom Rice Cooker and Warmer,https://www.costco.com/tiger-55-cup-micom-rice-cooker-and-warmer.product.4000391766.html,,,0,0,https://www.costco.com/small-kitchen-appliances.html
c6bb79f3-5230-5be1-8572-63be00beb5f9,1738,4000289289,4000289289,Nespresso Vertuo Next Deluxe with Aeroccino 3 and 32 Capsules,https://www.costco.com/nespresso-vertuo-next-deluxe-with-aeroccino-3-and-32-capsules.product.4000289289.html,,,0,0,https://www.costco.com/small-kitchen-appliances.html
53882762-299f-5189-a0f8-1a62f116d8c1,1738,4000368757,4000368757,"Ninja SLUSHi Professional Frozen Drink Maker, 96-oz. Capacity, 5 Preset Programs",https://www.costco.com/ninja-slushi-professional-frozen-drink-maker-96-oz-capacity-5-preset-programs.product.4000368757.html,,,0,0,https://www.costco.com/small-kitchen-appliances.html
146097d9-423a-5b28-9f94-92ef24624c17,1738,4201024080,4201024080,Gourmia XL 13-In-1 French Door Countertop Oven with Air Fry and Temperature Probe,https://www.costco.com/gourmia-xl-13-in-1-french-door-countertop-oven-with-air-fry-and-temperature-probe.product.4201024080.html,,,0,0,https://www.costco.com/small-kitchen-appliances.html
6e5f3811-87d0-5de2-988c-d5ff7c10003b,1738,4201032153,4201032153,Ninja CRISPi DualZone 2-Basket Glass Air Fryer,https://www.costco.com/ninja-crispi-dualzone-2-basket-glass-air-fryer.product.4201032153.html,,,0,0,https://www.costco.com/small-kitchen-appliances.html
346e505e-b3e6-5c77-887c-2418e4d26d6a,1738,4201002280,4201002280,Cuisinart SimpliTouch XL Color Touchscreen 2-Slice Toaster,https://www.costco.com/cuisinart-simplitouch-xl-color-touchscreen-2-slice-toaster.product.4201002280.html,,,0,0,https://www.costco.com/small-kitchen-appliances.html
7c3f44a6-8bf1-5317-9941-5d098b284fd9,1738,4000372303,4000372303,Cuisinart Brew Central Plus 14-Cup Programmable Coffee Maker,https://www.costco.com/cuisinart-brew-central-plus-14-cup-programmable-coffee-maker.product.4000372303.html,,,0,0,https://www.costco.com/small-kitchen-appliances.html
e33374d4-8f37-58b7-95d9-3e6b295d9595,1738,4201002559,4201002559,Gourmia 2 Quart Automatic Soft Serve Ice Cream and Frozen Drink Maker,https://www.costco.com/gourmia-2-quart-automatic-soft-serve-ice-cream-and-frozen-drink-maker.product.4201002559.html,,,0,0,https://www.costco.com/small-kitchen-appliances.html
6eab499d-c076-56c7-a647-76e30c364ea8,1738,4201008654,4201008654,"Dash 14” Family Size Electric Skillet, Ceramic",https://www.costco.com/dash-14-family-size-electric-skillet-ceramic.product.4201008654.html,,,0,0,https://www.costco.com/small-kitchen-appliances.html
fa5a8d27-966b-5d69-aed0-9c72643e2b10,1738,4201028860,4201028860,Keurig K-Mini Mate Plus Single-Serve Coffee Maker with Water Filter and K-Cup Pods,https://www.costco.com/keurig-k-mini-mate-plus-single-serve-coffee-maker-with-water-filter-and-k-cup-pods.product.4201028860.html,,,0,0,https://www.costco.com/small-kitchen-appliances.html
5377fd2c-86da-59b8-b6a9-6e89766ba639,1738,4201009385,4201009385,FoodSaver Preserve Vacuum Sealer Appliance with Bags and Marinate Container,https://www.costco.com/foodsaver-preserve-vacuum-sealer-appliance-with-bags-and-marinate-container.product.4201009385.html,,,0,0,https://www.costco.com/small-kitchen-appliances.html
99fd8f44-9401-57c3-b03e-34bcbd8d948c,1738,4000398962,4000398962,Cuisinart Extra-Large 26L 10-in-1 Digital Air Fryer Oven,https://www.costco.com/cuisinart-extra-large-26l-10-in-1-digital-air-fryer-oven.product.4000398962.html,,,0,0,https://www.costco.com/small-kitchen-appliances.html
2d57369f-eef8-53d9-baa0-8d15e00fd741,1738,4201023221,4201023221,Chefman Custom-Temp 1.8L Electric Kettle,https://www.costco.com/chefman-custom-temp-18l-electric-kettle.product.4201023221.html,,,0,0,https://www.costco.com/small-kitchen-appliances.html
aa4ecdc9-1af0-542f-9ad5-b5123e9c93b1,1738,4000362087,4000362087,"Brita Champlain Water Filter Pitcher, 10 Cup with 2 Filters",https://www.costco.com/brita-champlain-water-filter-pitcher-10-cup-with-2-filters.product.4000362087.html,,,0,0,https://www.costco.com/small-kitchen-appliances.html
8a4c44f5-ab53-5741-9144-09b03ea854b1,1738,4000428870,4000428870,Nordic Ware Deluxe Kettle Smoker with 5 Woodchip Varieties,https://www.costco.com/nordic-ware-deluxe-kettle-smoker-with-5-woodchip-varieties.product.4000428870.html,,,0,0,https://www.costco.com/small-kitchen-appliances.html
6541117b-c5ed-5503-8ca3-8ab9eba29507,1738,4201006223,4201006223,Dash 5qt SmartStore Ceramic Stirring Popcorn Maker,https://www.costco.com/dash-5qt-smartstore-ceramic-stirring-popcorn-maker.product.4201006223.html,,,0,0,https://www.costco.com/small-kitchen-appliances.html
9a0cd9b5-ac5e-5f8e-a59f-13993535b86c,1738,4000375722,4000375722,Shark Detect Performance Lift-Away Advanced Upright Vacuum with DuoClean Detect,https://www.costco.com/shark-detect-performance-lift-away-advanced-upright-vacuum-with-duoclean-detect.product.4000375722.html,,,0,0,https://www.costco.com/vacuums-floor-care.html
fd847b35-825a-5916-a86f-d178ae6cbb15,1738,4201011505,4201011505,Dyson V10 Konical Cordless Stick Vacuum with Car Cleaning Kit,https://www.costco.com/dyson-v10-konical-cordless-stick-vacuum-with-car-cleaning-kit.product.4201011505.html,,,0,0,https://www.costco.com/vacuums-floor-care.html
bef31f42-a64f-5501-b5da-3fae5c6eef33,1738,4201031429,4201031429,Shark Navigator Lift-Away Upright Vacuum with Reveal Technology,https://www.costco.com/shark-navigator-lift-away-upright-vacuum-with-reveal-technology.product.4201031429.html,,,0,0,https://www.costco.com/vacuums-floor-care.html
5d6be4ea-ba31-52ad-bad7-a75234700fc7,1738,4000354460,4000354460,BISSELL PowerClean FurGuard Deluxe 280W Cordless Vacuum with Extra Battery,https://www.costco.com/bissell-powerclean-furguard-deluxe-280w-cordless-vacuum-with-extra-battery.product.4000354460.html,,,0,0,https://www.costco.com/vacuums-floor-care.html
c355aeb9-2a37-58d4-9d2d-0db6d0591bcf,1738,4000359361,4000359361,Shark Stratos Cordless Vacuum with Clean Sense IQ DuoClean PowerFins HairPro,https://www.costco.com/shark-stratos-cordless-vacuum-with-clean-sense-iq-duoclean-powerfins-hairpro.product.4000359361.html,,,0,0,https://www.costco.com/vacuums-floor-care.html
5db25a64-ff9f-55c1-9ffc-a9b9d1cdaee7,1738,4201035961,4201035961,Dyson Ball Animal Optic Corded Upright Vacuum,https://www.costco.com/dyson-ball-animal-optic-corded-upright-vacuum.product.4201035961.html,,,0,0,https://www.costco.com/vacuums-floor-care.html
b2a8e9ba-e839-5b07-ba08-a1625be83cec,1738,4201031808,4201031808,Dyson Gen5detect Extra Cordless Stick Vacuum,https://www.costco.com/dyson-gen5detect-extra-cordless-stick-vacuum.product.4201031808.html,,,0,0,https://www.costco.com/vacuums-floor-care.html
e7bd0107-fd56-5134-8101-a067b572bbaf,1738,4201016630,4201016630,Shark PowerDetect Speed Clean and Empty Cordless Stick Vacuum with Auto-Empty System,https://www.costco.com/shark-powerdetect-speed-clean-and-empty-cordless-stick-vacuum-with-auto-empty-system.product.4201016630.html,,,0,0,https://www.costco.com/vacuums-floor-care.html
a52c5dcd-46bf-5ae9-9d46-6a3d3199e7a3,1738,4000431693,4000431693,Roborock QX Revo PLUS Robot Vacuum and Mop with Multifunctional Dock 3.0,https://www.costco.com/roborock-qx-revo-plus-robot-vacuum-and-mop-with-multifunctional-dock-30.product.4000431693.html,,,0,0,https://www.costco.com/vacuums-floor-care.html
1197f52a-49d5-52a6-83e7-474bc72c5702,1738,4000417530,4000417530,BISSELL Little Green MultiClean Wet and Dry Portable Carpet and Upholstery Cleaner,https://www.costco.com/bissell-little-green-multiclean-wet-and-dry-portable-carpet-and-upholstery-cleaner.product.4000417530.html,,,0,0,https://www.costco.com/vacuums-floor-care.html
19fbb3a8-249a-5462-9648-820b707a263f,1738,4000323423,4000323423,Shark PowerDetect 2-in-1 Robot Vacuum & Mop with NeverTouch Pro Self-Cleaning Base,https://www.costco.com/shark-powerdetect-2-in-1-robot-vacuum--mop-with-nevertouch-pro-self-cleaning-base.product.4000323423.html,,,0,0,https://www.costco.com/vacuums-floor-care.html
4f16fe42-54e4-516a-8222-3d530b240684,1738,4000422212,4000422212,Tineco GO HammerHead MessDetect Ultra Cordless Mop and Vacuum,https://www.costco.com/tineco-go-hammerhead-messdetect-ultra-cordless-mop-and-vacuum.product.4000422212.html,,,0,0,https://www.costco.com/vacuums-floor-care.html
5b20e642-66ac-5979-8a1b-cbb406bb5969,1738,4000399687,4000399687,DeWalt 8-Gallon 4 HP Stealthsonic Quiet Stainless Steel Wet Dry Vacuum,https://www.costco.com/dewalt-8-gallon-4-hp-stealthsonic-quiet-stainless-steel-wet-dry-vacuum.product.4000399687.html,,,0,0,https://www.costco.com/vacuums-floor-care.html
d28b66b6-c08e-5a7c-9ef3-89c14e2569e5,1738,4201044416,4201044416,Dyson R2 Nurovi Wash Dry Robot Vacuum,https://www.costco.com/dyson-r2-nurovi-wash-dry-robot-vacuum.product.4201044416.html,,,0,0,https://www.costco.com/vacuums-floor-care.html
c35e8704-3675-5425-b560-2fd468737d1c,1738,100697445,100697445,Maytag 7.0 cu. ft. Electric Dryer with Moisture Sensing in White,https://www.costco.com/maytag-70-cu-ft-electric-dryer-with-moisture-sensing-in-white.product.100697445.html,,,0,0,https://www.costco.com/dryers.html
d64207fc-c645-5c43-a186-1d5107164d1b,1738,100698045,100698045,Maytag 7.0 cu. ft. Gas Dryer with Moisture Sensing,https://www.costco.com/maytag-70-cu-ft-gas-dryer-with-moisture-sensing.product.100698045.html,,,0,0,https://www.costco.com/dryers.html
823eacf1-d9ca-54e9-8781-dab04dce5674,1738,100697442,100697442,Maytag Top Load 4.8 cu. ft. Washer with Deep Fill Option,https://www.costco.com/maytag-top-load-48-cu-ft-washer-with-deep-fill-option.product.100697442.html,,,0,0,https://www.costco.com/washers.html
d103488e-2313-5fe1-ae27-d1098ff12b5e,1738,1976293,1976293,"Braun IPL At Home Laser Hair Removal, Permanent Hair Reduction, Venus Razor",https://www.costco.com/.product.1976293.html,,,0,0,https://www.costco.com/beauty.html
a54d1c64-060e-5f68-b06e-5118daa00e9d,1738,2026275,2026275,Shark FlexStyle IonCurl Air Styling System with Curl IQ,https://www.costco.com/.product.2026275.html,,,0,0,https://www.costco.com/beauty.html
fd647768-b837-5e10-a28f-2db32db6b093,1738,1779318,1779318,"Beauty of Joseon Glow Serum Propolis + Niacinamide, 3.38 fl oz",https://www.costco.com/.product.1779318.html,,,0,0,https://www.costco.com/beauty.html
1f6904f5-31bb-53dd-b791-10c491ce12df,1738,2058938,2058938,Shark CryoGlow Under-Eye Cooling Plus LED Anti-Aging and Skin Clearing Face Mask,https://www.costco.com/.product.2058938.html,,,0,0,https://www.costco.com/beauty.html
f89ea680-b0ac-5009-ade1-cbd3eec249df,1738,1324595,1324595,"Lubriderm Daily Moisture Lotion, Fragrance Free 24 fl oz, 2-count + 6 fl oz Travel Size",https://www.costco.com/.product.1324595.html,,,0,0,https://www.costco.com/beauty.html
0376ed40-e1d9-5c89-8346-af32bc95d80c,1738,3847868,3847868,Dyson Airwrap i.d. Multi-Styler and Dryer with Chitosan Post-Style Serum,https://www.costco.com/.product.3847868.html,,,0,0,https://www.costco.com/beauty.html
6e03c7a9-e540-5cd2-b305-7d6fefeb142a,1738,2060580,2060580,"Pantene Essential Botanical Green Tea & Lily Hydrating Volume Shampoo, 38.2 fl oz",https://www.costco.com/.product.2060580.html,,,0,0,https://www.costco.com/beauty.html
98fd4a4d-4462-59b8-af7b-b661f9e11136,1738,2060578,2060578,"Pantene Essential Botanical Green Tea & Lily Hydrating Volume Conditioner, 38.2 fl oz",https://www.costco.com/.product.2060578.html,,,0,0,https://www.costco.com/beauty.html
4a5fb616-3631-5a6b-975b-19714206ec55,1738,1561475,1561475,"CeraVe Moisturizing Cream Interchangeable Multi-Pack, 16 oz Jar with Pump + 16 oz Jar",https://www.costco.com/.product.1561475.html,,,0,0,https://www.costco.com/beauty.html
7e5139b6-45bb-58f8-a62f-9fe7ab712da8,1738,1733535,1733535,Allspace 2 in 1 LED Vanity Mirror and Lamp,https://www.costco.com/.product.1733535.html,,,0,0,https://www.costco.com/beauty.html
8de2f7eb-fd7d-52df-9797-79d0c254ead6,1738,2749064,2749064,Dyson Supersonic Nural Hair Dryer with Chitosan Post-Style Serum,https://www.costco.com/.product.2749064.html,,,0,0,https://www.costco.com/beauty.html
fe6f3477-cc9b-53c4-8012-637480a7aa3c,1738,778152,778152,"Kirkland Signature Hair Regrowth Treatment Minoxidil Foam for Men, 2.11 oz, 6-count",https://www.costco.com/.product.778152.html,,,0,0,https://www.costco.com/beauty.html
f583792b-76c7-53bd-9f7a-5101aebde269,1738,1753490,1753490,"Aveeno Daily Moisture Lotion, 24 fl oz, 2-pack",https://www.costco.com/.product.1753490.html,,,0,0,https://www.costco.com/beauty.html
b6c8767f-08b1-5cdc-a24b-1519b95e5089,1738,2017995,2017995,"L'Oreal Paris Voluminous Panorama Mascara, Blackest Black, 0.33 fl oz, 2 -pack",https://www.costco.com/.product.2017995.html,,,0,0,https://www.costco.com/beauty.html
4084dbd8-2e7f-5468-a01d-86c2b191d170,1738,2043398,2043398,"Skin1004 Pore Perfecting Centella Ampoule, 4.06 fl oz, 2-pack",https://www.costco.com/.product.2043398.html,,,0,0,https://www.costco.com/beauty.html
a9e79abf-f9d7-5fb4-99c2-2b6a0c3cf53f,1738,1744701,1744701,"Pantene Multi-Tasker 10 Conditioner, 38.2 fl oz",https://www.costco.com/.product.1744701.html,,,0,0,https://www.costco.com/beauty.html
047f42f3-08fa-5796-868a-7d271e052bcf,1738,1720447,1720447,"StriVectin TL Advanced Tightening Neck Cream Plus, 1 oz, 2-pack",https://www.costco.com/.product.1720447.html,,,0,0,https://www.costco.com/beauty.html
56e64000-1f27-563a-9d5f-537c146fea3f,1738,1744700,1744700,"Pantene Multi-Tasker 10 Shampoo, 38.2 fl oz",https://www.costco.com/.product.1744700.html,,,0,0,https://www.costco.com/beauty.html
e2f170d0-1dee-5a62-a188-376cc116853a,1738,2043018,2043018,"Olay Daily Radiance Lotion Vitamin C + Niacinamide, 1.7 fl oz, 2-pack",https://www.costco.com/.product.2043018.html,,,0,0,https://www.costco.com/beauty.html
17f0867b-cb41-5b07-99ea-5eadbbdf34d9,1738,2659551,2659551,Dyson Airstrait Wet-to-Dry Straightener with Omega Hydrating Hair Oil,https://www.costco.com/.product.2659551.html,,,0,0,https://www.costco.com/beauty.html
c60d23a2-3bfd-5432-b00b-cc5a356a15d5,1738,1909829,1909829,"Dr. Groot Scalp Revitalizing Shampoo, 23.6 fl oz, 2-pack",https://www.costco.com/.product.1909829.html,,,0,0,https://www.costco.com/beauty.html
6f29dec9-6368-5300-918b-45b169152691,1738,1939944,1939944,"Dove Intensive Repair Damage Therapy Shampoo & Conditioner Set, 33.8 fl oz",https://www.costco.com/.product.1939944.html,,,0,0,https://www.costco.com/beauty.html
3e9c99bb-df59-58f2-987e-d4ecd96dbaec,1738,1967795,1967795,"Honeyque Deep Repair Shampoo & Conditioner, 15.2 fl oz, 2-pack",https://www.costco.com/.product.1967795.html,,,0,0,https://www.costco.com/beauty.html
7d2d2941-0710-5615-aba9-ef9da5fba0a8,1738,1737189,1737189,"Neutrogena Hydro Boost Water Cream, 1.7 fl oz, 2-pack",https://www.costco.com/.product.1737189.html,,,0,0,https://www.costco.com/beauty.html
f79f8e4c-45f0-5b73-84fa-98e58d275c0f,1738,2025583,2025583,"Nexxus Advanced Hydration Therappe Humectress Shampoo & Conditioner, 32 fl oz each",https://www.costco.com/.product.2025583.html,,,0,0,https://www.costco.com/beauty.html
be47be07-f607-5d94-9550-0ee81ac5f1ce,1738,2085460,2085460,"Nopalera Cactus Shower Gel, 24oz, 2-pack",https://www.costco.com/.product.2085460.html,,,0,0,https://www.costco.com/beauty.html
27605edc-a741-5777-94ff-c837f237e384,1738,1539240,1539240,StriVectin Anti-Wrinkle Intensive Eye Concentrate Plus,https://www.costco.com/.product.1539240.html,,,0,0,https://www.costco.com/beauty.html
2c9240c2-2519-5942-b45d-531f3f1a155b,1738,1938952,1938952,"Olay Regenerist 10 Niacinamide Moisturizer, 1.7 oz, 2-pack",https://www.costco.com/.product.1938952.html,,,0,0,https://www.costco.com/beauty.html
6237de13-5cbc-507c-aeb3-e49320d3fd66,1738,1966263,1966263,"Olay Every Night Retinol, 1.7 oz, 2-pack",https://www.costco.com/.product.1966263.html,,,0,0,https://www.costco.com/beauty.html
f3444c37-42e6-5e8d-93f4-5c41f9550dd5,1738,1968702,1968702,&honey Deep Moist Shampoo & Conditioner Set,https://www.costco.com/.product.1968702.html,,,0,0,https://www.costco.com/beauty.html
bdcbc76a-5831-5768-bee8-8dccacffc3e8,1738,2015479,2015479,"Dr. Groot Scalp Revitalizing Conditioner, 9.46 fl oz, 2-pack",https://www.costco.com/.product.2015479.html,,,0,0,https://www.costco.com/beauty.html
daf971ee-bf2b-5188-a4b9-0e3f6e515c3b,1738,1875033,1875033,"ROC Advanced Hydration + Water Cream, 1.7 oz, 2-pack",https://www.costco.com/.product.1875033.html,,,0,0,https://www.costco.com/beauty.html
bece470c-11aa-519e-a3f0-b34e533f5e56,1738,1696849,1696849,"Neutrogena Beach Defense Sunscreen Spray SPF 60+, 8.5 oz, 2-pack",https://www.costco.com/.product.1696849.html,,,0,0,https://www.costco.com/beauty.html
1e94a993-c160-5484-963d-bcca7633a83c,1738,2060571,2060571,"ROC Line Smoothing Eye Cream, 0.6 fl oz, 3-pack",https://www.costco.com/.product.2060571.html,,,0,0,https://www.costco.com/beauty.html
2e50826a-c7a7-527e-9e0b-bd9160b1f9ee,1738,1924746,1924746,Super Nature Shampoo/Conditioner 30 fl oz each,https://www.costco.com/.product.1924746.html,,,0,0,https://www.costco.com/beauty.html
f5b0a494-a6a5-5d74-9cca-aa308443358b,1738,4698741,4698741,Shark FlexFusion Styling and Drying System,https://www.costco.com/.product.4698741.html,,,0,0,https://www.costco.com/beauty.html
09cccccc-5329-54bc-a5d0-7d2a63b8d286,1738,1982330,1982330,"Hawaiian Tropic Sheer Touch Lotion Sunscreen SPF 30, 10.8 fl oz, 2-pack",https://www.costco.com/.product.1982330.html,,,0,0,https://www.costco.com/beauty.html
f694b85f-3a22-59fa-8264-522770456c42,1738,2070165,2070165,"Native Moisturizing Lotion Coconut & Vanilla, 23 fl oz, 2-pack",https://www.costco.com/.product.2070165.html,,,0,0,https://www.costco.com/beauty.html
47c7c645-c5b4-5ae7-91ca-6649e3732203,1738,2006955,2006955,InfinitiPRO by Conair High-Speed Digital Dryer,https://www.costco.com/.product.2006955.html,,,0,0,https://www.costco.com/beauty.html
07385379-5140-588d-b081-16622ae6c22e,1738,1877320,1877320,"Vacation Classic Sunscreen Lotion, SPF 50, 6 fl oz Duo",https://www.costco.com/.product.1877320.html,,,0,0,https://www.costco.com/beauty.html
26c7f6d6-5dfe-53f5-a0eb-8b057e7de4f3,1738,2016900,2016900,"PURCELL Pixcell Biom Glow Barrier Serum, 3.38 fl oz",https://www.costco.com/.product.2016900.html,,,0,0,https://www.costco.com/beauty.html
cfdc7dd4-c2ee-5f8f-b7e9-6eac655e16cd,1738,2040153,2040153,"Covergirl Lash Blast Volume Mascara, 3-pack",https://www.costco.com/.product.2040153.html,,,0,0,https://www.costco.com/beauty.html
32587a9f-eb96-5640-844e-4a21a163c8d6,1738,1936069,1936069,Hero Mighty Patch 84 Total Patches,https://www.costco.com/.product.1936069.html,,,0,0,https://www.costco.com/beauty.html
ef544344-31b1-5d80-b133-dedfb12be1b1,1738,1897598,1897598,"Grace & Stella Under Eye Masks, Under Eye Patches Combo Pack, 24-count",https://www.costco.com/.product.1897598.html,,,0,0,https://www.costco.com/beauty.html
17152d28-250a-585e-b7f3-763a4cab36dd,1738,4000395848,4000395848,"Braun IPL At Home Laser Hair Removal, Permanent Hair Reduction, Venus Razor",https://www.costco.com/braun-ipl-at-home-laser-hair-removal-permanent-hair-reduction-venus-razor.product.4000395848.html,,,0,0,https://www.costco.com/beauty-tools-accessories.html
fc637b1c-c3e3-5a7b-8967-1f6d39912d12,1738,4201021071,4201021071,Shark FlexStyle IonCurl Air Styling System with Curl IQ,https://www.costco.com/shark-flexstyle-ioncurl-air-styling-system-with-curl-iq.product.4201021071.html,,,0,0,https://www.costco.com/beauty-tools-accessories.html
381c9757-3ec0-5974-ae47-c2d088f0c350,1738,4201018118,4201018118,Allspace 2 in 1 LED Vanity Mirror and Lamp,https://www.costco.com/allspace-2-in-1-led-vanity-mirror-and-lamp.product.4201018118.html,,,0,0,https://www.costco.com/beauty-tools-accessories.html
dafa33e3-f909-54a0-be02-46ac83349d4e,1738,4201032949,4201032949,Shark CryoGlow Under-Eye Cooling Plus LED Anti-Aging and Skin Clearing Face Mask,https://www.costco.com/shark-cryoglow-under-eye-cooling-plus-led-anti-aging-and-skin-clearing-face-mask.product.4201032949.html,,,0,0,https://www.costco.com/beauty-tools-accessories.html
adae1e4c-8aeb-535d-9b48-34ed648ae69f,1738,4000391717,4000391717,Shark FlexFusion Styling and Drying System,https://www.costco.com/shark-flexfusion-styling-and-drying-system.product.4000391717.html,,,0,0,https://www.costco.com/beauty-tools-accessories.html
b2aaf84f-e5fd-5fc3-aa82-644ddd586134,1738,4000430802,4000430802,InfinitiPRO by Conair High-Speed Digital Dryer,https://www.costco.com/infinitipro-by-conair-high-speed-digital-dryer.product.4000430802.html,,,0,0,https://www.costco.com/beauty-tools-accessories.html
06ba4076-b6ae-52c2-adc9-5196290b5e2d,1738,4201011524,4201011524,"Pantene Essential Botanicals Green Tea & Lily Hydrating Volume Shampoo, 38.2 fl oz",https://www.costco.com/pantene-essential-botanicals-green-tea--lily-hydrating-volume-shampoo-382-fl-oz.product.4201011524.html,,,0,0,https://www.costco.com/hair-care.html
f6fc6db8-04d0-5b64-a0ed-3062a633abe6,1738,4201011465,4201011465,"Pantene Essential Botanicals Green Tea & Lily Hydrating Volume Conditioner, 38.2 fl oz",https://www.costco.com/pantene-essential-botanicals-green-tea--lily-hydrating-volume-conditioner-382-fl-oz.product.4201011465.html,,,0,0,https://www.costco.com/hair-care.html
3417b446-818e-5de2-8df6-23263adcc700,1738,4201032948,4201032948,Dyson Airwrap i.d. Multi-Styler and Dryer with Chitosan Post-Style Serum,https://www.costco.com/dyson-airwrap-id-multi-styler-and-dryer-with-chitosan-post-style-serum.product.4201032948.html,,,0,0,https://www.costco.com/hair-care.html
4d56a770-9315-5638-a549-ec86b102f8f3,1738,4000183076,4000183076,"Pantene Multi-Tasker 10 Shampoo, 38.2 fl oz",https://www.costco.com/pantene-multi-tasker-10-shampoo-382-fl-oz.product.4000183076.html,,,0,0,https://www.costco.com/hair-care.html
44de8df4-87a6-55a5-9543-61de6f3fab92,1738,4000363407,4000363407,"Dove Intensive Repair Damage Therapy Shampoo & Conditioner Set, 33.8 fl oz",https://www.costco.com/dove-intensive-repair-damage-therapy-shampoo--conditioner-set-338-fl-oz.product.4000363407.html,,,0,0,https://www.costco.com/hair-care.html
0714dba6-ec36-5c65-b394-ce746bea770c,1738,4000432874,4000432874,"Nexxus Advanced Hydration Therappe Humectress Shampoo & Conditioner, 32 fl oz each",https://www.costco.com/nexxus-advanced-hydration-therappe-humectress-shampoo--conditioner-32-fl-oz-each.product.4000432874.html,,,0,0,https://www.costco.com/hair-care.html
817f1553-71fb-5a12-84d2-70530a892c6b,1738,100038030,100038030,"Kirkland Signature Hair Regrowth Treatment Minoxidil Foam for Men, 2.11 oz, 6-count",https://www.costco.com/kirkland-signature-hair-regrowth-treatment-minoxidil-foam-for-men-211-oz-6-count.product.100038030.html,,,0,0,https://www.costco.com/hair-care.html
65851a1c-5bea-5192-bc59-d903db15036e,1738,4000340685,4000340685,"Dr. Groot Scalp Revitalizing Shampoo, 23.6 fl oz, 2-pack",https://www.costco.com/dr-groot-scalp-revitalizing-shampoo-236-fl-oz-2-pack.product.4000340685.html,,,0,0,https://www.costco.com/hair-care.html
8d04ffc8-39bc-51e0-908e-b9b5fadf5849,1738,4000183119,4000183119,"Pantene Multi-Tasker 10 Conditioner, 38.2 fl oz",https://www.costco.com/pantene-multi-tasker-10-conditioner-382-fl-oz.product.4000183119.html,,,0,0,https://www.costco.com/hair-care.html
5fe5c0cd-50b4-5740-a5fd-945138ee2e5f,1738,4000249145,4000249145,"Head & Shoulders 2-in-1 Dandruff Shampoo and Conditioner Advanced Scalp Care with Aloe Vera, Coconut Water & Vitamins, 40 fl oz",https://www.costco.com/head--shoulders-2-in-1-dandruff-shampoo-and-conditioner-advanced-scalp-care-with-aloe-vera-coconut-water--vitamins-40-fl-oz.product.4000249145.html,,,0,0,https://www.costco.com/hair-care.html
72fb121b-8d9b-5715-901c-93ec60b98514,1738,4000348787,4000348787,"Super Nature Shampoo/Conditioner, 30 fl oz each",https://www.costco.com/super-nature-shampooconditioner-30-fl-oz-each.product.4000348787.html,,,0,0,https://www.costco.com/hair-care.html
4911a3f7-af4a-5e85-9d9c-bf4c4944fc2a,1738,4000386976,4000386976,"Honeyque Deep Repair Shampoo & Conditioner, 15.2 fl oz, 2-pack",https://www.costco.com/honeyque-deep-repair-shampoo--conditioner-152-fl-oz-2-pack.product.4000386976.html,,,0,0,https://www.costco.com/hair-care.html
7efabcfb-9fe1-5758-8010-9e63f812b490,1738,4201032860,4201032860,Dyson Supersonic Nural Hair Dryer with Chitosan Post-Style Serum,https://www.costco.com/dyson-supersonic-nural-hair-dryer-with-chitosan-post-style-serum.product.4201032860.html,,,0,0,https://www.costco.com/hair-care.html
1bcd3e83-c31f-58bb-a22d-393d68d6e408,1738,4000427499,4000427499,"Dr. Groot Scalp Revitalizing Conditioner, 9.46 fl oz, 2-pack",https://www.costco.com/dr-groot-scalp-revitalizing-conditioner-946-fl-oz-2-pack.product.4000427499.html,,,0,0,https://www.costco.com/hair-care.html
05b4ee81-eeb4-5aaa-9631-f1576d57e0c4,1738,4000430793,4000430793,&honey Deep Moist Shampoo & Conditioner Set,https://www.costco.com/honey-deep-moist-shampoo--conditioner-set.product.4000430793.html,,,0,0,https://www.costco.com/hair-care.html
d6be7e51-2379-5bcd-973f-a0a517a6c46d,1738,4201032896,4201032896,Dyson Airstrait Wet-to-Dry Straightener with Omega Hydrating Hair Oil,https://www.costco.com/dyson-airstrait-wet-to-dry-straightener-with-omega-hydrating-hair-oil.product.4201032896.html,,,0,0,https://www.costco.com/hair-care.html
a6d94f6a-dadc-56f2-9f5d-2f8464b737e0,1738,4000427496,4000427496,"L'Oreal Paris Voluminous Panorama Mascara, Blackest Black, 0.33 fl oz, 2 -pack",https://www.costco.com/loreal-paris-voluminous-panorama-mascara-blackest-black-033-fl-oz-2--pack.product.4000427496.html,,,0,0,https://www.costco.com/cosmetics.html
cf743456-cfac-5205-81ce-c6e01efd5bfe,1738,4000442727,4000442727,"Covergirl Lash Blast Volume Mascara, 3-pack",https://www.costco.com/covergirl-lash-blast-volume-mascara-3-pack.product.4000442727.html,,,0,0,https://www.costco.com/cosmetics.html
f377a3a7-bcae-57e4-96f4-564ce97c5b4f,1738,4000223339,4000223339,"Beauty of Joseon Glow Serum Propolis + Niacinamide, 3.38 fl oz",https://www.costco.com/beauty-of-joseon-glow-serum-propolis--niacinamide-338-fl-oz.product.4000223339.html,,,0,0,https://www.costco.com/skin-care.html
d85bf537-4ca7-5512-ade1-92f8d615392f,1738,4201015703,4201015703,"Skin1004 Pore Perfecting Centella Ampoule, 4.06 fl oz, 2-pack",https://www.costco.com/skin1004-pore-perfecting-centella-ampoule-406-fl-oz-2-pack.product.4201015703.html,,,0,0,https://www.costco.com/skin-care.html
bb5f5f3d-1d3a-52d0-aace-bfe50132d34f,1738,4000033127,4000033127,"Lubriderm Daily Moisture Lotion, Fragrance Free 24 fl oz, 2-count + 6 fl oz Travel Size",https://www.costco.com/lubriderm-daily-moisture-lotion-fragrance-free-24-fl-oz-2-count--6-fl-oz-travel-size.product.4000033127.html,,,0,0,https://www.costco.com/skin-care.html
1a7227e9-d804-58eb-bba4-1e4285354f6c,1738,4000179673,4000179673,"StriVectin TL Advanced Tightening Neck Cream Plus, 1 oz, 2-pack",https://www.costco.com/strivectin-tl-advanced-tightening-neck-cream-plus-1-oz-2-pack.product.4000179673.html,,,0,0,https://www.costco.com/skin-care.html
639d2d85-b36a-5987-a5a8-30292e98d17e,1738,4201027257,4201027257,"Olay Daily Radiance Lotion Vitamin C + Niacinamide, 1.7 fl oz, 2-pack",https://www.costco.com/olay-daily-radiance-lotion-vitamin-c--niacinamide-17-fl-oz-2-pack.product.4201027257.html,,,0,0,https://www.costco.com/skin-care.html
6be4de19-dd47-5059-a6ac-7ab6f8b0695c,1738,100778338,100778338,"CeraVe Moisturizing Cream Interchangeable Multi-Pack, 16 oz Jar with Pump + 16 oz Jar",https://www.costco.com/cerave-moisturizing-cream-interchangeable-multi-pack-16-oz-jar-with-pump--16-oz-jar.product.100778338.html,,,0,0,https://www.costco.com/skin-care.html
d55e669d-b0f5-5862-884b-f6bad91f6dc3,1738,100771913,100771913,StriVectin Anti-Wrinkle Intensive Eye Concentrate Plus,https://www.costco.com/strivectin-anti-wrinkle-intensive-eye-concentrate-plus.product.100771913.html,,,0,0,https://www.costco.com/skin-care.html
aa6e6e0f-6db8-5dda-86d6-8e956b8cb4e8,1738,4000202668,4000202668,"Neutrogena Hydro Boost Water Cream, 1.7 fl oz, 2-pack",https://www.costco.com/neutrogena-hydro-boost-water-cream-17-fl-oz-2-pack.product.4000202668.html,,,0,0,https://www.costco.com/skin-care.html
6355aa03-a9a6-50b9-b7c8-e8cc4aa4a2d9,1738,4000217415,4000217415,"Aveeno Daily Moisture Lotion, 24 fl oz, 2-pack",https://www.costco.com/aveeno-daily-moisture-lotion-24-fl-oz-2-pack.product.4000217415.html,,,0,0,https://www.costco.com/skin-care.html
ce77e258-c393-50d1-8d45-71d51d08166d,1738,4201043426,4201043426,"ROC Line Smoothing Eye Cream, 0.6 fl oz, 3-pack",https://www.costco.com/roc-line-smoothing-eye-cream-06-fl-oz-3-pack.product.4201043426.html,,,0,0,https://www.costco.com/skin-care.html
cff42f4c-c581-512f-9665-f378f29cf261,1738,4000417685,4000417685,"Olay Every Night Retinol, 1.7 oz, 2-pack",https://www.costco.com/olay-every-night-retinol-17-oz-2-pack.product.4000417685.html,,,0,0,https://www.costco.com/skin-care.html
b83a4040-856e-55a8-b6e9-b7130a082cd6,1738,4000403916,4000403916,"ROC Advanced Hydration + Water Cream, 1.7 oz, 2-pack",https://www.costco.com/roc-advanced-hydration--water-cream-17-oz-2-pack.product.4000403916.html,,,0,0,https://www.costco.com/skin-care.html
de6d25e8-b34b-5531-9da8-06c7d35a9319,1738,4000417736,4000417736,"Olay Regenerist 10, 1.7 oz, 2-pack",https://www.costco.com/olay-regenerist-10-17-oz-2-pack.product.4000417736.html,,,0,0,https://www.costco.com/skin-care.html
17a7158e-32f9-5b36-a29a-df568459ee2a,1738,4000062580,4000062580,"Cetaphil Moisturizing Lotion, Dry to Normal Sensitive Skin, 20 fl oz, 2-count",https://www.costco.com/cetaphil-moisturizing-lotion-dry-to-normal-sensitive-skin-20-fl-oz-2-count.product.4000062580.html,,,0,0,https://www.costco.com/skin-care.html
39166391-8054-557a-bbbe-8ea98e544da7,1738,4201018202,4201018202,"Native Moisturizing Lotion Coconut & Vanilla, 23 fl oz, 2-pack",https://www.costco.com/native-moisturizing-lotion-coconut--vanilla-23-fl-oz-2-pack.product.4201018202.html,,,0,0,https://www.costco.com/skin-care.html
0f3e3182-bccc-5308-95b8-61c87046ba02,1738,4000365567,4000365567,Hero Mighty Patch 84 Total Patches,https://www.costco.com/hero-mighty-patch-84-total-patches.product.4000365567.html,,,0,0,https://www.costco.com/skin-care.html
a8d27be6-a330-5ec0-9f1d-bce9cc529cda,1738,4201001463,4201001463,"PURCELL Pixcell Biom Glow Barrier Serum, 3.38 fl oz",https://www.costco.com/purcell-pixcell-biom-glow-barrier-serum-338-fl-oz.product.4201001463.html,,,0,0,https://www.costco.com/skin-care.html
15b5c076-c911-5d14-a14a-b6141bd3f283,1738,4000370809,4000370809,"Grace & Stella Under Eye Masks, Under Eye Patches Combo Pack, 24-count",https://www.costco.com/grace--stella-under-eye-masks-under-eye-patches-combo-pack-24-count.product.4000370809.html,,,0,0,https://www.costco.com/skin-care.html
5c2a931b-d4c2-5536-b57a-6568fe5d49d4,1738,7771662,7771662,"Kirkland Signature Men's Tencel Boxer Brief, 4-pack, Large",https://www.costco.com/.product.7771662.html,,,0,0,https://www.costco.com/clothing.html
599ba548-9a8f-5e68-80ac-da23e30ba48f,1738,7771712,7771712,"Kirkland Signature Men's Midweight Crew Tee, 6-pack, White, Large",https://www.costco.com/.product.7771712.html,,,0,0,https://www.costco.com/clothing.html
95d6a3c2-085a-554d-8091-30d0ddef3eba,1738,7771711,7771711,"Kirkland Signature Men's Midweight Crew Tee, 6-pack, White, Medium",https://www.costco.com/.product.7771711.html,,,0,0,https://www.costco.com/clothing.html
512a2f2f-f37d-5643-bf46-5cf52ff6c78e,1738,7771713,7771713,"Kirkland Signature Men's Midweight Crew Tee, 6-pack, White, X-Large",https://www.costco.com/.product.7771713.html,,,0,0,https://www.costco.com/clothing.html
472eb112-f3e3-556d-a2fb-bc5300278d3d,1738,4000151937,4000151937,Skechers Men's Arch Comfort Sneaker,https://www.costco.com/.product.4000151937.html,,,0,0,https://www.costco.com/clothing.html
bb8ec026-8ec1-5898-9b1f-b2c22854c361,1738,1733574,1733574,"Skechers Men's Arch Comfort Sneaker, Black, 8",https://www.costco.com/.product.1733574.html,,,0,0,https://www.costco.com/clothing.html
e6d552bb-20a9-5dbb-93e3-cbf8043b02cd,1738,1733575,1733575,"Skechers Men's Arch Comfort Sneaker, Black, 9",https://www.costco.com/.product.1733575.html,,,0,0,https://www.costco.com/clothing.html
dda7b04f-e817-5410-aa72-3314e55d48c7,1738,1733576,1733576,"Skechers Men's Arch Comfort Sneaker, Black, 9.5",https://www.costco.com/.product.1733576.html,,,0,0,https://www.costco.com/clothing.html
3acb1a8a-820e-5793-a75a-84b4808a1532,1738,1733579,1733579,"Skechers Men's Arch Comfort Sneaker, Black, 10",https://www.costco.com/.product.1733579.html,,,0,0,https://www.costco.com/clothing.html
31d6e39a-da61-5b4c-94b6-c0fc4c075a12,1738,1733581,1733581,"Skechers Men's Arch Comfort Sneaker, Black, 10.5",https://www.costco.com/.product.1733581.html,,,0,0,https://www.costco.com/clothing.html
e9b84803-3bfd-5898-8cff-a60d8b904330,1738,4000277945,4000277945,"Swissgear 17"" Travel  Laptop Backpack",https://www.costco.com/.product.4000277945.html,,,0,0,https://www.costco.com/clothing.html
85109c06-89f0-58fc-850a-9b6dd53242fe,1738,1830758,1830758,"Swissgear 17"" Travel  Laptop Backpack",https://www.costco.com/.product.1830758.html,,,0,0,https://www.costco.com/clothing.html
83e7d860-e16f-5046-bd39-c638039c5344,1738,4000311439,4000311439,"Shed Rain Windpro 46"" Vented Automatic Compact Umbrella, 2-pack",https://www.costco.com/.product.4000311439.html,,,0,0,https://www.costco.com/clothing.html
253ec95f-ade0-587c-8447-5ab9cc3668b0,1738,1865951,1865951,"Shed Rain Windpro 46"" Vented Automatic Compact Umbrella, 2-pack, Gray",https://www.costco.com/.product.1865951.html,,,0,0,https://www.costco.com/clothing.html
032a1763-f4c2-5599-93b7-4e137b3b41ca,1738,1865953,1865953,"Shed Rain Windpro 46"" Vented Automatic Compact Umbrella, 2-pack, Black",https://www.costco.com/.product.1865953.html,,,0,0,https://www.costco.com/clothing.html
0a9ab2f2-760e-503c-9026-2544ed9bd587,1738,1865954,1865954,"Shed Rain Windpro 46"" Vented Automatic Compact Umbrella, 2-pack, Multi",https://www.costco.com/.product.1865954.html,,,0,0,https://www.costco.com/clothing.html
2b9d9969-a011-5717-9dde-57f0b8a83500,1738,4000206116,4000206116,UGG Ladies' Cozetta Curly Slipper,https://www.costco.com/.product.4000206116.html,,,0,0,https://www.costco.com/clothing.html
9d29c129-5938-5454-bc27-9a143e21fd48,1738,1764369,1764369,"UGG Ladies' Cozetta Curly Slipper, Tan, 6",https://www.costco.com/.product.1764369.html,,,0,0,https://www.costco.com/clothing.html
dd43cc68-4d46-5b90-bdba-280a3f4d0f97,1738,1764370,1764370,"UGG Ladies' Cozetta Curly Slipper, Tan, 7",https://www.costco.com/.product.1764370.html,,,0,0,https://www.costco.com/clothing.html
3675eca0-7e25-5fa1-ac7a-4afd274b87d8,1738,1764371,1764371,"UGG Ladies' Cozetta Curly Slipper, Tan, 8",https://www.costco.com/.product.1764371.html,,,0,0,https://www.costco.com/clothing.html
a8314bda-ecb4-5ba7-b8f5-9ae5f02db781,1738,1764372,1764372,"UGG Ladies' Cozetta Curly Slipper, Tan, 9",https://www.costco.com/.product.1764372.html,,,0,0,https://www.costco.com/clothing.html
7e854545-a6ca-5d22-aa11-1ee51cf4944c,1738,1764373,1764373,"UGG Ladies' Cozetta Curly Slipper, Tan, 10",https://www.costco.com/.product.1764373.html,,,0,0,https://www.costco.com/clothing.html
e7eaddaf-fe59-5a31-8f1a-5ef579eb7fb2,1738,4000359153,4000359153,Delsey Paris 2-piece Hardside Luggage Set,https://www.costco.com/.product.4000359153.html,,,0,0,https://www.costco.com/clothing.html
e0fcddfd-283c-57b0-9fd1-d7935d64cd11,1738,1872076,1872076,"Delsey Paris 2-piece Hardside Luggage Set, Green",https://www.costco.com/.product.1872076.html,,,0,0,https://www.costco.com/clothing.html
606a58ac-afa6-51a8-a879-c36a05ff9c3b,1738,1872077,1872077,"Delsey Paris 2-piece Hardside Luggage Set, Dark Gray",https://www.costco.com/.product.1872077.html,,,0,0,https://www.costco.com/clothing.html
2bfdd268-20a9-5182-b245-b04b393c278b,1738,1872078,1872078,"Delsey Paris 2-piece Hardside Luggage Set, Navy",https://www.costco.com/.product.1872078.html,,,0,0,https://www.costco.com/clothing.html
27ca8dad-0748-5283-aa14-5aec9fecf43c,1738,1872079,1872079,"Delsey Paris 2-piece Hardside Luggage Set, Black",https://www.costco.com/.product.1872079.html,,,0,0,https://www.costco.com/clothing.html
65691704-77e8-5766-86c4-dfdf0a0dae03,1738,4000241132,4000241132,Steve Madden Ladies' Tiered Midi Dress,https://www.costco.com/.product.4000241132.html,,,0,0,https://www.costco.com/clothing.html
51c989b7-f1ec-5299-8fcb-b0d50ad017d8,1738,1803096,1803096,"Steve Madden Ladies' Tiered Midi Dress, Blue, X-Small",https://www.costco.com/.product.1803096.html,,,0,0,https://www.costco.com/clothing.html
12faaa6e-9863-5aa8-99d5-d2d509da2fd2,1738,1803097,1803097,"Steve Madden Ladies' Tiered Midi Dress, Blue, Small",https://www.costco.com/.product.1803097.html,,,0,0,https://www.costco.com/clothing.html
b8681961-3426-57a0-b275-839c317383e2,1738,1803098,1803098,"Steve Madden Ladies' Tiered Midi Dress, Blue, Medium",https://www.costco.com/.product.1803098.html,,,0,0,https://www.costco.com/clothing.html
7fa189d1-f12a-5b60-9ca4-db25d11a8233,1738,1803099,1803099,"Steve Madden Ladies' Tiered Midi Dress, Blue, Large",https://www.costco.com/.product.1803099.html,,,0,0,https://www.costco.com/clothing.html
a1dc5e36-7bc4-5ee4-ab90-165862fe554a,1738,1803100,1803100,"Steve Madden Ladies' Tiered Midi Dress, Blue, X-Large",https://www.costco.com/.product.1803100.html,,,0,0,https://www.costco.com/clothing.html
7ef09630-8440-50c0-8cfa-aa8188e85d12,1738,4000370938,4000370938,adidas Midway Backpack,https://www.costco.com/.product.4000370938.html,,,0,0,https://www.costco.com/clothing.html
cb6f7b44-b34b-5f7c-b0b2-0e0b629795be,1738,1914500,1914500,"adidas Midway Backpack, Gray",https://www.costco.com/.product.1914500.html,,,0,0,https://www.costco.com/clothing.html
89dfb294-1754-5b1e-8857-a666c91baea2,1738,1914501,1914501,"adidas Midway Backpack, Purple",https://www.costco.com/.product.1914501.html,,,0,0,https://www.costco.com/clothing.html
f1531ec2-7705-536a-944c-d61937707b9f,1738,1914502,1914502,"adidas Midway Backpack, Black",https://www.costco.com/.product.1914502.html,,,0,0,https://www.costco.com/clothing.html
4a68dc6a-874a-5a25-9e98-398c85708da9,1738,1914503,1914503,"adidas Midway Backpack, Blue",https://www.costco.com/.product.1914503.html,,,0,0,https://www.costco.com/clothing.html
01597015-2223-5b96-adec-7c1a412ee311,1738,4000307195,4000307195,NOMATIC Essential Travel Pack 20L-30L,https://www.costco.com/.product.4000307195.html,,,0,0,https://www.costco.com/clothing.html
1a36fcdf-dfbb-54d2-a4e9-6c55980fe4f1,1738,1865956,1865956,NOMATIC Essential Travel Pack 20L-30L,https://www.costco.com/.product.1865956.html,,,0,0,https://www.costco.com/clothing.html
75b3ff04-70b8-541f-aea7-cc0e6a007fa3,1738,4000345808,4000345808,Maui Jim Pool Side GS838-02 Polarized Sunglasses,https://www.costco.com/.product.4000345808.html,,,0,0,https://www.costco.com/clothing.html
7ae30b3d-d2c8-5e2f-a6cf-a1add3f4c36c,1738,1896247,1896247,Maui Jim Pool Side GS838-02 Polarized Sunglasses,https://www.costco.com/.product.1896247.html,,,0,0,https://www.costco.com/clothing.html
0174ec6b-d368-5973-9b2a-ab0f3e3be95d,1738,4000354463,4000354463,"Callaway 62” Automatic Open Vented Golf Umbrella, 2-pack",https://www.costco.com/.product.4000354463.html,,,0,0,https://www.costco.com/clothing.html
dfbf950c-f74d-55d8-aaec-81cadbbf88f8,1738,1901517,1901517,"Callaway 62” Automatic Open Vented Golf Umbrella, 2-pack",https://www.costco.com/.product.1901517.html,,,0,0,https://www.costco.com/clothing.html
70e24ba2-5b7f-5837-8bee-b5abdec32eca,1738,4000299783,4000299783,"Banana Republic Men's Boxer Brief, 3-pack",https://www.costco.com/.product.4000299783.html,,,0,0,https://www.costco.com/clothing.html
26374b29-fba9-5a40-833d-3f4936f083ba,1738,1867014,1867014,"Banana Republic Men's Boxer Brief, 3-pack, Small",https://www.costco.com/.product.1867014.html,,,0,0,https://www.costco.com/clothing.html
6bf51807-6db4-5940-b440-b819227a1f3a,1738,1867015,1867015,"Banana Republic Men's Boxer Brief, 3-pack, Medium",https://www.costco.com/.product.1867015.html,,,0,0,https://www.costco.com/clothing.html
0a9ebd23-74a8-5603-ba05-8c9dfece85f3,1738,1867016,1867016,"Banana Republic Men's Boxer Brief, 3-pack, Large",https://www.costco.com/.product.1867016.html,,,0,0,https://www.costco.com/clothing.html
e015deaa-36c1-59f2-801c-4991e436a3a8,1738,1867017,1867017,"Banana Republic Men's Boxer Brief, 3-pack, X-Large",https://www.costco.com/.product.1867017.html,,,0,0,https://www.costco.com/clothing.html
9eab9ec7-d48f-5238-ad93-9c2653f0d33e,1738,4000373067,4000373067,Cascade Mountain Tech Expedition 60L Gear Tote,https://www.costco.com/.product.4000373067.html,,,0,0,https://www.costco.com/clothing.html
63bb1f89-5b16-5648-85ae-c23433476592,1738,1944569,1944569,"Cascade Mountain Tech Expedition 60L Gear Tote, Gray",https://www.costco.com/.product.1944569.html,,,0,0,https://www.costco.com/clothing.html
a7a92e1c-f277-5b24-a1e3-a284d502d5d4,1738,1944570,1944570,"Cascade Mountain Tech Expedition 60L Gear Tote, Blue",https://www.costco.com/.product.1944570.html,,,0,0,https://www.costco.com/clothing.html
43ce3658-1b39-5cb7-a5a9-e865b70c8f93,1738,4000370891,4000370891,Cascade Mountain Tech Expedition Duffel,https://www.costco.com/.product.4000370891.html,,,0,0,https://www.costco.com/clothing.html
d68caddf-0222-5a1f-b2b8-778416db68a8,1738,1944487,1944487,"Cascade Mountain Tech Expedition Duffel, Gray",https://www.costco.com/.product.1944487.html,,,0,0,https://www.costco.com/clothing.html
e05086e3-df58-5c4e-8ba3-9670b0eb3e5f,1738,1944525,1944525,"Cascade Mountain Tech Expedition Duffel, Blue",https://www.costco.com/.product.1944525.html,,,0,0,https://www.costco.com/clothing.html
02860ff1-6288-56c1-87d1-a776cd09a73d,1738,4000282829,4000282829,Alpine Elite by Timber Ridge 55L Hiking Pack,https://www.costco.com/.product.4000282829.html,,,0,0,https://www.costco.com/clothing.html
77e6fe0c-ea38-52a4-aba2-8a84d28af7bd,1738,1817172,1817172,Alpine Elite by Timber Ridge 55L Hiking Pack,https://www.costco.com/.product.1817172.html,,,0,0,https://www.costco.com/clothing.html
1ecda36c-ebdb-5240-a30f-cf04229e9eab,1738,4000234767,4000234767,Tumi International Expandable 4 Wheeled Carry-on,https://www.costco.com/.product.4000234767.html,,,0,0,https://www.costco.com/clothing.html
e54589e7-c241-5016-8346-d1977c263b38,1738,4000234767_SKU,4000234767_SKU,Tumi International Expandable 4 Wheeled Carry-on,https://www.costco.com/.product.4000234767_SKU.html,,,0,0,https://www.costco.com/clothing.html
eac5f6da-8c18-5381-88f7-e89127aefc4b,1738,1794042,1794042,Tumi International Expandable 4 Wheeled Carry-on,https://www.costco.com/.product.1794042.html,,,0,0,https://www.costco.com/clothing.html
136034d0-b84b-586b-a60d-5d6bf5395c45,1738,4000387217,4000387217,Delsey Paris Horizon Hardside Expandable Spinner Carry-on,https://www.costco.com/.product.4000387217.html,,,0,0,https://www.costco.com/clothing.html
6e2f0f26-7f2a-5861-a404-c31a84c97718,1738,1872085,1872085,Delsey Paris Horizon Carry-on,https://www.costco.com/.product.1872085.html,,,0,0,https://www.costco.com/clothing.html
b6a2c5fb-cdf6-5414-b10d-9b6dd6ecb847,1738,1872090,1872090,Delsey Paris Horizon Hardside Expandable Spinner Carry-on,https://www.costco.com/.product.1872090.html,,,0,0,https://www.costco.com/clothing.html
7ab5cb92-fc0d-5be1-9efc-eb6b3def533f,1738,4000389141,4000389141,Maui Jim Hukilau Polarized Sunglasses,https://www.costco.com/.product.4000389141.html,,,0,0,https://www.costco.com/clothing.html
e3206de8-035b-5804-ba4b-7675d65edb1d,1738,1970263,1970263,Maui Jim Hukilau Polarized Sunglasses,https://www.costco.com/.product.1970263.html,,,0,0,https://www.costco.com/clothing.html
99bcfc4f-b4df-5505-b7ac-c41eb7c717ee,1738,4000241010,4000241010,7 For All Mankind Women's Tailorless Dojo Trouser Jean,https://www.costco.com/.product.4000241010.html,,,0,0,https://www.costco.com/clothing.html
b0a329ee-c97a-513b-9da7-28e9e279607a,1738,1802885,1802885,"7 For All Mankind Women's Tailorless Dojo Trouser Jean, 27",https://www.costco.com/.product.1802885.html,,,0,0,https://www.costco.com/clothing.html
ef8083b8-2fce-563c-be3a-0d1e600d1a8a,1738,1802886,1802886,"7 For All Mankind Women's Tailorless Dojo Trouser Jean, 28",https://www.costco.com/.product.1802886.html,,,0,0,https://www.costco.com/clothing.html
c156a0e5-b4b2-5315-866f-13f116014ec3,1738,1802887,1802887,"7 For All Mankind Women's Tailorless Dojo Trouser Jean, 29",https://www.costco.com/.product.1802887.html,,,0,0,https://www.costco.com/clothing.html
953c3a37-70b8-5d3d-9423-c612a16f2dbd,1738,1802888,1802888,"7 For All Mankind Women's Tailorless Dojo Trouser Jean, 30",https://www.costco.com/.product.1802888.html,,,0,0,https://www.costco.com/clothing.html
55175b06-7d35-5de9-be56-4ffa9cc91fbd,1738,1802889,1802889,"7 For All Mankind Women's Tailorless Dojo Trouser Jean, 31",https://www.costco.com/.product.1802889.html,,,0,0,https://www.costco.com/clothing.html
58aac700-9f47-5fb7-bf50-f887b235c8ad,1738,4000394691,4000394691,"Kirkland Signature Men's Midweight Crew Tee, 6-pack",https://www.costco.com/.product.4000394691.html,,,0,0,https://www.costco.com/clothing.html
5c20d136-490f-59d7-b6ce-6ad43d76d82b,1738,7771710,7771710,"Kirkland Signature Men's Midweight Crew Tee, 6-pack, White, Small",https://www.costco.com/.product.7771710.html,,,0,0,https://www.costco.com/clothing.html
be83f14a-5e8b-59d5-84a3-be9d37505f28,1738,7771714,7771714,"Kirkland Signature Men's Midweight Crew Tee, 6-pack, White, XX-Large",https://www.costco.com/.product.7771714.html,,,0,0,https://www.costco.com/clothing.html
83e10ad3-991d-565e-89d6-bd8f4932c2e9,1738,4000376646,4000376646,Maui Jim Hanohano GS644-14A Polarized Sunglasses,https://www.costco.com/.product.4000376646.html,,,0,0,https://www.costco.com/clothing.html
a5a306ce-5f5c-50dd-9e8b-a52e32075eef,1738,1956650,1956650,Maui Jim Hanohano GS644-14A Polarized Sunglasses,https://www.costco.com/.product.1956650.html,,,0,0,https://www.costco.com/clothing.html
71501eb1-b316-5964-babf-e655bbad3499,1738,4000405647,4000405647,Pure Fiber Soluna - Double-ply Gossamer and Terry Bathrobe,https://www.costco.com/.product.4000405647.html,,,0,0,https://www.costco.com/clothing.html
0d41f7fc-f1ec-5fca-8a37-fb1734a4e15d,1738,2045090,2045090,"Pure Fiber Soluna - Double Ply Gossamer and Terry Bathrobe, Small/Medium, Ivory",https://www.costco.com/.product.2045090.html,,,0,0,https://www.costco.com/clothing.html
bb5c4aa1-77dd-53da-b997-64c9dee5cf5f,1738,2045091,2045091,"Pure Fiber Soluna - Double Ply Gossamer and Terry Bathrobe, Large/X-Large, Ivory",https://www.costco.com/.product.2045091.html,,,0,0,https://www.costco.com/clothing.html
7ae50aee-d893-5e9c-9496-237ac1d666dd,1738,2045092,2045092,"Pure Fiber Soluna - Double Ply Gossamer and Terry Bathrobe, Small/Medium, Blue",https://www.costco.com/.product.2045092.html,,,0,0,https://www.costco.com/clothing.html
5ade3385-5a2b-5447-9f13-f4cf09bd377f,1738,2045093,2045093,"Pure Fiber Soluna - Double Ply Gossamer and Terry Bathrobe, Large/X-Large, Blue",https://www.costco.com/.product.2045093.html,,,0,0,https://www.costco.com/clothing.html
8e5c8fbe-aec6-5a79-b4a9-9b228ca21aac,1738,2045094,2045094,"Pure Fiber Soluna - Double Ply Gossamer and Terry Bathrobe, Small/Medium, Teal",https://www.costco.com/.product.2045094.html,,,0,0,https://www.costco.com/clothing.html
0e6661ad-e6cd-5b1a-82c3-45824236eaa2,1738,4000405568,4000405568,Pure Fiber Velour Dream Bathrobe,https://www.costco.com/.product.4000405568.html,,,0,0,https://www.costco.com/clothing.html
de03c7ad-3976-54be-a48d-61be843a8663,1738,1990915,1990915,"Pure Fiber Velour Dream Bathrobe, Small, White",https://www.costco.com/.product.1990915.html,,,0,0,https://www.costco.com/clothing.html
ceadea88-a042-5d1c-b032-ab5de8017141,1738,1990916,1990916,"Pure Fiber Velour Dream Bathrobe, Small, Blue",https://www.costco.com/.product.1990916.html,,,0,0,https://www.costco.com/clothing.html
403fcc68-1b5a-5293-9e3c-4b969d071b12,1738,1990917,1990917,"Pure Fiber Velour Dream Bathrobe, Small, Gray",https://www.costco.com/.product.1990917.html,,,0,0,https://www.costco.com/clothing.html
20c0e0c8-503d-5e0b-bceb-cfefd2d773fd,1738,1990918,1990918,"Pure Fiber Velour Dream Bathrobe, Medium, White",https://www.costco.com/.product.1990918.html,,,0,0,https://www.costco.com/clothing.html
0bee9a5d-9ac2-5590-9faa-dbd23cbe420b,1738,1990919,1990919,"Pure Fiber Velour Dream Bathrobe, Medium, Blue",https://www.costco.com/.product.1990919.html,,,0,0,https://www.costco.com/clothing.html
6aa993e5-357e-5957-b842-236700fc72a2,1738,4000405641,4000405641,Pure Fiber Serenity Organic Cotton Kimono Robe,https://www.costco.com/.product.4000405641.html,,,0,0,https://www.costco.com/clothing.html
d45a1599-c0df-5646-9c16-bfba339c5ba8,1738,1990907,1990907,"Pure Fiber Serenity Organic Cotton Kimono Robe, Small/Medium, White",https://www.costco.com/.product.1990907.html,,,0,0,https://www.costco.com/clothing.html
53556d2f-3962-5416-a2a5-0386b83b1722,1738,1990908,1990908,"Pure Fiber Serenity Organic Cotton Kimono Robe, Small/Medium, Black",https://www.costco.com/.product.1990908.html,,,0,0,https://www.costco.com/clothing.html
52645a7c-8e63-5b5e-939a-515b5fc29bc1,1738,1990909,1990909,"Pure Fiber Serenity Organic Cotton Kimono Robe, Small/Medium, Brown",https://www.costco.com/.product.1990909.html,,,0,0,https://www.costco.com/clothing.html
313fe405-fb91-50ce-8f8d-8c2a2c64f903,1738,1990910,1990910,"Pure Fiber Serenity Organic Cotton Kimono Robe, Small/Medium, Green",https://www.costco.com/.product.1990910.html,,,0,0,https://www.costco.com/clothing.html
3df3d744-2c05-5a4b-a0b7-f46d5d956e06,1738,1990911,1990911,"Pure Fiber Serenity Organic Cotton Kimono Robe, Large/X-Large, White",https://www.costco.com/.product.1990911.html,,,0,0,https://www.costco.com/clothing.html
cc11f630-480a-5b2c-9645-8fe7304fe3a6,1738,4000384766,4000384766,The North Face Duffel 71L,https://www.costco.com/.product.4000384766.html,,,0,0,https://www.costco.com/clothing.html
9932fa45-58c5-5929-aab8-422103930ff2,1738,1965339,1965339,The North Face Duffel 71L,https://www.costco.com/.product.1965339.html,,,0,0,https://www.costco.com/clothing.html
c3dcf8a1-8b88-5cce-bf16-7dcca0142a45,1738,4000418055,4000418055,"Kirkland Signature Men's Tencel Boxer Brief, 4-pack",https://www.costco.com/kirkland-signature-mens-tencel-boxer-brief-4-pack.product.4000418055.html,,,0,0,https://www.costco.com/mens-clothing.html
20a580a9-e0bf-5b94-b08b-656d59b85674,1738,1940874,1940874,Dell Tower Desktop - Intel Core Ultra 5 225 - 16GB RAM - 512GB SSD - Windows 11 Home,https://www.costco.com/.product.1940874.html,,,0,0,https://www.costco.com/computers.html
82c28e61-a924-539e-baff-f4b96ba829d1,1738,2094503,2094503,Logitech MX Performance Keyboard and Mouse Combo,https://www.costco.com/.product.2094503.html,,,0,0,https://www.costco.com/computers.html
e42eacb3-b5dc-5606-94fc-dc276f0d68df,1738,2022550,2022550,"Samsung Galaxy Tab A11+ 11.0"" Wi-Fi Tablet 128GB - Includes Book Cover",https://www.costco.com/.product.2022550.html,,,0,0,https://www.costco.com/computers.html
4c7bd0f2-08f8-56ec-bf2a-5c795318f2d0,1738,1947788,1947788,Samsung Galaxy Tab S10 FE 10.9” Wi-Fi Tablet 128GB – Includes S Pen and Book Cover Keyboard,https://www.costco.com/.product.1947788.html,,,0,0,https://www.costco.com/computers.html
f29da141-69c2-5feb-b3c6-86a485503001,1738,1945458,1945458,"HP OmniBook 7 Flip 16"" 2-in-1 AI Laptop - Intel Evo Platform Powered by Intel Core Ultra 7 258V - Copilot+ PC - 3K OLED Touchscreen - 32GB Memory - 1TB SSD - Windows 11 Home",https://www.costco.com/.product.1945458.html,,,0,0,https://www.costco.com/computers.html
b68e4ef8-7be0-5d44-b503-a311f4a5f854,1738,2042863,2042863,"MacBook Air Laptop (13-inch) - Apple M5 Chip, Built for Apple Intelligence, 10-core CPU, 8-core GPU, 16GB Memory, 512GB SSD Storage, Midnight",https://www.costco.com/.product.2042863.html,,,0,0,https://www.costco.com/computers.html
ddf0ef10-8197-5907-9b0d-b1225eb2630c,1738,2042865,2042865,"MacBook Air Laptop (13-inch) - Apple M5 Chip, Built for Apple Intelligence, 10-core CPU, 8-core GPU, 16GB Memory, 512GB SSD Storage, Sky Blue",https://www.costco.com/.product.2042865.html,,,0,0,https://www.costco.com/computers.html
44e5430b-f4ee-59b8-a0ef-82b62e1dc828,1738,2042867,2042867,"MacBook Air Laptop (13-inch) - Apple M5 Chip, Built for Apple Intelligence, 10-core CPU, 10-core GPU, 16GB Memory, 1TB SSD Storage, Midnight",https://www.costco.com/.product.2042867.html,,,0,0,https://www.costco.com/computers.html
decd3874-6bcc-5317-a93f-cb8306d3448b,1738,1849805,1849805,"iPad, 128GB Wi-Fi (A16 chip), Sliver",https://www.costco.com/.product.1849805.html,,,0,0,https://www.costco.com/computers.html
1daa5309-7424-532d-818e-1cc01c0c840f,1738,1841464,1841464,"SanDisk Extreme Go Portable SSD, 2TB",https://www.costco.com/.product.1841464.html,,,0,0,https://www.costco.com/computers.html
ce12c9a4-88d0-5e05-b065-9a4ed4e600de,1738,1884152,1884152,"Acer 15.6"" Portable Monitor",https://www.costco.com/.product.1884152.html,,,0,0,https://www.costco.com/computers.html
fb18141c-a039-5689-ae91-e52ba392de8d,1738,2084956,2084956,CyberPowerPC Gamer Xtreme Gaming Desktop - Intel Core Ultra 5 225F - GeForce RTX 5060 - 32GB RAM - 1TB SSD - Windows 11,https://www.costco.com/.product.2084956.html,,,0,0,https://www.costco.com/computers.html
42f11334-1c70-5591-acc4-842d38ad0b64,1738,2091245,2091245,"iBUYPOWER Element Gaming PC Desktop - AMD Ryzen 7 9800X3D - NVIDIA GeForce RTX 5070 12GB - 32GB RAM, 2TB SSD",https://www.costco.com/.product.2091245.html,,,0,0,https://www.costco.com/computers.html
f7c9aac1-b236-5c49-841b-efaae8bd54a6,1738,2046716,2046716,"MacBook Neo Laptop (13-inch) - Apple A18 Pro Chip, Built for Apple Intelligence, 6-core CPU, 5-core GPU, 8GB Memory, 256GB SSD Storage, Silver",https://www.costco.com/.product.2046716.html,,,0,0,https://www.costco.com/computers.html
0a7eb739-748a-52d2-9f71-a3c9d2c227e7,1738,2046717,2046717,"MacBook Neo Laptop (13-inch) - Apple A18 Pro chip, Built for Apple Intelligence, 6-core CPU, 5-core GPU, 8GB Memory, 256GB SSD Storage, Indigo",https://www.costco.com/.product.2046717.html,,,0,0,https://www.costco.com/computers.html
883adeb6-c14f-566b-a074-189f36232dd8,1738,2034091,2034091,"TP-Link Deco 7 Pro BE13000 Tri-Band Wi-Fi 7 Whole Home Mesh Router System, 3-Pack",https://www.costco.com/.product.2034091.html,,,0,0,https://www.costco.com/computers.html
528e7ebb-3cde-515a-bc50-2c6773f8b83a,1738,2048444,2048444,"UltraPro Elite 8-outlet Surge Protector, 2-pack",https://www.costco.com/.product.2048444.html,,,0,0,https://www.costco.com/computers.html
a76bf80e-b02b-52f5-90cc-c1a18b17abe6,1738,1927586,1927586,MSI Aegis Gaming Desktop – AMD Ryzen 9 9900X – GeForce RTX 5080 – Windows 11 Home - 32GB RAM - 2TB SSD,https://www.costco.com/.product.1927586.html,,,0,0,https://www.costco.com/computers.html
adf800bb-4dc7-5b26-8c06-1864ff0998d5,1738,2026156,2026156,"Acer Aspire Go 15.6"" Touchscreen Laptop – AMD Ryzen 5 40 Processor – FHD (1920 x 1080) – 16GB RAM - 1TB SSD - Windows 11 Home - Steam Blue",https://www.costco.com/.product.2026156.html,,,0,0,https://www.costco.com/computers.html
cc4072c9-0d78-5624-bdb5-9d3fe466650d,1738,2051888,2051888,"HP OmniBook 3 14"" Next Gen AI Laptop - Qualcomm Snapdragon X - Copilot+ PC - 2K OLED (1920 x 1200) - 16GB Memory - 512GB SSD - Windows 11 Home",https://www.costco.com/.product.2051888.html,,,0,0,https://www.costco.com/computers.html
49a99560-23d3-5106-b629-e0db8d166161,1738,2027121,2027121,"Acer Aspire 16"" AI Copilot+ PC Touchscreen Laptop - Intel Core Ultra 5 processor 226V - WUXGA (1920 x 1200) Touchscreen - 16GB RAM - 1TB SSD - Windows 11 Home - Steel Gray",https://www.costco.com/.product.2027121.html,,,0,0,https://www.costco.com/computers.html
498e8276-5815-5295-a1b1-f4325ec182bb,1738,1842865,1842865,HP Color LaserJet Pro MFP 3301cdw Wireless All-in-One Printer,https://www.costco.com/.product.1842865.html,,,0,0,https://www.costco.com/computers.html
140534a7-4b3d-56c5-91da-c7fba452e4bc,1738,1782904,1782904,"DPS Encode 3D Insight Gaming Chair, Black",https://www.costco.com/.product.1782904.html,,,0,0,https://www.costco.com/computers.html
c3e02dd8-1cbd-5c77-bf0a-1c90157f2f97,1738,1977050,1977050,"LG 34"" WQHD 120Hz Curved Ultrawide Monitor",https://www.costco.com/.product.1977050.html,,,0,0,https://www.costco.com/computers.html
f573c681-b3d2-5a87-8cdf-283e00d919f9,1738,2042877,2042877,"MacBook Air Laptop (15-inch) - Apple M5 chip, Built for Apple Intelligence, 10-core CPU, 10-core GPU, 16GB Memory, 512GB SSD Storage, Sky Blue",https://www.costco.com/.product.2042877.html,,,0,0,https://www.costco.com/computers.html
c127eb1e-0355-5940-a54d-014b33dc4748,1738,2041212,2041212,"Lenovo IdeaPad 5 2-in-1 14"" Touchscreen Laptop -  Ryzen AI 7 445 Processor - WUXGA (1920 x 1200) - 16GB RAM - 1TB SSD -  Windows 11 Home - Digital Pen Included",https://www.costco.com/.product.2041212.html,,,0,0,https://www.costco.com/computers.html
587b5870-3d72-5d35-ad6d-a7bf5e06b5af,1738,2074545,2074545,"MSI Prestige 16 AI+ Copilot+ Laptop - 16"" OLED 2880 x 1800 Touchscreen - Intel Core Ultra X7 358H - 32GB RAM - 1TB SSD - Windows 11",https://www.costco.com/.product.2074545.html,,,0,0,https://www.costco.com/computers.html
53204809-5067-53b2-a5e2-7b2a788c42fa,1738,1943678,1943678,"Epson EcoTank ET-3958 Wireless All-in-One Color Supertank Printer, White",https://www.costco.com/.product.1943678.html,,,0,0,https://www.costco.com/computers.html
b1a79712-ddc3-5e7a-9af9-47a3ab10aeae,1738,2056897,2056897,"MSI 27"" Gaming QHD QD-OLED 240Hz 0.03ms NVIDIA G-Sync & AMD FreeSync Monitor",https://www.costco.com/.product.2056897.html,,,0,0,https://www.costco.com/computers.html
03730e32-cc2c-52b4-b91a-af5b9e479649,1738,1849809,1849809,"iPad, 256GB Wi-Fi (A16 chip), Silver",https://www.costco.com/.product.1849809.html,,,0,0,https://www.costco.com/computers.html
8c73d7af-bfe9-5883-95de-d3864c6df238,1738,1831183,1831183,"Sony PlayStation Portal Remote Player Bundle, White",https://www.costco.com/.product.1831183.html,,,0,0,https://www.costco.com/computers.html
48301c59-facd-559a-828a-171b4019418b,1738,1831180,1831180,"Sony PlayStation Portal Remote Player Bundle, Black",https://www.costco.com/.product.1831180.html,,,0,0,https://www.costco.com/computers.html
742cc8d0-6b0c-55e9-9d0c-3a50e2167383,1738,2063822,2063822,HP OfficeJet Pro 8138 All-in-One Color Inkjet Printer- AI Capable,https://www.costco.com/.product.2063822.html,,,0,0,https://www.costco.com/computers.html
75c22a87-d61f-5aa2-a1bd-67744fcc1571,1738,2032595,2032595,"LG 27"" Full HD 100Hz Monitor with HDR 10 and USB Type-C 15W P",https://www.costco.com/.product.2032595.html,,,0,0,https://www.costco.com/computers.html
e6fcbc21-c6a4-52b6-b967-ced9a345563c,1738,2016969,2016969,"Galaxy Book4 Edge 14"" Copilot+ PC Touchscreen Laptop - Snapdragon X Elite (12 Core) - Dynamic AMOLED 2X WQXGA+ (2880 x 1800) - 16GB RAM - 512GB SSD - Windows 11 Home",https://www.costco.com/.product.2016969.html,,,0,0,https://www.costco.com/computers.html
3abc0382-3e4c-5636-b561-2343ccf76f62,1738,1932660,1932660,MSI Codex R2 Gaming Desktop – Intel Core Ultra 7 265 - NVIDIA RTX 5060 Ti 8GB – Windows 11 Home - 32GB RAM – 2TB SSD,https://www.costco.com/.product.1932660.html,,,0,0,https://www.costco.com/computers.html
239e4a3e-fa3f-5fd8-9dbd-7c47559173ee,1738,1925449,1925449,Epson EcoTank ET-2988 Wireless SuperTank Printer - White,https://www.costco.com/.product.1925449.html,,,0,0,https://www.costco.com/computers.html
9c158287-44fa-5150-9cfc-9184c46414ab,1738,2045757,2045757,"Lenovo IdeaPad Slim 5i 16"" Touchscreen Copilot+ PC Laptop -  WUXGA (1920 x 1200) - Intel Core Ultra 5 Processor - 16GB RAM - 512GB SSD - Windows 11 Home - Cosmic Blue",https://www.costco.com/.product.2045757.html,,,0,0,https://www.costco.com/computers.html
0a7e22fd-c3a7-56fb-8dca-693299782981,1738,2014292,2014292,"Dell Plus 16"" Touchscreen Laptop - Intel Core Ultra 7 256V Processor - FHD (1920 x 1080) - 16GB RAM - 512GB SSD - Windows 11 Home - Ice Blue",https://www.costco.com/.product.2014292.html,,,0,0,https://www.costco.com/computers.html
2544d6cd-a587-57d7-a20a-bb2ea809ce3d,1738,1780758,1780758,"iMac All-in-One Desktop Computer (24-inch) - Apple M4 chip, Built for Apple Intelligence, 8-core CPU, 8-core GPU, 16GB Memory, 256GB SSD Storage, Silver",https://www.costco.com/.product.1780758.html,,,0,0,https://www.costco.com/computers.html
9fd082bc-0e6a-5ee4-83c0-d151aa457737,1738,2045878,2045878,"Lenovo IdeaPad Slim 5i 16"" Touchscreen Laptop - Intel Core Ultra 7 355 - WUXGA 1920 x 1200 - 16GB RAM -  1TB SSD - Windows 11 Home",https://www.costco.com/.product.2045878.html,,,0,0,https://www.costco.com/computers.html
2c3e10b9-2624-5435-b7e0-e0a10716fa12,1738,2013232,2013232,"Alienware 15.3"" Gaming Laptop - AMD Ryzen 7 260 Processor - NVIDIA GeForce RTX 5060 - 16GB RAM - WUXGA (1920 x 1200) 165Hz Display - 1TB SSD - Windows 11 Home",https://www.costco.com/.product.2013232.html,,,0,0,https://www.costco.com/computers.html
e30dc81b-a2a6-51cd-aadc-2951e9de3d9c,1738,9520001,9520001,Canon IVY 2 Mini Photo Printer Bundle - White,https://www.costco.com/.product.9520001.html,,,0,0,https://www.costco.com/computers.html
73dd84d4-bc2c-5481-b973-42fa0fe86a87,1738,2056363,2056363,"HP OmniStudio 27"" Touchscreen All-in-One Desktop - Intel Core Ultra 5 325 - Copilot+ PC - FHD (1920 x 1080) - 16GB RAM - 1TB SSD - Windows 11 Home",https://www.costco.com/.product.2056363.html,,,0,0,https://www.costco.com/computers.html
3f45dc0a-d0b9-55d6-a6cf-8973c541cd18,1738,1987762,1987762,DPS Recon Gaming Office Chair,https://www.costco.com/.product.1987762.html,,,0,0,https://www.costco.com/computers.html
c5e04179-c430-5a0d-ae07-66ff3f27c41d,1738,2049874,2049874,"Lenovo IdeaPad 5i 2-in-1 15.3"" Touchscreen Copilot+PC - Core Ultra 7 355 - WUXGA (1920 x 1200) - 16GB RAM - 1TB SSD - Windows 11 Home - Digital Pen Included",https://www.costco.com/.product.2049874.html,,,0,0,https://www.costco.com/computers.html
ac4fc855-4b99-535e-b9fc-52ed00ce6fd6,1738,1945139,1945139,"MacBook Pro Laptop (14-inch) - Apple M5 chip, Built for Apple Intelligence, 10-core CPU, 10-core GPU, 16GB Memory, 1TB SSD Storage, Space Black",https://www.costco.com/.product.1945139.html,,,0,0,https://www.costco.com/computers.html
010b8e35-c9ef-5e82-a2ec-2b6151ee3874,1738,2042802,2042802,"iPad Air 11-inch, 128GB Wi-Fi (M4 chip) Built For Apple Intelligence, Space Gray",https://www.costco.com/.product.2042802.html,,,0,0,https://www.costco.com/computers.html
e067df70-a2aa-5989-be26-4aad1955261f,1738,2041010,2041010,"Lenovo Legion 5 15.3"" Gaming Laptop  - Ryzen AI 9 465 - GeForce RTX 5070 - WQXGA (2560 x 1600) - 32GB RAM - 1TB SSD -  Windows 11 Home",https://www.costco.com/.product.2041010.html,,,0,0,https://www.costco.com/computers.html
2e04e63d-d720-5ea8-9be0-c9c220dad307,1738,2064507,2064507,"34"" ViewFinity S5 Ultrawide QHD 120Hz Curved Monitor",https://www.costco.com/.product.2064507.html,,,0,0,https://www.costco.com/computers.html
9685b0fc-a6e5-5d93-ad7c-21e48d351ce6,1738,2051275,2051275,"Acer Nitro 31.5"" Class 180Hz WQHD Curved Gaming Monitor",https://www.costco.com/.product.2051275.html,,,0,0,https://www.costco.com/computers.html
031297b0-31b9-5aa7-b982-aefb0df55a30,1738,2055389,2055389,"HP OmniBook 5 16"" Touchscreen Laptop - Qualcomm Snapdragon X Plus (8 core) - Copilot+ PC - 2K OLED (1920 x 1200) - 16GB RAM - 1TB SSD - Windows 11 Home",https://www.costco.com/.product.2055389.html,,,0,0,https://www.costco.com/computers.html
72fcdc7a-dffc-5401-9eb5-a6f5c41fe34d,1738,9520002,9520002,Canon IVY 2 Mini Photo Printer Bundle - Pink,https://www.costco.com/.product.9520002.html,,,0,0,https://www.costco.com/computers.html
d1b15b7f-e758-57d4-83fd-a8bcfa88588e,1738,2042938,2042938,"Mac mini Desktop Computer - Apple M6 chip, Built for Apple Intelligence, 12-core CPU, 12-core GPU, 16GB Memory, 256GB SSD Storage",https://www.costco.com/.product.2042938.html,,,0,0,https://www.costco.com/computers.html
dd9a7309-ac5b-50c6-9506-7ca593436e24,1738,2051427,2051427,"HP HyperX OMEN 15.3"" Gaming Laptop - Intel Core Ultra 9 275HX - GeForce RTX 5070 - 2.5K (2560 x 1600) 180Hz - 32GB RAM - 1TB SSD - Windows 11 Home",https://www.costco.com/.product.2051427.html,,,0,0,https://www.costco.com/computers.html
09a78d98-e8c9-5010-89c6-54c69f67eb14,1738,2054567,2054567,"HP OmniBook X 14"" Touchscreen Laptop - Intel Core Ultra 7 355 - Copilot+ PC - 3K (2880 x 1800) OLED - 16GB RAM - 1TB SSD - Windows 11 Home",https://www.costco.com/.product.2054567.html,,,0,0,https://www.costco.com/computers.html
cc036a7a-8e4f-55b9-af55-1f180e3d732d,1738,1849834,1849834,"iPad Pro 11-inch, 256GB Wi-Fi (M5 chip) Built For Apple Intelligence, Space Black",https://www.costco.com/.product.1849834.html,,,0,0,https://www.costco.com/computers.html
bd9b0051-c4f4-5dd4-bc06-698c048405b9,1738,1943045,1943045,"iPad Pro 13-inch, 256GB Wi-Fi (M5 chip) Built For Apple Intelligence, Space Black",https://www.costco.com/.product.1943045.html,,,0,0,https://www.costco.com/computers.html
cb9737b6-3665-5191-9501-0e375c147e6d,1738,2056767,2056767,"HP OmniBook 3 17.3"" Touchscreen Laptop - Intel Core Ultra 5 322 - Copilot+ PC - FHD (1920 x 1080) - 16GB RAM - 512GB SSD - Windows 11 Home",https://www.costco.com/.product.2056767.html,,,0,0,https://www.costco.com/computers.html
ca619c00-2852-541b-b64a-b05f913443f5,1738,2042887,2042887,"MacBook Pro Laptop (14-inch) - Apple M5 Pro Chip, Built for Apple Intelligence, 15-core CPU, 16-core GPU, 24GB Memory, 1TB SSD Storage, Space Black",https://www.costco.com/.product.2042887.html,,,0,0,https://www.costco.com/computers.html
c8ac21e4-1080-5429-ab41-906ca59964df,1738,2017575,2017575,"ASUS ROG Strix G18 18"" Gaming Laptop - Intel Core Ultra 9 290HX PLUS - NVIDIA® GeForce RTX 5060, 2.5K 300Hz/3ms ROG Nebula Display - 32GB RAM, 1TB SSD - Windows 11 Home",https://www.costco.com/.product.2017575.html,,,0,0,https://www.costco.com/computers.html
a895eeb3-435a-52db-9a0d-b42bd52d623d,1738,2059823,2059823,"HP OmniBook 5 16"" Touchscreen Laptop - Intel Core Ultra 9 386H - Copilot+ PC - 2K OLED (1920 x 1200) - 32GB RAM - 1TB SSD - Windows 11 Home",https://www.costco.com/.product.2059823.html,,,0,0,https://www.costco.com/computers.html
1d1ea810-081b-5a92-b530-b22ed3da1f01,1738,1778000,1778000,"Magic Keyboard for iPad Pro 13‑inch - US English, Black",https://www.costco.com/.product.1778000.html,,,0,0,https://www.costco.com/computers.html
4df39fc5-3713-5a08-9fc9-72b032c7b5f7,1738,2042369,2042369,"Lenovo IdeaPad Pro 5i 16"" TouchScreen Laptop - Intel Core Ultra 9 386H Processor - NVIDIA GeForce RTX 5050 - 32GB RAM -  1TB SSD - Windows 11 Home",https://www.costco.com/.product.2042369.html,,,0,0,https://www.costco.com/computers.html
1e314546-b586-53a1-88c0-5c11b0eca421,1738,1881000,1881000,Magic Keyboard — White iPad Air 11-inch,https://www.costco.com/.product.1881000.html,,,0,0,https://www.costco.com/computers.html
70e9ebd6-5928-5e24-888c-2b551c71697e,1738,2042897,2042897,"MacBook Pro Laptop (16-inch) - Apple M5 Pro Chip, Built for Apple Intelligence, 18-core CPU, 20-core GPU, 24GB Memory, 1TB SSD Storage, Space Black",https://www.costco.com/.product.2042897.html,,,0,0,https://www.costco.com/computers.html
1034dfb9-8c6f-566f-a93b-f013ca983361,1738,1774000,1774000,"Magic Keyboard for iPad Pro 11‑inch - US English, Black",https://www.costco.com/.product.1774000.html,,,0,0,https://www.costco.com/computers.html
d3de349d-c40a-5f1b-b393-5f3202c779e1,1738,1882000,1882000,Magic Keyboard — White iPad Air 13-inch,https://www.costco.com/.product.1882000.html,,,0,0,https://www.costco.com/computers.html
8200c5b1-d746-5eef-9f05-78b6fba76dad,1738,4201033147,4201033147,Logitech MX Performance Keyboard and Mouse Combo,https://www.costco.com/logitech-mx-performance-keyboard-and-mouse-combo.product.4201033147.html,,,0,0,https://www.costco.com/computer-accessories.html
a649ae2b-cb50-5292-bff7-05df2aabd48a,1738,4000449806,4000449806,"UltraPro Elite 8-outlet Surge Protector, 2-pack",https://www.costco.com/ultrapro-elite-8-outlet-surge-protector-2-pack.product.4000449806.html,,,0,0,https://www.costco.com/computer-accessories.html
d7716033-3360-5338-88a1-07f0150ef6e8,1738,4000363784,4000363784,Dell Tower Desktop - Intel Core Ultra 5 225 - 16GB RAM - 512GB SSD - Windows 11 Home,https://www.costco.com/dell-tower-desktop---intel-core-ultra-5-225---16gb-ram---512gb-ssd---windows-11-home.product.4000363784.html,,,0,0,https://www.costco.com/desktops-servers.html
af014605-4954-534b-adfd-9703ca5e26c1,1738,4000445406,4000445406,CyberPowerPC Gamer Xtreme Gaming Desktop - Intel Core Ultra 5 225F - GeForce RTX 5060 - 32GB RAM - 1TB SSD - Windows 11,https://www.costco.com/cyberpowerpc-gamer-xtreme-gaming-desktop---intel-core-ultra-5-225f---geforce-rtx-5060---32gb-ram---1tb-ssd---windows-11.product.4000445406.html,,,0,0,https://www.costco.com/desktops-servers.html
8d196e21-7358-5b7a-820a-f1f94c815dc4,1738,4000375972,4000375972,MSI Codex R2 Gaming Desktop - Intel Core Ultra 7 265 - NVIDIA RTX 5060 Ti 8GB - Windows 11 Home - 32GB RAM - 2TB SSD,https://www.costco.com/msi-codex-r2-gaming-desktop---intel-core-ultra-7-265---nvidia-rtx-5060-ti-8gb---windows-11-home---32gb-ram---2tb-ssd.product.4000375972.html,,,0,0,https://www.costco.com/desktops-servers.html
e9fc5c95-a8ce-57fe-92aa-4c9d3522af8c,1738,4000449752,4000449752,"iBUYPOWER Element Gaming PC Desktop - AMD Ryzen 7 9800X3D - NVIDIA GeForce RTX 5070 12GB - 32GB RAM, 2TB SSD",https://www.costco.com/ibuypower-element-gaming-pc-desktop---amd-ryzen-7-9800x3d---nvidia-geforce-rtx-5070-12gb---32gb-ram-2tb-ssd.product.4000449752.html,,,0,0,https://www.costco.com/desktops-servers.html
32abf643-9e13-5a70-bf16-530405bab3c7,1738,4000355760,4000355760,MSI Aegis Gaming Desktop - AMD Ryzen 9 9900X - GeForce RTX 5080 - Windows 11 Home - 32GB RAM - 2TB SSD,https://www.costco.com/msi-aegis-gaming-desktop---amd-ryzen-9-9900x---geforce-rtx-5080---windows-11-home---32gb-ram---2tb-ssd.product.4000355760.html,,,0,0,https://www.costco.com/desktops-servers.html
8dc51660-b506-53dc-a1b5-09b9969d5fcd,1738,4201000972,4201000972,"HP OmniStudio 27"" Touchscreen All-in-One Desktop - Intel Core Ultra 5 325 - Copilot+ PC - FHD (1920 x 1080) - 16GB RAM - 1TB SSD - Windows 11 Home",https://www.costco.com/hp-omnistudio-27-touchscreen-all-in-one-desktop---intel-core-ultra-5-325---copilot-pc---fhd-1920-x-1080---16gb-ram---1tb-ssd---windows-11-home.product.4201000972.html,,,0,0,https://www.costco.com/desktops-servers.html
92585cfc-6a02-5c88-9285-a966417c2e97,1738,4000225180,4000225180,"iMac All-in-One Desktop Computer (24-inch) - Apple M4 chip, Built for Apple Intelligence, 8-core CPU, 8-core GPU, 16GB Memory, 256GB SSD Storage",https://www.costco.com/imac-all-in-one-desktop-computer-24-inch---apple-m4-chip-built-for-apple-intelligence-8-core-cpu-8-core-gpu-16gb-memory-256gb-ssd-storage.product.4000225180.html,,,0,0,https://www.costco.com/desktops-servers.html
7fad782c-f839-5511-9029-5c631fafec6e,1738,4000444297,4000444297,"Mac mini Desktop Computer - Apple M6 chip, Built for Apple Intelligence, 12-core CPU, 12-core GPU, 16GB Memory, 256GB SSD Storage",https://www.costco.com/mac-mini-desktop-computer---apple-m6-chip-built-for-apple-intelligence-12-core-cpu-12-core-gpu-16gb-memory-256gb-ssd-storage.product.4000444297.html,,,0,0,https://www.costco.com/desktops-servers.html
7221b085-7020-5851-a70e-a8f0f45996d5,1738,4000279578,4000279578,"SanDisk Extreme Go Portable SSD, 2TB",https://www.costco.com/sandisk-extreme-go-portable-ssd-2tb.product.4000279578.html,,,0,0,https://www.costco.com/hard-drives-memory.html
3ed1f44a-6707-5de8-8be1-8a1662d599ae,1738,4201023303,4201023303,"HP OmniBook 3 14"" Next Gen AI Laptop - Qualcomm Snapdragon X - Copilot+ PC - 2K OLED (1920 x 1200) - 16GB Memory - 512GB SSD - Windows 11 Home",https://www.costco.com/hp-omnibook-3-14-next-gen-ai-laptop---qualcomm-snapdragon-x---copilot-pc---2k-oled-1920-x-1200---16gb-memory---512gb-ssd---windows-11-home.product.4201023303.html,,,0,0,https://www.costco.com/laptops.html
1139db96-5e89-5872-ab0c-6938d3d79be2,1738,4000447603,4000447603,"MacBook Neo Laptop (13-inch) - Apple A18 Pro Chip, Built for Apple Intelligence, 6-core CPU, 5-core GPU, 8GB Memory, 256GB SSD Storage",https://www.costco.com/macbook-neo-laptop-13-inch---apple-a18-pro-chip-built-for-apple-intelligence-6-core-cpu-5-core-gpu-8gb-memory-256gb-ssd-storage.product.4000447603.html,,,0,0,https://www.costco.com/laptops.html
7beb75d2-1c5b-5fb8-81c3-0515d0e490e6,1738,4000355164,4000355164,"HP OmniBook 7 Flip 16"" 2-in-1 AI Laptop - Intel Evo Platform Powered by Intel Core Ultra 7 258V - Copilot+ PC - 3K OLED Touchscreen - 32GB Memory - 1TB SSD - Windows 11 Home",https://www.costco.com/hp-omnibook-7-flip-16-2-in-1-ai-laptop---intel-evo-platform-powered-by-intel-core-ultra-7-258v---copilot-pc---3k-oled-touchscreen---32gb-memory---1tb-ssd---windows-11-home.product.4000355164.html,,,0,0,https://www.costco.com/laptops.html
019cdda0-daf6-5c77-aea3-34259c900a1a,1738,4000446220,4000446220,"Acer Aspire 16"" AI Copilot+ PC Touchscreen Laptop - Intel Core Ultra 5 processor 226V - WUXGA (1920 x 1200) Touchscreen - 16GB RAM - 1TB SSD - Windows 11 Home - Steel Gray",https://www.costco.com/acer-aspire-16-ai-copilot-pc-touchscreen-laptop---intel-core-ultra-5-processor-226v---wuxga-1920-x-1200-touchscreen---16gb-ram---1tb-ssd---windows-11-home---steel-gray.product.4000446220.html,,,0,0,https://www.costco.com/laptops.html
7f2ceb73-683b-57f8-8778-eb3dd6cab71c,1738,4000444336,4000444336,"MacBook Air Laptop (13-inch) with Apple M5 Chip, Built for Apple Intelligence",https://www.costco.com/macbook-air-laptop-13-inch-with-apple-m5-chip-built-for-apple-intelligence.product.4000444336.html,,,0,0,https://www.costco.com/laptops.html
53a6b081-3f95-57ac-9400-75a5107025dd,1738,4201037353,4201037353,"Acer Aspire Go 15.6"" Touchscreen Laptop – AMD Ryzen 5 40 Processor – FHD (1920 x 1080) – 16GB RAM - 1TB SSD - Windows 11 Home - Steam Blue",https://www.costco.com/acer-aspire-go-156-touchscreen-laptop--amd-ryzen-5-40-processor--fhd-1920-x-1080--16gb-ram---1tb-ssd---windows-11-home---steam-blue.product.4201037353.html,,,0,0,https://www.costco.com/laptops.html
fb45b057-abfe-531c-82e1-b54c8bf34671,1738,4201032687,4201032687,"Dell Plus 16"" Touchscreen Laptop - Intel Core Ultra 7 256V Processor - FHD (1920 x 1080) - 16GB RAM - 512GB SSD - Windows 11 Home - Ice Blue",https://www.costco.com/dell-plus-16-touchscreen-laptop---intel-core-ultra-7-256v-processor---fhd-1920-x-1080---16gb-ram---512gb-ssd---windows-11-home---ice-blue.product.4201032687.html,,,0,0,https://www.costco.com/laptops.html
8298d1f4-1334-5658-a6f9-0a8d11c4681c,1738,4201011710,4201011710,"Lenovo IdeaPad Slim 5i 16"" Touchscreen Copilot+ PC Laptop - WUXGA (1920 x 1200) - Intel Core Ultra 5 Processor - 16GB RAM - 512GB SSD - Windows 11 Home - Cosmic Blue",https://www.costco.com/lenovo-ideapad-slim-5i-16-touchscreen-copilot-pc-laptop----wuxga-1920-x-1200---intel-core-ultra-5-processor---16gb-ram---512gb-ssd---windows-11-home---cosmic-blue.product.4201011710.html,,,0,0,https://www.costco.com/laptops.html
8f9bd7fd-2ea5-5617-a7da-3e612c3a71f5,1738,4201002837,4201002837,"Lenovo IdeaPad 5 2-in-1 14"" Touchscreen Laptop - Ryzen AI 7 445 Processor - WUXGA (1920 x 1200) - 16GB RAM - 1TB SSD - Windows 11 Home - Digital Pen Included",https://www.costco.com/lenovo-ideapad-5-2-in-1-14-touchscreen-laptop----ryzen-ai-7-445-processor---wuxga-1920-x-1200---16gb-ram---1tb-ssd----windows-11-home---digital-pen-included.product.4201002837.html,,,0,0,https://www.costco.com/laptops.html
3dd3117e-40f9-5852-8cb7-11632a57d91c,1738,4000444232,4000444232,"MacBook Air Laptop (15-inch) with Apple M5 Chip, Built for Apple Intelligence",https://www.costco.com/macbook-air-laptop-15-inch-with-apple-m5-chip-built-for-apple-intelligence.product.4000444232.html,,,0,0,https://www.costco.com/laptops.html
5e778234-00fa-5610-a94f-a0dd694122a9,1738,4000445388,4000445388,"MSI Prestige 16 AI+ Copilot+ Laptop - 16"" OLED 2880 x 1800 Touchscreen - Intel Core Ultra X7 358H - 32GB RAM - 1TB SSD - Windows 11",https://www.costco.com/msi-prestige-16-ai-copilot-laptop---16-oled-2880-x-1800-touchscreen---intel-core-ultra-x7-358h---32gb-ram---1tb-ssd---windows-11.product.4000445388.html,,,0,0,https://www.costco.com/laptops.html
713a76e1-a952-543f-9fce-cbdf3b365b5d,1738,4000446283,4000446283,"Lenovo IdeaPad Slim 5i 16"" Touchscreen Laptop - Intel Core Ultra 7 355 - WUXGA 1920 x 1200 - 16GB RAM - 1TB SSD - Windows 11 Home",https://www.costco.com/lenovo-ideapad-slim-5i-16-touchscreen-laptop---intel-core-ultra-7-355---wuxga-1920-x-1200---16gb-ram----1tb-ssd---windows-11-home.product.4000446283.html,,,0,0,https://www.costco.com/laptops.html
a4db384c-53c6-5def-8919-3bb4501898c4,1738,4000448442,4000448442,"Lenovo IdeaPad 5i 2-in-1 15.3"" Touchscreen Copilot+PC - Core Ultra 7 355 - WUXGA (1920 x 1200) - 16GB RAM - 1TB SSD - Windows 11 Home - Digital Pen Included",https://www.costco.com/lenovo-ideapad-5i-2-in-1-153-touchscreen-copilotpc---core-ultra-7-355---wuxga-1920-x-1200---16gb-ram---1tb-ssd---windows-11-home---digital-pen-included.product.4000448442.html,,,0,0,https://www.costco.com/laptops.html
f0698f65-8992-5a77-a971-28987301ff45,1738,4201015412,4201015412,"Alienware 15.3"" Gaming Laptop - AMD Ryzen 7 260 Processor - NVIDIA GeForce RTX 5060 - 16GB RAM - WUXGA (1920 x 1200) 165Hz Display - 1TB SSD - Windows 11 Home",https://www.costco.com/alienware-153-gaming-laptop---amd-ryzen-7-260-processor---nvidia-geforce-rtx-5060---16gb-ram---wuxga-1920-x-1200-165hz-display---1tb-ssd---windows-11-home.product.4201015412.html,,,0,0,https://www.costco.com/laptops.html
b822fd21-79e2-5165-8a13-4b0924ca4dd0,1738,4000370739,4000370739,"MacBook Pro Laptop (14-inch) - Apple M5 chip, Built for Apple Intelligence, 10-core CPU, 10-core GPU, 16GB Memory, 1TB SSD Storage",https://www.costco.com/macbook-pro-laptop-14-inch---apple-m5-chip-built-for-apple-intelligence-10-core-cpu-10-core-gpu-16gb-memory-1tb-ssd-storage.product.4000370739.html,,,0,0,https://www.costco.com/laptops.html
0f0af71e-4c0e-5f0b-80ed-60fa7dad5c96,1738,4000061905,4000061905,"Lenovo Legion 5 15.3"" Gaming Laptop - Ryzen AI 9 465 - GeForce RTX 5070 - WQXGA (2560 x 1600) - 32GB RAM - 1TB SSD - Windows 11 Home",https://www.costco.com/lenovo-legion-5-153-gaming-laptop----ryzen-ai-9-465---geforce-rtx-5070---wqxga-2560-x-1600---32gb-ram---1tb-ssd----windows-11-home.product.4000061905.html,,,0,0,https://www.costco.com/laptops.html
3f1e62b0-d5b2-5908-8c51-74a364d6c1c0,1738,4201013672,4201013672,"Galaxy Book4 Edge 14"" Copilot+ PC Touchscreen Laptop - Snapdragon X Elite (12 Core) - Dynamic AMOLED 2X WQXGA+ (2880 x 1800) - 16GB RAM - 512GB SSD - Windows 11 Home",https://www.costco.com/galaxy-book4-edge-14-copilot-pc-touchscreen-laptop---snapdragon-x-elite-12-core---dynamic-amoled-2x-wqxga-2880-x-1800---16gb-ram---512gb-ssd---windows-11-home.product.4201013672.html,,,0,0,https://www.costco.com/laptops.html
9179d7fc-6aea-5cb0-bf2c-35b634c8d056,1738,4201002121,4201002121,"HP OmniBook X 14"" Touchscreen Laptop - Intel Core Ultra 7 355 - Copilot+ PC - 3K (2880 x 1800) OLED - 16GB RAM - 1TB SSD - Windows 11 Home",https://www.costco.com/hp-omnibook-x-14-touchscreen-laptop---intel-core-ultra-7-355---copilot-pc---3k-2880-x-1800-oled---16gb-ram---1tb-ssd---windows-11-home.product.4201002121.html,,,0,0,https://www.costco.com/laptops.html
9d91610a-7630-59b8-ac3a-d2478dae5fa5,1738,4201002266,4201002266,"HP OmniBook 5 16"" Touchscreen Laptop - Qualcomm Snapdragon X Plus (8 core) - Copilot+ PC - 2K OLED (1920 x 1200) - 16GB RAM - 1TB SSD - Windows 11 Home",https://www.costco.com/hp-omnibook-5-16-touchscreen-laptop---qualcomm-snapdragon-x-plus-8-core---copilot-pc---2k-oled-1920-x-1200---16gb-ram---1tb-ssd---windows-11-home.product.4201002266.html,,,0,0,https://www.costco.com/laptops.html
c2f2d409-792f-5f78-8124-d74fb048476c,1738,4201007940,4201007940,"HP HyperX OMEN 15.3"" Gaming Laptop - Intel Core Ultra 9 275HX - GeForce RTX 5070 - 2.5K (2560 x 1600) 180Hz - 32GB RAM - 1TB SSD - Windows 11 Home",https://www.costco.com/hp-hyperx-omen-153-gaming-laptop---intel-core-ultra-9-275hx---geforce-rtx-5070---25k-2560-x-1600-180hz---32gb-ram---1tb-ssd---windows-11-home.product.4201007940.html,,,0,0,https://www.costco.com/laptops.html
f6d07d22-fb66-5ed8-8a66-b13d23f45b10,1738,4201002147,4201002147,"HP OmniBook 3 17.3"" Touchscreen Laptop - Intel Core Ultra 5 322 - Copilot+ PC - FHD (1920 x 1080) - 16GB RAM - 512GB SSD - Windows 11 Home",https://www.costco.com/hp-omnibook-3-173-touchscreen-laptop---intel-core-ultra-5-322---copilot-pc---fhd-1920-x-1080---16gb-ram---512gb-ssd---windows-11-home.product.4201002147.html,,,0,0,https://www.costco.com/laptops.html
40050860-6d7c-5f58-a1e8-4d12e529abc5,1738,4000444288,4000444288,"MacBook Pro Laptop (16-inch) - Apple M5 Pro Chip, Built for Apple Intelligence, 18-core CPU, 20-core GPU, 24GB Memory, 1TB SSD Storage",https://www.costco.com/macbook-pro-laptop-16-inch---apple-m5-pro-chip-built-for-apple-intelligence-18-core-cpu-20-core-gpu-24gb-memory-1tb-ssd-storage.product.4000444288.html,,,0,0,https://www.costco.com/laptops.html
cabe582b-de19-5199-8bb4-e44bf457c754,1738,4000444264,4000444264,"MacBook Pro Laptop (14-inch) - Apple M5 Pro Chip, Built for Apple Intelligence, 15-core CPU, 16-core GPU, 24GB Memory, 1TB SSD Storage",https://www.costco.com/macbook-pro-laptop-14-inch---apple-m5-pro-chip-built-for-apple-intelligence-15-core-cpu-16-core-gpu-24gb-memory-1tb-ssd-storage.product.4000444264.html,,,0,0,https://www.costco.com/laptops.html
3cf102b4-dac4-58cf-846a-52e9407cdf2c,1738,4201003708,4201003708,"HP OmniBook 5 16"" Touchscreen Laptop - Intel Core Ultra 9 386H - Copilot+ PC - 2K OLED (1920 x 1200) - 32GB RAM - 1TB SSD - Windows 11 Home",https://www.costco.com/hp-omnibook-5-16-touchscreen-laptop---intel-core-ultra-9-386h---copilot-pc---2k-oled-1920-x-1200---32gb-ram---1tb-ssd---windows-11-home.product.4201003708.html,,,0,0,https://www.costco.com/laptops.html
a355fc5c-b16d-53c4-b759-c6418929da0a,1738,4201002558,4201002558,"ASUS ROG Strix G18 18"" Gaming Laptop - Intel Core Ultra 9 290HX PLUS - NVIDIA® GeForce RTX 5060, 2.5K 300Hz/3ms ROG Nebula Display - 32GB RAM, 1TB SSD - Windows 11 Home",https://www.costco.com/asus-rog-strix-g18-18-gaming-laptop---intel-core-ultra-9-290hx-plus---nvidia-geforce-rtx-5060-25k-300hz3ms-rog-nebula-display---32gb-ram-1tb-ssd---windows-11-home.product.4201002558.html,,,0,0,https://www.costco.com/laptops.html
f5f7c9eb-4c8a-5688-8a88-797a7783937f,1738,4201000935,4201000935,"Lenovo IdeaPad Pro 5i 16"" TouchScreen Laptop - Intel Core Ultra 9 386H Processor - NVIDIA GeForce RTX 5050 - 32GB RAM - 1TB SSD - Windows 11 Home",https://www.costco.com/lenovo-ideapad-pro-5i-16-touchscreen-laptop---intel-core-ultra-9-386h-processor---nvidia-geforce-rtx-5050---32gb-ram----1tb-ssd---windows-11-home.product.4201000935.html,,,0,0,https://www.costco.com/laptops.html
1e22d04c-eae5-5e55-ab5e-0c5a34ab3fea,1738,4000394200,4000394200,"LG 34"" WQHD 120Hz Curved Ultrawide Monitor",https://www.costco.com/lg-34-wqhd-120hz-curved-ultrawide-monitor.product.4000394200.html,,,0,0,https://www.costco.com/monitors.html
013dd2d8-531b-5714-b02e-9a7605c272ff,1738,4201021105,4201021105,"MSI 27"" Gaming QHD QD-OLED 240Hz 0.03ms NVIDIA G-Sync & AMD FreeSync Monitor",https://www.costco.com/msi-27-gaming-qhd-qd-oled-240hz-003ms-nvidia-g-sync--amd-freesync-monitor.product.4201021105.html,,,0,0,https://www.costco.com/monitors.html
6d4fe8d8-d367-5110-8b7d-9c3aa623256e,1738,4000434487,4000434487,"LG 27"" Full HD 100Hz Monitor with HDR 10 and USB Type-C 15W P",https://www.costco.com/lg-27-full-hd-100hz-monitor-with-hdr-10-and-usb-type-c-15w-p.product.4000434487.html,,,0,0,https://www.costco.com/monitors.html
c8530159-b870-56c0-a391-7b6b2c58a5ea,1738,4000319402,4000319402,"Acer 15.6"" Portable Monitor",https://www.costco.com/acer-156-portable-monitor.product.4000319402.html,,,0,0,https://www.costco.com/monitors.html
c1728c72-36e0-5ada-9682-359599337c5b,1738,4201018429,4201018429,"Acer Nitro 31.5"" Class 180Hz WQHD Curved Gaming Monitor",https://www.costco.com/acer-nitro-315-class-180hz-wqhd-curved-gaming-monitor.product.4201018429.html,,,0,0,https://www.costco.com/monitors.html
4931ea92-5117-5439-ac7a-edef1dd8bd84,1738,4201035515,4201035515,"34"" ViewFinity S5 Ultrawide QHD 120Hz Curved Monitor",https://www.costco.com/34-viewfinity-s5-ultrawide-qhd-120hz-curved-monitor.product.4201035515.html,,,0,0,https://www.costco.com/monitors.html
ba6625ef-0300-5beb-abed-3f905fe99f36,1738,4000383692,4000383692,DPS Encode 3D Insight Gaming Chair,https://www.costco.com/dps-encode-3d-insight-gaming-chair.product.4000383692.html,,,0,0,https://www.costco.com/pc-gaming.html
3a68c864-7125-5aee-82a1-416f7d972b8a,1738,4000371942,4000371942,Sony PlayStation Portal Remote Player Bundle,https://www.costco.com/sony-playstation-portal-remote-player-bundle.product.4000371942.html,,,0,0,https://www.costco.com/pc-gaming.html
8ec577a1-c166-5953-a381-c8fa6734cb2f,1738,4201002581,4201002581,DPS Recon Gaming Office Chair,https://www.costco.com/dps-recon-gaming-office-chair.product.4201002581.html,,,0,0,https://www.costco.com/pc-gaming.html
912aebaf-06f2-5d56-8ce2-55d700779726,1738,4201003302,4201003302,"TP-Link Deco 7 Pro BE13000 Tri-Band Wi-Fi 7 Whole Home Mesh Router System, 3-Pack",https://www.costco.com/tp-link-deco-7-pro-be13000-tri-band-wi-fi-7-whole-home-mesh-router-system-3-pack.product.4201003302.html,,,0,0,https://www.costco.com/routers-networking.html
dafbe6ea-e06e-5d85-9375-620515070283,1738,4000285678,4000285678,"iPad, 128GB Wi-Fi (A16 chip)",https://www.costco.com/ipad-128gb-wi-fi-a16-chip.product.4000285678.html,,,0,0,https://www.costco.com/tablet-computers-accessories.html
23d4efe5-1969-5a19-8c1c-bd7a206a253c,1738,4000427075,4000427075,"Samsung Galaxy Tab A11+ 11.0"" Wi-Fi Tablet 128GB - Includes Book Cover",https://www.costco.com/samsung-galaxy-tab-a11-110-wi-fi-tablet-128gb---includes-book-cover.product.4000427075.html,,,0,0,https://www.costco.com/tablet-computers-accessories.html
99657501-8d52-57e7-991e-3b953d6d267e,1738,4000370781,4000370781,Samsung Galaxy Tab S10 FE 10.9” Wi-Fi Tablet 128GB – Includes S Pen and Book Cover Keyboard,https://www.costco.com/samsung-galaxy-tab-s10-fe-109-wi-fi-tablet-128gb--includes-s-pen-and-book-cover-keyboard.product.4000370781.html,,,0,0,https://www.costco.com/tablet-computers-accessories.html
db8014b0-a89e-5832-ac42-02105a978b25,1738,4000285631,4000285631,"iPad, 256GB Wi-Fi (A16 chip)",https://www.costco.com/ipad-256gb-wi-fi-a16-chip.product.4000285631.html,,,0,0,https://www.costco.com/tablet-computers-accessories.html
8619b556-a094-51d4-ad40-28efbf2789b4,1738,4000444349,4000444349,"iPad Air 11-inch, 128GB Wi-Fi (M4 chip) Built For Apple Intelligence",https://www.costco.com/ipad-air-11-inch-128gb-wi-fi-m4-chip-built-for-apple-intelligence.product.4000444349.html,,,0,0,https://www.costco.com/tablet-computers-accessories.html
6e23bd4d-5072-55f7-9834-81a01cfa5c1d,1738,4000366725,4000366725,"iPad Pro 13-inch, 256GB Wi-Fi (M5 chip) Built For Apple Intelligence",https://www.costco.com/ipad-pro-13-inch-256gb-wi-fi-m5-chip-built-for-apple-intelligence.product.4000366725.html,,,0,0,https://www.costco.com/tablet-computers-accessories.html
84468569-e96d-58ad-9c71-c0b3d7a6fc7e,1738,4000285636,4000285636,"iPad Pro 11-inch, 256GB Wi-Fi (M5 chip) Built For Apple Intelligence",https://www.costco.com/ipad-pro-11-inch-256gb-wi-fi-m5-chip-built-for-apple-intelligence.product.4000285636.html,,,0,0,https://www.costco.com/tablet-computers-accessories.html
dbf150b5-f9a6-5149-8167-276fcbb97f19,1738,4000276944,4000276944,Magic Keyboard — White iPad Air 11-inch,https://www.costco.com/magic-keyboard--white-ipad-air-11-inch.product.4000276944.html,,,0,0,https://www.costco.com/tablet-computers-accessories.html
c18f9125-7151-5343-8c48-adf8a587a922,1738,4000276952,4000276952,Magic Keyboard for iPad Pro 13‑inch - US English,https://www.costco.com/magic-keyboard-for-ipad-pro-13inch---us-english.product.4000276952.html,,,0,0,https://www.costco.com/tablet-computers-accessories.html
0aaffa75-52c0-54e4-833b-d3cd76fbe7ab,1738,4000276943,4000276943,Magic Keyboard — White iPad Air 13-inch,https://www.costco.com/magic-keyboard--white-ipad-air-13-inch.product.4000276943.html,,,0,0,https://www.costco.com/tablet-computers-accessories.html
1e572ad0-d6a9-5800-be1f-7ea060fc01b9,1738,4000276972,4000276972,Magic Keyboard for iPad Pro 11‑inch - US English,https://www.costco.com/magic-keyboard-for-ipad-pro-11inch---us-english.product.4000276972.html,,,0,0,https://www.costco.com/tablet-computers-accessories.html
88b9d100-1170-5b66-bd0a-ab43b5112d02,1738,1783252,1783252,Thomasville Gilroy Fabric Oversized Storage Chair and Storage Ottoman,https://www.costco.com/.product.1783252.html,,,0,0,https://www.costco.com/costco-direct.html
ac9c5fbe-c255-5e0e-97fe-65cc44dafb0e,1738,1861704,1861704,Thomasville Fallon Modular Sectional 6-piece Gray with Ottoman,https://www.costco.com/.product.1861704.html,,,0,0,https://www.costco.com/costco-direct.html
46198093-bce9-57e3-8019-86a0ed020145,1738,1947401,1947401,Lifetime 170-Gallon Resin Outdoor Storage Deck Box,https://www.costco.com/.product.1947401.html,,,0,0,https://www.costco.com/costco-direct.html
b99052f6-63a0-5f61-a4d0-f16d612ccbb1,1738,1862180,1862180,Coddle Luke Sleeper Sectional with Reversible Chaise and Storage,https://www.costco.com/.product.1862180.html,,,0,0,https://www.costco.com/costco-direct.html
dcb62dc4-d43d-5025-a16e-ba62337145c4,1738,9655750,9655750,"Hisense 55"" Class - QD7 Series - 4K Hi-QLED Smart TV - Allstate 3-Year Protection Plan Bundle Included for 5 Years of Total Coverage*",https://www.costco.com/.product.9655750.html,,,0,0,https://www.costco.com/costco-direct.html
f8c41643-e875-5c75-921f-af34e51afe4c,1738,1902493,1902493,Yardistry 8' x 7' Greenhouse,https://www.costco.com/.product.1902493.html,,,0,0,https://www.costco.com/costco-direct.html
2b4ce666-6bd2-5eb3-b08e-e65021fabb75,1738,1695459,1695459,"Henredon Murphy Swivel Boucle Chair, Cream",https://www.costco.com/.product.1695459.html,,,0,0,https://www.costco.com/costco-direct.html
30e43e4e-e803-56b9-b7dc-e6593a1cc6e7,1738,2092119,2092119,"THOR Kitchen 48"" 6.8 cu. ft. Professional Double Oven Gas Range, Matte Black",https://www.costco.com/.product.2092119.html,,,0,0,https://www.costco.com/costco-direct.html
d66a5fa4-6d23-5a31-b108-c0356d1341a0,1738,2092120,2092120,"THOR Kitchen 48"" 6.8 cu. ft. Professional Double Oven Gas Range, Stainless Steel",https://www.costco.com/.product.2092120.html,,,0,0,https://www.costco.com/costco-direct.html
8012ec55-8dd1-554e-9aa1-81c933d1d61f,1738,2092122,2092122,"THOR Kitchen 17.5 cu. ft. 30""  French Door Refrigerator, Stainless Steel",https://www.costco.com/.product.2092122.html,,,0,0,https://www.costco.com/costco-direct.html
214bbbd0-1c83-5120-bf3f-d85bf41f7e6c,1738,1783227,1783227,Holley Oversized Fabric Accent Chair with Storage Ottoman,https://www.costco.com/.product.1783227.html,,,0,0,https://www.costco.com/costco-direct.html
329af4ae-6ea2-5116-9429-46d9cf00a753,1738,1900568,1900568,"Sealy Posturepedic Pro Lincoln Heights 14"" Firm, Medium, or Plush Mattress, Firm Full",https://www.costco.com/.product.1900568.html,,,0,0,https://www.costco.com/costco-direct.html
9043da04-e8d9-5a7e-a271-eeab0fb0f9e2,1738,1900569,1900569,"Sealy Posturepedic Pro Lincoln Heights 14"" Firm, Medium, or Plush Mattress, Firm Queen",https://www.costco.com/.product.1900569.html,,,0,0,https://www.costco.com/costco-direct.html
59fc7bd8-7043-5735-9e06-3cfb63c2d009,1738,1900570,1900570,"Sealy Posturepedic Pro Lincoln Heights 14"" Firm, Medium, or Plush Mattress, Firm King",https://www.costco.com/.product.1900570.html,,,0,0,https://www.costco.com/costco-direct.html
f4a34f10-add3-5b32-8051-efafccd5d900,1738,2045147,2045147,"Sealy Posturepedic Pro Lincoln Heights 14"" Firm, Medium, or Plush Mattress, Medium Queen",https://www.costco.com/.product.2045147.html,,,0,0,https://www.costco.com/costco-direct.html
57d20b02-759f-54b0-8087-bd26804406f5,1738,2045148,2045148,"Sealy Posturepedic Pro Lincoln Heights 14"" Firm, Medium, or Plush Mattress, Medium, King",https://www.costco.com/.product.2045148.html,,,0,0,https://www.costco.com/costco-direct.html
77c97a74-86f1-559a-900a-87c9cea95496,1738,1694813,1694813,"Suncast 6' x 5' Modern Shed, Gray",https://www.costco.com/.product.1694813.html,,,0,0,https://www.costco.com/costco-direct.html
6cd116d1-4912-5f44-9150-522d60eed1ea,1738,2092124,2092124,"THOR Kitchen 20.3 cu. ft. 36"" French Door Refrigerator, Stainless Steel",https://www.costco.com/.product.2092124.html,,,0,0,https://www.costco.com/costco-direct.html
a759604a-0799-5b62-976e-79ed6829bc33,1738,1812332,1812332,"Henredon Murphy Swivel Boucle Chair, Gray",https://www.costco.com/.product.1812332.html,,,0,0,https://www.costco.com/costco-direct.html
1b1d98f4-22e2-5574-9697-3834b541e1db,1738,1861850,1861850,"Henredon Murphy Fabric 6-piece Modular Sectional with Ottoman, Beige",https://www.costco.com/.product.1861850.html,,,0,0,https://www.costco.com/costco-direct.html
a9ab2dd5-d7de-56a6-a763-9dc3967e2a74,1738,1723201,1723201,"Novaform 14” ComfortGrande Advanced Gel Memory Foam Mattress, Twin",https://www.costco.com/.product.1723201.html,,,0,0,https://www.costco.com/costco-direct.html
2565aa06-0301-56c6-b97c-754e6162d384,1738,1723203,1723203,"Novaform 14” ComfortGrande Advanced Gel Memory Foam Mattress, Queen",https://www.costco.com/.product.1723203.html,,,0,0,https://www.costco.com/costco-direct.html
471e7169-1165-584b-a340-f0a7ea0b5a45,1738,1723204,1723204,"Novaform 14” ComfortGrande Advanced Gel Memory Foam Mattress, King",https://www.costco.com/.product.1723204.html,,,0,0,https://www.costco.com/costco-direct.html
d42c7cd1-b28e-5a0d-b0a3-cc75f79c22ba,1738,1723202,1723202,"Novaform 14” ComfortGrande Advanced Gel Memory Foam Mattress, Full",https://www.costco.com/.product.1723202.html,,,0,0,https://www.costco.com/costco-direct.html
a084b560-109d-5d70-b68d-378aaf8dec1e,1738,1895900,1895900,"Novaform 14” ComfortGrande Advanced Gel Memory Foam Mattress, Twin XL",https://www.costco.com/.product.1895900.html,,,0,0,https://www.costco.com/costco-direct.html
3eee9ce2-c9f5-526b-a91b-3a77b685f957,1738,1862067,1862067,"Henredon Murphy Fabric 6-piece Modular Sectional with Ottoman, Beige, Green",https://www.costco.com/.product.1862067.html,,,0,0,https://www.costco.com/costco-direct.html
cbd27f48-b993-5089-ae5d-470b574e60cf,1738,1782774,1782774,Thomasville Tisdale Modular Sectional 6-piece Dark Gray with Storage Ottoman,https://www.costco.com/.product.1782774.html,,,0,0,https://www.costco.com/costco-direct.html
f40c75fd-79e9-5aac-a20e-e7a78d082c7e,1738,1783245,1783245,Thomasville Caler Convertible Sleeper Sectional with Storage,https://www.costco.com/.product.1783245.html,,,0,0,https://www.costco.com/costco-direct.html
3ca68073-aff6-52a4-95c4-33b2c9331d9d,1738,1987843,1987843,"Sydney 6-piece Fabric Modular Sectional, Taupe",https://www.costco.com/.product.1987843.html,,,0,0,https://www.costco.com/costco-direct.html
c8ffa20d-fc04-5981-bfd5-e17daa22a029,1738,1845205,1845205,"Kirkland Signature by Stearns & Foster 14"" Tight Top Lakeridge Mattress, Queen",https://www.costco.com/.product.1845205.html,,,0,0,https://www.costco.com/costco-direct.html
7567d067-8cec-5658-bc8b-45e1f5391b76,1738,1845206,1845206,"Kirkland Signature by Stearns & Foster 14"" Tight Top Lakeridge Mattress, King",https://www.costco.com/.product.1845206.html,,,0,0,https://www.costco.com/costco-direct.html
31527221-3013-53be-aae0-d3926a5c5785,1738,1845207,1845207,"Kirkland Signature by Stearns & Foster 14"" Tight Top Lakeridge Mattress, California King",https://www.costco.com/.product.1845207.html,,,0,0,https://www.costco.com/costco-direct.html
a9cdcabb-c94d-5533-8ebc-6c977c9ea9bc,1738,1293824,1293824,Yardistry 12' x 16' Gazebo with Aluminum Roof,https://www.costco.com/.product.1293824.html,,,0,0,https://www.costco.com/costco-direct.html
91775fb6-d257-5385-844e-b7083c07b2a1,1738,1812619,1812619,Emma Fabric Power Reclining Sectional with Power Footrest,https://www.costco.com/.product.1812619.html,,,0,0,https://www.costco.com/costco-direct.html
01fb95f6-a6df-5adb-9afe-8f02b6e37ab6,1738,2046928,2046928,Lifetime 10' x 8' Outdoor Storage Shed,https://www.costco.com/.product.2046928.html,,,0,0,https://www.costco.com/costco-direct.html
b66a54da-7038-5612-a721-9e35e63d3d44,1738,1945194,1945194,"Apple AirPods Pro 3, Wireless Earbuds, Active Noise Cancellation, Hearing Aid Feature, Heart Rate Sensing, Includes 2 Years of AppleCare+",https://www.costco.com/.product.1945194.html,,,0,0,https://www.costco.com/airpods.html
81cb801b-95b1-5ed0-8de6-9de6e521972d,1738,1611943,1611943,AirPods 4 with Active Noise Cancellation,https://www.costco.com/.product.1611943.html,,,0,0,https://www.costco.com/airpods.html
92a905e9-78ae-5417-9149-7b6c44393765,1738,2042837,2042837,"Apple Watch Series 12 (GPS) 42mm Case with Sport Band (Size S/M), Hypertension Notifications, Sleep Score, Advanced Workout Metrics, Light Gold.",https://www.costco.com/.product.2042837.html,,,0,0,https://www.costco.com/apple-smart-watch.html
1ef82c40-e968-5ea7-ad95-78d66524f989,1738,2042840,2042840,"Apple Watch Series 12 (GPS) 42mm Case with Sport Band (Size S/M), Hypertension Notifications, Sleep Score, Advanced Workout Metrics, Dark Bronze.",https://www.costco.com/.product.2042840.html,,,0,0,https://www.costco.com/apple-smart-watch.html
8c965074-56af-50f0-9e20-e0b76b3c7339,1738,2042842,2042842,"Apple Watch Series 12 (GPS) 46mm Case with Sport Band (Size M/L), Hypertension Notifications, Sleep Score, Advanced Workout Metrics - Black",https://www.costco.com/.product.2042842.html,,,0,0,https://www.costco.com/apple-smart-watch.html
84603582-527b-5d63-b820-4c927e9bc4f8,1738,2042843,2042843,"Apple Watch Series 12 (GPS) 46mm Case with Sport Band (Size M/L), Hypertension Notifications, Sleep Score, Advanced Workout Metrics - Space Gray",https://www.costco.com/.product.2042843.html,,,0,0,https://www.costco.com/apple-smart-watch.html
44f12766-48a2-5b75-b253-0dfcb44acec0,1738,1778371,1778371,"Apple Watch SE 3 (GPS) 40mm Case with Sport Band (Size S/M), Starlight",https://www.costco.com/.product.1778371.html,,,0,0,https://www.costco.com/apple-smart-watch.html
ce987e54-ee32-568f-adef-974d43ad990c,1738,2042833,2042833,Apple Watch SE 3 (GPS) 40mm Case with Sport Band (Size S/M) - Starlight,https://www.costco.com/.product.2042833.html,,,0,0,https://www.costco.com/apple-smart-watch.html
dd284c84-8a0b-52d9-bc28-35166dd080c6,1738,2042857,2042857,"Apple Watch Ultra 4 (GPS + Cellular) 49mm Black Titanium Case with 5G and Satellite Communications (Size M/L), Translucent Black Ocean",https://www.costco.com/.product.2042857.html,,,0,0,https://www.costco.com/apple-smart-watch.html
59b7dc5e-4d46-5332-869b-5371216a99f5,1738,1874533,1874533,"Apple Watch Ultra 3 (GPS + Cellular) 49mm Black Titanium Case with 5G and Satellite Communications (Size M/L), Black Ocean.",https://www.costco.com/.product.1874533.html,,,0,0,https://www.costco.com/apple-smart-watch.html
01109120-5b97-5208-8f1e-2b908d49195b,1738,1826987,1826987,"SHOKZ OpenRun SE- Open-Ear Bluetooth Wireless Bone Conduction Sport Headphones, Standard - Dark Gray",https://www.costco.com/.product.1826987.html,,,0,0,https://www.costco.com/audio-video.html
bf25f589-132c-57f9-9544-aa9b925f4423,1738,1926987,1926987,"SHOKZ OpenRun SE- Open-Ear Bluetooth Wireless Bone Conduction Sport Headphones, Standard - Indigo",https://www.costco.com/.product.1926987.html,,,0,0,https://www.costco.com/audio-video.html
1aebe46f-e5c5-5fad-adc9-fd0af960c59a,1738,2009547,2009547,Pioneer PSX615 700 Watt All-In-One Party Speaker with Auracast,https://www.costco.com/.product.2009547.html,,,0,0,https://www.costco.com/audio-video.html
ef6c178c-9f19-5fbb-8de2-120e3c030790,1738,1757275,1757275,"Beats Studio Pro - Wireless Bluetooth Noise Cancelling Headphones, Navy",https://www.costco.com/.product.1757275.html,,,0,0,https://www.costco.com/audio-video.html
7f3d6bcb-00bd-5d6b-b827-73ad20dae338,1738,1949725,1949725,JBL PartyBox 130 Portable Party Speaker with Wireless Microphone,https://www.costco.com/.product.1949725.html,,,0,0,https://www.costco.com/audio-video.html
35ced772-511c-5606-8c86-345f8a2b513b,1738,3062725,3062725,Bose Solo Soundbar Series II,https://www.costco.com/.product.3062725.html,,,0,0,https://www.costco.com/audio-video.html
be482231-1500-50b4-8df4-6170706f3dec,1738,1961136,1961136,Samsung HW-Q60CF 3.1.2 Ch Soundbar with Wireless Subwoofer,https://www.costco.com/.product.1961136.html,,,0,0,https://www.costco.com/audio-video.html
a0fdcf01-8000-5e88-b37e-473615050c83,1738,2058976,2058976,"Bose QuietComfort SC Headphones (2nd Gen), Black",https://www.costco.com/.product.2058976.html,,,0,0,https://www.costco.com/audio-video.html
39a14e66-9da2-5391-8fc5-785503ccf14a,1738,2058979,2058979,"Bose QuietComfort SC Headphones (2nd Gen), Blue Dusk",https://www.costco.com/.product.2058979.html,,,0,0,https://www.costco.com/audio-video.html
64333ab7-dfa8-59bf-a80c-c254708f0f96,1738,2027800,2027800,"Soundcore Boom 3i Outdoor Waterproof Bluetooth Speaker, Black",https://www.costco.com/.product.2027800.html,,,0,0,https://www.costco.com/audio-video.html
2d1fed8a-6d0c-5203-b015-e03eb905a92c,1738,1959005,1959005,Hisense AX700 5.1.4 Ch Soundbar with Wireless Subwoofer,https://www.costco.com/.product.1959005.html,,,0,0,https://www.costco.com/audio-video.html
f9fbe04d-b5e8-5a64-90db-2badd4710542,1738,2076169,2076169,"Marshall Stockwell III Portable Bluetooth Speaker, Black",https://www.costco.com/.product.2076169.html,,,0,0,https://www.costco.com/audio-video.html
d1b19867-bc43-5c86-8c14-8200e0dfcf4c,1738,2076170,2076170,"Marshall Stockwell III Portable Bluetooth Speaker, Cream",https://www.costco.com/.product.2076170.html,,,0,0,https://www.costco.com/audio-video.html
bd45dc59-1fe4-5754-9b12-452ad16c1d8e,1738,2058981,2058981,"Bose QuietComfort Ultra Headphones (Gen1), Black",https://www.costco.com/.product.2058981.html,,,0,0,https://www.costco.com/audio-video.html
b7070bfd-3e7b-5b07-b2fe-bb119cf85501,1738,2058998,2058998,"Bose QuietComfort Ultra Headphones (Gen1), Sandstone",https://www.costco.com/.product.2058998.html,,,0,0,https://www.costco.com/audio-video.html
2d748692-c34d-51a3-9aec-db6b10b09f03,1738,1651355,1651355,Sony HT-BC50 3.1 Ch Soundbar with Wireless Subwoofer,https://www.costco.com/.product.1651355.html,,,0,0,https://www.costco.com/audio-video.html
059db522-d369-5c54-8516-490609b796b3,1738,1912780,1912780,"Sonos Arc Ultra 9.1.4 Ch Soundbar Bundle, Black",https://www.costco.com/.product.1912780.html,,,0,0,https://www.costco.com/audio-video.html
a678b7b5-513f-5887-9637-60ed93b4dbf7,1738,1926991,1926991,SHOKZ OpenFit 2 SE Open-Ear True Wireless Earbuds,https://www.costco.com/.product.1926991.html,,,0,0,https://www.costco.com/audio-video.html
707411b4-2d28-5c18-a47b-95851b8eadd9,1738,1967400,1967400,Soundcore Space One Noise Cancelling Headphones - Black,https://www.costco.com/.product.1967400.html,,,0,0,https://www.costco.com/audio-video.html
a299dcf5-d179-5b01-9341-f7e097f89397,1738,1967401,1967401,Soundcore Space One Noise Cancelling Headphones - Cream,https://www.costco.com/.product.1967401.html,,,0,0,https://www.costco.com/audio-video.html
e9144f34-8ee8-5e17-b623-f12b269eb6c0,1738,2077439,2077439,Ultimate Ears Megaboom 4 SE Portable Bluetooth Speaker - Black,https://www.costco.com/.product.2077439.html,,,0,0,https://www.costco.com/audio-video.html
10c36b34-746f-5140-983f-aa4773281d5a,1738,2077441,2077441,Ultimate Ears Megaboom 4 SE Portable Bluetooth Speaker - Blue,https://www.costco.com/.product.2077441.html,,,0,0,https://www.costco.com/audio-video.html
359dbef3-ff87-56d3-bfa8-ce97241786a6,1738,1731876,1731876,"Sonos Era 100 Speakers 2-pack, Black",https://www.costco.com/.product.1731876.html,,,0,0,https://www.costco.com/audio-video.html
767232f2-b3de-5a64-95fb-3747211e0fa9,1738,2052010,2052010,"Bose SoundLink Home Bluetooth Speaker, Warm Wood",https://www.costco.com/.product.2052010.html,,,0,0,https://www.costco.com/audio-video.html
8a6fcbc5-92ef-5596-898f-a92c718c41c4,1738,1957640,1957640,Bose SoundLink Flex SE Gen 2 Portable Waterproof Bluetooth Speaker - Blue,https://www.costco.com/.product.1957640.html,,,0,0,https://www.costco.com/audio-video.html
98bf304d-5d50-5ed9-a5b1-f5a2eb9edfd6,1738,2052012,2052012,"Bose SoundLink Home Bluetooth Speaker, Cool Gray",https://www.costco.com/.product.2052012.html,,,0,0,https://www.costco.com/audio-video.html
02813c9c-03b1-5b5b-8b95-3c2987587fec,1738,1663600,1663600,JBL Cinema SB595 3.1.2 Ch Soundbar with Wireless Subwoofer,https://www.costco.com/.product.1663600.html,,,0,0,https://www.costco.com/audio-video.html
ec85d5dd-056d-5827-a883-d9fcf14deaed,1738,1738485,1738485,LG S80TY 3.1.3 Ch Soundbar with Wireless Subwoofer,https://www.costco.com/.product.1738485.html,,,0,0,https://www.costco.com/audio-video.html
b79307c2-4762-5b08-bba3-864913ae9062,1738,1631745,1631745,"Duracell Lithium 2032 Coin Batteries, 12-count",https://www.costco.com/.product.1631745.html,,,0,0,https://www.costco.com/batteries.html
2c908254-3123-5d64-8ae0-df98cb0aedce,1738,9536007,9536007,Insta360 Luna Ultra Dual-Lens 8K Gimbal Camera,https://www.costco.com/.product.9536007.html,,,0,0,https://www.costco.com/cameras-camcorders.html
2f1ef474-0e1d-5d18-bafb-e44184789144,1738,9533333,9533333,"Potensic ATOM 2 4K Drone Bundle with 128GB MicroSD Card, Remote Lanyard and 2 Spare Propeller Kits.",https://www.costco.com/.product.9533333.html,,,0,0,https://www.costco.com/cameras-camcorders.html
59dd8c42-c4e9-5283-9513-11550851a4f5,1738,9536005,9536005,Insta360 X5 - 8K 360° Action Camera Bundle,https://www.costco.com/.product.9536005.html,,,0,0,https://www.costco.com/cameras-camcorders.html
53dd5d2e-6a9a-5038-9cb8-25ce24fd6252,1738,6094012,6094012,"GoPro HERO13 Black Action Camera Bundle with Additional Enduro Battery, 128GB microSD Card and Carrying Case",https://www.costco.com/.product.6094012.html,,,0,0,https://www.costco.com/cameras-camcorders.html
716c382c-23ae-54e8-ac49-a7896beb44e6,1738,9501001,9501001,HOVERAir X1 PROMAX 8K Self-Flying Camera Bundle,https://www.costco.com/.product.9501001.html,,,0,0,https://www.costco.com/cameras-camcorders.html
532dcd42-11be-5d45-b095-719f43847efa,1738,1984074,1984074,Belkin 3-in-1 Charging Stand Qi2 25W,https://www.costco.com/.product.1984074.html,,,0,0,https://www.costco.com/cell-phones.html
587f4df3-cefb-5efa-8a88-cea114e90ca6,1738,1940911,1940911,Anker 70W/30W Wall Charger Bundle,https://www.costco.com/.product.1940911.html,,,0,0,https://www.costco.com/cell-phones.html
d963ea48-f583-5edf-afd4-0801849e4268,1738,4000406542,4000406542,Belkin 3-in-1 Charging Stand Qi2 25W,https://www.costco.com/belkin-3-in-1-charging-stand-qi2-25w.product.4000406542.html,,,0,0,https://www.costco.com/cell-phone-chargers-batteries.html
bd8dfc9e-b977-584e-8b4e-19ac924aff55,1738,4000388367,4000388367,Anker 70W/30W Wall Charger Bundle,https://www.costco.com/anker-70w30w-wall-charger-bundle.product.4000388367.html,,,0,0,https://www.costco.com/cell-phone-chargers-batteries.html
17a33975-9539-55f5-bad4-40d6b5a74a28,1738,4000364539,4000364539,Canon IVY 2 Mini Photo Printer Bundle - White,https://www.costco.com/canon-ivy-2-mini-photo-printer-bundle---white.product.4000364539.html,,,0,0,https://www.costco.com/cell-phone-chargers-batteries.html
77f6c71e-b31b-5acd-be83-159585074d00,1738,4000373193,4000373193,Canon IVY 2 Mini Photo Printer Bundle - Pink,https://www.costco.com/canon-ivy-2-mini-photo-printer-bundle---pink.product.4000373193.html,,,0,0,https://www.costco.com/cell-phone-chargers-batteries.html
8c98ceb6-ce46-5ed5-b97b-b7abf8a4843c,1738,1943983,1943983,Singing Machine Karaoke WIFI Vocal Hero,https://www.costco.com/.product.1943983.html,,,0,0,https://www.costco.com/musical-instruments.html
fe646081-89c2-56e6-ac37-2ba3498f92f8,1738,1831651,1831651,eufy Security SoloCam S3 Pan Tilt Outdoor Camera - No Monthly Fees,https://www.costco.com/.product.1831651.html,,,0,0,https://www.costco.com/home-alarm-systems-automation.html
f263c427-ba60-5b9e-b5dc-93eb116b2ad7,1738,2057989,2057989,Blink Whole Home 2K+ Security Bundle,https://www.costco.com/.product.2057989.html,,,0,0,https://www.costco.com/home-alarm-systems-automation.html
e8515c1f-30ad-5ead-a5e3-32eb647e05f5,1738,1938108,1938108,"Infinity X1 Under Cabinet Lights, 3-pack",https://www.costco.com/.product.1938108.html,,,0,0,https://www.costco.com/home-alarm-systems-automation.html
02ec18b6-e955-5fe0-85a0-892ea80ddbd3,1738,2040216,2040216,Ring Battery Doorbell Pro with Extra Battery and Chime,https://www.costco.com/.product.2040216.html,,,0,0,https://www.costco.com/home-alarm-systems-automation.html
d3b2e91b-faad-564e-a5f4-d5696c67961d,1738,2012683,2012683,eufy Video Doorbell with Dual Cameras - No Monthly Fees,https://www.costco.com/.product.2012683.html,,,0,0,https://www.costco.com/home-alarm-systems-automation.html
79147284-55d7-5c95-ba05-6c72cdb2eef4,1738,1998181,1998181,"SnapPower GuideLight 2 LED Outlet Cover, 3-pack, Duplex",https://www.costco.com/.product.1998181.html,,,0,0,https://www.costco.com/home-alarm-systems-automation.html
114a5d7d-af4c-52e8-8796-e4e2f7f0086d,1738,2043146,2043146,"Feit Electric Triple Outlet Outdoor Smart Plugs, 3-pack",https://www.costco.com/.product.2043146.html,,,0,0,https://www.costco.com/home-alarm-systems-automation.html
9b41f6d0-1c51-5d1b-ac9c-759a24560c04,1738,9670888,9670888,"Samsung 70"" Class - U8000H Crystal UHD Series - 4K Smart TV",https://www.costco.com/.product.9670888.html,,,0,0,https://www.costco.com/televisions.html
2f9f0447-31ab-5351-9ce5-013d61e6d6c3,1738,9675700,9675700,Samsung 75” Class - M70H Series - 4K Mini LED - Smart TV,https://www.costco.com/.product.9675700.html,,,0,0,https://www.costco.com/televisions.html
79ef0377-7f67-56a4-90b2-381eeffd1a16,1738,9565677,9565677,"TCL 65"" Class - Q77K Series - 4K UHD QLED Smart TV - Allstate 3-Year Protection Plan Bundle Included for 5 Years of Total Coverage*",https://www.costco.com/.product.9565677.html,,,0,0,https://www.costco.com/televisions.html
84f2f2d1-407a-5dbf-82de-4ad8c4e40de8,1738,9643888,9643888,"Samsung 43"" Class - U8000H Crystal UHD Series - 4K Smart TV",https://www.costco.com/.product.9643888.html,,,0,0,https://www.costco.com/televisions.html
d1f8273d-bde9-5791-bc08-9c73f68c33f3,1738,9650888,9650888,"Samsung 50"" Class - U8000H Crystal UHD Series - 4K Smart TV",https://www.costco.com/.product.9650888.html,,,0,0,https://www.costco.com/televisions.html
aeb984c0-ec39-5060-ae86-760b85ea6c8f,1738,9655700,9655700,Samsung 55” Class - M70H Series - 4K Mini LED - Smart TV,https://www.costco.com/.product.9655700.html,,,0,0,https://www.costco.com/televisions.html
cad9c924-c159-5672-b6ba-fd7cad172a9b,1738,9685870,9685870,"LG 85"" Class - NANO 4K UHD AI NU87 Series - 4K Smart TV - Allstate 3-Year Protection Plan Bundle Included For 5 Years of Total Coverage*",https://www.costco.com/.product.9685870.html,,,0,0,https://www.costco.com/televisions.html
e596f1a8-0c9d-516c-9119-1aad79ae2d76,1738,9665700,9665700,Samsung 65” Class - M70H Series - 4K Mini LED - Smart TV,https://www.costco.com/.product.9665700.html,,,0,0,https://www.costco.com/televisions.html
84956585-7d19-549e-85db-a3e2e5fae8e4,1738,9665888,9665888,"Samsung 65"" Class - U8000H Crystal UHD Series - 4K Smart TV",https://www.costco.com/.product.9665888.html,,,0,0,https://www.costco.com/televisions.html
2100af71-8364-5bbd-96b3-3db57168c4bf,1738,9675065,9675065,"Hisense 75"" Class - U65 Pro Series - 4K ULED MiniLED Smart TV - Allstate 3-Year Protection Plan Bundle Included for 5 Years of Total Coverage*",https://www.costco.com/.product.9675065.html,,,0,0,https://www.costco.com/televisions.html
4d0f1f60-2c96-5828-936f-aa839c3f6cb8,1738,9655888,9655888,"Samsung 55"" Class - U8000H Crystal UHD Series - 4K Smart TV",https://www.costco.com/.product.9655888.html,,,0,0,https://www.costco.com/televisions.html
da4ac955-496c-5ba5-b185-326287a6c7b1,1738,9665065,9665065,"Hisense 65"" Class - U65 Pro Series - 4K ULED MiniLED Smart TV - Allstate 3-Year Protection Plan Bundle Included for 5 Years of Total Coverage*",https://www.costco.com/.product.9665065.html,,,0,0,https://www.costco.com/televisions.html
6a0c2883-ea09-586c-949d-c3ee45403960,1738,9575677,9575677,"TCL 75"" Class - Q77K Series - 4K UHD QLED Smart TV - Allstate 3-Year Protection Plan Bundle Included for 5 Years of Total Coverage*",https://www.costco.com/.product.9575677.html,,,0,0,https://www.costco.com/televisions.html
0adfb107-54b9-5ddb-bacd-f67cc091b443,1738,9555677,9555677,"TCL 55"" Class - Q77K Series - 4K UHD QLED Smart TV - Allstate 3-Year Protection Plan Bundle Included for 5 Years of Total Coverage*",https://www.costco.com/.product.9555677.html,,,0,0,https://www.costco.com/televisions.html
c0076e1b-9004-5060-8762-3facae30a8b7,1738,9698900,9698900,"Samsung 98"" Class - U9000H Crystal UHD Series - 4K Smart TV - Allstate 3 -Year Protection Plan Bundle Included For 5 Years of Total Coverage*",https://www.costco.com/.product.9698900.html,,,0,0,https://www.costco.com/televisions.html
4689e238-d966-5143-b291-e6a76217a820,1738,9575676,9575676,"TCL 75"" Class - QM6K Pro Series - 4K UHD QD-Mini LED Smart TV  - Allstate 3-Year Protection Plan Bundle Included for 5 Years of Total Coverage*",https://www.costco.com/.product.9575676.html,,,0,0,https://www.costco.com/televisions.html
127877c1-4d30-521f-870a-2b39c7cb7408,1738,9665035,9665035,"LG 65"" Class - OLED evo AI C6 Series - 4K Smart TV   - Allstate 3-Year Protection Plan Bundle Included For 5 Years of Total Coverage*",https://www.costco.com/.product.9665035.html,,,0,0,https://www.costco.com/televisions.html
cd2aed8d-258a-5103-a26c-55e013abf2d0,1738,9550677,9550677,"TCL 50"" Class - Q77K Series - 4K UHD QLED Smart TV - Allstate 3-Year Protection Plan Bundle Included for 5 Years of Total Coverage*",https://www.costco.com/.product.9550677.html,,,0,0,https://www.costco.com/televisions.html
78d60729-4986-5152-ba03-e95dd39ea195,1738,9585676,9585676,"TCL 85"" Class - QM6K Pro Series - 4K UHD QD-Mini LED Smart TV  - Allstate 3-Year Protection Plan Bundle Included for 5 Years of Total Coverage*",https://www.costco.com/.product.9585676.html,,,0,0,https://www.costco.com/televisions.html
4a53e3ee-2fc7-5c8b-b03c-116d2e4f3285,1738,9665075,9665075,"LG 65"" Class - QNED AI Mini LED QNED75B Series - 4K Smart TV - Allstate 3-Year Protection Plan Bundle Included For 5 Years of Total Coverage*",https://www.costco.com/.product.9665075.html,,,0,0,https://www.costco.com/televisions.html
85523805-5442-5940-8e52-8fd2b4a2538d,1738,9665025,9665025,"LG 65"" Class - OLED AI B6E Series - 4K Smart TV - Allstate 3-Year Protection Plan Bundle Included For 5 Years of Total Coverage*",https://www.costco.com/.product.9665025.html,,,0,0,https://www.costco.com/televisions.html
f69ba718-9d6b-59cf-80b9-56a7e2a18e9f,1738,9643650,9643650,"Hisense 43"" Class - QD65 Series - 4K Hi-QLED Smart TV - Allstate 3-Year Protection Plan Bundle Included for 5 Years of Total Coverage*",https://www.costco.com/.product.9643650.html,,,0,0,https://www.costco.com/televisions.html
80f5f439-a9a7-55c9-b8bd-48be51c35a2a,1738,9610750,9610750,"Hisense 100"" Class - QD7 Series - 4K Hi-QLED Smart TV - Allstate 3-Year Protection Plan Bundle Included for 5 Years of Total Coverage*",https://www.costco.com/.product.9610750.html,,,0,0,https://www.costco.com/televisions.html
374ebfde-a6e1-5419-b3ea-4074d201fc52,1738,9575080,9575080,"Samsung 75"" Class - QN80F Neo QLED Series - 4K Mini LED - Vision AI Smart TV - Allstate 3-Year Protection Plan Bundle Included For 5 Years of Total Coverage*",https://www.costco.com/.product.9575080.html,,,0,0,https://www.costco.com/televisions.html
3f1fd8f6-189e-5011-b424-885278503f19,1738,9677091,9677091,"Samsung 77"" Class - S90H OLED Series - 4K Vision AI Smart TV - Allstate 3-Year Protection Plan Bundle Included For 5 Years of Total Coverage*",https://www.costco.com/.product.9677091.html,,,0,0,https://www.costco.com/televisions.html
526214b0-8dfa-57d0-8136-7441b03aadc8,1738,9655075,9655075,"LG 55"" Class - QNED AI Mini LED QNED75B Series - 4K Smart TV - Allstate 3-Year Protection Plan Bundle Included For 5 Years of Total Coverage*",https://www.costco.com/.product.9655075.html,,,0,0,https://www.costco.com/televisions.html
d8f0ca2e-6a1a-541d-bbd7-53b5da5c9ab5,1738,9465080,9465080,"Sony 65"" Class - BRAVIA 8 OLED Series - 4K Smart TV - Allstate 3-Year Protection Plan Bundle Included for 5 Years of Total Coverage*",https://www.costco.com/.product.9465080.html,,,0,0,https://www.costco.com/televisions.html
0d32e1b5-8f3f-5b74-bf1c-9a2f4b40d2c3,1738,9665007,9665007,"TCL 65"" Class - QM7L Pro Series - 4K UHD SQD-Mini LED Smart TV - Allstate 3-Year Protection Plan Bundle Included for 5 Years of Total Coverage*",https://www.costco.com/.product.9665007.html,,,0,0,https://www.costco.com/televisions.html
496927b0-227a-5028-9a74-131ee092a47b,1738,9565676,9565676,"TCL 65"" Class - QM6K Pro Series - 4K UHD QD-Mini LED Smart TV - Allstate 3-Year Protection Plan Bundle Included for 5 Years of Total Coverage*",https://www.costco.com/.product.9565676.html,,,0,0,https://www.costco.com/televisions.html
0e0ceea7-244e-5748-9dc4-6ea2848235d9,1738,9585677,9585677,"TCL 85"" Class - Q77K Series - 4K UHD QLED Smart TV - Allstate 3-Year Protection Plan Bundle Included for 5 Years of Total Coverage*",https://www.costco.com/.product.9585677.html,,,0,0,https://www.costco.com/televisions.html
b8ca9a1d-5636-518a-ad44-110a408c25b9,1738,9677035,9677035,"LG 77"" Class - OLED evo AI C6H Series - 4K Smart TV - Allstate 3-Year Protection Plan Bundle Included For 5 Years of Total Coverage*",https://www.costco.com/.product.9677035.html,,,0,0,https://www.costco.com/televisions.html
09cad286-2b58-508c-9f09-6bd017e736b4,1738,9650075,9650075,"LG 50"" Class - QNED AI Mini LED QNED75B Series - 4K Smart TV - Allstate 3-Year Protection Plan Bundle Included For 5 Years of Total Coverage*",https://www.costco.com/.product.9650075.html,,,0,0,https://www.costco.com/televisions.html
e31db0fb-f6b2-5ebe-a37d-896c726ab143,1738,9655035,9655035,"LG 55"" Class - OLED evo AI C6 Series - 4K Smart TV - Allstate 3-Year Protection Plan Bundle Included For 5 Years of Total Coverage*",https://www.costco.com/.product.9655035.html,,,0,0,https://www.costco.com/televisions.html
4ce46318-73f2-5ce0-8fd9-f127c5ada62d,1738,9477080,9477080,"Sony 77"" Class - BRAVIA 8 OLED Series - 4K Smart TV - Allstate 3-Year Protection Plan Bundle Included for 5 Years of Total Coverage*",https://www.costco.com/.product.9477080.html,,,0,0,https://www.costco.com/televisions.html
8949bf19-7f75-586b-9b5f-247cdaa7ee47,1738,9565091,9565091,"Samsung 65"" Class - S90F OLED Series - 4K Vision AI Smart TV - Allstate 3-Year Protection Plan Bundle Included For 5 Years of Total Coverage*",https://www.costco.com/.product.9565091.html,,,0,0,https://www.costco.com/televisions.html
9d80b4ef-ea8d-5cdc-8372-4659c93c4fba,1738,9598676,9598676,"TCL 98"" Class - QM6K Pro Series - 4K UHD QD-Mini LED Smart TV  - Allstate 3-Year Protection Plan Bundle Included for 5 Years of Total Coverage*",https://www.costco.com/.product.9598676.html,,,0,0,https://www.costco.com/televisions.html
da170f03-9784-5b41-8904-dd17f73a1e40,1738,9655091,9655091,"Samsung 55"" Class - S90H OLED Series - 4K Vision AI Smart TV - Allstate 3-Year Protection Plan Bundle Included For 5 Years of Total Coverage*",https://www.costco.com/.product.9655091.html,,,0,0,https://www.costco.com/televisions.html
ac802170-cb9a-5a44-9fc5-d40082491740,1738,9548045,9548045,"LG 48"" Class - OLED evo AI G5 Series - 4K Smart TV - Allstate 3-Year Protection Plan Bundle Included For 5 Years of Total Coverage*",https://www.costco.com/.product.9548045.html,,,0,0,https://www.costco.com/televisions.html
34a07445-15ce-57ac-89ff-af45117096ee,1738,1977763,1977763,"SANUS Preferred 26""-65"" Full-Motion TV Mount",https://www.costco.com/.product.1977763.html,,,0,0,https://www.costco.com/televisions.html
3f046dbe-5d28-5006-92dd-7b20586e19b4,1738,2054363,2054363,"SANUS Preferred 50""-100"" Full-Motion TV Mount",https://www.costco.com/.product.2054363.html,,,0,0,https://www.costco.com/televisions.html
947e330c-7a14-53d2-bf54-7a131df7c063,1738,9677025,9677025,"LG 77"" Class - OLED AI B6E Series - 4K Smart TV - Allstate 3-Year Protection Plan Bundle Included For 5 Years of Total Coverage*",https://www.costco.com/.product.9677025.html,,,0,0,https://www.costco.com/televisions.html
fc311842-de02-5838-8e79-eee40da1e766,1738,2027530,2027530,"SANUS Preferred 42""-100"" Advanced Tilt TV Mount",https://www.costco.com/.product.2027530.html,,,0,0,https://www.costco.com/televisions.html
ee6e502f-f0b6-5b08-977e-34a03e0c04d5,1738,1958890,1958890,Nintendo Switch 2 + NSO + Memory Card Bundle,https://www.costco.com/.product.1958890.html,,,0,0,https://www.costco.com/video-games.html
7e5daf03-9f0c-5963-b4b2-b77f7486b2b3,1738,1792105,1792105,Sony Playstation 5 Slim Disc Console and DualSense Controller Bundle,https://www.costco.com/.product.1792105.html,,,0,0,https://www.costco.com/video-games.html
f68c1e06-3c21-56f6-8212-b0902d811aa2,1738,1749471,1749471,Nex Playground + 12-Month Play Pass Bundle,https://www.costco.com/.product.1749471.html,,,0,0,https://www.costco.com/video-games.html
ad0107b5-1120-5642-ae08-9228a455027c,1738,1791815,1791815,Sony Playstation 5 Digital Slim Console & DualSense Controller Bundle,https://www.costco.com/.product.1791815.html,,,0,0,https://www.costco.com/video-games.html
4c8f7a9b-78df-5e47-8788-86e1e4985e2d,1738,1853013,1853013,PlayStation DualSense Wireless Controller and Charging Station - Starlight Blue,https://www.costco.com/.product.1853013.html,,,0,0,https://www.costco.com/video-games.html
18ca4f00-4c91-5ed0-a162-a1eda8307540,1738,2031749,2031749,Joy-Con 2 (L)/(R) Light Purple/Light Green - Nintendo Switch 2,https://www.costco.com/.product.2031749.html,,,0,0,https://www.costco.com/video-games.html
e2239580-bf98-5957-85f9-c16439d4b8d9,1738,1853011,1853011,Playstation DualSense Wireless Controller and Charging Station - White,https://www.costco.com/.product.1853011.html,,,0,0,https://www.costco.com/video-games.html
e2b051bf-7467-54c0-85ee-fa55bbb3c684,1738,2424148,2424148,Joy-Con 2 (L)/(R) Light Blue/Light Red - Nintendo Switch 2,https://www.costco.com/.product.2424148.html,,,0,0,https://www.costco.com/video-games.html
4853b571-4018-5f89-89b3-1094e7b89ab9,1738,2069480,2069480,"Samsung Galaxy Watch9 40mm Smartwatch with Two Wireless Fast Chargers, Black",https://www.costco.com/.product.2069480.html,,,0,0,https://www.costco.com/wearable-technology.html
9e2cb4ff-294a-5ff3-8773-98b6c802ac81,1738,2069491,2069491,"Samsung Galaxy Watch9 44mm Smartwatch with Two Wireless Fast Chargers, Black",https://www.costco.com/.product.2069491.html,,,0,0,https://www.costco.com/wearable-technology.html
65421807-ba18-5704-97f0-7226c8b769dd,1738,1961641,1961641,"Samsung Galaxy Watch8 44mm Smartwatch with Two Wireless Fast Chargers, Graphite",https://www.costco.com/.product.1961641.html,,,0,0,https://www.costco.com/wearable-technology.html
b92617c6-1529-5fcd-8b87-71340999c2f7,1738,1961630,1961630,"Samsung Galaxy Watch8 40mm Smartwatch with Two Wireless Fast Chargers, Silver",https://www.costco.com/.product.1961630.html,,,0,0,https://www.costco.com/wearable-technology.html
328e1e18-2366-552a-8348-4631c85aea23,1738,2052212,2052212,"Oura Ring 5 Silver Smart Ring, Size 7, Exclusive Bundle, Ring + Additional Charger + Additional Year of Manufacturer’s Warranty",https://www.costco.com/.product.2052212.html,,,0,0,https://www.costco.com/wearable-technology.html
7ea629e5-b891-59b1-a7e3-3d1f9469509a,1738,2052213,2052213,"Oura Ring 5 Silver Smart Ring, Size 8, Exclusive Bundle, Ring + Additional Charger + Additional Year of Manufacturer’s Warranty",https://www.costco.com/.product.2052213.html,,,0,0,https://www.costco.com/wearable-technology.html
0fee64e7-4045-5d46-b0bf-5b415da86547,1738,2052214,2052214,"Oura Ring 5 Silver Smart Ring, Size 9, Exclusive Bundle, Ring + Additional Charger + Additional Year of Manufacturer’s Warranty",https://www.costco.com/.product.2052214.html,,,0,0,https://www.costco.com/wearable-technology.html
f4ce01e7-8a24-56ac-8259-43f8c767e41e,1738,1861998,1861998,"Rose Universal Broadmoore Bed Frame with Storage, White, King",https://www.costco.com/.product.1861998.html,,,0,0,https://www.costco.com/furniture.html
81aa8c22-1c81-50c7-a52f-ba85c463241f,1738,1812812,1812812,"Montebello 68"" Accent Console",https://www.costco.com/.product.1812812.html,,,0,0,https://www.costco.com/furniture.html
1107b9e5-2e37-5fc5-ad6f-535085981535,1738,1862133,1862133,Henredon Caley Reversible Sofa Chaise with Ottoman,https://www.costco.com/.product.1862133.html,,,0,0,https://www.costco.com/furniture.html
f75c7db2-7fcd-5a5c-b4fb-78dcf482fe61,1738,1752898,1752898,"La-Z-Boy Manager Office Chair, Black",https://www.costco.com/.product.1752898.html,,,0,0,https://www.costco.com/furniture.html
07207f5c-4bd1-5c2f-aef1-e5de79a9f528,1738,1782908,1782908,Tresanti Aurora 47” Adjustable Desk with LED Lighting,https://www.costco.com/.product.1782908.html,,,0,0,https://www.costco.com/furniture.html
f321e616-6afc-5c73-b7d2-8746b85b14c7,1738,1646075,1646075,Rose 6 Drawer Dresser,https://www.costco.com/.product.1646075.html,,,0,0,https://www.costco.com/furniture.html
1d23ca59-b6da-5499-8992-c249999097df,1738,1782879,1782879,Bryce Dining Table and 6 Chairs,https://www.costco.com/.product.1782879.html,,,0,0,https://www.costco.com/furniture.html
2c4b07da-758e-551a-bd05-3177ad547ede,1738,1862072,1862072,"Sereen Fabric Swivel Accent Chair, Taupe",https://www.costco.com/.product.1862072.html,,,0,0,https://www.costco.com/furniture.html
abcd9ea2-b391-5adb-aa22-e452be349a13,1738,1782902,1782902,"Colin 72"" Accent Console",https://www.costco.com/.product.1782902.html,,,0,0,https://www.costco.com/furniture.html
85e19b24-d758-52cb-961c-fbe8abee353c,1738,1861872,1861872,Graham Dining Table and 8 Chairs,https://www.costco.com/.product.1861872.html,,,0,0,https://www.costco.com/furniture.html
97f4e951-63e9-5779-b8de-f5426169d6d4,1738,1812682,1812682,"Anistyn Wood Bed Frame with Upholstered Headboard, Gray Finish, Queen",https://www.costco.com/.product.1812682.html,,,0,0,https://www.costco.com/furniture.html
82ce8d1f-f50e-51d9-b6c4-0f69a4f4f1fd,1738,1782944,1782944,Del Rey Oaks 74” Accent Console,https://www.costco.com/.product.1782944.html,,,0,0,https://www.costco.com/furniture.html
b63d513a-0ed9-5617-bd74-2376169c0645,1738,1782766,1782766,"Keeley 72"" Accent Cabinet",https://www.costco.com/.product.1782766.html,,,0,0,https://www.costco.com/furniture.html
8a62b1de-9ed6-573b-b11b-a694f8ce3a34,1738,1987550,1987550,Wren Zero Gravity Power Leather Recliner with Power Headrest,https://www.costco.com/.product.1987550.html,,,0,0,https://www.costco.com/furniture.html
5a621c88-eb1b-56cc-887d-c0cf1ee7e692,1738,1752902,1752902,"Hughes Storage Bed, Queen",https://www.costco.com/.product.1752902.html,,,0,0,https://www.costco.com/furniture.html
46210b69-d1f5-5f26-a646-6e71df0b98ce,1738,1812395,1812395,TrueWellness All Mesh Office Chair,https://www.costco.com/.product.1812395.html,,,0,0,https://www.costco.com/furniture.html
f549b2c8-ce68-5836-9f52-397552cde10c,1738,1646063,1646063,Sanders Leather Power Recliner with Power Headrest,https://www.costco.com/.product.1646063.html,,,0,0,https://www.costco.com/furniture.html
9390f6d2-ec77-540a-ae7b-405bcd2678d7,1738,1862009,1862009,Highland Gas-lift Adjustable Stool,https://www.costco.com/.product.1862009.html,,,0,0,https://www.costco.com/furniture.html
604cade7-0cd9-527f-a7e3-37fe74af1aa0,1738,4000396491,4000396491,"Rose Universal Broadmoore Bed Frame with Storage, White",https://www.costco.com/rose-universal-broadmoore-bed-frame-with-storage-white.product.4000396491.html,,,0,0,https://www.costco.com/bedroom-furniture.html
15b372fc-56aa-5f34-af92-9eb6b5acddc1,1738,4000225967,4000225967,Rose 6 Drawer Dresser,https://www.costco.com/rose-6-drawer-dresser.product.4000225967.html,,,0,0,https://www.costco.com/bedroom-furniture.html
23d57d09-fdbb-5628-aaba-6404af2d69ac,1738,4000340294,4000340294,Hughes Storage Bed,https://www.costco.com/hughes-storage-bed.product.4000340294.html,,,0,0,https://www.costco.com/bedroom-furniture.html
63db0a18-8fd7-5806-9204-bf8ecd342c65,1738,4000433550,4000433550,"Anistyn Wood Bed Frame with Upholstered Headboard, Gray Finish",https://www.costco.com/anistyn-wood-bed-frame-with-upholstered-headboard-gray-finish.product.4000433550.html,,,0,0,https://www.costco.com/bedroom-furniture.html
ded824d4-fc29-594e-ac2c-695907a1ab25,1738,4000395717,4000395717,Bryce Dining Table and 6 Chairs,https://www.costco.com/bryce-dining-table-and-6-chairs.product.4000395717.html,,,0,0,https://www.costco.com/dining-kitchen.html
e5d9d1cd-82d0-51cd-937b-ff10d472def8,1738,4000365702,4000365702,Graham Dining Table and 8 Chairs,https://www.costco.com/graham-dining-table-and-8-chairs.product.4000365702.html,,,0,0,https://www.costco.com/dining-kitchen.html
1431d5ae-0076-5df2-b005-53fe1b7ee45b,1738,4000399994,4000399994,Highland Gas-lift Adjustable Stool,https://www.costco.com/highland-gas-lift-adjustable-stool.product.4000399994.html,,,0,0,https://www.costco.com/dining-kitchen.html
db37948c-d5cd-5e51-9457-085bc46f0078,1738,4000242671,4000242671,Thomasville Tisdale Modular Sectional 6-piece Dark Gray with Storage Ottoman,https://www.costco.com/thomasville-tisdale-modular-sectional-6-piece-dark-gray-with-storage-ottoman.product.4000242671.html,,,0,0,https://www.costco.com/living-room.html
e1720fe4-afb7-56c7-9258-282468840563,1738,4000410992,4000410992,Henredon Caley Reversible Sofa Chaise with Ottoman,https://www.costco.com/henredon-caley-reversible-sofa-chaise-with-ottoman.product.4000410992.html,,,0,0,https://www.costco.com/living-room.html
bad061ac-9864-56c2-942e-d1444ab1b6b8,1738,4000399251,4000399251,"Montebello 68"" Accent Console",https://www.costco.com/montebello-68-accent-console.product.4000399251.html,,,0,0,https://www.costco.com/living-room.html
06c8b77b-ef25-5b02-823d-edea773b96ac,1738,4000258410,4000258410,"Colin 72"" Accent Console",https://www.costco.com/colin-72-accent-console.product.4000258410.html,,,0,0,https://www.costco.com/living-room.html
279fdf70-ffbc-55f6-9352-17df2fd909e7,1738,4000249535,4000249535,"Keeley 72"" Accent Cabinet",https://www.costco.com/keeley-72-accent-cabinet.product.4000249535.html,,,0,0,https://www.costco.com/living-room.html
1bcfa19f-9726-58bd-acb7-28e9b52b0295,1738,4000361515,4000361515,Del Rey Oaks 74” Accent Console,https://www.costco.com/del-rey-oaks-74-accent-console.product.4000361515.html,,,0,0,https://www.costco.com/living-room.html
f77f8be1-f3ee-55aa-b10b-e59b1a73d0ae,1738,4000419156,4000419156,"Sereen Fabric Swivel Accent Chair, Taupe",https://www.costco.com/sereen-fabric-swivel-accent-chair-taupe.product.4000419156.html,,,0,0,https://www.costco.com/living-room.html
31ba8980-9430-5f9e-95f5-601b0028f0fa,1738,4000436304,4000436304,Wren Zero Gravity Power Leather Recliner with Power Headrest,https://www.costco.com/wren-zero-gravity-power-leather-recliner-with-power-headrest.product.4000436304.html,,,0,0,https://www.costco.com/living-room.html
7fb81f5f-14ee-5c37-9355-37c5a4098810,1738,4000397135,4000397135,Sanders Leather Power Recliner with Power Headrest,https://www.costco.com/sanders-leather-power-recliner-with-power-headrest.product.4000397135.html,,,0,0,https://www.costco.com/living-room.html
6883d591-0cbe-5d96-9086-990f24a9ebd0,1738,4000230606,4000230606,La-Z-Boy Manager Office Chair,https://www.costco.com/la-z-boy-manager-office-chair.product.4000230606.html,,,0,0,https://www.costco.com/office-furniture.html
4721653f-9f3d-51f7-a478-feb8b8555844,1738,4000398506,4000398506,Tresanti Aurora 47” Adjustable Height Desk with LED Lighting,https://www.costco.com/tresanti-aurora-47-adjustable-height-desk-with-led-lighting.product.4000398506.html,,,0,0,https://www.costco.com/office-furniture.html
dc331109-d342-5d43-81c9-3fd4be35ba73,1738,4000366330,4000366330,TrueWellness All Mesh Office Chair,https://www.costco.com/truewellness-all-mesh-office-chair.product.4000366330.html,,,0,0,https://www.costco.com/office-furniture.html
3ece9d01-47d6-5c28-b6b8-20f7bd0594e2,1738,100382542,100382542,"3M Scotch Precision Ultra Edge 8"" Scissor, 3-count",https://www.costco.com/3m-scotch-precision-ultra-edge-8-scissor-3-count.product.100382542.html,,,0,0,https://www.costco.com/all-costco-grocery.html
489a1426-06ed-56cb-9c04-3d2974959f9a,1738,100643825,100643825,"Advantage Premium Bright Ink Jet and Laser Paper, 8.5""x11"" Letter, White, 24lb, 97 Bright, 1 Ream of 800 Sheets",https://www.costco.com/advantage-premium-bright-ink-jet-and-laser-paper-85x11-letter-white-24lb-97-bright-1-ream-of-800-sheets.product.100643825.html,,,0,0,https://www.costco.com/all-costco-grocery.html
b10ed0b6-05ae-5c25-9acc-78c3b7734636,1738,4000266579,4000266579,"Dove Advanced Care Invisible+ Deodorant, 2.6 oz, 4-pack",https://www.costco.com/dove-advanced-care-invisible-deodorant-26-oz-4-pack.product.4000266579.html,,,0,0,https://www.costco.com/all-costco-grocery.html
b5693428-56b5-59b3-ac77-3e99d6a0b4df,1738,4000193139,4000193139,"Zevo Flying Insect Trap Starter Kit, 2 Devices + 6 Refills",https://www.costco.com/zevo-flying-insect-trap-starter-kit-2-devices--6-refills.product.4000193139.html,,,0,0,https://www.costco.com/all-costco-grocery.html
07260291-8218-5d1e-966d-b07cb28f78da,1738,4000044496,4000044496,"Kirkland Signature Premoistened Flushable Wipes, Fragrance Free, 640-count",https://www.costco.com/kirkland-signature-premoistened-flushable-wipes-fragrance-free-640-count.product.4000044496.html,,,0,0,https://www.costco.com/all-costco-grocery.html
68019c14-a7d6-50eb-93f7-3bdc12c6f815,1738,100385266,100385266,"Softsoap Advanced Clean Liquid Hand Soap Refill 80 oz, 2-pack",https://www.costco.com/softsoap-advanced-clean-liquid-hand-soap-refill-80-oz-2-pack.product.100385266.html,,,0,0,https://www.costco.com/all-costco-grocery.html
abaabda7-01de-5480-b2d4-0e64dffdb253,1738,11748454,11748454,Scotch Heavy Duty Shipping Tape 8-pack,https://www.costco.com/scotch-heavy-duty-shipping-tape-8-pack.product.11748454.html,,,0,0,https://www.costco.com/all-costco-grocery.html
9036eed2-8001-56a9-8e52-15e7c2dbc6e4,1738,4000375512,4000375512,"Kirkland Signature Daily Dry Facial Towels, 200-count",https://www.costco.com/kirkland-signature-daily-dry-facial-towels-200-count.product.4000375512.html,,,0,0,https://www.costco.com/all-costco-grocery.html
f1848891-b152-5158-a9e8-e5ae78a24468,1738,4000441192,4000441192,Kirkland Signature Micellar Facial Cleansing Wipes 180-count,https://www.costco.com/kirkland-signature-micellar-facial-cleansing-wipes-180-count.product.4000441192.html,,,0,0,https://www.costco.com/all-costco-grocery.html
0e8f67d1-7d73-57e8-b3fb-ebd0e705de7d,1738,4000063845,4000063845,"Gillette Venus ComfortGlide Essential Botanicals, 1 Razor + 12 Cartridges Gel",https://www.costco.com/gillette-venus-comfortglide-essential-botanicals-1-razor--12-cartridges-gel.product.4000063845.html,,,0,0,https://www.costco.com/all-costco-grocery.html
4e1909b4-6789-5986-a489-afb54ae335db,1738,100447863,100447863,"Swisspers Premium Hypoallergenic Cotton Rounds, 900-count",https://www.costco.com/swisspers-premium-hypoallergenic-cotton-rounds-900-count.product.100447863.html,,,0,0,https://www.costco.com/all-costco-grocery.html
efb2b98f-820c-574a-aba5-546c5b675701,1738,100745514,100745514,"Kirkland Signature Moisture Shampoo, 33.8 fl oz, 1-count",https://www.costco.com/kirkland-signature-moisture-shampoo-338-fl-oz-1-count.product.100745514.html,,,0,0,https://www.costco.com/all-costco-grocery.html
de10d858-3eaa-52d0-960a-ea1694bda1d2,1738,4201008957,4201008957,"Crest 3D White Brilliant Mint Whitening Toothpaste, 5.2 oz, 5-pack",https://www.costco.com/crest-3d-white-brilliant-mint-whitening-toothpaste-52-oz-5-pack.product.4201008957.html,,,0,0,https://www.costco.com/all-costco-grocery.html
7fc1a42f-c155-5269-bc3b-b076ead14f4f,1738,100809908,100809908,"Gillette Proglide Plus Razor Cartridge Refills, 16-count",https://www.costco.com/gillette-proglide-plus-razor-cartridge-refills-16-count.product.100809908.html,,,0,0,https://www.costco.com/all-costco-grocery.html
2ccf209a-04e9-5028-a80b-61f9f62ab8a5,1738,100085370,100085370,"Duracell 9V Alkaline Batteries, 8-count",https://www.costco.com/duracell-9v-alkaline-batteries-8-count.product.100085370.html,,,0,0,https://www.costco.com/all-costco-grocery.html
c0fd289f-0def-5055-b572-a0a867b009fd,1738,4000062546,4000062546,"Cetaphil Gentle Skin Cleanser, Dry to Normal Sensitive Skin, 20 fl oz, 2-count",https://www.costco.com/cetaphil-gentle-skin-cleanser-dry-to-normal-sensitive-skin-20-fl-oz-2-count.product.4000062546.html,,,0,0,https://www.costco.com/all-costco-grocery.html
f6812101-d376-5dad-b10f-7f9d7c68af72,1738,100737979,100737979,"Gillette Ultimate Protection 6-in-1 Antiperspirant, 3.8 oz, 5-pack",https://www.costco.com/gillette-ultimate-protection-6-in-1-antiperspirant-38-oz-5-pack.product.100737979.html,,,0,0,https://www.costco.com/all-costco-grocery.html
0ea517f6-f13e-528e-9114-577f4933450c,1738,4000257190,4000257190,"Neutrogena Makeup Remover Wipes, 125-count",https://www.costco.com/neutrogena-makeup-remover-wipes-125-count.product.4000257190.html,,,0,0,https://www.costco.com/all-costco-grocery.html
dfd34b73-002f-582d-b5b6-b9a6e1646896,1738,4000058742,4000058742,"Cetaphil Moisturizing Cream Ultimate with Prebiotic Aloe, Very Dry to Dry Sensitive Skin, 20 oz + 16 oz, 2-pack",https://www.costco.com/cetaphil-moisturizing-cream-ultimate-with-prebiotic-aloe-very-dry-to-dry-sensitive-skin-20-oz--16-oz-2-pack.product.4000058742.html,,,0,0,https://www.costco.com/all-costco-grocery.html
3cd9ca61-16cb-5697-9825-37ac2bbbd45b,1738,100104327,100104327,"Listerine UltraClean Coolmint Mouthwash, 1.5 Liter, 2-count",https://www.costco.com/listerine-ultraclean-coolmint-mouthwash-15-liter-2-count.product.100104327.html,,,0,0,https://www.costco.com/all-costco-grocery.html
ba54238f-a072-5738-9a07-209ce344a713,1738,100733023,100733023,"Gillette Venus Sensitive Plus Disposable Razor, 15-count",https://www.costco.com/gillette-venus-sensitive-plus-disposable-razor-15-count.product.100733023.html,,,0,0,https://www.costco.com/all-costco-grocery.html
88787378-edeb-5eab-ad29-1acb995f7567,1738,100711261,100711261,"Crest + Scope Cavity Protection Toothpaste, 8.2 oz, 5-pack",https://www.costco.com/crest--scope-cavity-protection-toothpaste-82-oz-5-pack.product.100711261.html,,,0,0,https://www.costco.com/all-costco-grocery.html
99317d37-e887-5fa4-b8d5-1d192079afbd,1738,100643940,100643940,"Kirkland Signature Bar Soap with Shea Butter, 15 Bars",https://www.costco.com/kirkland-signature-bar-soap-with-shea-butter-15-bars.product.100643940.html,,,0,0,https://www.costco.com/all-costco-grocery.html
6d16334e-7061-5c3a-a083-28247a22ba67,1738,100339368,100339368,"Duracell C Alkaline Batteries, 14-count",https://www.costco.com/duracell-c-alkaline-batteries-14-count.product.100339368.html,,,0,0,https://www.costco.com/all-costco-grocery.html
eb877a32-7e53-5b41-8571-54793647a809,1738,4000151041,4000151041,"Crest Pro-Health Advanced Mouthwash, 33.8 fl oz, 3-pack",https://www.costco.com/crest-pro-health-advanced-mouthwash-338-fl-oz-3-pack.product.4000151041.html,,,0,0,https://www.costco.com/all-costco-grocery.html
4a29929e-ee7c-532f-83bb-8a32af2a65c3,1738,100746247,100746247,"Kirkland Signature Moisture Conditioner, 33.8 fl oz, 1-count",https://www.costco.com/kirkland-signature-moisture-conditioner-338-fl-oz-1-count.product.100746247.html,,,0,0,https://www.costco.com/all-costco-grocery.html
747e5690-4a4a-5e75-a600-350392e6aa6b,1738,4000352107,4000352107,"Dove Deep Moisture Body Wash, 23 fl oz, 3-pack",https://www.costco.com/dove-deep-moisture-body-wash-23-fl-oz-3-pack.product.4000352107.html,,,0,0,https://www.costco.com/all-costco-grocery.html
b6b38d39-416e-5792-923a-e5bc52bcfc58,1738,100460088,100460088,"Unitex 100% Cotton Towel, White, 14 in x 17 in, 52-count",https://www.costco.com/unitex-100-cotton-towel-white-14-in-x-17-in-52-count.product.100460088.html,,,0,0,https://www.costco.com/all-costco-grocery.html
e69364a4-36ba-5da1-ab97-c45ad1865234,1738,100322549,100322549,"Duracell D Alkaline Batteries, 14-count",https://www.costco.com/duracell-d-alkaline-batteries-14-count.product.100322549.html,,,0,0,https://www.costco.com/all-costco-grocery.html
e9dc3599-fd0f-54de-a42c-a7ac579c6f38,1738,100650348,100650348,"Dove Moisturizing Beauty Bar Soap Original, 3.75 oz, 16 Bars",https://www.costco.com/dove-moisturizing-beauty-bar-soap-original-375-oz-16-bars.product.100650348.html,,,0,0,https://www.costco.com/all-costco-grocery.html
f06d0c92-3846-540d-ad2e-c7a4f5d5fd90,1738,100473402,100473402,"Colgate Total Active Prevention Plus Advanced Whitening Toothpaste, 6.4 oz, 5-pack",https://www.costco.com/colgate-total-active-prevention-plus-advanced-whitening-toothpaste-64-oz-5-pack.product.100473402.html,,,0,0,https://www.costco.com/all-costco-grocery.html
09efaab0-6c23-5830-bf2a-731de34a0ad1,1738,100812038,100812038,"Band-Aid Adhesive Bandages, Assorted, 198-count",https://www.costco.com/band-aid-adhesive-bandages-assorted-198-count.product.100812038.html,,,0,0,https://www.costco.com/all-costco-grocery.html
3bd3f1ec-d0ca-5eb2-a84b-6205f1ae1461,1738,100811165,100811165,"RICO Baby Wipes, 720-count",https://www.costco.com/rico-baby-wipes-720-count.product.100811165.html,,,0,0,https://www.costco.com/all-costco-grocery.html
7d983557-e7f4-54cf-a17e-50bbce05c9ee,1738,4000339188,4000339188,"Frito Lay Simply Variety Pack, 30-count",https://www.costco.com/frito-lay-simply-variety-pack-30-count.product.4000339188.html,,,0,0,https://www.costco.com/all-costco-grocery.html
da268b31-7afd-5f37-b145-54015638e739,1738,100650384,100650384,"Dove Moisturizing Beauty Bar Soap Sensitive Skin, 3.75 oz, 16 Bars",https://www.costco.com/dove-moisturizing-beauty-bar-soap-sensitive-skin-375-oz-16-bars.product.100650384.html,,,0,0,https://www.costco.com/all-costco-grocery.html
30ee63a8-328b-5f26-be96-519a9c629a5b,1738,4000392769,4000392769,"Dove Sensitive Body Wash, 23 fl oz, 3-pack",https://www.costco.com/dove-sensitive-body-wash-23-fl-oz-3-pack.product.4000392769.html,,,0,0,https://www.costco.com/all-costco-grocery.html
4a14d100-c5e2-5ef0-b545-0579ec3c104f,1738,4000322532,4000322532,"Oral-B Glide Advanced Deep Clean Floss, 6-pack",https://www.costco.com/oral-b-glide-advanced-deep-clean-floss-6-pack.product.4000322532.html,,,0,0,https://www.costco.com/all-costco-grocery.html
c86df242-b55a-55f1-b559-a7318746a0e7,1738,100675007,100675007,"Nestle Nido Kinder 1+ Toddler Powdered Milk, 77.6 oz",https://www.costco.com/nestle-nido-kinder-1-toddler-powdered-milk-776-oz.product.100675007.html,,,0,0,https://www.costco.com/all-costco-grocery.html
506febd3-4827-5313-bdac-e1ff1754e5d7,1738,4000298430,4000298430,"Tampax Pearl Advanced Duopack, 87-count",https://www.costco.com/tampax-pearl-advanced-duopack-87-count.product.4000298430.html,,,0,0,https://www.costco.com/all-costco-grocery.html
89c0b007-14c0-5a84-8e35-79fb0fe04a9b,1738,100853676,100853676,"Degree Men UltraClear+ Antiperspirant Deodorant, Black & White, 2.7 oz, 5-pack",https://www.costco.com/degree-men-ultraclear-antiperspirant-deodorant-black--white-27-oz-5-pack.product.100853676.html,,,0,0,https://www.costco.com/all-costco-grocery.html
560100ac-67db-5d90-af41-9ca4d277c566,1738,100463241,100463241,"trunature Cranberry 650 mg, 140 Vegetarian Capsules",https://www.costco.com/trunature-cranberry-650-mg-140-vegetarian-capsules.product.100463241.html,,,0,0,https://www.costco.com/all-costco-grocery.html
96329fce-1d07-5e4a-b6d1-5ed92537a56e,1738,100520262,100520262,"Always Ultra Thin Advanced Overnight Pads, 76-count",https://www.costco.com/always-ultra-thin-advanced-overnight-pads-76-count.product.100520262.html,,,0,0,https://www.costco.com/all-costco-grocery.html
8ba08cc0-ede1-5244-8ddb-b69b84ddbdcd,1738,4201001268,4201001268,"Always Infinity FlexFoam Pads, 72-count",https://www.costco.com/always-infinity-flexfoam-pads-72-count.product.4201001268.html,,,0,0,https://www.costco.com/all-costco-grocery.html
6cc8fec7-34f3-52ab-a74a-8a9fa6ace2a3,1738,10031413,10031413,"TUMS Antacid Ultra Strength, 265 Chewable Tablets",https://www.costco.com/tums-antacid-ultra-strength-265-chewable-tablets.product.10031413.html,,,0,0,https://www.costco.com/all-costco-grocery.html
b25653a7-9ec5-5c9d-8b5a-f659456a2b12,1738,4000444178,4000444178,"Kirkland Signature Sparkling Energy Drink, Variety Pack, 12 fl oz, 24-count",https://www.costco.com/kirkland-signature-sparkling-energy-drink-variety-pack-12-fl-oz-24-count.product.4000444178.html,,,0,0,https://www.costco.com/beverages.html
e0793c67-9316-5d81-bd42-b3122f9e1cde,1738,100735424,100735424,"Coca-Cola Mini, 7.5 fl oz, 30-count",https://www.costco.com/coca-cola-mini-75-fl-oz-30-count.product.100735424.html,,,0,0,https://www.costco.com/beverages.html
01aba19f-468c-5b2c-a73b-1396262d2e39,1738,4000448713,4000448713,"Celsius Vibe Energy Drink, Variety Pack, 12 fl oz, 18-count",https://www.costco.com/celsius-vibe-energy-drink-variety-pack-12-fl-oz-18-count.product.4000448713.html,,,0,0,https://www.costco.com/beverages.html
3f053692-f83a-5a0d-9738-0d6ae020bf5a,1738,100787633,100787633,"Coca-Cola Mini, Variety Pack, 7.5 fl oz, 30-count",https://www.costco.com/coca-cola-mini-variety-pack-75-fl-oz-30-count.product.100787633.html,,,0,0,https://www.costco.com/beverages.html
2fe4c3ab-e298-50c9-8587-7f19157e13ed,1738,100411697,100411697,"Vita Coco, Coconut Water, 11.1 fl oz, 18-Count",https://www.costco.com/vita-coco-coconut-water-111-fl-oz-18-count.product.100411697.html,,,0,0,https://www.costco.com/beverages.html
63a63865-dd77-529b-a7a0-a6f87ed14e53,1738,4000269836,4000269836,"Alani Nu Energy Drink, Variety Pack, 12 fl oz, 18-count",https://www.costco.com/alani-nu-energy-drink-variety-pack-12-fl-oz-18-count.product.4000269836.html,,,0,0,https://www.costco.com/beverages.html
883b17ab-198c-5930-aad0-512092d4059f,1738,4000242113,4000242113,"BODYARMOR Lyte Sports Drink, Variety Pack, 20 fl oz, 18-count",https://www.costco.com/bodyarmor-lyte-sports-drink-variety-pack-20-fl-oz-18-count.product.4000242113.html,,,0,0,https://www.costco.com/beverages.html
07a97149-08e1-5c31-bd12-1ba3a30c3162,1738,4000348391,4000348391,"San Pellegrino Ciao! Sparkling Water, Variety Pack, 11.15 fl oz, 24-count",https://www.costco.com/san-pellegrino-ciao-sparkling-water-variety-pack-1115-fl-oz-24-count.product.4000348391.html,,,0,0,https://www.costco.com/beverages.html
fc4a50a1-5c44-5d0e-8123-1ced52bd6b7c,1738,4201005694,4201005694,"Bloom Sparkling Energy Drink, Flavor Obsessions Variety Pack, 12 fl oz, 18-count",https://www.costco.com/bloom-sparkling-energy-drink-flavor-obsessions-variety-pack-12-fl-oz-18-count.product.4201005694.html,,,0,0,https://www.costco.com/beverages.html
93074e9f-3ed3-5b8d-9bd3-4d0da761c541,1738,4000446425,4000446425,"Maison Perrier French Kiss Sparkling Juice Beverage, Variety Pack, 11.15 fl oz, 20-count",https://www.costco.com/maison-perrier-french-kiss-sparkling-juice-beverage-variety-pack-1115-fl-oz-20-count.product.4000446425.html,,,0,0,https://www.costco.com/beverages.html
a03fe239-c3e4-5234-83d5-0e94929ef5e6,1738,4000448697,4000448697,"Poppi Soda, Juicy Hits Variety Pack, 12 fl oz, 18-count",https://www.costco.com/poppi-soda-juicy-hits-variety-pack-12-fl-oz-18-count.product.4000448697.html,,,0,0,https://www.costco.com/beverages.html
6d45b71a-9b37-5e57-bd80-5ffe18c8dbb4,1738,100643804,100643804,"Kirkland Signature, Organic Coconut Water, 11.1 fl oz, 12-count",https://www.costco.com/kirkland-signature-organic-coconut-water-111-fl-oz-12-count.product.100643804.html,,,0,0,https://www.costco.com/beverages.html
303dd0d2-bcfd-521c-8458-120b5981dd22,1738,4000235669,4000235669,"IZZE, Sparkling Juice Beverage, Variety Pack, 8.4 fl oz, 24-Count",https://www.costco.com/izze-sparkling-juice-beverage-variety-pack-84-fl-oz-24-count.product.4000235669.html,,,0,0,https://www.costco.com/beverages.html
6a04cc4b-9100-5d56-a211-466e699c5412,1738,100486065,100486065,"Honest Kids, Organic Juice Drink, Variety Pack, 6 fl oz, 40-Count",https://www.costco.com/honest-kids-organic-juice-drink-variety-pack-6-fl-oz-40-count.product.100486065.html,,,0,0,https://www.costco.com/beverages.html
8b4ed0c1-6715-59ed-9d6d-47f8d7ef5079,1738,4000387897,4000387897,"Celsius Sparkling Energy Drink, Core Variety Pack, 12 fl oz, 18-count",https://www.costco.com/celsius-sparkling-energy-drink-core-variety-pack-12-fl-oz-18-count.product.4000387897.html,,,0,0,https://www.costco.com/beverages.html
7e1a23ee-064a-53f3-8094-3eecddf1af21,1738,4000234662,4000234662,"Maison Perrier Sparkling Water, 16.9 fl oz, 24-count",https://www.costco.com/maison-perrier-sparkling-water-169-fl-oz-24-count.product.4000234662.html,,,0,0,https://www.costco.com/beverages.html
b5ea2ae3-3988-58a4-88da-4276f87a79ec,1738,4000225361,4000225361,"Joyburst Hydration Drink, Variety Pack, 16.9 fl oz, 18-count",https://www.costco.com/joyburst-hydration-drink-variety-pack-169-fl-oz-18-count.product.4000225361.html,,,0,0,https://www.costco.com/beverages.html
b3897e26-4522-574c-b6ea-1c61ece75b35,1738,100795656,100795656,"S.Pellegrino Sparkling Natural Mineral Water, 16.9 fl oz, 24-count",https://www.costco.com/spellegrino-sparkling-natural-mineral-water-169-fl-oz-24-count.product.100795656.html,,,0,0,https://www.costco.com/beverages.html
56baca76-129b-56bf-abb5-15b086291748,1738,4000365658,4000365658,"Alani Nu Energy Drink, Witch's Brew, 12 fl oz, 18-count",https://www.costco.com/alani-nu-energy-drink-witchs-brew-12-fl-oz-18-count.product.4000365658.html,,,0,0,https://www.costco.com/beverages.html
a89df523-f663-5f0b-9cfd-0597b32d61dc,1738,100644634,100644634,"Propel Fitness Water Variety Pack, 16.9 fl oz, 24-count",https://www.costco.com/propel-fitness-water-variety-pack-169-fl-oz-24-count.product.100644634.html,,,0,0,https://www.costco.com/beverages.html
faf44b26-6c5a-5f86-bc5f-0c85096bed0f,1738,100800661,100800661,"Gatorade Thirst Quencher, Turf Variety Pack, 12 fl oz, 28-count",https://www.costco.com/gatorade-thirst-quencher-turf-variety-pack-12-fl-oz-28-count.product.100800661.html,,,0,0,https://www.costco.com/beverages.html
d7088945-9991-5733-9e23-6e9af4ba98aa,1738,100812475,100812475,"Ocean Spray, Cranberry Juice, Variety Pack, 10 fl oz, 24-Count",https://www.costco.com/ocean-spray-cranberry-juice-variety-pack-10-fl-oz-24-count.product.100812475.html,,,0,0,https://www.costco.com/beverages.html
7e16e19d-998c-516c-ab8a-ad1f2405c18b,1738,100841513,100841513,"Kirkland Signature, Organic Coconut Water, 33.8 fl oz, 9-count",https://www.costco.com/kirkland-signature-organic-coconut-water-338-fl-oz-9-count.product.100841513.html,,,0,0,https://www.costco.com/beverages.html
af040ba8-8036-5a03-ae06-8e92c5938c85,1738,4201001800,4201001800,"LMNT Sparkling Electrolyte Drink, Variety Pack, 12 fl oz, 15-count",https://www.costco.com/lmnt-sparkling-electrolyte-drink-variety-pack-12-fl-oz-15-count.product.4201001800.html,,,0,0,https://www.costco.com/beverages.html
887f76ac-39a9-52e7-94f6-2afc152d57b0,1738,4000442683,4000442683,"Olipop Mini Soda, Variety Pack, 7.5 fl oz, 15-count",https://www.costco.com/olipop-mini-soda-variety-pack-75-fl-oz-15-count.product.4000442683.html,,,0,0,https://www.costco.com/beverages.html
4218022f-2637-5d4b-9992-4a3c5920f731,1738,4201002019,4201002019,"Liquid Death Soda-Flavored Sparkling Water, Variety Pack, 24-count",https://www.costco.com/liquid-death-soda-flavored-sparkling-water-variety-pack-24-count.product.4201002019.html,,,0,0,https://www.costco.com/beverages.html
af6a0da6-1692-5441-a1c2-2d5a7b746ef3,1738,4000372651,4000372651,"Kirkland Signature Flavored Sparkling Water, 17 fl oz, 24-count",https://www.costco.com/kirkland-signature-flavored-sparkling-water-17-fl-oz-24-count.product.4000372651.html,,,0,0,https://www.costco.com/beverages.html
9381c035-7a53-59ee-834f-9ec43e7d8da6,1738,4201001644,4201001644,"Saint James Organic Brewed Tea, Variety Pack, 16 fl oz, 15-count",https://www.costco.com/saint-james-organic-brewed-tea-variety-pack-16-fl-oz-15-count.product.4201001644.html,,,0,0,https://www.costco.com/beverages.html
be54f08c-aa9a-5bee-8479-6d31c414a270,1738,4000351024,4000351024,"Olipop Soda, Variety Pack, 12 fl oz, 15-count",https://www.costco.com/olipop-soda-variety-pack-12-fl-oz-15-count.product.4000351024.html,,,0,0,https://www.costco.com/beverages.html
9fcb8644-7c1f-5b36-adbf-e0d38227bed3,1738,4000412420,4000412420,"Sparkling Ice Zero Sugar Sparkling Water Purple Variety Pack, 17 fl oz, 24-count",https://www.costco.com/sparkling-ice-zero-sugar-sparkling-water-purple-variety-pack-17-fl-oz-24-count.product.4000412420.html,,,0,0,https://www.costco.com/beverages.html
b939e578-7f16-58a5-95e9-10b634bb7e03,1738,100709443,100709443,"Gatorade Thirst Quencher, Core Variety Pack, 12 fl oz, 28-count",https://www.costco.com/gatorade-thirst-quencher-core-variety-pack-12-fl-oz-28-count.product.100709443.html,,,0,0,https://www.costco.com/beverages.html
487f9f0e-8785-50bf-8d45-427d7d78859f,1738,100384650,100384650,"Kirkland Signature, Organic Lemonade, 96 fl oz, 2-count",https://www.costco.com/kirkland-signature-organic-lemonade-96-fl-oz-2-count.product.100384650.html,,,0,0,https://www.costco.com/beverages.html
d9e341a6-b67c-52d9-a9ff-e269bd477a46,1738,100371255,100371255,"Capri Sun, 100% Juice, Variety Pack, 6 fl oz, 40-count",https://www.costco.com/capri-sun-100-juice-variety-pack-6-fl-oz-40-count.product.100371255.html,,,0,0,https://www.costco.com/beverages.html
a4880de4-edc1-546f-bd7e-57a464e82da2,1738,100765799,100765799,"La Croix Sparkling Water, Beach Plum, Guava Sao Paulo and Black Razz Berry Variety Pack, 12 fl oz, 24-count",https://www.costco.com/la-croix-sparkling-water-beach-plum-guava-sao-paulo-and-black-razz-berry-variety-pack-12-fl-oz-24-count.product.100765799.html,,,0,0,https://www.costco.com/beverages.html
af75060b-3052-5d73-85b8-6b2b29330e55,1738,4000397460,4000397460,"Bai Antioxidant Beverage, Fruit Variety Pack, 18 fl oz, 15-count",https://www.costco.com/bai-antioxidant-beverage-fruit-variety-pack-18-fl-oz-15-count.product.4000397460.html,,,0,0,https://www.costco.com/beverages.html
d472df1b-0acc-5417-83b1-93fd3a867864,1738,100381498,100381498,"Apple & Eve, 100% Juice, Variety Pack, 6.75 fl oz, 36-Count",https://www.costco.com/apple--eve-100-juice-variety-pack-675-fl-oz-36-count.product.100381498.html,,,0,0,https://www.costco.com/beverages.html
8af4080d-3742-56e2-8d92-10e6860b9c79,1738,100779437,100779437,"Welch's 100% Juice Drink, Variety Pack, 10 fl oz, 24-count",https://www.costco.com/welchs-100-juice-drink-variety-pack-10-fl-oz-24-count.product.100779437.html,,,0,0,https://www.costco.com/beverages.html
9cc4a2ca-6935-5cfa-9950-3a93bdd1ab19,1738,4000439916,4000439916,"Gatorade Lower Sugar, Variety Pack, 12 fl oz, 24-count",https://www.costco.com/gatorade-lower-sugar-variety-pack-12-fl-oz-24-count.product.4000439916.html,,,0,0,https://www.costco.com/beverages.html
091a6e49-1945-58e0-9421-11c7f9f2a36a,1738,100451132,100451132,"Sprite Lemon-Lime Caffeine Free Soda Soft Drink Cans, 12 fl oz, 35-count",https://www.costco.com/sprite-lemon-lime-caffeine-free-soda-soft-drink-cans-12-fl-oz-35-count.product.100451132.html,,,0,0,https://www.costco.com/beverages.html
db7800e5-3954-56fd-98ea-67c6aa688078,1738,100368220,100368220,"Red Bull Energy Drink, Sugar Free, 8.4 fl oz, 24-count",https://www.costco.com/red-bull-energy-drink-sugar-free-84-fl-oz-24-count.product.100368220.html,,,0,0,https://www.costco.com/beverages.html
8d8a0ee0-a4f3-5429-b615-a48d73be7b9b,1738,4000444745,4000444745,"Ghost Energy Drink, Variety Pack, 16 fl oz, 18-count",https://www.costco.com/ghost-energy-drink-variety-pack-16-fl-oz-18-count.product.4000444745.html,,,0,0,https://www.costco.com/beverages.html
b118e2c6-8d73-594f-9c3c-c67639fab652,1738,100381588,100381588,"Carnation, Evaporated Milk, 12 fl oz, 12-Count",https://www.costco.com/carnation-evaporated-milk-12-fl-oz-12-count.product.100381588.html,,,0,0,https://www.costco.com/beverages.html
e15f151a-67b1-5f12-b438-c3b1ae598e81,1738,100314147,100314147,"Kirkland Signature, Organic Almond Beverage, Vanilla, 32 fl oz, 6-Count",https://www.costco.com/kirkland-signature-organic-almond-beverage-vanilla-32-fl-oz-6-count.product.100314147.html,,,0,0,https://www.costco.com/beverages.html
8c7f8640-655b-5d5c-9277-2f9d67293462,1738,100392423,100392423,"Sunny D Citrus Punch, Tangy Original, 11.3 fl oz, 30-Count",https://www.costco.com/sunny-d-citrus-punch-tangy-original-113-fl-oz-30-count.product.100392423.html,,,0,0,https://www.costco.com/beverages.html
a4ea13a2-0d5c-5a2f-a533-c12ab24281f3,1738,4000361369,4000361369,"Celsius Sparkling Energy Drink, Vibe Variety Pack, 12 fl oz, 18-count",https://www.costco.com/celsius-sparkling-energy-drink-vibe-variety-pack-12-fl-oz-18-count.product.4000361369.html,,,0,0,https://www.costco.com/beverages.html
28afd0c8-1789-5612-acd0-96420f0709c0,1738,100638343,100638343,"Kirkland Signature, Organic Non-Dairy Oat Beverage, 32 oz, 6-count",https://www.costco.com/kirkland-signature-organic-non-dairy-oat-beverage-32-oz-6-count.product.100638343.html,,,0,0,https://www.costco.com/beverages.html
8083a968-a435-5406-b115-e19e73eec34a,1738,4000443229,4000443229,"Kirkland Signature Sport Drink, Variety Pack, 12 fl oz, 24-count",https://www.costco.com/kirkland-signature-sport-drink-variety-pack-12-fl-oz-24-count.product.4000443229.html,,,0,0,https://www.costco.com/beverages.html
79aa003b-b4b6-5ad3-be78-349ea9a968cf,1738,100456512,100456512,"Kirkland Signature, Almond Milk, 1 qt, 12-count",https://www.costco.com/kirkland-signature-almond-milk-1-qt-12-count.product.100456512.html,,,0,0,https://www.costco.com/beverages.html
00c2aad9-3fce-5e82-87e2-217a953cca9d,1738,100440556,100440556,"Coca-Cola de Mexico Soda Soft Drink Glass Bottles, 335 mL, 24-count",https://www.costco.com/coca-cola-de-mexico-soda-soft-drink-glass-bottles-335-ml-24-count.product.100440556.html,,,0,0,https://www.costco.com/beverages.html
d0a0ac06-a5f9-594e-8f90-071331fc9da8,1738,100449940,100449940,"SO Delicious, Organic Coconut Milk, 32 oz, 6-Count",https://www.costco.com/so-delicious-organic-coconut-milk-32-oz-6-count.product.100449940.html,,,0,0,https://www.costco.com/beverages.html
e846da56-8542-5aab-96f1-93ba9eea1f04,1738,100368228,100368228,"Red Bull Energy Drink, 8.4 fl oz, 24-count",https://www.costco.com/red-bull-energy-drink-84-fl-oz-24-count.product.100368228.html,,,0,0,https://www.costco.com/beverages.html
4f01ca8d-756c-5de8-862b-dcb0f833579a,1738,4201003687,4201003687,"Kirkland Signature A2 Chocolate Milk, 8 fl oz, 24-count",https://www.costco.com/kirkland-signature-a2-chocolate-milk-8-fl-oz-24-count.product.4201003687.html,,,0,0,https://www.costco.com/beverages.html
bf10bb66-2b23-5fbb-aeaf-d05d750bcdbe,1738,4000240044,4000240044,"Kirkland Signature Organic Whole Milk, 8 fl oz, 18-count",https://www.costco.com/kirkland-signature-organic-whole-milk-8-fl-oz-18-count.product.4000240044.html,,,0,0,https://www.costco.com/beverages.html
48a647a1-628f-5a72-87b6-7b0fb126b2e3,1738,100461841,100461841,"Swiss Miss, Hot Cocoa Mix, 1.38 oz, 50-Count",https://www.costco.com/swiss-miss-hot-cocoa-mix-138-oz-50-count.product.100461841.html,,,0,0,https://www.costco.com/beverages.html
04560be2-c7ab-5cb3-abb3-9bf7fefc6bf9,1738,100688557,100688557,"Kirkland Signature Organic A2 Whole Milk, Half Gallon, 3-count",https://www.costco.com/kirkland-signature-organic-a2-whole-milk-half-gallon-3-count.product.100688557.html,,,0,0,https://www.costco.com/beverages.html
5a2f2a9d-17ea-5fde-9d90-9a1351cc81e6,1738,4000446237,4000446237,"Monster Energy Drink, Ultra Variety Pack, 12 fl oz, 24-count",https://www.costco.com/monster-energy-drink-ultra-variety-pack-12-fl-oz-24-count.product.4000446237.html,,,0,0,https://www.costco.com/beverages.html
a33cf799-7a3f-5e52-8de8-7c4aaf0492e7,1738,100451360,100451360,"Coca-Cola Classic, 12 fl oz, 35-count",https://www.costco.com/coca-cola-classic-12-fl-oz-35-count.product.100451360.html,,,0,0,https://www.costco.com/beverages.html
37ad5a72-e4eb-5dfe-8037-dbc8c3ee901b,1738,100616479,100616479,"Welch’s, 100% Grape Juice Blend, Concord Grape, 96 fl oz, 2-Count",https://www.costco.com/welchs-100-grape-juice-blend-concord-grape-96-fl-oz-2-count.product.100616479.html,,,0,0,https://www.costco.com/beverages.html
a7f955a3-92b6-5319-9938-e2f274ffa634,1738,100433654,100433654,"Mott's Organic 100% Apple Juice, 1 Gal, 2-count",https://www.costco.com/motts-organic-100-apple-juice-1-gal-2-count.product.100433654.html,,,0,0,https://www.costco.com/beverages.html
156fdad1-ca95-5769-a728-74388b935bcd,1738,4000359657,4000359657,"Gatorade Zero Variety Pack, 20 fl oz, 24-count",https://www.costco.com/gatorade-zero-variety-pack-20-fl-oz-24-count.product.4000359657.html,,,0,0,https://www.costco.com/beverages.html
964c855c-57c4-54cd-be9c-bc918cc1e4ce,1738,100442348,100442348,"Lipton, Iced Tea Mix, Lemon, 5 lbs",https://www.costco.com/lipton-iced-tea-mix-lemon-5-lbs.product.100442348.html,,,0,0,https://www.costco.com/beverages.html
52424a1c-452d-53bb-828a-f225c14cbc14,1738,4000349261,4000349261,"AG1 Daily Foundational Nutrition, 40-count",https://www.costco.com/ag1-daily-foundational-nutrition-40-count.product.4000349261.html,,,0,0,https://www.costco.com/beverages.html
e39da367-2bd5-5e2a-a477-6b8284aca09c,1738,100398626,100398626,"Glacéau Smartwater, 1 L, 15-count",https://www.costco.com/glacau-smartwater-1-l-15-count.product.100398626.html,,,0,0,https://www.costco.com/beverages.html
a1d29bf5-2016-5ca4-9daa-185d23cd3c6f,1738,4201023800,4201023800,"Health-Ade Organic Fruity Fusion Kombucha Variety Pack, 16 fl oz, 6-count",https://www.costco.com/health-ade-organic-fruity-fusion-kombucha-variety-pack-16-fl-oz-6-count.product.4201023800.html,,,0,0,https://www.costco.com/beverages.html
682842ec-c36e-59bc-b405-2ae83c35c729,1738,4000033301,4000033301,"FIJI Natural Artesian Water, 16.9 fl oz, 24-count",https://www.costco.com/fiji-natural-artesian-water-169-fl-oz-24-count.product.4000033301.html,,,0,0,https://www.costco.com/beverages.html
f2c3eacb-b106-5335-80c4-c67868231df4,1738,4000179611,4000179611,"San Pellegrino Sparkling Natural Mineral Water, 25.3 fl oz, 15-count",https://www.costco.com/san-pellegrino-sparkling-natural-mineral-water-253-fl-oz-15-count.product.4000179611.html,,,0,0,https://www.costco.com/beverages.html
b2e580ee-ce4f-5683-8653-30797892df77,1738,100588180,100588180,"Kirkland Signaure Organic Raw Kombucha, 16 fl oz, 8-count",https://www.costco.com/kirkland-signaure-organic-raw-kombucha-16-fl-oz-8-count.product.100588180.html,,,0,0,https://www.costco.com/beverages.html
9ee81628-cf74-595b-a328-11ae6f329b0b,1738,4000233754,4000233754,"POM Wonderful 100% Pomegranate Juice, 64 fl oz",https://www.costco.com/pom-wonderful-100-pomegranate-juice-64-fl-oz.product.4000233754.html,,,0,0,https://www.costco.com/beverages.html
49a699ad-f0f0-5441-aa51-68e53ed930d5,1738,4201001042,4201001042,"Kirkland Signature Ultra Filtered 2% Lactose Free Milk, Half Gallon, 3-count",https://www.costco.com/kirkland-signature-ultra-filtered-2-lactose-free-milk-half-gallon-3-count.product.4201001042.html,,,0,0,https://www.costco.com/beverages.html
ddde3081-657f-54a9-b1c1-4fa8891b6f05,1738,100737535,100737535,"Sambazon Organic Dragon Fruit Blend, 64 fl oz",https://www.costco.com/sambazon-organic-dragon-fruit-blend-64-fl-oz.product.100737535.html,,,0,0,https://www.costco.com/beverages.html
31ed40ef-1a1d-5ca7-8e4d-e11efd6e772e,1738,100437793,100437793,"Fever Tree Ginger Beer, 9.3 fl oz, 12-count",https://www.costco.com/fever-tree-ginger-beer-93-fl-oz-12-count.product.100437793.html,,,0,0,https://www.costco.com/beverages.html
14d295be-7551-58b2-9706-ed39b32c8c3e,1738,100688986,100688986,"Kirkland Signature Funhouse Treats, Variety Pack, 92 oz",https://www.costco.com/kirkland-signature-funhouse-treats-variety-pack-92-oz.product.100688986.html,,,0,0,https://www.costco.com/candy.html
df0965f3-b8a6-54fc-9ee3-68c4e3355592,1738,100381538,100381538,"Hershey's Variety Pack, 30-count",https://www.costco.com/hersheys-variety-pack-30-count.product.100381538.html,,,0,0,https://www.costco.com/candy.html
b8fe1d0b-5932-58fe-b650-b25ff8f6ddfb,1738,100381504,100381504,"M&M's, Snickers and More Chocolate Candy Bars, Variety Pack, 30-count",https://www.costco.com/mms-snickers-and-more-chocolate-candy-bars-variety-pack-30-count.product.100381504.html,,,0,0,https://www.costco.com/candy.html
54e23609-e9b2-5d76-8b2a-1ecbc1493dc6,1738,100390360,100390360,"Kellogg's Rice Krispies Treats, 0.78 oz, 60-count",https://www.costco.com/kelloggs-rice-krispies-treats-078-oz-60-count.product.100390360.html,,,0,0,https://www.costco.com/candy.html
ec336925-c8c2-501d-9717-4999283e2d48,1738,4000444766,4000444766,"Haribo Gummi Candy Happy Mix Variety Pack, 120-count",https://www.costco.com/haribo-gummi-candy-happy-mix-variety-pack-120-count.product.4000444766.html,,,0,0,https://www.costco.com/candy.html
932f35d1-42cc-5473-93a3-89d779860e00,1738,100381533,100381533,"Hershey's Nuggets Assortment, Variety Pack, 145-count",https://www.costco.com/hersheys-nuggets-assortment-variety-pack-145-count.product.100381533.html,,,0,0,https://www.costco.com/candy.html
9c642011-2174-56fa-a402-a1af3ce46e3c,1738,100394694,100394694,"M&M's Chocolate Candy, Peanut, 62 oz Jar",https://www.costco.com/mms-chocolate-candy-peanut-62-oz-jar.product.100394694.html,,,0,0,https://www.costco.com/candy.html
7d377a5e-6898-5d35-8c02-30bcb9e636b1,1738,4000064657,4000064657,"Skinny Dipped Cups, Dark Chocolate Peanut Butter, 30-count",https://www.costco.com/skinny-dipped-cups-dark-chocolate-peanut-butter-30-count.product.4000064657.html,,,0,0,https://www.costco.com/candy.html
e275ad77-31ea-5f17-89cb-9b3791a09c38,1738,100333883,100333883,"Kirkland Signature Raisins, Milk Chocolate, 3.4 lb",https://www.costco.com/kirkland-signature-raisins-milk-chocolate-34-lb.product.100333883.html,,,0,0,https://www.costco.com/candy.html
7ed7ec00-a12e-5a0d-bbff-fd4c8a8d5ba2,1738,100762844,100762844,"Fruit By The Foot, Variety, 0.75 oz, 48-count",https://www.costco.com/fruit-by-the-foot-variety-075-oz-48-count.product.100762844.html,,,0,0,https://www.costco.com/candy.html
d415a40a-5eaf-581a-8098-2e6ee131b8df,1738,4000416452,4000416452,"Kirkland Signature Milk Chocolate Covered Almonds, 48 oz",https://www.costco.com/kirkland-signature-milk-chocolate-covered-almonds-48-oz.product.4000416452.html,,,0,0,https://www.costco.com/candy.html
bf82f2ac-da02-580f-a41a-7c12293247eb,1738,4000349222,4000349222,"Jojo's Dark Chocolate Pistachio Almond Cranberry Bites, 14.4 oz",https://www.costco.com/jojos-dark-chocolate-pistachio-almond-cranberry-bites-144-oz.product.4000349222.html,,,0,0,https://www.costco.com/candy.html
7ffa3b5d-8f03-564d-b753-c8344d1386c9,1738,100383408,100383408,"Ferrero Rocher, Milk Chocolate Hazelnut Candy, 21.2 oz, 48 Count",https://www.costco.com/ferrero-rocher-milk-chocolate-hazelnut-candy-212-oz-48-count.product.100383408.html,,,0,0,https://www.costco.com/candy.html
62d0a61e-241f-562a-8c0a-17864bd35583,1738,100381532,100381532,"Hershey's Kisses, Milk Chocolate, 56 oz",https://www.costco.com/hersheys-kisses-milk-chocolate-56-oz.product.100381532.html,,,0,0,https://www.costco.com/candy.html
452e58d3-f29c-52cf-a43c-362f97af9c80,1738,100810714,100810714,"Toblerone Swiss Milk Chocolate Bar, 3.52 oz, 6-Count",https://www.costco.com/toblerone-swiss-milk-chocolate-bar-352-oz-6-count.product.100810714.html,,,0,0,https://www.costco.com/candy.html
6e0ae9ab-9e60-5fc6-ba78-0e9fa450c8fe,1738,4000184371,4000184371,"Extra Sugar Free Chewing Gum, Mint Variety Pack, 15 Sticks, 18-Count",https://www.costco.com/extra-sugar-free-chewing-gum-mint-variety-pack-15-sticks-18-count.product.4000184371.html,,,0,0,https://www.costco.com/candy.html
59a6928e-93e8-5f09-aedc-2af5392e2206,1738,100643925,100643925,"Kinder Bueno Chocolate and Hazelnut Chocolate Bars, 2 Bars, 1.5 oz, 20 Pack",https://www.costco.com/kinder-bueno-chocolate-and-hazelnut-chocolate-bars-2-bars-15-oz-20-pack.product.100643925.html,,,0,0,https://www.costco.com/candy.html
d80d7409-9c54-5d74-b46a-a0297448bdb8,1738,100851787,100851787,"Lindt Lindor Chocolate Truffles, Assorted Flavors, 21.2 oz",https://www.costco.com/lindt-lindor-chocolate-truffles-assorted-flavors-212-oz.product.100851787.html,,,0,0,https://www.costco.com/candy.html
28e13ab7-adaf-5cc1-8f85-1ce76f315964,1738,4000426545,4000426545,"Skinny Dipped Dark Chocolate Coconut Almond Bites, 30-count",https://www.costco.com/skinny-dipped-dark-chocolate-coconut-almond-bites-30-count.product.4000426545.html,,,0,0,https://www.costco.com/candy.html
eda81101-912b-5e5b-bbc0-f20cc12b60ce,1738,100368193,100368193,"Healthy Choice Organic Fudge Bars, 3 fl oz, 18-count",https://www.costco.com/healthy-choice-organic-fudge-bars-3-fl-oz-18-count.product.100368193.html,,,0,0,https://www.costco.com/candy.html
2f7abd2d-5624-55fa-bb0c-5adebe73843c,1738,100437854,100437854,"Kerrygold Pure Irish Butter, Salted, 8 oz, 4-count",https://www.costco.com/kerrygold-pure-irish-butter-salted-8-oz-4-count.product.100437854.html,,,0,0,https://www.costco.com/dairy-eggs-cheese.html
a2ca4671-8954-5b13-90be-d24dd8b3c359,1738,100433972,100433972,"Kirkland Signature Organic Greek Yogurt, 48 oz",https://www.costco.com/kirkland-signature-organic-greek-yogurt-48-oz.product.100433972.html,,,0,0,https://www.costco.com/dairy-eggs-cheese.html
51c646d8-43bd-5232-b622-435462b239ce,1738,100710281,100710281,"Cello Variety Pack, Cracker Cut, Premium Sliced Cheeses, 2 lbs",https://www.costco.com/cello-variety-pack-cracker-cut-premium-sliced-cheeses-2-lbs.product.100710281.html,,,0,0,https://www.costco.com/dairy-eggs-cheese.html
8ff23493-282c-5008-a222-80ec3f95e9f9,1738,100462183,100462183,"Oikos Triple Zero Greek Nonfat Yogurt, Variety Pack, 5.3 oz, 18-count",https://www.costco.com/oikos-triple-zero-greek-nonfat-yogurt-variety-pack-53-oz-18-count.product.100462183.html,,,0,0,https://www.costco.com/dairy-eggs-cheese.html
ee692af3-45c6-56eb-987b-eb1e658daad5,1738,100368194,100368194,"Chobani Greek Yogurt Variety Pack, 5.3 oz, 20-count",https://www.costco.com/chobani-greek-yogurt-variety-pack-53-oz-20-count.product.100368194.html,,,0,0,https://www.costco.com/dairy-eggs-cheese.html
7ccf72e7-2882-5732-aca3-aa120b8d4719,1738,100713067,100713067,"Kirkland Signature Grass-Fed Butter, 8 oz, 4-count",https://www.costco.com/kirkland-signature-grass-fed-butter-8-oz-4-count.product.100713067.html,,,0,0,https://www.costco.com/dairy-eggs-cheese.html
f2f76da9-d9d9-586d-a0bf-15bc6bd6a1e4,1738,100436420,100436420,"Kirkland Signature Shredded Mozzarella Cheese, 2.5 lbs, 2-count",https://www.costco.com/kirkland-signature-shredded-mozzarella-cheese-25-lbs-2-count.product.100436420.html,,,0,0,https://www.costco.com/dairy-eggs-cheese.html
85329cf3-a63e-54ef-9611-87b664ed4473,1738,100437629,100437629,"Kirkland Signature Shredded Mexican Style Blend Cheese, 2.5 lbs, 2-count",https://www.costco.com/kirkland-signature-shredded-mexican-style-blend-cheese-25-lbs-2-count.product.100437629.html,,,0,0,https://www.costco.com/dairy-eggs-cheese.html
51c3b010-2ee5-56f5-bd7b-217cf9235324,1738,4000345017,4000345017,"Chobani Protein Lowfat Greek Yogurt, 6.7 oz, 16-count",https://www.costco.com/chobani-protein-lowfat-greek-yogurt-67-oz-16-count.product.4000345017.html,,,0,0,https://www.costco.com/dairy-eggs-cheese.html
1ef4fd8c-eb82-5b45-965f-6abfbaf417c7,1738,100439614,100439614,"Busseto California Snackin' Bite Size Salami & Provolone Cheese, 8-count",https://www.costco.com/busseto-california-snackin-bite-size-salami--provolone-cheese-8-count.product.100439614.html,,,0,0,https://www.costco.com/dairy-eggs-cheese.html
5fef1ab2-c6a6-514e-96e1-43e1dc7157b4,1738,100637149,100637149,"Kirkland Signature Fresh Mozzarella, 18 oz, 2-count",https://www.costco.com/kirkland-signature-fresh-mozzarella-18-oz-2-count.product.100637149.html,,,0,0,https://www.costco.com/dairy-eggs-cheese.html
10c8a36f-0e62-58da-9f1d-977f8a268c17,1738,100715989,100715989,"Kirkland Signature Organic Greek Feta, 28.2 oz",https://www.costco.com/kirkland-signature-organic-greek-feta-282-oz.product.100715989.html,,,0,0,https://www.costco.com/dairy-eggs-cheese.html
d69df557-22b1-5e27-8261-468441a63576,1738,4201012739,4201012739,"Chobani 20g Protein Lowfat Plain Greek Yogurt, 40 oz",https://www.costco.com/chobani-20g-protein-lowfat-plain-greek-yogurt-40-oz.product.4201012739.html,,,0,0,https://www.costco.com/dairy-eggs-cheese.html
54d8328c-d3bf-503e-b387-382cf0498f38,1738,100439445,100439445,"Kerrygold Pure Unsalted Irish Butter, 8 oz, 4-count",https://www.costco.com/kerrygold-pure-unsalted-irish-butter-8-oz-4-count.product.100439445.html,,,0,0,https://www.costco.com/dairy-eggs-cheese.html
fe66ab7f-862b-5abb-b496-3ac1accbdb9a,1738,100453313,100453313,"BelGioioso Fresh Mozzarella Snacking Cheese, 1 oz, 24-count",https://www.costco.com/belgioioso-fresh-mozzarella-snacking-cheese-1-oz-24-count.product.100453313.html,,,0,0,https://www.costco.com/dairy-eggs-cheese.html
1cbc78a9-bede-5882-80cd-09a51c6f71d0,1738,100442159,100442159,"Finlandia Premium Cheese Slices, 2 lbs",https://www.costco.com/finlandia-premium-cheese-slices-2-lbs.product.100442159.html,,,0,0,https://www.costco.com/dairy-eggs-cheese.html
c649e38d-b60f-5f9b-ae43-7f90be88bece,1738,100387887,100387887,"Boursin Garlic & Fine Herbs + Shallot & Chive, Gourmet Cheese, 5.3 oz, 3-count",https://www.costco.com/boursin-garlic--fine-herbs--shallot--chive-gourmet-cheese-53-oz-3-count.product.100387887.html,,,0,0,https://www.costco.com/dairy-eggs-cheese.html
31da2b7b-8521-539d-b8bf-75a36bce79dc,1738,100423100,100423100,"Kraft Singles American Cheese, 96 Slices, 4 lbs",https://www.costco.com/kraft-singles-american-cheese-96-slices-4-lbs.product.100423100.html,,,0,0,https://www.costco.com/dairy-eggs-cheese.html
137d1986-d122-5d8a-9e65-a558ac3054cb,1738,4000109678,4000109678,"Babybel Mini Snack Cheese, Original, 0.71 oz, 36-count",https://www.costco.com/babybel-mini-snack-cheese-original-071-oz-36-count.product.4000109678.html,,,0,0,https://www.costco.com/dairy-eggs-cheese.html
3a1bcfd2-55ed-59d9-8fcc-bc0f1aa03926,1738,100443302,100443302,"Emmi Le Gruyere AOP Cheese, 1 lb",https://www.costco.com/emmi-le-gruyere-aop-cheese-1-lb.product.100443302.html,,,0,0,https://www.costco.com/dairy-eggs-cheese.html
1fa849d7-9094-5f37-a730-9c88467c0b2a,1738,4000283857,4000283857,"Noosa Yoghurt Variety Pack, 4 oz, 12-count",https://www.costco.com/noosa-yoghurt-variety-pack-4-oz-12-count.product.4000283857.html,,,0,0,https://www.costco.com/dairy-eggs-cheese.html
b167a831-06da-5cd7-8b33-a0dcf1f674a2,1738,100377729,100377729,"Kirkland Signature Aged Parmigiano Reggiano Cheese, Shredded, 1 lb",https://www.costco.com/kirkland-signature-aged-parmigiano-reggiano-cheese-shredded-1-lb.product.100377729.html,,,0,0,https://www.costco.com/dairy-eggs-cheese.html
2401e065-d3a6-58f8-b5ac-36363914fe02,1738,100443215,100443215,"Philadelphia Original Cream Cheese Spread, 48 oz",https://www.costco.com/philadelphia-original-cream-cheese-spread-48-oz.product.100443215.html,,,0,0,https://www.costco.com/dairy-eggs-cheese.html
474579c4-b229-586e-bf70-184e8ab25398,1738,100416444,100416444,"President Crumbled Feta Cheese, 1.5 lbs",https://www.costco.com/president-crumbled-feta-cheese-15-lbs.product.100416444.html,,,0,0,https://www.costco.com/dairy-eggs-cheese.html
af618636-50e8-528d-af47-438013ae3908,1738,4000099834,4000099834,"Kirkland Signature Fresh Goat Cheese, 10.5 oz, 2-count",https://www.costco.com/kirkland-signature-fresh-goat-cheese-105-oz-2-count.product.4000099834.html,,,0,0,https://www.costco.com/dairy-eggs-cheese.html
6a36d01c-88ea-5290-8fac-70b0cb2e52fb,1738,100342484,100342484,"Kirkland Signature Flex-Tech 13-Gallon Kitchen Trash Bag, 200-count",https://www.costco.com/kirkland-signature-flex-tech-13-gallon-kitchen-trash-bag-200-count.product.100342484.html,,,0,0,https://www.costco.com/household-cleaning.html
ae738a80-ffe9-5cbf-8b24-0d2604a2ff68,1738,100534416,100534416,"Clorox Disinfecting Wipes, Variety Pack, 85-count, 5-pack",https://www.costco.com/clorox-disinfecting-wipes-variety-pack-85-count-5-pack.product.100534416.html,,,0,0,https://www.costco.com/household-cleaning.html
f2923e02-7f1f-51fb-8145-481243165eb3,1738,4000350951,4000350951,"Cascade Platinum Plus Dishwasher Detergent ActionPacs, Fresh, 82-count",https://www.costco.com/cascade-platinum-plus-dishwasher-detergent-actionpacs-fresh-82-count.product.4000350951.html,,,0,0,https://www.costco.com/household-cleaning.html
df4f4d37-620b-5aab-af9f-1bb15f89baff,1738,4000438985,4000438985,"Dawn Platimum Advanced Power Dishwashing Liquid, Fresh, 90 fl oz",https://www.costco.com/dawn-platimum-advanced-power-dishwashing-liquid-fresh-90-fl-oz.product.4000438985.html,,,0,0,https://www.costco.com/household-cleaning.html
95272250-5c6c-573a-ac19-7981fcac2f00,1738,4000113981,4000113981,"Lysol Disinfecting Wipes, Variety Pack, 95-count, 4-pack",https://www.costco.com/lysol-disinfecting-wipes-variety-pack-95-count-4-pack.product.4000113981.html,,,0,0,https://www.costco.com/household-cleaning.html
69f957c2-5912-5735-9b5a-e32915ef6e89,1738,100520272,100520272,"Kirkland Signature Flex-Tech 13-Gallon Scented Kitchen Trash Bags, 200-count",https://www.costco.com/kirkland-signature-flex-tech-13-gallon-scented-kitchen-trash-bags-200-count.product.100520272.html,,,0,0,https://www.costco.com/household-cleaning.html
1d273dc8-0f1c-568c-8739-684155282778,1738,100540181,100540181,"Lysol Advanced Toilet Bowl Cleaner, 32 fl oz, 4-count",https://www.costco.com/lysol-advanced-toilet-bowl-cleaner-32-fl-oz-4-count.product.100540181.html,,,0,0,https://www.costco.com/household-cleaning.html
a78e9115-de4b-59cf-abc1-3b600fdd9130,1738,4000435427,4000435427,"Cascade Platinum Liquid Dishwasher Detergent, Fresh, 125 fl oz",https://www.costco.com/cascade-platinum-liquid-dishwasher-detergent-fresh-125-fl-oz.product.4000435427.html,,,0,0,https://www.costco.com/household-cleaning.html
a2abf51c-2cad-5490-b804-14e887ee7c3b,1738,4000320960,4000320960,"Bounce Select a Size Fabric Softener Dryer Sheets, Outdoor Fresh, 400-count",https://www.costco.com/bounce-select-a-size-fabric-softener-dryer-sheets-outdoor-fresh-400-count.product.4000320960.html,,,0,0,https://www.costco.com/household-cleaning.html
5b3263b7-f4e5-577d-9799-7409959e3d27,1738,4000423630,4000423630,"Cascade Complete Shine Boost Dishwasher Detergent ActionPacs, Fresh, 92-count",https://www.costco.com/cascade-complete-shine-boost-dishwasher-detergent-actionpacs-fresh-92-count.product.4000423630.html,,,0,0,https://www.costco.com/household-cleaning.html
c1d734e5-54cd-5dd0-aeef-4f3feb3fe8f5,1738,4000260032,4000260032,"Dawn Platinum Plus Powerwash Dish Soap Spray, Fresh Clean, 1 Starter Kit + 2 Refills",https://www.costco.com/dawn-platinum-plus-powerwash-dish-soap-spray-fresh-clean-1-starter-kit--2-refills.product.4000260032.html,,,0,0,https://www.costco.com/household-cleaning.html
ce106119-87c0-5195-8acc-2a52603b04da,1738,100525739,100525739,"Kirkland Signature Ultra Clean Free & Clear HE Liquid Laundry Detergent, 146 loads, 194 fl oz",https://www.costco.com/kirkland-signature-ultra-clean-free--clear-he-liquid-laundry-detergent-146-loads-194-fl-oz.product.100525739.html,,,0,0,https://www.costco.com/household-cleaning.html
f6c50296-30de-5510-a5d9-feabad4deae0,1738,4000092361,4000092361,"Swiffer Duster Heavy Duty Dusting Kit, 1 Handle + 17 Refills",https://www.costco.com/swiffer-duster-heavy-duty-dusting-kit-1-handle--17-refills.product.4000092361.html,,,0,0,https://www.costco.com/household-cleaning.html
fb91b59c-5baf-5a45-bffd-c8a370de251f,1738,4000251265,4000251265,"Downy Ultimate Infusions In-Wash Scent Booster Beads, Whimsical Wonder, 24.5 oz",https://www.costco.com/downy-ultimate-infusions-in-wash-scent-booster-beads-whimsical-wonder-245-oz.product.4000251265.html,,,0,0,https://www.costco.com/household-cleaning.html
97f7b231-6af7-528c-86c3-4c287358ada8,1738,4000444453,4000444453,"Tide Pods with Ultra Oxi Laundry Detergent Pods, 100-count",https://www.costco.com/tide-pods-with-ultra-oxi-laundry-detergent-pods-100-count.product.4000444453.html,,,0,0,https://www.costco.com/household-cleaning.html
8ca26fe4-3129-5c25-b632-fa15ec5d7120,1738,4000298387,4000298387,"Finish Jet-Dry Ultra Dishwasher Rinse Aid, 38 fl oz",https://www.costco.com/finish-jet-dry-ultra-dishwasher-rinse-aid-38-fl-oz.product.4000298387.html,,,0,0,https://www.costco.com/household-cleaning.html
23b66aa3-60d5-5478-afdc-e58150f653fc,1738,4000417929,4000417929,"Tide Pods Laundry Detergent Pods, Spring Meadow, 156-count",https://www.costco.com/tide-pods-laundry-detergent-pods-spring-meadow-156-count.product.4000417929.html,,,0,0,https://www.costco.com/household-cleaning.html
d537c4d7-cde8-5a97-9412-31955e7932c8,1738,4000247808,4000247808,"Kirkland Signature Ultra Shine Liquid Dish Soap, Fresh, 90 fl. oz.",https://www.costco.com/kirkland-signature-ultra-shine-liquid-dish-soap-fresh-90-fl-oz.product.4000247808.html,,,0,0,https://www.costco.com/household-cleaning.html
699768e8-19d0-55d4-b4d4-bf3fa9d3b7f1,1738,100525846,100525846,"Kirkland Signature Ultra Clean HE Liquid Laundry Detergent, 146 loads, 194 fl oz",https://www.costco.com/kirkland-signature-ultra-clean-he-liquid-laundry-detergent-146-loads-194-fl-oz.product.100525846.html,,,0,0,https://www.costco.com/household-cleaning.html
e9e5218b-f103-57c8-8c78-f64cfc370a31,1738,4000278026,4000278026,"Downy Soft Liquid Fabric Softener, April Fresh, 257 Loads, 150 fl oz",https://www.costco.com/downy-soft-liquid-fabric-softener-april-fresh-257-loads-150-fl-oz.product.4000278026.html,,,0,0,https://www.costco.com/household-cleaning.html
caea557d-db50-5d26-b69d-9ead9e5969aa,1738,4000100321,4000100321,"Tide Ultra Concentrated Liquid Laundry Detergent, Original, 152 Loads, 170 fl oz",https://www.costco.com/tide-ultra-concentrated-liquid-laundry-detergent-original-152-loads-170-fl-oz.product.4000100321.html,,,0,0,https://www.costco.com/household-cleaning.html
8d7d7281-ae4e-5df9-aeba-879e8d4536a5,1738,100146130,100146130,"Clorox Clean-Up All Purpose Cleaner with Bleach, Original, 32 fl oz Spray & 180 fl oz Refill",https://www.costco.com/clorox-clean-up-all-purpose-cleaner-with-bleach-original-32-fl-oz-spray--180-fl-oz-refill.product.100146130.html,,,0,0,https://www.costco.com/household-cleaning.html
bade9419-ff1e-5769-a029-513ee750cfcc,1738,100308728,100308728,"Clorox ToiletWand Disposable Toilet Cleaning System, Rainforest Rush, 1 Wand & 36 Refills",https://www.costco.com/clorox-toiletwand-disposable-toilet-cleaning-system-rainforest-rush-1-wand--36-refills.product.100308728.html,,,0,0,https://www.costco.com/household-cleaning.html
2dc4561d-e675-5927-bad1-34be53a009ee,1738,4000308669,4000308669,"Downy Unstopables In-Wash Scent Booster Beads, Fresh, 39.9 oz",https://www.costco.com/downy-unstopables-in-wash-scent-booster-beads-fresh-399-oz.product.4000308669.html,,,0,0,https://www.costco.com/household-cleaning.html
cbfcaba7-cfbd-54dd-ab34-ba1dbf010f45,1738,4000141369,4000141369,"Scotch-Brite Zero Scratch Sponge, 24-count",https://www.costco.com/scotch-brite-zero-scratch-sponge-24-count.product.4000141369.html,,,0,0,https://www.costco.com/household-cleaning.html
01dd7c40-6f68-581b-b79e-3ab31a423649,1738,4000183052,4000183052,"Kirkland Signature Fabric Softener Sheets, 250-count, 2-pack",https://www.costco.com/kirkland-signature-fabric-softener-sheets-250-count-2-pack.product.4000183052.html,,,0,0,https://www.costco.com/household-cleaning.html
b0ffb87d-4fda-5603-b6f4-a210dfb7b5a9,1738,4000233330,4000233330,"Kirkland Signature Flex-Tech 33-Gallon Trash Bag, 90-count",https://www.costco.com/kirkland-signature-flex-tech-33-gallon-trash-bag-90-count.product.4000233330.html,,,0,0,https://www.costco.com/household-cleaning.html
a999781b-5ab0-52c5-9cd4-3fe0da367255,1738,4000234602,4000234602,"Kirkland Signature 18-Gallon Compactor & Kitchen Trash Bag, 70-count",https://www.costco.com/kirkland-signature-18-gallon-compactor--kitchen-trash-bag-70-count.product.4000234602.html,,,0,0,https://www.costco.com/household-cleaning.html
40d29c6c-c375-5113-a387-d878f70582cd,1738,100224137,100224137,"Kirkland Signature 10-Gallon Wastebasket Liner, Clear, 500-count",https://www.costco.com/kirkland-signature-10-gallon-wastebasket-liner-clear-500-count.product.100224137.html,,,0,0,https://www.costco.com/household-cleaning.html
83c57682-0840-5a44-8aaf-4489d4f45dcf,1738,100721568,100721568,"Lysol Disinfectant Spray, Crisp Linen, 19 oz, 3-count",https://www.costco.com/lysol-disinfectant-spray-crisp-linen-19-oz-3-count.product.100721568.html,,,0,0,https://www.costco.com/household-cleaning.html
44256d38-dd73-5fb8-959d-6d854bbda7e6,1738,100689013,100689013,"Swiffer Sweeper Heavy Duty Dry Sweeping Cloth Refills, 50-count",https://www.costco.com/swiffer-sweeper-heavy-duty-dry-sweeping-cloth-refills-50-count.product.100689013.html,,,0,0,https://www.costco.com/household-cleaning.html
0fc48ea0-ca5b-5212-ac40-f727dfc88160,1738,4000401066,4000401066,"All Free & Clear Plus+ Liquid Laundry Detergent, 160 Loads, 200 fl oz",https://www.costco.com/all-free--clear-plus-liquid-laundry-detergent-160-loads-200-fl-oz.product.4000401066.html,,,0,0,https://www.costco.com/household-cleaning.html
38677a3e-a951-51fb-b473-99e29dc1ea0e,1738,4000415444,4000415444,"Tide Pods Laundry Detergent Pods, Free & Gentle, 152-count",https://www.costco.com/tide-pods-laundry-detergent-pods-free--gentle-152-count.product.4000415444.html,,,0,0,https://www.costco.com/household-cleaning.html
d17fd789-6775-5dbd-b278-c93a2ced078b,1738,4000278027,4000278027,"Gain +Oxi Liquid Laundry Detergent, Original, 159 Loads, 170 fl oz",https://www.costco.com/gain-oxi-liquid-laundry-detergent-original-159-loads-170-fl-oz.product.4000278027.html,,,0,0,https://www.costco.com/household-cleaning.html
4e2318e2-e4ab-5265-87cd-2393d2975972,1738,4000119129,4000119129,"Arm & Hammer Plus OxiClean Max HE Liquid Laundry Detergent, Fresh, 200 Loads, 200 fl oz",https://www.costco.com/arm--hammer-plus-oxiclean-max-he-liquid-laundry-detergent-fresh-200-loads-200-fl-oz.product.4000119129.html,,,0,0,https://www.costco.com/household-cleaning.html
cfe709c9-ec1d-50ea-8c74-09695ad57278,1738,4000141368,4000141368,"Scotch-Brite Heavy Duty Sponge, 24-count",https://www.costco.com/scotch-brite-heavy-duty-sponge-24-count.product.4000141368.html,,,0,0,https://www.costco.com/household-cleaning.html
b283b1b8-768b-5f82-88a7-02c8ea0ddcb8,1738,4000120581,4000120581,"Fabuloso Multi-Purpose Cleaner, Lavender, 210 fl oz",https://www.costco.com/fabuloso-multi-purpose-cleaner-lavender-210-fl-oz.product.4000120581.html,,,0,0,https://www.costco.com/household-cleaning.html
fbf8f1e0-9951-5397-8592-05b2ae7662b1,1738,4000254102,4000254102,"Tide Plus Advanced Power with Oxi Liquid Laundry Detergent, Original, 78 Loads, 138 fl oz",https://www.costco.com/tide-plus-advanced-power-with-oxi-liquid-laundry-detergent-original-78-loads-138-fl-oz.product.4000254102.html,,,0,0,https://www.costco.com/household-cleaning.html
05846a07-d7be-5f94-b4e6-9753fbe52796,1738,4000248680,4000248680,"Pine-Sol Multi-Surface Cleaner, Original, 60 fl oz, 2-count",https://www.costco.com/pine-sol-multi-surface-cleaner-original-60-fl-oz-2-count.product.4000248680.html,,,0,0,https://www.costco.com/household-cleaning.html
99f27897-fc79-5b66-9089-e69b6bc98e70,1738,4000364542,4000364542,"Tide Plus with Ultra Downy Liquid Laundry Detergent, April Fresh, 100 Loads, 128 fl oz",https://www.costco.com/tide-plus-with-ultra-downy-liquid-laundry-detergent-april-fresh-100-loads-128-fl-oz.product.4000364542.html,,,0,0,https://www.costco.com/household-cleaning.html
291c4a11-2de5-5122-83cd-c3bca1708437,1738,100307201,100307201,"Kirkland Signature Ultra Clean HE Laundry Detergent Pacs, 152-count",https://www.costco.com/kirkland-signature-ultra-clean-he-laundry-detergent-pacs-152-count.product.100307201.html,,,0,0,https://www.costco.com/household-cleaning.html
bbc968b7-ac97-5c09-ba5d-017b2da38207,1738,4000392766,4000392766,"Airwick Scented Oils, 1 Plug-in + 9 Refills, Variety Pack, Assorted Scents",https://www.costco.com/airwick-scented-oils-1-plug-in--9-refills-variety-pack-assorted-scents.product.4000392766.html,,,0,0,https://www.costco.com/household-cleaning.html
c94c4e5d-4bbc-50a4-8384-79ee16625a11,1738,4000206470,4000206470,"Lysol Laundry Sanitizer, Crisp Linen, 150 fl oz",https://www.costco.com/lysol-laundry-sanitizer-crisp-linen-150-fl-oz.product.4000206470.html,,,0,0,https://www.costco.com/household-cleaning.html
4da2d78d-1b24-5b2b-86e4-24f2a0de4e93,1738,100368211,100368211,"Palmolive Ultra Strength Liquid Dish Soap, 102 fl oz",https://www.costco.com/palmolive-ultra-strength-liquid-dish-soap-102-fl-oz.product.100368211.html,,,0,0,https://www.costco.com/household-cleaning.html
8b81f6e9-f0d9-5cdd-92bb-4f784442dc9c,1738,4000370724,4000370724,"Swiffer Sweep + Mop Deluxe Sweeping Kit, 1 Sweeper + 30 Refills",https://www.costco.com/swiffer-sweep--mop-deluxe-sweeping-kit-1-sweeper--30-refills.product.4000370724.html,,,0,0,https://www.costco.com/household-cleaning.html
ca8f96ff-f6db-56aa-8ed8-3cea82d7243b,1738,4000233382,4000233382,"Kirkland Signature 50-Gallon Outdoor Trash Bag, 70-count",https://www.costco.com/kirkland-signature-50-gallon-outdoor-trash-bag-70-count.product.4000233382.html,,,0,0,https://www.costco.com/household-cleaning.html
6889ba7d-a6e7-55c4-831b-960bcc9e5eac,1738,4000350964,4000350964,"Tide Plus Ultra Oxi Powder Laundry Detergent, Original, 143 Loads, 225 oz",https://www.costco.com/tide-plus-ultra-oxi-powder-laundry-detergent-original-143-loads-225-oz.product.4000350964.html,,,0,0,https://www.costco.com/household-cleaning.html
90f75a8e-6dca-599e-a40a-56f9cacecd92,1738,100816543,100816543,"Scott Shop Towels, Original Multi-Purpose, Blue, 10-count",https://www.costco.com/scott-shop-towels-original-multi-purpose-blue-10-count.product.100816543.html,,,0,0,https://www.costco.com/household-cleaning.html
9447f8bd-33c2-5abb-af03-0d974db0771e,1738,4000441835,4000441835,"Mr. Clean Magic Eraser, Whole Home Extra Durable, 18-count",https://www.costco.com/mr-clean-magic-eraser-whole-home-extra-durable-18-count.product.4000441835.html,,,0,0,https://www.costco.com/household-cleaning.html
3226ca42-b746-5fdf-902d-45bceeca990d,1738,4000416239,4000416239,"Kirkland Signature Ultra Soft Fabric Softener, 257 Loads, 150 fl oz",https://www.costco.com/kirkland-signature-ultra-soft-fabric-softener-257-loads-150-fl-oz.product.4000416239.html,,,0,0,https://www.costco.com/household-cleaning.html
4a41d93e-5526-573e-8327-bb60fc6c2d39,1738,4201005849,4201005849,"All Free & Clear Plus+ Laundry Detergent Mighty Pacs, 118-count",https://www.costco.com/all-free--clear-plus-laundry-detergent-mighty-pacs-118-count.product.4201005849.html,,,0,0,https://www.costco.com/household-cleaning.html
ae5fa899-fde7-519e-9bca-2445afae11c5,1738,4000160436,4000160436,"Mrs. Meyers Multi-Surface Variety Pack, 24 fl oz, 3-count",https://www.costco.com/mrs-meyers-multi-surface-variety-pack-24-fl-oz-3-count.product.4000160436.html,,,0,0,https://www.costco.com/household-cleaning.html
763dd37c-0363-5003-afcb-11e78cef42e4,1738,100401358,100401358,"Scotch-Brite Lint Roller, 95-count, 5-pack",https://www.costco.com/scotch-brite-lint-roller-95-count-5-pack.product.100401358.html,,,0,0,https://www.costco.com/household-cleaning.html
144c81c4-7ac6-5856-b7a9-30a0ad5be1c2,1738,4000444448,4000444448,"Finish Powerball Ultimate Quantum Dish Detergent Tabs, 90-count",https://www.costco.com/finish-powerball-ultimate-quantum-dish-detergent-tabs-90-count.product.4000444448.html,,,0,0,https://www.costco.com/household-cleaning.html
6717c7e5-af58-5a6e-b4b9-c24664fb131b,1738,4000410069,4000410069,"Kirkland Signature Powder Laundry Detergent, 200 Loads, 348.8 oz",https://www.costco.com/kirkland-signature-powder-laundry-detergent-200-loads-3488-oz.product.4000410069.html,,,0,0,https://www.costco.com/household-cleaning.html
e6b6f363-e4f2-5458-aa2a-1027abd298e6,1738,4000092340,4000092340,"Swiffer Sweeper Heavy Duty Wet Cloths, Lavender, 54-count",https://www.costco.com/swiffer-sweeper-heavy-duty-wet-cloths-lavender-54-count.product.4000092340.html,,,0,0,https://www.costco.com/household-cleaning.html
a00e5955-4708-5df4-9ebc-393fe004ea62,1738,100687494,100687494,"Poo-Pourri Toilet Spray, Variety Pack, 3.4 fl oz, 3-count",https://www.costco.com/poo-pourri-toilet-spray-variety-pack-34-fl-oz-3-count.product.100687494.html,,,0,0,https://www.costco.com/household-cleaning.html
d5adf8d5-ef7e-599c-97ba-468acd5ec74c,1738,4000383853,4000383853,"Tide Advanced Care Liquid Laundry Detergent, Free & Gentle, 125 Loads, 154 fl oz",https://www.costco.com/tide-advanced-care-liquid-laundry-detergent-free--gentle-125-loads-154-fl-oz.product.4000383853.html,,,0,0,https://www.costco.com/household-cleaning.html
da2c21b8-3125-52f3-8f85-d35f27b5c0da,1738,4201023635,4201023635,"Tide Pods Unstopables Laundry Detergent Pods, Fresh, 80-count",https://www.costco.com/tide-pods-unstopables-laundry-detergent-pods-fresh-80-count.product.4201023635.html,,,0,0,https://www.costco.com/household-cleaning.html
1be2dec3-ab4c-5bf3-84b7-b2f6811f87cc,1738,3882772,3882772,"Starbucks K-Cup Coffee Pods 72ct, Limited Edition Holiday Blend Medium Roast Coffee, 100% Arabica",https://www.costco.com/.product.3882772.html,,,0,0,https://www.costco.com/coffee-sweeteners.html
7429476b-1066-56a1-a38b-1f3c48fa2f41,1738,4000377480,4000377480,"Starbucks Coffee and Espresso Capsules for Nespresso Vertuo Machines 60-count Variety Pack, 100% Arabica Coffee",https://www.costco.com/starbucks-coffee-and-espresso-capsules-for-nespresso-vertuo-machines-60-count-variety-pack-100-arabica-coffee.product.4000377480.html,,,0,0,https://www.costco.com/coffee-sweeteners.html
9650d87d-b968-5475-925d-b5a4621cacc5,1738,100334883,100334883,"Kirkland Signature Decaffeinated Coffee, Dark Roast, 3 lbs",https://www.costco.com/kirkland-signature-decaffeinated-coffee-dark-roast-3-lbs.product.100334883.html,,,0,0,https://www.costco.com/coffee-sweeteners.html
47bfae07-a30a-533e-aa0a-e4806be35212,1738,100368227,100368227,"Starbucks Mocha Frappuccino Chilled Coffee, 9.5 fl oz, 15-count",https://www.costco.com/starbucks-mocha-frappuccino-chilled-coffee-95-fl-oz-15-count.product.100368227.html,,,0,0,https://www.costco.com/coffee-sweeteners.html
026b749c-9847-5cc1-b662-e58193a578b0,1738,100750271,100750271,"Starbucks Caramel Macchiato Creamer, 58 fl oz",https://www.costco.com/starbucks-caramel-macchiato-creamer-58-fl-oz.product.100750271.html,,,0,0,https://www.costco.com/coffee-sweeteners.html
b4355aaf-ffa9-53d9-ad2d-735b41f27c6e,1738,4000371775,4000371775,Lavazza Dolcevita Classico 80-count K-Cup Pods,https://www.costco.com/lavazza-dolcevita-classico-80-count-k-cup-pods.product.4000371775.html,,,0,0,https://www.costco.com/coffee-sweeteners.html
e0d49d8b-cd52-5332-ab2f-aaaa555cc236,1738,100438498,100438498,"Stevia in the Raw Organic Stevia Blend, 22.57 oz.",https://www.costco.com/stevia-in-the-raw-organic-stevia-blend-2257-oz.product.100438498.html,,,0,0,https://www.costco.com/coffee-sweeteners.html
a7b73ff0-e042-51ae-b71b-a4df8e7e4e97,1738,100644683,100644683,"WestEnd Cuisine Grilled Chicken Skewers, Mediterranean Style, 2 oz, 14-count",https://www.costco.com/westend-cuisine-grilled-chicken-skewers-mediterranean-style-2-oz-14-count.product.100644683.html,,,0,0,https://www.costco.com/deli.html
669206fd-47f2-5d0d-a80f-0036c18a8f26,1738,100611924,100611924,"Plats Du Chef French Onion Soup, 10 oz, 6-count",https://www.costco.com/plats-du-chef-french-onion-soup-10-oz-6-count.product.100611924.html,,,0,0,https://www.costco.com/deli.html
4c951911-464e-5bab-9271-488ccd8ccec6,1738,100368196,100368196,"Hillshire Farm Slow Roasted Turkey Breast, 16.5 oz, 2-count",https://www.costco.com/hillshire-farm-slow-roasted-turkey-breast-165-oz-2-count.product.100368196.html,,,0,0,https://www.costco.com/deli.html
8fea4ef8-20ab-5a64-b95f-9a3d2d7f8121,1738,100410830,100410830,"Kirkland Signature Beef Hot Dogs, 12 Links, 1.5 lbs, 3-count",https://www.costco.com/kirkland-signature-beef-hot-dogs-12-links-15-lbs-3-count.product.100410830.html,,,0,0,https://www.costco.com/deli.html
f5619b3a-99a4-5dd8-ac85-ff29b1361875,1738,4201026436,4201026436,"Bolder Foods Loaded Baked Potato Soup, 24 oz, 2-count",https://www.costco.com/bolder-foods-loaded-baked-potato-soup-24-oz-2-count.product.4201026436.html,,,0,0,https://www.costco.com/deli.html
2a924b1b-24d4-5fbd-80cc-f38814a807f3,1738,4000340166,4000340166,"Kirkland Signature Uncured Black Forest Ham, 28 oz",https://www.costco.com/kirkland-signature-uncured-black-forest-ham-28-oz.product.4000340166.html,,,0,0,https://www.costco.com/deli.html
fce03038-ea57-5a80-80ec-0ebd06692d29,1738,100442469,100442469,"Morey's Seasoned Wild Alaskan Salmon, 6-Count",https://www.costco.com/moreys-seasoned-wild-alaskan-salmon-6-count.product.100442469.html,,,0,0,https://www.costco.com/deli.html
6842e2ef-9a3e-5c03-973d-fea9d3f83a03,1738,4000281541,4000281541,"Kirkland Signature Egg White with Cheese Trio and Peppers Egg Bites, 10-count",https://www.costco.com/kirkland-signature-egg-white-with-cheese-trio-and-peppers-egg-bites-10-count.product.4000281541.html,,,0,0,https://www.costco.com/deli.html
8f26e6ae-f72e-5f03-a6f8-ab162656f9c7,1738,100587787,100587787,"Mama Mancini's Jumbo Beef Meatballs, 48 oz",https://www.costco.com/mama-mancinis-jumbo-beef-meatballs-48-oz.product.100587787.html,,,0,0,https://www.costco.com/deli.html
93d89c06-4c1d-52c5-b5ac-796967ee831f,1738,100442378,100442378,"Don Miguel Chipotle Chicken Mini Tacos, 35 oz, 2-count",https://www.costco.com/don-miguel-chipotle-chicken-mini-tacos-35-oz-2-count.product.100442378.html,,,0,0,https://www.costco.com/deli.html
dd98d342-32c6-573c-bbf4-fa28f678ab81,1738,100642433,100642433,"Fresh Additions Fully Cooked Chicken Breast Bites, 3.2 oz, 10-count",https://www.costco.com/fresh-additions-fully-cooked-chicken-breast-bites-32-oz-10-count.product.100642433.html,,,0,0,https://www.costco.com/deli.html
1b57566c-1a80-5b4f-aa8c-0f172c278499,1738,4000027857,4000027857,"Giovanni Rana Beef and Short Rib Lasagna, 42 oz",https://www.costco.com/giovanni-rana-beef-and-short-rib-lasagna-42-oz.product.4000027857.html,,,0,0,https://www.costco.com/deli.html
99424f48-cbb8-5f08-bbdb-0902f7224860,1738,100791659,100791659,"Kirkland Signature Organic Spinach & Cheese Ravioli, 22 oz, 2-count",https://www.costco.com/kirkland-signature-organic-spinach--cheese-ravioli-22-oz-2-count.product.100791659.html,,,0,0,https://www.costco.com/deli.html
8adcffff-d607-5770-a5e3-9288d0eec542,1738,100638119,100638119,"Dietz & Watson Organic Roasted Turkey Breast, 9 oz, 3-count",https://www.costco.com/dietz--watson-organic-roasted-turkey-breast-9-oz-3-count.product.100638119.html,,,0,0,https://www.costco.com/deli.html
ea7a44cb-cbbf-5912-864a-806f304e42cf,1738,100640756,100640756,"Amylu Organic Chicken Burger with Caramelized Onion and Aged White Cheddar, 8-count",https://www.costco.com/amylu-organic-chicken-burger-with-caramelized-onion-and-aged-white-cheddar-8-count.product.100640756.html,,,0,0,https://www.costco.com/deli.html
8f36138f-5670-5017-85a5-76f07f1abd32,1738,4000103494,4000103494,"Boulder Organic Chicken Wild Rice Soup, 24 oz, 2-count",https://www.costco.com/boulder-organic-chicken-wild-rice-soup-24-oz-2-count.product.4000103494.html,,,0,0,https://www.costco.com/deli.html
128a4b10-8795-56ab-887c-32cb48d0ef63,1738,4000149472,4000149472,"Kirkland Signature Smoked Pulled Pork, Rubbed with Seasonings, 2 lbs",https://www.costco.com/kirkland-signature-smoked-pulled-pork-rubbed-with-seasonings-2-lbs.product.4000149472.html,,,0,0,https://www.costco.com/deli.html
4f6f53a4-7254-5d6c-92df-1ccb710e6b2e,1738,100444534,100444534,"Hebrew National 100% Kosher Beef Franks, 12 oz, 4-count, 28 Beef Franks Total",https://www.costco.com/hebrew-national-100-kosher-beef-franks-12-oz-4-count-28-beef-franks-total.product.100444534.html,,,0,0,https://www.costco.com/deli.html
7850780b-c766-5727-a5b7-11308ca7f561,1738,4000233733,4000233733,"Jongga Sliced Napa Cabbage Kimchi, 52.9 oz",https://www.costco.com/jongga-sliced-napa-cabbage-kimchi-529-oz.product.4000233733.html,,,0,0,https://www.costco.com/deli.html
2534007f-707d-5e21-ac1e-b5896a939e6c,1738,4000262373,4000262373,"Kirkland Signature Parmesan Black Pepper & Parmesan Chicken Sausage, 3 lbs",https://www.costco.com/kirkland-signature-parmesan-black-pepper--parmesan-chicken-sausage-3-lbs.product.4000262373.html,,,0,0,https://www.costco.com/deli.html
9302df21-e9f5-5e8e-84d4-e02195f9c254,1738,4000360298,4000360298,"Kevin's Natural Foods Hawaiian Style Chicken, 32 oz",https://www.costco.com/kevins-natural-foods-hawaiian-style-chicken-32-oz.product.4000360298.html,,,0,0,https://www.costco.com/deli.html
6e62ec5b-4ced-59bc-a132-e7bbf8dd4e89,1738,100785824,100785824,"Amylu Teriyaki Pineapple Chicken Meatballs, 46 oz",https://www.costco.com/amylu-teriyaki-pineapple-chicken-meatballs-46-oz.product.100785824.html,,,0,0,https://www.costco.com/deli.html
6f8efb94-31b2-506b-8244-870157dc087b,1738,4000213579,4000213579,"Kirkland Signature Mild Italian Sausage, 3.5 lbs",https://www.costco.com/kirkland-signature-mild-italian-sausage-35-lbs.product.4000213579.html,,,0,0,https://www.costco.com/deli.html
a303b2cd-a48a-5ed8-b864-a6e916f3cacf,1738,100639654,100639654,"Sabatino's Paleo Organic Basil and Cracked Black Pepper Chicken Sausages, 36 oz",https://www.costco.com/sabatinos-paleo-organic-basil-and-cracked-black-pepper-chicken-sausages-36-oz.product.100639654.html,,,0,0,https://www.costco.com/deli.html
963d38a9-f217-55bf-a276-2792d15fd685,1738,4000221236,4000221236,"Pulmuone Teriyaki Stir-Fry Udon, 29.4 oz",https://www.costco.com/pulmuone-teriyaki-stir-fry-udon-294-oz.product.4000221236.html,,,0,0,https://www.costco.com/deli.html
d7764314-2ced-5232-b4a7-5985301efcd1,1738,4000438966,4000438966,"Kirkland Signature Five Cheese Tortelloni, 24 oz, 2-count",https://www.costco.com/kirkland-signature-five-cheese-tortelloni-24-oz-2-count.product.4000438966.html,,,0,0,https://www.costco.com/deli.html
c40e40ce-c860-5c74-a34c-0ce1c5a0cd9a,1738,100638499,100638499,"Kirkland Signature Organic Hummus, 2.5 oz, 20-count",https://www.costco.com/kirkland-signature-organic-hummus-25-oz-20-count.product.100638499.html,,,0,0,https://www.costco.com/deli.html
4ee00b08-c085-526d-99fb-1c50bb2643f0,1738,100452925,100452925,"Sukhi's Indian Chicken Tikka Masala Prepared Meal, 18 oz, 2-count",https://www.costco.com/sukhis-indian-chicken-tikka-masala-prepared-meal-18-oz-2-count.product.100452925.html,,,0,0,https://www.costco.com/deli.html
7fd8dd68-dd54-5599-b1ba-1d085557a1f5,1738,4000159426,4000159426,"Kirkland Signature Wild Smoked Sockeye Salmon, 8 oz, 2-count",https://www.costco.com/kirkland-signature-wild-smoked-sockeye-salmon-8-oz-2-count.product.4000159426.html,,,0,0,https://www.costco.com/deli.html
9a357de8-2be7-5f10-a649-c6819c82c511,1738,100436543,100436543,"Teton Waters Ranch Polish Sausage, 2.25 lbs",https://www.costco.com/teton-waters-ranch-polish-sausage-225-lbs.product.100436543.html,,,0,0,https://www.costco.com/deli.html
01f3fe47-0f31-5bd8-abd4-dd080e0b3c1d,1738,4000281502,4000281502,"Kirkland Signature Uncured Bacon and Gouda Egg Bites, 10-count",https://www.costco.com/kirkland-signature-uncured-bacon-and-gouda-egg-bites-10-count.product.4000281502.html,,,0,0,https://www.costco.com/deli.html
16063cc2-523b-5020-8483-76617565119e,1738,100423075,100423075,"Kirkland Signature Imported Basil Pesto, 22 oz",https://www.costco.com/kirkland-signature-imported-basil-pesto-22-oz.product.100423075.html,,,0,0,https://www.costco.com/deli.html
b00d0662-419c-53dd-a5cb-5ae8cbe21c39,1738,100637654,100637654,"Greenridge Naturals Beef Snack Sticks, 3 oz, 12-count",https://www.costco.com/greenridge-naturals-beef-snack-sticks-3-oz-12-count.product.100637654.html,,,0,0,https://www.costco.com/deli.html
d26319d6-9e9e-5271-8f80-5ab996ad5ede,1738,100569789,100569789,"Amylu, Chicken Breakfast Sausage Links, 2.5 lbs",https://www.costco.com/amylu-chicken-breakfast-sausage-links-25-lbs.product.100569789.html,,,0,0,https://www.costco.com/deli.html
c309bed4-c5ee-522c-951f-6ca0918349d3,1738,100809027,100809027,"Perfect Bar Refrigerated Organic Protein Bar, Variety, 12-count",https://www.costco.com/perfect-bar-refrigerated-organic-protein-bar-variety-12-count.product.100809027.html,,,0,0,https://www.costco.com/deli.html
0f2a06db-3f6f-588a-af71-ea3f5c448a0e,1738,100435660,100435660,"Sabatasso's Gluten-free Four-cheese Pizza, 17.5 oz, 3-count",https://www.costco.com/sabatassos-gluten-free-four-cheese-pizza-175-oz-3-count.product.100435660.html,,,0,0,https://www.costco.com/deli.html
31a57712-3569-54e0-b6e1-b72939a40dcf,1738,100390593,100390593,"Petite Cuisine Mozzarella Sticks in a Crispy Seasoned Breading, 5 lb",https://www.costco.com/petite-cuisine-mozzarella-sticks-in-a-crispy-seasoned-breading-5-lb.product.100390593.html,,,0,0,https://www.costco.com/deli.html
cad426bd-e29a-5c55-bae4-8a06961e11b8,1738,100645312,100645312,"Stonefire Authentic Flatbreads Naan Dippers, 19.4 oz",https://www.costco.com/stonefire-authentic-flatbreads-naan-dippers-194-oz.product.100645312.html,,,0,0,https://www.costco.com/deli.html
81df9db5-9170-5b64-becc-24664c53d97a,1738,4000311101,4000311101,"Kirkland Signature Reduced Sodium Dry Salame, 16 oz, 2-count",https://www.costco.com/kirkland-signature-reduced-sodium-dry-salame-16-oz-2-count.product.4000311101.html,,,0,0,https://www.costco.com/deli.html
67d2aab3-8fbe-5be4-9c6b-7049a3ba6d56,1738,100435916,100435916,"Wildbrine Raw Organic Sauerkraut, 50 oz",https://www.costco.com/wildbrine-raw-organic-sauerkraut-50-oz.product.100435916.html,,,0,0,https://www.costco.com/deli.html
a09a8d62-ea3b-5bbb-a9e8-1e9a16c229fe,1738,100456680,100456680,"Good Foods Organic Avocado Mash, Sea Salt and Black Pepper, 2 oz, 16-count",https://www.costco.com/good-foods-organic-avocado-mash-sea-salt-and-black-pepper-2-oz-16-count.product.100456680.html,,,0,0,https://www.costco.com/deli.html
024eef8d-0a7d-5125-bf26-0eda287c9fc6,1738,4000036664,4000036664,"Kirkland Signature Organic Roasted Pine Nut Hummus, 34 oz",https://www.costco.com/kirkland-signature-organic-roasted-pine-nut-hummus-34-oz.product.4000036664.html,,,0,0,https://www.costco.com/deli.html
367939e9-d929-5af4-a0f8-152f4a064a90,1738,100638780,100638780,"Kirkland Signature Chunky Guacamole, Organic, 2.5 oz, 16-count",https://www.costco.com/kirkland-signature-chunky-guacamole-organic-25-oz-16-count.product.100638780.html,,,0,0,https://www.costco.com/deli.html
729ce944-f316-5955-9d44-945ec27ceb59,1738,100694665,100694665,"Kirkland Signature Original Bratwurst, 14-count, 3.5 lbs",https://www.costco.com/kirkland-signature-original-bratwurst-14-count-35-lbs.product.100694665.html,,,0,0,https://www.costco.com/deli.html
c4bc1641-989b-54e0-aafb-aad88068abfc,1738,4000282542,4000282542,"Sabatino's Tuscan Style Chicken Piccata, 32 oz",https://www.costco.com/sabatinos-tuscan-style-chicken-piccata-32-oz.product.4000282542.html,,,0,0,https://www.costco.com/deli.html
5deac6fc-2435-5dfe-b006-f75dbe25ba9d,1738,4000214872,4000214872,"Kirkland Signature Breakfast Sandwich, 4.82 oz, 8-count",https://www.costco.com/kirkland-signature-breakfast-sandwich-482-oz-8-count.product.4000214872.html,,,0,0,https://www.costco.com/frozen-meals.html
20cb1356-69a3-58a8-8334-32cfe33ab921,1738,100401378,100401378,"Ajinomoto Yakisoba with Vegetables, All Natural, 9 oz, 6-count",https://www.costco.com/ajinomoto-yakisoba-with-vegetables-all-natural-9-oz-6-count.product.100401378.html,,,0,0,https://www.costco.com/frozen-meals.html
049d4167-ad79-588f-aee2-9ba5269cff28,1738,100433122,100433122,"Sandwich Bros Chicken Melts Pita Snack Sandwiches, 2.5 oz, 15-count",https://www.costco.com/sandwich-bros-chicken-melts-pita-snack-sandwiches-25-oz-15-count.product.100433122.html,,,0,0,https://www.costco.com/frozen-meals.html
0d475000-cdc3-5c81-b0db-55f8b86cd64f,1738,100447061,100447061,"Sabatasso's Pizza Singles, Variety Pack, 12-count",https://www.costco.com/sabatassos-pizza-singles-variety-pack-12-count.product.100447061.html,,,0,0,https://www.costco.com/frozen-meals.html
cac10f54-eca3-573d-8b83-9d44fcef3e74,1738,100449346,100449346,"Ajinomoto Yakitori Chicken Fried Rice, 9 oz, 6-count",https://www.costco.com/ajinomoto-yakitori-chicken-fried-rice-9-oz-6-count.product.100449346.html,,,0,0,https://www.costco.com/frozen-meals.html
f27aba1b-fe03-53dc-bbc4-60e1e5ce5e8c,1738,100440959,100440959,"Smucker's Uncrustables, Peanut Butter & Grape Jelly Sandwich, 18-count",https://www.costco.com/smuckers-uncrustables-peanut-butter--grape-jelly-sandwich-18-count.product.100440959.html,,,0,0,https://www.costco.com/frozen-meals.html
f35af206-903f-56a2-8e3f-eb82b5364d8d,1738,100640379,100640379,"Kirkland Signature Italian Sausage and Beef Lasagna, 3 lbs, 2-count",https://www.costco.com/kirkland-signature-italian-sausage-and-beef-lasagna-3-lbs-2-count.product.100640379.html,,,0,0,https://www.costco.com/frozen-meals.html
4eb1cc89-d9a9-5dbe-b7eb-c6acb75f991c,1738,4000160794,4000160794,"Kirkland Signature Cheese Pizza, 18.25 oz, 4-count",https://www.costco.com/kirkland-signature-cheese-pizza-1825-oz-4-count.product.4000160794.html,,,0,0,https://www.costco.com/frozen-meals.html
11d1af11-ed0c-56d3-aab4-820d3dd46908,1738,4000392838,4000392838,"Kirkland Signature Artisan Crust Pepperoni Pizza, 21.52 oz, 4-count",https://www.costco.com/kirkland-signature-artisan-crust-pepperoni-pizza-2152-oz-4-count.product.4000392838.html,,,0,0,https://www.costco.com/frozen-meals.html
761a877c-6e77-566a-bdf3-d891a4e93f30,1738,100371275,100371275,"CJ Bibigo Steamed Dumplings, Chicken & Vegetable, 36-count",https://www.costco.com/cj-bibigo-steamed-dumplings-chicken--vegetable-36-count.product.100371275.html,,,0,0,https://www.costco.com/frozen-meals.html
fd4a0682-74a0-540d-b221-08c9cbe9f727,1738,100574405,100574405,"Jimmy Dean Delights English Muffins, 5.1 oz, 12-count",https://www.costco.com/jimmy-dean-delights-english-muffins-51-oz-12-count.product.100574405.html,,,0,0,https://www.costco.com/frozen-meals.html
8cee4a1f-7f97-5f2c-a146-7d26afe3cd5e,1738,100437350,100437350,"Crazy Cuizine Mandarin Orange Chicken, 66 oz",https://www.costco.com/crazy-cuizine-mandarin-orange-chicken-66-oz.product.100437350.html,,,0,0,https://www.costco.com/frozen-meals.html
49de62cf-dbfc-54b5-ab77-4b3d11d3aaf2,1738,100655569,100655569,"Authentic Motor City Pizza Co Detroit-Style Deep Dish Pizza, Double Pepperoni, 2-count",https://www.costco.com/authentic-motor-city-pizza-co-detroit-style-deep-dish-pizza-double-pepperoni-2-count.product.100655569.html,,,0,0,https://www.costco.com/frozen-meals.html
79e1843a-3fa5-532b-83b7-109518f74735,1738,100638693,100638693,"Veggies Made Great Spinach Egg White Frittatas, 20-count",https://www.costco.com/veggies-made-great-spinach-egg-white-frittatas-20-count.product.100638693.html,,,0,0,https://www.costco.com/frozen-meals.html
c1820425-a64d-501a-b7a0-33869e19ca9d,1738,100416105,100416105,"Trident Seafoods Alaskan Salmon Burgers, 4 oz, 12-count",https://www.costco.com/trident-seafoods-alaskan-salmon-burgers-4-oz-12-count.product.100416105.html,,,0,0,https://www.costco.com/frozen-meals.html
4e971ba8-4e14-5d77-8b48-9c33bc92825a,1738,100787239,100787239,"Kirkland Signature Cauliflower Crust Pizza, Supreme, 2-count",https://www.costco.com/kirkland-signature-cauliflower-crust-pizza-supreme-2-count.product.100787239.html,,,0,0,https://www.costco.com/frozen-meals.html
6b78b60e-ac8b-5a61-bb00-da0faea27fd1,1738,100439175,100439175,"Milton's Cauliflower Crust Pizza, Roasted Vegetable, 17.8 oz, 2-count",https://www.costco.com/miltons-cauliflower-crust-pizza-roasted-vegetable-178-oz-2-count.product.100439175.html,,,0,0,https://www.costco.com/frozen-meals.html
cd2dc188-b3e6-5c2f-94d0-2cbfcf931945,1738,100234271,100234271,"Kirkland Signature Paper Towels, 2-Ply, 160 Sheets, 12 Individually Wrapped Rolls",https://www.costco.com/kirkland-signature-paper-towels-2-ply-160-sheets-12-individually-wrapped-rolls.product.100234271.html,,,0,0,https://www.costco.com/kirkland-signature-groceries.html
3b440ae0-475d-5784-abaf-7f594facc8bf,1738,4000206004,4000206004,"Kirkland Signature Ultra Soft Bath Tissue, 2-Ply, 231 Sheets, 36 Rolls",https://www.costco.com/kirkland-signature-ultra-soft-bath-tissue-2-ply-231-sheets-36-rolls.product.4000206004.html,,,0,0,https://www.costco.com/kirkland-signature-groceries.html
e9d347b2-0d8d-5e62-a919-481a5f68cd70,1738,100334841,100334841,"Kirkland Signature, Organic Extra Virgin Olive Oil, 2 L",https://www.costco.com/kirkland-signature-organic-extra-virgin-olive-oil-2-l.product.100334841.html,,,0,0,https://www.costco.com/kirkland-signature-groceries.html
35e6cc3a-b773-5944-ba04-5b91efb7b4fd,1738,100718359,100718359,"Kirkland Signature Facial Tissue, 3-Ply, 84-count, 12-pack",https://www.costco.com/kirkland-signature-facial-tissue-3-ply-84-count-12-pack.product.100718359.html,,,0,0,https://www.costco.com/kirkland-signature-groceries.html
14b59c4b-dbf2-506c-991f-7c851eb4f85b,1738,100334960,100334960,"Kirkland Signature, Chicken Breast, 12.5 oz, 6-Count",https://www.costco.com/kirkland-signature-chicken-breast-125-oz-6-count.product.100334960.html,,,0,0,https://www.costco.com/kirkland-signature-groceries.html
dc547f8f-0534-5625-a664-b80990bf1825,1738,100334015,100334015,"Kirkland Signature, Organic Chicken Stock, 32 fl oz, 6-Count",https://www.costco.com/kirkland-signature-organic-chicken-stock-32-fl-oz-6-count.product.100334015.html,,,0,0,https://www.costco.com/kirkland-signature-groceries.html
220f45f3-c926-5108-a6f8-86c440fd804a,1738,100455677,100455677,"Kirkland Signature Soft & Chewy Granola Bars, 0.85 oz, 64-count",https://www.costco.com/kirkland-signature-soft--chewy-granola-bars-085-oz-64-count.product.100455677.html,,,0,0,https://www.costco.com/kirkland-signature-groceries.html
3519d74a-17ff-5839-8e7f-5a868772c85a,1738,100393423,100393423,"Kirkland Signature Peanut Butter Filled Pretzel Nuggets, 55 oz",https://www.costco.com/kirkland-signature-peanut-butter-filled-pretzel-nuggets-55-oz.product.100393423.html,,,0,0,https://www.costco.com/kirkland-signature-groceries.html
d80a4a9f-c437-50c8-ae9f-50b35c14b694,1738,100333884,100333884,"Kirkland Signature Organic Pure Maple Syrup, 33.8 oz",https://www.costco.com/kirkland-signature-organic-pure-maple-syrup-338-oz.product.100333884.html,,,0,0,https://www.costco.com/kirkland-signature-groceries.html
e567fee1-277f-578b-a436-119c1bb54fd6,1738,100334334,100334334,"Kirkland Signature Organic Peanut Butter, 28 oz, 2-count",https://www.costco.com/kirkland-signature-organic-peanut-butter-28-oz-2-count.product.100334334.html,,,0,0,https://www.costco.com/kirkland-signature-groceries.html
ae452f22-b0a6-57be-9cd9-926cd2a9aa68,1738,100334203,100334203,"Kirkland Signature, Organic Applesauce, 3.17 oz, 24-Count",https://www.costco.com/kirkland-signature-organic-applesauce-317-oz-24-count.product.100334203.html,,,0,0,https://www.costco.com/kirkland-signature-groceries.html
4fbf0d3d-7d6d-5826-957a-447d7e84d6ba,1738,100515005,100515005,"Kirkland Signature Semi-Sweet Chocolate Chips, 4.5 lbs",https://www.costco.com/kirkland-signature-semi-sweet-chocolate-chips-45-lbs.product.100515005.html,,,0,0,https://www.costco.com/kirkland-signature-groceries.html
15bcbad0-bcdf-549d-8c9d-0231cec13acc,1738,100770569,100770569,"Kirkland Signature Trail Mix Snack Packs, 2 oz, 28-count",https://www.costco.com/kirkland-signature-trail-mix-snack-packs-2-oz-28-count.product.100770569.html,,,0,0,https://www.costco.com/kirkland-signature-groceries.html
f82f6093-fe93-50c8-bf8a-6c091618b3e9,1738,100334857,100334857,"Kirkland Signature, Organic Diced Tomatoes, 14.5 oz, 8-Count",https://www.costco.com/kirkland-signature-organic-diced-tomatoes-145-oz-8-count.product.100334857.html,,,0,0,https://www.costco.com/kirkland-signature-groceries.html
f221d2ad-70c2-55ad-af53-803b155ecef9,1738,100361434,100361434,"Kirkland Signature Colombian Coffee, Dark Roast, 3 lbs",https://www.costco.com/kirkland-signature-colombian-coffee-dark-roast-3-lbs.product.100361434.html,,,0,0,https://www.costco.com/kirkland-signature-groceries.html
cfc4e93c-92ec-5db8-ba3f-62ebd530d0f5,1738,100229990,100229990,"Kirkland Signature Extra-Large Absorbent Pads, 30 in L X 23 in W, 100-count",https://www.costco.com/kirkland-signature-extra-large-absorbent-pads-30-in-l-x-23-in-w-100-count.product.100229990.html,,,0,0,https://www.costco.com/kirkland-signature-groceries.html
6982734d-dd30-52d7-8a33-603c5d0f22a3,1738,100516925,100516925,"Kirkland Signature Wild Flower Honey, 5 lbs",https://www.costco.com/kirkland-signature-wild-flower-honey-5-lbs.product.100516925.html,,,0,0,https://www.costco.com/kirkland-signature-groceries.html
a49e0bf0-5d77-5327-a89a-a1da8eff030f,1738,100333696,100333696,"Kirkland Signature Premium Extra Thick Steak Strips, 12 oz",https://www.costco.com/kirkland-signature-premium-extra-thick-steak-strips-12-oz.product.100333696.html,,,0,0,https://www.costco.com/kirkland-signature-groceries.html
dbedbffd-3d00-595b-8c62-4f36c4b6ef4b,1738,100664982,100664982,"Kirkland Signature Chewy Protein Bar, Peanut Butter & Semisweet Chocolate Chip, 1.41 oz, 42-Count",https://www.costco.com/kirkland-signature-chewy-protein-bar-peanut-butter--semisweet-chocolate-chip-141-oz-42-count.product.100664982.html,,,0,0,https://www.costco.com/kirkland-signature-groceries.html
5f9b2087-5f70-534e-a286-9acc2dbfbdb8,1738,100234581,100234581,"Kirkland Signature Dental Chews, 72-count",https://www.costco.com/kirkland-signature-dental-chews-72-count.product.100234581.html,,,0,0,https://www.costco.com/kirkland-signature-groceries.html
60c35ab1-4cf3-56e4-bbd1-b230e360dbc4,1738,100752766,100752766,"Kirkland Signature Trail Mix, 4 lbs",https://www.costco.com/kirkland-signature-trail-mix-4-lbs.product.100752766.html,,,0,0,https://www.costco.com/kirkland-signature-groceries.html
489a572a-9e1a-5c95-99c5-a2feb0bdb1a1,1738,100527924,100527924,"Kirkland Signature Non-Stick Parchment Paper Rolls, 15 in x 164 ft, 2-pack",https://www.costco.com/kirkland-signature-non-stick-parchment-paper-rolls-15-in-x-164-ft-2-pack.product.100527924.html,,,0,0,https://www.costco.com/kirkland-signature-groceries.html
3b4a7c5e-5877-58b8-b4cc-7a0d1e4bc3ce,1738,100333888,100333888,"Kirkland Signature Microwave Popcorn, 3.3 oz, 44-count",https://www.costco.com/kirkland-signature-microwave-popcorn-33-oz-44-count.product.100333888.html,,,0,0,https://www.costco.com/kirkland-signature-groceries.html
dff7ae6c-1bdd-55d3-8154-1f45f42c2af1,1738,100334874,100334874,"Kirkland Signature, Organic Sugar, 10 lbs",https://www.costco.com/kirkland-signature-organic-sugar-10-lbs.product.100334874.html,,,0,0,https://www.costco.com/kirkland-signature-groceries.html
0106cf75-510a-546a-aee5-c520dd02e8d6,1738,4000147442,4000147442,"Kirkland Signature Coffee Organic Pacific Bold K-Cup Pod, 120-count",https://www.costco.com/kirkland-signature-coffee-organic-pacific-bold-k-cup-pod-120-count.product.4000147442.html,,,0,0,https://www.costco.com/kirkland-signature-groceries.html
0872b683-3c60-5acc-b156-231fc6195e14,1738,100524886,100524886,"Kirkland Signature Nut Bars, 1.41 oz, 30-count",https://www.costco.com/kirkland-signature-nut-bars-141-oz-30-count.product.100524886.html,,,0,0,https://www.costco.com/kirkland-signature-groceries.html
1d4f11f1-acee-5a29-a843-deef023945e4,1738,100119388,100119388,"Kirkland Signature Walnut Halves, 3 lbs",https://www.costco.com/kirkland-signature-walnut-halves-3-lbs.product.100119388.html,,,0,0,https://www.costco.com/kirkland-signature-groceries.html
89713349-bca9-5899-832a-d4a51f739009,1738,100334877,100334877,"Kirkland Signature, Organic Tomato Sauce, 15 oz, 12-Count",https://www.costco.com/kirkland-signature-organic-tomato-sauce-15-oz-12-count.product.100334877.html,,,0,0,https://www.costco.com/kirkland-signature-groceries.html
76cb5e0b-4376-53d7-bafd-04af2a2f5eec,1738,100334750,100334750,"Kirkland Signature, Wild Alaskan Pink Salmon, 6 oz, 6-Count",https://www.costco.com/kirkland-signature-wild-alaskan-pink-salmon-6-oz-6-count.product.100334750.html,,,0,0,https://www.costco.com/kirkland-signature-groceries.html
affbca41-6b19-5e6a-bd98-0ff80c29bdc9,1738,100115257,100115257,"Kirkland Signature Pecan Halves, 2 lbs",https://www.costco.com/kirkland-signature-pecan-halves-2-lbs.product.100115257.html,,,0,0,https://www.costco.com/kirkland-signature-groceries.html
162eaa62-5ea5-5496-9237-5e17390628d7,1738,100334421,100334421,"Kirkland Signature, Bacon Crumbles, 20 oz",https://www.costco.com/kirkland-signature-bacon-crumbles-20-oz.product.100334421.html,,,0,0,https://www.costco.com/kirkland-signature-groceries.html
7e9d9a1c-0c35-5e49-b27b-6095c4f976f7,1738,100491294,100491294,"Kirkland Signature Praline Pecans, 2.5 lbs",https://www.costco.com/kirkland-signature-praline-pecans-25-lbs.product.100491294.html,,,0,0,https://www.costco.com/kirkland-signature-groceries.html
ea65f784-e716-50e4-bc94-9577927d0566,1738,100333877,100333877,"Kirkland Signature Cashew Clusters, 2 lbs",https://www.costco.com/kirkland-signature-cashew-clusters-2-lbs.product.100333877.html,,,0,0,https://www.costco.com/kirkland-signature-groceries.html
446f1d85-fef1-5026-9f29-113a08bd14e2,1738,100336602,100336602,"Kirkland Signature In-Shell Pistachios, Salted, 3 lbs",https://www.costco.com/kirkland-signature-in-shell-pistachios-salted-3-lbs.product.100336602.html,,,0,0,https://www.costco.com/kirkland-signature-groceries.html
323f2214-544e-5401-ab27-294cb7f5f5bf,1738,100449422,100449422,"Kirkland Signature Medium Roast Coffee, 40 oz.",https://www.costco.com/kirkland-signature-medium-roast-coffee-40-oz.product.100449422.html,,,0,0,https://www.costco.com/kirkland-signature-groceries.html
2efd4fb5-1c7b-514d-8391-b32801fcfe89,1738,100115268,100115268,"Kirkland Signature Supreme Whole Almonds, 3 lbs",https://www.costco.com/kirkland-signature-supreme-whole-almonds-3-lbs.product.100115268.html,,,0,0,https://www.costco.com/kirkland-signature-groceries.html
db1091e2-bf8a-5849-9cef-600d6e15daf5,1738,100334304,100334304,"Kirkland Signature, Minced California Garlic, 48 oz",https://www.costco.com/kirkland-signature-minced-california-garlic-48-oz.product.100334304.html,,,0,0,https://www.costco.com/kirkland-signature-groceries.html
22b2f179-a232-59fb-9fb1-26a15f529f26,1738,100116723,100116723,"Kirkland Signature Cutlery, Clear, 360-count",https://www.costco.com/kirkland-signature-cutlery-clear-360-count.product.100116723.html,,,0,0,https://www.costco.com/kirkland-signature-groceries.html
777450b9-7f82-5f37-bd8a-47219ae04a5e,1738,100668922,100668922,"Kirkland Signature Fancy Whole Cashews, 2.5 lbs",https://www.costco.com/kirkland-signature-fancy-whole-cashews-25-lbs.product.100668922.html,,,0,0,https://www.costco.com/kirkland-signature-groceries.html
a32c36ec-b167-5749-b0e4-898aa9f44577,1738,100296198,100296198,"Kirkland Signature Protein Bar, Variety Pack, 2.12 oz, 20-count",https://www.costco.com/kirkland-signature-protein-bar-variety-pack-212-oz-20-count.product.100296198.html,,,0,0,https://www.costco.com/kirkland-signature-groceries.html
3d6989c3-8fdd-517d-bf4a-d9d956224d68,1738,100439090,100439090,"Kirkland Signature Organic Roasted Seaweed, 0.6 oz, 10-count",https://www.costco.com/kirkland-signature-organic-roasted-seaweed-06-oz-10-count.product.100439090.html,,,0,0,https://www.costco.com/kirkland-signature-groceries.html
96bb2b9e-dd3b-5106-b4da-1931c0b2a984,1738,100115269,100115269,"Kirkland Signature Super Extra-Large Peanuts, 2.5 lbs",https://www.costco.com/kirkland-signature-super-extra-large-peanuts-25-lbs.product.100115269.html,,,0,0,https://www.costco.com/kirkland-signature-groceries.html
812330d0-243f-5691-a62f-17a1d538a2d1,1738,100334843,100334843,"Kirkland Signature Colombian Supremo Coffee, Whole Bean, 3 lbs",https://www.costco.com/kirkland-signature-colombian-supremo-coffee-whole-bean-3-lbs.product.100334843.html,,,0,0,https://www.costco.com/kirkland-signature-groceries.html
a941e576-c1ff-53a0-8fe6-bca46fbc33fe,1738,100334932,100334932,"Kirkland Signature, Organic Tomato Paste, 6 oz, 12-Count",https://www.costco.com/kirkland-signature-organic-tomato-paste-6-oz-12-count.product.100334932.html,,,0,0,https://www.costco.com/kirkland-signature-groceries.html
8c57bd46-5deb-575e-bc1e-4b7c93df4fa5,1738,100334839,100334839,"Kirkland Signature, Pure Sea Salt, 30 oz",https://www.costco.com/kirkland-signature-pure-sea-salt-30-oz.product.100334839.html,,,0,0,https://www.costco.com/kirkland-signature-groceries.html
d900e1d9-f703-5875-9ae4-2edb544c057d,1738,4000146862,4000146862,"Kirkland Signature Coffee Organic Breakfast Blend K-Cup Pod, 120-count",https://www.costco.com/kirkland-signature-coffee-organic-breakfast-blend-k-cup-pod-120-count.product.4000146862.html,,,0,0,https://www.costco.com/kirkland-signature-groceries.html
8d45dd53-033e-56f3-a454-fdad8a43266b,1738,4000441170,4000441170,"Kirkland Signature Popcorn, Sea Salt, 0.65 oz, 36-count",https://www.costco.com/kirkland-signature-popcorn-sea-salt-065-oz-36-count.product.4000441170.html,,,0,0,https://www.costco.com/kirkland-signature-groceries.html
f65e530e-2072-5cde-b2a1-6bcba817181c,1738,100334136,100334136,"Kirkland Signature Organic Raw Honey, 24 oz, 3-count",https://www.costco.com/kirkland-signature-organic-raw-honey-24-oz-3-count.product.100334136.html,,,0,0,https://www.costco.com/kirkland-signature-groceries.html
2c1e2f4a-00ee-558d-8610-98542f7b04e0,1738,100336580,100336580,"Kirkland Signature, Organic Quinoa, 4.5 lbs",https://www.costco.com/kirkland-signature-organic-quinoa-45-lbs.product.100336580.html,,,0,0,https://www.costco.com/kirkland-signature-groceries.html
9f499c92-05a9-579c-91d8-ef43c081a788,1738,100334734,100334734,"Kirkland Signature Snacking Nuts, Variety Pack, 1.6 oz, 30-count",https://www.costco.com/kirkland-signature-snacking-nuts-variety-pack-16-oz-30-count.product.100334734.html,,,0,0,https://www.costco.com/kirkland-signature-groceries.html
c50cbe38-5aa7-5042-a326-21d3dbebe251,1738,4000262621,4000262621,"Kirkland Signature Olive Oil, 3 L",https://www.costco.com/kirkland-signature-olive-oil-3-l.product.4000262621.html,,,0,0,https://www.costco.com/kirkland-signature-groceries.html
16cdd743-6d5f-5a4f-b960-36d3cae3b41e,1738,100421211,100421211,"Kirkland Signature Chinet 18 oz Plastic Cup, Red, 240-count",https://www.costco.com/kirkland-signature-chinet-18-oz-plastic-cup-red-240-count.product.100421211.html,,,0,0,https://www.costco.com/kirkland-signature-groceries.html
4a1341f3-7e2e-536e-9ecc-c9942b7b2dfd,1738,4000147352,4000147352,"Kirkland Signature Coffee Organic Summit Roast K-Cup Pod, 120-count",https://www.costco.com/kirkland-signature-coffee-organic-summit-roast-k-cup-pod-120-count.product.4000147352.html,,,0,0,https://www.costco.com/kirkland-signature-groceries.html
8748536b-d158-55d1-acac-d87811895cd1,1738,100333875,100333875,"Kirkland Signature Creamy Almond Butter, 27 oz",https://www.costco.com/kirkland-signature-creamy-almond-butter-27-oz.product.100333875.html,,,0,0,https://www.costco.com/kirkland-signature-groceries.html
aed7971b-a56b-571c-94b4-557e0776f1b5,1738,100446587,100446587,"Kirkland Signature, Ocean Spray Cranberry Premium 100% Juice, 96 fl oz, 2-Count",https://www.costco.com/kirkland-signature-ocean-spray-cranberry-premium-100-juice-96-fl-oz-2-count.product.100446587.html,,,0,0,https://www.costco.com/kirkland-signature-groceries.html
7490b371-e475-53c0-ba54-037b3f3cd24e,1738,100334844,100334844,"Kirkland Signature, Extra Virgin Italian Olive Oil, 2 L",https://www.costco.com/kirkland-signature-extra-virgin-italian-olive-oil-2-l.product.100334844.html,,,0,0,https://www.costco.com/kirkland-signature-groceries.html
f34776b2-9b3e-50d8-9757-e2b9ba9736b6,1738,100334881,100334881,"Kirkland Signature, Whole Black Peppercorn, 14.1 oz",https://www.costco.com/kirkland-signature-whole-black-peppercorn-141-oz.product.100334881.html,,,0,0,https://www.costco.com/kirkland-signature-groceries.html
0a495560-ce45-5795-93a6-1e10f34a716b,1738,100334737,100334737,"Kirkland Signature, Canola Oil, 3 qt, 2-count",https://www.costco.com/kirkland-signature-canola-oil-3-qt-2-count.product.100334737.html,,,0,0,https://www.costco.com/kirkland-signature-groceries.html
9acef4be-7593-5faf-a092-05e87cf7225e,1738,100334316,100334316,"Kirkland Signature, Sunsweet Whole Dried Plums, 3.5 lbs",https://www.costco.com/kirkland-signature-sunsweet-whole-dried-plums-35-lbs.product.100334316.html,,,0,0,https://www.costco.com/kirkland-signature-groceries.html
36fc8c7c-d2a2-5ec0-ba0b-e3129db22d3c,1738,100520076,100520076,"Kirkland Signature Colombian Cold Brew Coffee, 11 fl oz, 12-count",https://www.costco.com/kirkland-signature-colombian-cold-brew-coffee-11-fl-oz-12-count.product.100520076.html,,,0,0,https://www.costco.com/kirkland-signature-groceries.html
305fc561-58b1-51b5-a85a-9979803ca9ca,1738,100334958,100334958,"Kirkland Signature Fine Ground Black Pepper, 12.3 oz",https://www.costco.com/kirkland-signature-fine-ground-black-pepper-123-oz.product.100334958.html,,,0,0,https://www.costco.com/kirkland-signature-groceries.html
637d9dfc-1912-5330-9c72-249d573840f6,1738,100381407,100381407,"Kirkland Signature Organic Blue Agave, 36 oz, 2-count",https://www.costco.com/kirkland-signature-organic-blue-agave-36-oz-2-count.product.100381407.html,,,0,0,https://www.costco.com/kirkland-signature-groceries.html
65b83dae-d951-5f58-a0bc-1a8a7a43a99c,1738,100438733,100438733,"Kirkland Signature Dry Roasted Macadamia Nuts, 1.5 lbs",https://www.costco.com/kirkland-signature-dry-roasted-macadamia-nuts-15-lbs.product.100438733.html,,,0,0,https://www.costco.com/kirkland-signature-groceries.html
26114295-3612-539e-b128-536bcc4523f2,1738,100334965,100334965,"Kirkland Signature Organic No-Salt Seasoning, 14.5 oz",https://www.costco.com/kirkland-signature-organic-no-salt-seasoning-145-oz.product.100334965.html,,,0,0,https://www.costco.com/kirkland-signature-groceries.html
8f25c557-b15f-5a7e-962a-7c872fa467bd,1738,100635685,100635685,"Kirkland Signature Thin Sliced Chicken Breasts, Boneless Skinless, 10 lbs",https://www.costco.com/kirkland-signature-thin-sliced-chicken-breasts-boneless-skinless-10-lbs.product.100635685.html,,,0,0,https://www.costco.com/kirkland-signature-groceries.html
4cd8b302-1e4e-543f-b1a1-1b44dbad57b7,1738,100334964,100334964,"Kirkland Signature, Crushed Red Pepper, 10 oz",https://www.costco.com/kirkland-signature-crushed-red-pepper-10-oz.product.100334964.html,,,0,0,https://www.costco.com/kirkland-signature-groceries.html
b2b84a39-790e-5c21-a176-fa3193ed1378,1738,100605746,100605746,"Kirkland Signature Plastic Food Wrap, 12 in x 750 ft, 2-count",https://www.costco.com/kirkland-signature-plastic-food-wrap-12-in-x-750-ft-2-count.product.100605746.html,,,0,0,https://www.costco.com/kirkland-signature-groceries.html
ca11da6a-e26b-503c-91bd-e2b5411c005d,1738,100438553,100438553,"Kirkland Signature, Almond Flour, 3 lbs",https://www.costco.com/kirkland-signature-almond-flour-3-lbs.product.100438553.html,,,0,0,https://www.costco.com/kirkland-signature-groceries.html
4452f7c2-6a15-5e24-94e3-ab118bdae73d,1738,100519419,100519419,"Kirkland Signature Elegant Plastic Plates, Variety Pack, White, 50-count",https://www.costco.com/kirkland-signature-elegant-plastic-plates-variety-pack-white-50-count.product.100519419.html,,,0,0,https://www.costco.com/kirkland-signature-groceries.html
290bf5dd-d490-5dd7-9e8c-37b6768d85aa,1738,100381413,100381413,"Kirkland Signature, Organic Virgin Coconut Oil, 84 fl oz",https://www.costco.com/kirkland-signature-organic-virgin-coconut-oil-84-fl-oz.product.100381413.html,,,0,0,https://www.costco.com/kirkland-signature-groceries.html
a4b41900-f286-5fd3-b9d2-8835d1d1ebac,1738,100805602,100805602,"Kirkland Signature Whole Bean Coffee, French Roast, 2.5 lbs",https://www.costco.com/kirkland-signature-whole-bean-coffee-french-roast-25-lbs.product.100805602.html,,,0,0,https://www.costco.com/kirkland-signature-groceries.html
725ac90c-53b1-5c10-93e6-66082dbcb9a9,1738,100334973,100334973,Kirkland Signature Chicken and Rice Cat Food 25 lbs.,https://www.costco.com/kirkland-signature-chicken-and-rice-cat-food-25-lbs.product.100334973.html,,,0,0,https://www.costco.com/kirkland-signature-groceries.html
0658795c-6d06-5dd7-afb6-cb70004be271,1738,100334735,100334735,"Kirkland Signature Organic Pine Nuts, 1.5 lbs",https://www.costco.com/kirkland-signature-organic-pine-nuts-15-lbs.product.100334735.html,,,0,0,https://www.costco.com/kirkland-signature-groceries.html
c6c77b91-64a7-56f5-b1d3-ca1d9aca539c,1738,100441201,100441201,"Kirkland Signature Wild Alaskan Sockeye Salmon, 5 oz - 7 oz Portion, 3 lbs",https://www.costco.com/kirkland-signature-wild-alaskan-sockeye-salmon-5-oz---7-oz-portion-3-lbs.product.100441201.html,,,0,0,https://www.costco.com/kirkland-signature-groceries.html
055b541c-e9c5-5fac-ad56-07f11ee65211,1738,100508756,100508756,"Kirkland Signature Grass-Fed Beef Patties, 1/3 lb Patty, 15-count",https://www.costco.com/kirkland-signature-grass-fed-beef-patties-13-lb-patty-15-count.product.100508756.html,,,0,0,https://www.costco.com/kirkland-signature-groceries.html
63bdeec1-0bb7-5753-9ee4-f28524920620,1738,100456493,100456493,"Kirkland Signature Cabernet Sauvignon, 3 L",https://www.costco.com/kirkland-signature-cabernet-sauvignon-3-l.product.100456493.html,,,0,0,https://www.costco.com/kirkland-signature-groceries.html
1fb148e4-61d9-5bb7-80c0-1a9e16988f7b,1738,100242955,100242955,Kirkland Signature Nature's Domain Cat Food 18 lbs.,https://www.costco.com/kirkland-signature-natures-domain-cat-food-18-lbs.product.100242955.html,,,0,0,https://www.costco.com/kirkland-signature-groceries.html
bca9cf38-32c3-5770-97b2-010ad750512b,1738,100410832,100410832,"Kirkland Signature Meatballs, 6 lbs",https://www.costco.com/kirkland-signature-meatballs-6-lbs.product.100410832.html,,,0,0,https://www.costco.com/kirkland-signature-groceries.html
df29a624-2a8e-5677-a783-689b50a98c13,1738,4000298044,4000298044,"Kirkland Signature Wild Argentine Raw Shrimp, 2 lb",https://www.costco.com/kirkland-signature-wild-argentine-raw-shrimp-2-lb.product.4000298044.html,,,0,0,https://www.costco.com/kirkland-signature-groceries.html
4188b2a3-6240-551a-9f79-3eedb1ed2387,1738,4000300941,4000300941,"Kirkland Signature Lightly Breaded Chicken Breast Fillets, 3 lbs",https://www.costco.com/kirkland-signature-lightly-breaded-chicken-breast-fillets-3-lbs.product.4000300941.html,,,0,0,https://www.costco.com/kirkland-signature-groceries.html
953981ad-9f76-548e-b553-e400f5512f19,1738,100116721,100116721,"Kirkland Signature Reynolds Foodservice Foil, 12 in x 1,000 ft",https://www.costco.com/kirkland-signature-reynolds-foodservice-foil-12-in-x-1000-ft.product.100116721.html,,,0,0,https://www.costco.com/kirkland-signature-groceries.html
f5468909-f62a-5bf6-9aeb-af31aa26504b,1738,4000202951,4000202951,"Kirkland Signature Lightly Breaded Chicken Breast Chunks, 4 lbs",https://www.costco.com/kirkland-signature-lightly-breaded-chicken-breast-chunks-4-lbs.product.4000202951.html,,,0,0,https://www.costco.com/kirkland-signature-groceries.html
853e9109-9916-5606-8a5a-4ccf7a1aded0,1738,100450484,100450484,"Kirkland Signature Organic Blueberries, 3 lbs",https://www.costco.com/kirkland-signature-organic-blueberries-3-lbs.product.100450484.html,,,0,0,https://www.costco.com/kirkland-signature-groceries.html
e6e81b6d-4b6c-5081-83aa-585dba65b652,1738,100539783,100539783,"Kirkland Signature Chicken Wings, First and Second Sections, 10 lbs",https://www.costco.com/kirkland-signature-chicken-wings-first-and-second-sections-10-lbs.product.100539783.html,,,0,0,https://www.costco.com/kirkland-signature-groceries.html
ad2bf44b-d79e-5f85-85d8-23b1370fe51b,1738,100452337,100452337,"Kirkland Signature Organic Strawberries, 4 lbs",https://www.costco.com/kirkland-signature-organic-strawberries-4-lbs.product.100452337.html,,,0,0,https://www.costco.com/kirkland-signature-groceries.html
4f8622b7-4cd1-5795-a8d8-d0fa7ad21d9d,1738,4000318627,4000318627,"Kirkland Signature Extra Crispy French Fries, 5 lbs",https://www.costco.com/kirkland-signature-extra-crispy-french-fries-5-lbs.product.4000318627.html,,,0,0,https://www.costco.com/kirkland-signature-groceries.html
4bf4aa3e-6dcf-59f4-8ffb-48cf19de9a97,1738,100639328,100639328,"Kirkland Signature Chicken Tenderloins, Boneless Skinless, 6 lbs",https://www.costco.com/kirkland-signature-chicken-tenderloins-boneless-skinless-6-lbs.product.100639328.html,,,0,0,https://www.costco.com/kirkland-signature-groceries.html
62f25842-fc4f-55aa-ac13-d1b2bfb7de21,1738,4000054192,4000054192,"Kirkland Signature Garlic Butter Shrimp, 2 lbs",https://www.costco.com/kirkland-signature-garlic-butter-shrimp-2-lbs.product.4000054192.html,,,0,0,https://www.costco.com/kirkland-signature-groceries.html
e4a9f391-6fd7-5274-9ff1-8bdd75795c3b,1738,100433848,100433848,"Kirkland Signature Stir-Fry Vegetable Blend, 5.5 lbs",https://www.costco.com/kirkland-signature-stir-fry-vegetable-blend-55-lbs.product.100433848.html,,,0,0,https://www.costco.com/kirkland-signature-groceries.html
83f84e07-0f03-59b9-8eae-efbdf58843f2,1738,100637418,100637418,"Kirkland Signature Organic Broccoli Florets, 1 lb, 4-count",https://www.costco.com/kirkland-signature-organic-broccoli-florets-1-lb-4-count.product.100637418.html,,,0,0,https://www.costco.com/kirkland-signature-groceries.html
89209726-c011-5d24-aab4-403477dd8833,1738,100639698,100639698,"Kirkland Signature Ground Beef Patties, 1/3 lb Patty, 18-count",https://www.costco.com/kirkland-signature-ground-beef-patties-13-lb-patty-18-count.product.100639698.html,,,0,0,https://www.costco.com/kirkland-signature-groceries.html
55aa0096-c5f3-589a-9a60-45740a8af7c8,1738,100354281,100354281,Kirkland Signature Nature's Domain Puppy Formula Chicken & Pea Dog Food 20 lb.,https://www.costco.com/kirkland-signature-natures-domain-puppy-formula-chicken--pea-dog-food-20-lb.product.100354281.html,,,0,0,https://www.costco.com/kirkland-signature-groceries.html
a7437818-7a63-563f-86f0-26dd6ef57c9e,1738,100112668,100112668,"Kirkland Signature Super B-Complex with Electrolytes, 500 Tablets",https://www.costco.com/kirkland-signature-super-b-complex-with-electrolytes-500-tablets.product.100112668.html,,,0,0,https://www.costco.com/kirkland-signature-groceries.html
329b7ef7-92c8-5c73-b314-f6573918220d,1738,4000411755,4000411755,"Kirkland Signature Crispy Wings with Classic Buffalo Sauce, 64 oz",https://www.costco.com/kirkland-signature-crispy-wings-with-classic-buffalo-sauce-64-oz.product.4000411755.html,,,0,0,https://www.costco.com/kirkland-signature-groceries.html
76af220d-1ce9-59db-9020-2e395466f30f,1738,100452870,100452870,"Kirkland Signature Super Premium Vanilla Ice Cream, 1/2 Gallon, 2-count",https://www.costco.com/kirkland-signature-super-premium-vanilla-ice-cream-12-gallon-2-count.product.100452870.html,,,0,0,https://www.costco.com/kirkland-signature-groceries.html
a7000371-d92c-5bab-ad4d-7dd52e47df93,1738,100462140,100462140,Kirkland Signature Breaded Panko Shrimp 2.5 lbs,https://www.costco.com/kirkland-signature-breaded-panko-shrimp-25-lbs.product.100462140.html,,,0,0,https://www.costco.com/kirkland-signature-groceries.html
5564a07d-93fc-5810-b58f-338aaf385384,1738,100408294,100408294,"Kirkland Signature Farm-Raised Raw Shrimp, Tail-On, 21-25-count per Pound, 2 lbs",https://www.costco.com/kirkland-signature-farm-raised-raw-shrimp-tail-on-21-25-count-per-pound-2-lbs.product.100408294.html,,,0,0,https://www.costco.com/kirkland-signature-groceries.html
42ce26b5-faee-59f7-9d19-42786b0d8cbd,1738,100410665,100410665,"Kirkland Signature Three Berry Blend, 4 lbs",https://www.costco.com/kirkland-signature-three-berry-blend-4-lbs.product.100410665.html,,,0,0,https://www.costco.com/kirkland-signature-groceries.html
1423cfa2-3f55-52b3-91d8-a9d9f8af806c,1738,100638020,100638020,"Kirkland Signature Tempura Shrimp, 2.35 lbs, 30-count",https://www.costco.com/kirkland-signature-tempura-shrimp-235-lbs-30-count.product.100638020.html,,,0,0,https://www.costco.com/kirkland-signature-groceries.html
ae16ea55-ca68-52bc-9a17-d7ae4ab00f01,1738,100070491,100070491,"Kirkland Signature Chardonnay, Sonoma County, 750 ml",https://www.costco.com/kirkland-signature-chardonnay-sonoma-county-750-ml.product.100070491.html,,,0,0,https://www.costco.com/kirkland-signature-groceries.html
52ac9a5f-2404-5a46-a119-f051b0d6bbf7,1738,100415670,100415670,"Kirkland Signature Farm-Raised Cooked Shrimp, Tail-Off, 50-70-count per Pound, 2 lbs",https://www.costco.com/kirkland-signature-farm-raised-cooked-shrimp-tail-off-50-70-count-per-pound-2-lbs.product.100415670.html,,,0,0,https://www.costco.com/kirkland-signature-groceries.html
7ab47b6d-97a9-5cf6-8079-c610f115b6df,1738,100462186,100462186,"Kirkland Signature, Black Pepper with Grinder, 6.3 oz, 2-Count",https://www.costco.com/kirkland-signature-black-pepper-with-grinder-63-oz-2-count.product.100462186.html,,,0,0,https://www.costco.com/kirkland-signature-groceries.html
20d0a95f-eb09-52cb-b1f9-047e6e8f2d75,1738,100442000,100442000,"Kirkland Signature Boneless Lamb Leg Roast, 5.53 lb Avg Wt",https://www.costco.com/kirkland-signature-boneless-lamb-leg-roast-553-lb-avg-wt.product.100442000.html,,,0,0,https://www.costco.com/meat.html
30f788f4-fe12-5498-a593-a6b4f6dbec69,1738,100851738,100851738,"Kirkland Signature, Albacore Solid White Tuna in Water, 7 oz, 8-Count",https://www.costco.com/kirkland-signature-albacore-solid-white-tuna-in-water-7-oz-8-count.product.100851738.html,,,0,0,https://www.costco.com/pantry.html
cbbf779a-d94c-5334-b281-471e97e898d3,1738,4000063331,4000063331,"Kirkland Signature Organic Unbleached All Purpose Flour, 10 lbs, 2-count",https://www.costco.com/kirkland-signature-organic-unbleached-all-purpose-flour-10-lbs-2-count.product.4000063331.html,,,0,0,https://www.costco.com/pantry.html
9f1e0c5d-9492-5e47-8d06-274c0e04d9a3,1738,100783256,100783256,"Campbell's, Simply Chicken Noodle Soup, 18.6 oz, 8-Count",https://www.costco.com/campbells-simply-chicken-noodle-soup-186-oz-8-count.product.100783256.html,,,0,0,https://www.costco.com/pantry.html
5b30d438-9068-5f9b-a7eb-7f3b4cfc99de,1738,100334875,100334875,"Kirkland Signature, Thai Hom Mali Jasmine Rice, 25 lbs",https://www.costco.com/kirkland-signature-thai-hom-mali-jasmine-rice-25-lbs.product.100334875.html,,,0,0,https://www.costco.com/pantry.html
fcad743e-ffca-51b1-aca0-ad5ea831e64a,1738,4000040390,4000040390,"Bibigo, Cooked Sticky White Rice Bowls, Medium Grain, 7.4 oz, 12-Count",https://www.costco.com/bibigo-cooked-sticky-white-rice-bowls-medium-grain-74-oz-12-count.product.4000040390.html,,,0,0,https://www.costco.com/pantry.html
b86f6bcc-5ba9-56c6-93fd-6b92f8d7d57f,1738,100381417,100381417,"Garofalo, Organic Pasta, Variety Pack, 17.6 oz, 6-Count",https://www.costco.com/garofalo-organic-pasta-variety-pack-176-oz-6-count.product.100381417.html,,,0,0,https://www.costco.com/pantry.html
490ec3cf-304d-5fae-a094-cd8e1ba8f804,1738,100443940,100443940,"Del Monte, Canned Cut Green Beans, 14.5 oz, 12-Count",https://www.costco.com/del-monte-canned-cut-green-beans-145-oz-12-count.product.100443940.html,,,0,0,https://www.costco.com/pantry.html
4df3d371-d035-5326-8608-39e0510f1775,1738,100381612,100381612,"Wild Planet, Albacore Wild Tuna, 5 oz, 6-Count",https://www.costco.com/wild-planet-albacore-wild-tuna-5-oz-6-count.product.100381612.html,,,0,0,https://www.costco.com/pantry.html
656285e5-3889-5ed1-ba70-ac05f70ad8a3,1738,100315872,100315872,"Royal, Basmati Rice, 20 lbs",https://www.costco.com/royal-basmati-rice-20-lbs.product.100315872.html,,,0,0,https://www.costco.com/pantry.html
8e4fc3d1-6507-50a3-abf4-6062cf5a3baa,1738,100644452,100644452,"Nongshim, Tonkotsu Ramen Bowl, 3.56 oz, 6-Count",https://www.costco.com/nongshim-tonkotsu-ramen-bowl-356-oz-6-count.product.100644452.html,,,0,0,https://www.costco.com/pantry.html
3929b973-a690-52ae-a012-2effad75ca95,1738,100443694,100443694,"Del Monte, Canned Corn-Whole Kernel, 15.25 oz, 12-Count",https://www.costco.com/del-monte-canned-corn-whole-kernel-1525-oz-12-count.product.100443694.html,,,0,0,https://www.costco.com/pantry.html
4f4bf74f-a76b-5f7b-bcc5-7e59be962d69,1738,100384209,100384209,"Chicken of the Sea, Chunk Light Premium Tuna in Water, 7 oz, 12-Count",https://www.costco.com/chicken-of-the-sea-chunk-light-premium-tuna-in-water-7-oz-12-count.product.100384209.html,,,0,0,https://www.costco.com/pantry.html
0c824595-003c-5612-b278-7804ba17b5b4,1738,100381542,100381542,"Kraft, Macaroni & Cheese Dinner Cup, 2.05 oz, 12-Count",https://www.costco.com/kraft-macaroni--cheese-dinner-cup-205-oz-12-count.product.100381542.html,,,0,0,https://www.costco.com/pantry.html
69da681a-5c20-5828-8e07-30c257ceeadb,1738,100113428,100113428,"Nissin Cup Noodles, Chicken, 2.5 oz, 24-count",https://www.costco.com/nissin-cup-noodles-chicken-25-oz-24-count.product.100113428.html,,,0,0,https://www.costco.com/pantry.html
f2368fd7-7095-58eb-a0eb-9fe03e8c6120,1738,4000401691,4000401691,"Snapdragon Foods Vietnamese Pho Bowls, 3.1 oz, 9-count",https://www.costco.com/snapdragon-foods-vietnamese-pho-bowls-31-oz-9-count.product.4000401691.html,,,0,0,https://www.costco.com/pantry.html
678a4ff7-1e5b-5bda-92f9-9e9882bb6925,1738,100381528,100381528,"Arm & Hammer, Pure Baking Soda, 13.5 lbs",https://www.costco.com/arm--hammer-pure-baking-soda-135-lbs.product.100381528.html,,,0,0,https://www.costco.com/pantry.html
15395bf6-ed58-5012-81f0-af8863e26903,1738,4000439540,4000439540,"Seeds of Change Organic Quinoa & Brown Rice with Garlic & Lentils, 6-count",https://www.costco.com/seeds-of-change-organic-quinoa--brown-rice-with-garlic--lentils-6-count.product.4000439540.html,,,0,0,https://www.costco.com/pantry.html
2a21c498-6810-5bdc-9df3-f929f6a1cb39,1738,100403311,100403311,"Nestlé Toll House, Semi-Sweet Chocolate Chip Morsels, 72 oz",https://www.costco.com/nestl-toll-house-semi-sweet-chocolate-chip-morsels-72-oz.product.100403311.html,,,0,0,https://www.costco.com/pantry.html
cbaeb341-29a9-5778-9da9-04c365918fc2,1738,100452749,100452749,"Thai Kitchen Organic Coconut Milk, Unsweetened, 13.66 fl oz, 6-count",https://www.costco.com/thai-kitchen-organic-coconut-milk-unsweetened-1366-fl-oz-6-count.product.100452749.html,,,0,0,https://www.costco.com/pantry.html
d5610157-bc4c-59e7-9a56-d78c5279337a,1738,100643792,100643792,"Chosen Foods Avocado Oil Spray, 13.5 oz, 2-count",https://www.costco.com/chosen-foods-avocado-oil-spray-135-oz-2-count.product.100643792.html,,,0,0,https://www.costco.com/pantry.html
8954170c-4ee7-535d-b520-42538fee5724,1738,4000444157,4000444157,"Tasty Bite Organic Madras Lentils, 10 oz, 8-count",https://www.costco.com/tasty-bite-organic-madras-lentils-10-oz-8-count.product.4000444157.html,,,0,0,https://www.costco.com/pantry.html
bf2863e3-78f9-590a-8bad-c66573c0ecc4,1738,100368217,100368217,"Jif Creamy Peanut Butter 48 oz, 2-Count",https://www.costco.com/jif-creamy-peanut-butter-48-oz-2-count.product.100368217.html,,,0,0,https://www.costco.com/pantry.html
8bba9d29-0158-5f50-ba64-575c7c6110cb,1738,100381460,100381460,"Garofalo, Organic Spaghetti Noodles, 17.6 oz, 8-Count",https://www.costco.com/garofalo-organic-spaghetti-noodles-176-oz-8-count.product.100381460.html,,,0,0,https://www.costco.com/pantry.html
68043490-e57b-5bc9-a3d5-1b9a0902bc0f,1738,100381454,100381454,"Ghirardelli, Triple Chocolate Premium Brownie Mix, 6-Count",https://www.costco.com/ghirardelli-triple-chocolate-premium-brownie-mix-6-count.product.100381454.html,,,0,0,https://www.costco.com/pantry.html
da1382a2-6012-51c4-9519-7d22235caa60,1738,100371278,100371278,"Hidden Valley Original Ranch Homestyle Dressing, 40 fl oz, 2-count",https://www.costco.com/hidden-valley-original-ranch-homestyle-dressing-40-fl-oz-2-count.product.100371278.html,,,0,0,https://www.costco.com/pantry.html
71d94519-4604-5a21-9b98-4507162aa71f,1738,4000426490,4000426490,"Rao's Homemade Marinara Sauce, 31.7 oz, 2-count",https://www.costco.com/raos-homemade-marinara-sauce-317-oz-2-count.product.4000426490.html,,,0,0,https://www.costco.com/pantry.html
4fa84f79-5268-5d33-9e1f-e577085dd8e8,1738,100442450,100442450,"Kirkland Signature Pure Vanilla Extract, 16 fl oz",https://www.costco.com/kirkland-signature-pure-vanilla-extract-16-fl-oz.product.100442450.html,,,0,0,https://www.costco.com/pantry.html
7b49f180-41f8-5cdb-82b9-f327b2623001,1738,4000067571,4000067571,"Nutella B-Ready Crispy Wafers Filled with Nutella, 0.7 oz, 36-count",https://www.costco.com/nutella-b-ready-crispy-wafers-filled-with-nutella-07-oz-36-count.product.4000067571.html,,,0,0,https://www.costco.com/pantry.html
34fc77f3-d495-5ff6-b227-64e0aee57135,1738,100485555,100485555,"Lotus Foods, Organic Millet & Brown Rice Ramen, 2.5 oz, 12-Count",https://www.costco.com/lotus-foods-organic-millet--brown-rice-ramen-25-oz-12-count.product.100485555.html,,,0,0,https://www.costco.com/pantry.html
6c199856-2509-53e0-a4c6-714f9877d701,1738,100634569,100634569,"Hellmann's Real Mayonnaise, Squeeze Bottle, 25 fl oz, 2-count",https://www.costco.com/hellmanns-real-mayonnaise-squeeze-bottle-25-fl-oz-2-count.product.100634569.html,,,0,0,https://www.costco.com/pantry.html
1b1d8065-3758-529e-ab41-860bbbd80d24,1738,100381551,100381551,"Sweet Baby Ray's, Barbecue Sauce, 40 oz, 2-Count",https://www.costco.com/sweet-baby-rays-barbecue-sauce-40-oz-2-count.product.100381551.html,,,0,0,https://www.costco.com/pantry.html
f3c64e0c-9b77-5a20-99e7-4186f94cfbe1,1738,100440811,100440811,"Homai California Calrose Rice, 25 lbs",https://www.costco.com/homai-california-calrose-rice-25-lbs.product.100440811.html,,,0,0,https://www.costco.com/pantry.html
179d514b-26d3-5619-91d4-412c5f21e5e2,1738,100381485,100381485,"Libby's, Vienna Sausage, 4.6 oz, 18-count",https://www.costco.com/libbys-vienna-sausage-46-oz-18-count.product.100381485.html,,,0,0,https://www.costco.com/pantry.html
26c82509-f0b0-5372-9dca-d3392e9740a4,1738,100778116,100778116,"Bachan's Japanese Barbecue Sauce, 34 oz",https://www.costco.com/bachans-japanese-barbecue-sauce-34-oz.product.100778116.html,,,0,0,https://www.costco.com/pantry.html
c8b96aaa-a3aa-515c-a24e-0fd197333713,1738,100371265,100371265,"Nutella Hazelnut Spread with Cocoa, 33.5 oz, 2-count",https://www.costco.com/nutella-hazelnut-spread-with-cocoa-335-oz-2-count.product.100371265.html,,,0,0,https://www.costco.com/pantry.html
0461f58f-c8d6-5cc0-aa6f-18ad7b80946a,1738,100441814,100441814,"Cholula, Hot Sauce Original, 12 fl oz, 2-Count",https://www.costco.com/cholula-hot-sauce-original-12-fl-oz-2-count.product.100441814.html,,,0,0,https://www.costco.com/pantry.html
e57f8a28-22e7-5573-9a52-ce26bd9c818c,1738,100449522,100449522,"Genova, Yellowfin Tuna, 7 oz, 6-Count",https://www.costco.com/genova-yellowfin-tuna-7-oz-6-count.product.100449522.html,,,0,0,https://www.costco.com/pantry.html
f146dedb-38fe-53d6-a4c0-5a104aecfbff,1738,100381577,100381577,"Lawry's Coarse Ground Garlic Salt with Parsley, 33 oz",https://www.costco.com/lawrys-coarse-ground-garlic-salt-with-parsley-33-oz.product.100381577.html,,,0,0,https://www.costco.com/pantry.html
93581e5e-31bd-5c78-a6fc-18cd65b0121b,1738,100654735,100654735,"Hidden Valley Ranch Homestyle Seasoning, Dip and Salad Dressing Mix, 20 oz",https://www.costco.com/hidden-valley-ranch-homestyle-seasoning-dip-and-salad-dressing-mix-20-oz.product.100654735.html,,,0,0,https://www.costco.com/pantry.html
6a6eea85-5596-5adc-be02-57b03eeb6116,1738,100377144,100377144,"SPAM Canned Meat, 25% Less Sodium, 12 oz, 8-Count",https://www.costco.com/spam-canned-meat-25-less-sodium-12-oz-8-count.product.100377144.html,,,0,0,https://www.costco.com/pantry.html
ffae02b7-a9cd-5b06-aaff-010ddf0e0124,1738,100371260,100371260,"Hellmann's, Real Mayonnaise, 64 oz",https://www.costco.com/hellmanns-real-mayonnaise-64-oz.product.100371260.html,,,0,0,https://www.costco.com/pantry.html
c623186c-6709-586e-b111-3c3dca348d92,1738,100334736,100334736,"Kirkland Signature, Vegetable Oil, 3 qt, 2-Count",https://www.costco.com/kirkland-signature-vegetable-oil-3-qt-2-count.product.100334736.html,,,0,0,https://www.costco.com/pantry.html
8f870192-f7af-5eb2-b097-c35ecd841e44,1738,4000446388,4000446388,"Kinder's Organic Signature Grill Variety Pack, 54.4 oz",https://www.costco.com/kinders-organic-signature-grill-variety-pack-544-oz.product.4000446388.html,,,0,0,https://www.costco.com/pantry.html
c9e68677-4e67-5422-8197-c4b8160b6fac,1738,100441883,100441883,"Red Star, Active Dry Yeast, 32 oz",https://www.costco.com/red-star-active-dry-yeast-32-oz.product.100441883.html,,,0,0,https://www.costco.com/pantry.html
ec9bf579-b761-5c2f-8a20-281d313b303e,1738,4000184387,4000184387,"Samyang Buldak Ramen Carbonara, Spicy Chicken, 3.7 oz, 6-count",https://www.costco.com/samyang-buldak-ramen-carbonara-spicy-chicken-37-oz-6-count.product.4000184387.html,,,0,0,https://www.costco.com/pantry.html
e769a8a5-c30a-5a46-9480-5c3f3159ddaf,1738,1306311,1306311,"Supreme Rice Long Grain Rice, 25 lbs",https://www.costco.com/.product.1306311.html,,,0,0,https://www.costco.com/pantry.html
76c20af8-1016-5185-b14a-fa20788a39fc,1738,100645583,100645583,"Kirkland Signature Bath Tissue, 2-Ply, 380 Sheets, 30 Rolls",https://www.costco.com/kirkland-signature-bath-tissue-2-ply-380-sheets-30-rolls.product.100645583.html,,,0,0,https://www.costco.com/paper-products-food-storage.html
d6d4712d-a05a-5d80-b9dc-5797082f23fc,1738,4000053321,4000053321,"Dixie Ultra 8-1/2"" Paper Plate, 240-count",https://www.costco.com/dixie-ultra-8-12-paper-plate-240-count.product.4000053321.html,,,0,0,https://www.costco.com/paper-products-food-storage.html
cad25293-7b7c-587e-a1af-2956cb00b10c,1738,100352100,100352100,"Dixie Ultra 10-1/16"" Paper Plate, 186-count",https://www.costco.com/dixie-ultra-10-116-paper-plate-186-count.product.100352100.html,,,0,0,https://www.costco.com/paper-products-food-storage.html
534167f4-c59d-5bd7-aefe-0cdaa70a9fcd,1738,4000346087,4000346087,"Bounty Advanced Paper Towels, 2-Ply, 103 Sheets, 12-count",https://www.costco.com/bounty-advanced-paper-towels-2-ply-103-sheets-12-count.product.4000346087.html,,,0,0,https://www.costco.com/paper-products-food-storage.html
6b7f12af-4b34-5175-bdcb-1f348c85ab5b,1738,100089150,100089150,"Kleenex Trusted Care Facial Tissue, 2-Ply, 230-count, 10-pack",https://www.costco.com/kleenex-trusted-care-facial-tissue-2-ply-230-count-10-pack.product.100089150.html,,,0,0,https://www.costco.com/paper-products-food-storage.html
4c8abd59-dab4-598d-9f08-7f803fde52cd,1738,11680104,11680104,"Kleenex Ultra Soft Facial Tissue, 3-Ply, 85-count, 12-pack",https://www.costco.com/kleenex-ultra-soft-facial-tissue-3-ply-85-count-12-pack.product.11680104.html,,,0,0,https://www.costco.com/paper-products-food-storage.html
60f2e32b-3e1a-5661-a7dc-2f2daa004a34,1738,4000343144,4000343144,"Ziploc Seal Top Bag, Variety Pack, 322-count",https://www.costco.com/ziploc-seal-top-bag-variety-pack-322-count.product.4000343144.html,,,0,0,https://www.costco.com/paper-products-food-storage.html
02a66754-2f97-5193-b597-d4aeeea3e361,1738,100108599,100108599,"Vanity Fair Everyday Napkin, 2-Ply, 110-count, 6-pack",https://www.costco.com/vanity-fair-everyday-napkin-2-ply-110-count-6-pack.product.100108599.html,,,0,0,https://www.costco.com/paper-products-food-storage.html
05900b52-e8ac-5ef8-8b95-4320be9541ad,1738,100836238,100836238,"Kirkland Signature Napkins, 1-Ply, 280-count, 4-pack",https://www.costco.com/kirkland-signature-napkins-1-ply-280-count-4-pack.product.100836238.html,,,0,0,https://www.costco.com/paper-products-food-storage.html
64c36ca1-712b-50e0-8e00-86245919fa98,1738,100234270,100234270,"Scott Bath Tissue, 1-Ply, 1100 Sheets, 36 Rolls",https://www.costco.com/scott-bath-tissue-1-ply-1100-sheets-36-rolls.product.100234270.html,,,0,0,https://www.costco.com/paper-products-food-storage.html
06f527d1-d0c1-5331-abe2-3bcb7fc76e76,1738,4000350136,4000350136,"Ziploc Seal Top Freezer Bag, Gallon, 136-count",https://www.costco.com/ziploc-seal-top-freezer-bag-gallon-136-count.product.4000350136.html,,,0,0,https://www.costco.com/paper-products-food-storage.html
84ebe0b9-9639-5542-86cd-eca679bf9613,1738,4000356985,4000356985,"Ziploc Seal Top Bag, Sandwich, 480-count",https://www.costco.com/ziploc-seal-top-bag-sandwich-480-count.product.4000356985.html,,,0,0,https://www.costco.com/paper-products-food-storage.html
3af04815-0f6c-5bd7-bdef-ce0ae3b5854f,1738,4000312330,4000312330,"Kirkland Signature Freezer Quart Plus Bags, 264-count",https://www.costco.com/kirkland-signature-freezer-quart-plus-bags-264-count.product.4000312330.html,,,0,0,https://www.costco.com/paper-products-food-storage.html
6b12f3f9-6471-50f9-b589-100f9214795a,1738,4000312404,4000312404,"Kirkland Signature Gallon Plus Freezer Bags, 192-count",https://www.costco.com/kirkland-signature-gallon-plus-freezer-bags-192-count.product.4000312404.html,,,0,0,https://www.costco.com/paper-products-food-storage.html
8f7f3508-4f9f-5ec9-a0c5-7021128d5167,1738,100381539,100381539,"Dixie Ultra 20 oz Paper Bowl, 135-count",https://www.costco.com/dixie-ultra-20-oz-paper-bowl-135-count.product.100381539.html,,,0,0,https://www.costco.com/paper-products-food-storage.html
f83f54df-6f78-5225-9fb6-82f67c03ceaa,1738,100113595,100113595,"Solo Heavyweight Plastic Spoon, White, 500-count",https://www.costco.com/solo-heavyweight-plastic-spoon-white-500-count.product.100113595.html,,,0,0,https://www.costco.com/paper-products-food-storage.html
d7cb5247-8e87-5f42-ad12-9de13102b073,1738,100113601,100113601,"Solo Heavyweight Plastic Fork, White, 500-count",https://www.costco.com/solo-heavyweight-plastic-fork-white-500-count.product.100113601.html,,,0,0,https://www.costco.com/paper-products-food-storage.html
07687ec3-1aa3-5d5c-97d2-499efb853219,1738,100397056,100397056,"Cottonelle Fresh Care Flushable Wipes, 560 Wipes",https://www.costco.com/cottonelle-fresh-care-flushable-wipes-560-wipes.product.100397056.html,,,0,0,https://www.costco.com/paper-products-food-storage.html
be8258da-a8f6-5037-8051-0efe4d41f181,1738,18695,18695,"Chinet Classic Lunch 8-3/4"" Paper Plate, 225-count",https://www.costco.com/.product.18695.html,,,0,0,https://www.costco.com/paper-products-food-storage.html
2128243a-8dd5-56d4-b692-8d2bf2ace552,1738,60357,60357,"Mixed Bell Peppers, 6-count",https://www.costco.com/.product.60357.html,,,0,0,https://www.costco.com/produce.html
c6d7776f-1fa0-51b6-bf96-58de3c39360b,1738,100445692,100445692,"Organic English Cucumbers, Greenhouse Grown, 3-count",https://www.costco.com/organic-english-cucumbers-greenhouse-grown-3-count.product.100445692.html,,,0,0,https://www.costco.com/produce.html
1e3cf52d-bb7b-55e8-946b-4fe3055120eb,1738,100433821,100433821,"Cantaloupe, 2-count",https://www.costco.com/cantaloupe-2-count.product.100433821.html,,,0,0,https://www.costco.com/produce.html
4280b64d-9960-5a6c-9477-382a5ffef976,1738,100439256,100439256,"Organic Crimini Mushrooms, 24 oz",https://www.costco.com/organic-crimini-mushrooms-24-oz.product.100439256.html,,,0,0,https://www.costco.com/produce.html
c3998f1f-8655-5fa2-af17-9500a51a6cc6,1738,100443126,100443126,"Limes, 3 lbs",https://www.costco.com/limes-3-lbs.product.100443126.html,,,0,0,https://www.costco.com/produce.html
4e97f6c8-7d66-5fa5-ab52-9bd443f7f290,1738,100608970,100608970,"Grape Tomatoes, 2 lbs",https://www.costco.com/grape-tomatoes-2-lbs.product.100608970.html,,,0,0,https://www.costco.com/produce.html
d433478e-7176-525c-bd1a-91c32616058d,1738,100434185,100434185,"Organic Celery Sticks, 2.5 lbs",https://www.costco.com/organic-celery-sticks-25-lbs.product.100434185.html,,,0,0,https://www.costco.com/produce.html
b53ff3f9-f100-5488-ad68-cebeb4af6a2a,1738,100437001,100437001,"Organic Gala Apples, 3 lbs",https://www.costco.com/organic-gala-apples-3-lbs.product.100437001.html,,,0,0,https://www.costco.com/produce.html
9a9c6bd3-8964-56b3-b223-d70404d41a00,1738,100975546,100975546,"Vidalia Sweet Onions, 5 lbs",https://www.costco.com/vidalia-sweet-onions-5-lbs.product.100975546.html,,,0,0,https://www.costco.com/produce.html
5639b6dc-215d-57ef-9718-e3a9c4dcbc9e,1738,100598720,100598720,"Organic Peeled Carrots, 2 lbs, 2-count",https://www.costco.com/organic-peeled-carrots-2-lbs-2-count.product.100598720.html,,,0,0,https://www.costco.com/produce.html
5ca82cf6-ae3f-5d7c-8874-1a2df17f1540,1738,100441109,100441109,"Gourmet Tomato Medley, Greenhouse Grown, 2 lbs",https://www.costco.com/gourmet-tomato-medley-greenhouse-grown-2-lbs.product.100441109.html,,,0,0,https://www.costco.com/produce.html
efc9edd8-1071-5941-9825-25aefcd3ff4c,1738,100442528,100442528,"Gourmet Creamer Potato, 5 lbs",https://www.costco.com/gourmet-creamer-potato-5-lbs.product.100442528.html,,,0,0,https://www.costco.com/produce.html
e0baafd6-0a8f-5b58-8803-cde1af80e27d,1738,100450792,100450792,"Organic Squash, 3.5 lbs",https://www.costco.com/organic-squash-35-lbs.product.100450792.html,,,0,0,https://www.costco.com/produce.html
94879a86-0af3-58b5-8d02-6a48d0e429c9,1738,100816773,100816773,"Plums, 3 lbs",https://www.costco.com/plums-3-lbs.product.100816773.html,,,0,0,https://www.costco.com/produce.html
eaa0d8e2-428d-52c3-aed1-db82a3b03dda,1738,100451213,100451213,"Organic Mangos, 6 lbs",https://www.costco.com/organic-mangos-6-lbs.product.100451213.html,,,0,0,https://www.costco.com/produce.html
85d2edfb-eea6-5821-a1c3-ace22ee2d114,1738,100601909,100601909,"Organic Carrots, 6 lbs",https://www.costco.com/organic-carrots-6-lbs.product.100601909.html,,,0,0,https://www.costco.com/produce.html
460cce3b-e436-5b82-9745-38fcc2e4b76f,1738,100441746,100441746,"Colossal Garlic, 2 lbs",https://www.costco.com/colossal-garlic-2-lbs.product.100441746.html,,,0,0,https://www.costco.com/produce.html
ea7066ee-1ad3-5511-b20d-867fe8fa965d,1738,100787289,100787289,"Grapefruit, 5 lbs",https://www.costco.com/grapefruit-5-lbs.product.100787289.html,,,0,0,https://www.costco.com/produce.html
403cf0d1-022d-5932-8413-9aa7a2656076,1738,100836033,100836033,"Frito Lay Classic Mix, 1 oz, Variety Pack, 54-count",https://www.costco.com/frito-lay-classic-mix-1-oz-variety-pack-54-count.product.100836033.html,,,0,0,https://www.costco.com/snacks.html
8f70bd37-f02b-5448-9535-47ef2b7cee1d,1738,100688266,100688266,"SunChips Whole Grain, Variety, 1.5 oz, 30-count",https://www.costco.com/sunchips-whole-grain-variety-15-oz-30-count.product.100688266.html,,,0,0,https://www.costco.com/snacks.html
f47dd3d6-0bd3-5ca7-baa4-46bc8859dd4d,1738,4000111758,4000111758,"Nature's Garden, Probiotic Strawberry Yoggies, 0.7 oz, 30-count",https://www.costco.com/natures-garden-probiotic-strawberry-yoggies-07-oz--30-count.product.4000111758.html,,,0,0,https://www.costco.com/snacks.html
569b642c-5ea6-59f8-839d-4c8ad428fef4,1738,100741625,100741625,"Chomps Original Beef Sticks, Mild, 12 Individually Wrapped Sticks",https://www.costco.com/chomps-original-beef-sticks-mild-12-individually-wrapped-sticks.product.100741625.html,,,0,0,https://www.costco.com/snacks.html
1fa11f82-d493-53f7-8c50-58f92f48aa1f,1738,100381415,100381415,"Skinny Pop Popcorn, 0.65 oz, 28-count",https://www.costco.com/skinny-pop-popcorn-065-oz-28-count.product.100381415.html,,,0,0,https://www.costco.com/snacks.html
944fd311-e069-52be-b6bb-b512c1b2248d,1738,100679927,100679927,"Pure Organic Layered Fruit Bars, Variety Pack, 0.63 oz, 28-count",https://www.costco.com/pure-organic-layered-fruit-bars-variety-pack--063-oz-28-count.product.100679927.html,,,0,0,https://www.costco.com/snacks.html
2876e10b-aabf-5f4f-80b8-8b6879f022d2,1738,100493043,100493043,"Pirate's Booty Aged White Cheddar Snack, 0.5 oz, 40-count",https://www.costco.com/pirates-booty-aged-white-cheddar-snack-05-oz-40-count.product.100493043.html,,,0,0,https://www.costco.com/snacks.html
f4c433bb-a647-5a19-82ea-9aa8edcfd0b3,1738,4000252966,4000252966,"Nabisco Cookies & Crackers, Variety Pack, 1 oz, 40-count",https://www.costco.com/nabisco-cookies--crackers-variety-pack-1-oz-40-count.product.4000252966.html,,,0,0,https://www.costco.com/snacks.html
75b1637b-f67e-5144-9de2-7199ee22fe91,1738,100642169,100642169,"That's it Mini Fruit Bars, 24-count",https://www.costco.com/thats-it-mini-fruit-bars-24-count.product.100642169.html,,,0,0,https://www.costco.com/snacks.html
79208f5f-5515-5c98-b1be-915859b8c797,1738,4000367875,4000367875,"Kirkland Signature Grass-fed Beef Sticks, 1.15 oz, 12-count",https://www.costco.com/kirkland-signature-grass-fed-beef-sticks-115-oz-12-count.product.4000367875.html,,,0,0,https://www.costco.com/snacks.html
6e2c36da-d951-5a02-85bb-0a748b33dbfd,1738,100641392,100641392,"Donsuemor, Traditional Madeleines Cake, 1 oz, 28-Count",https://www.costco.com/donsuemor-traditional-madeleines-cake-1-oz-28-count.product.100641392.html,,,0,0,https://www.costco.com/snacks.html
818152a7-3d47-59a3-af80-737dc80ede02,1738,4000385777,4000385777,"Frito-Lay NFL Gameday Mix, 54-count",https://www.costco.com/frito-lay-nfl-gameday-mix-54-count.product.4000385777.html,,,0,0,https://www.costco.com/snacks.html
4f9bd453-20ca-5098-8714-49308ffd843b,1738,100840912,100840912,"PopCorners Popped Corn Snacks Variety Pack, 1 oz, 30-Count",https://www.costco.com/popcorners-popped-corn-snacks-variety-pack-1-oz-30-count.product.100840912.html,,,0,0,https://www.costco.com/snacks.html
713eb6f2-64ea-505f-a0c7-fbdab18a1871,1738,100347332,100347332,"Nature's Garden Organic Trail Mix Snack Packs, Variety Pack, 1.2 oz, 24-count",https://www.costco.com/natures-garden-organic-trail-mix-snack-packs-variety-pack-12-oz-24-count.product.100347332.html,,,0,0,https://www.costco.com/snacks.html
84fa84d5-fefa-5cba-bba4-0bd2fb4fe7bc,1738,100532544,100532544,"Welch's Fruit Snacks, .8 oz, 90-count",https://www.costco.com/welchs-fruit-snacks-8-oz-90-count.product.100532544.html,,,0,0,https://www.costco.com/snacks.html
7ecb74b7-bc6d-535e-a875-5f54ef91ba10,1738,100439543,100439543,"Heavenly Hunks Organic Oatmeal Dark Chocolate Cookies, 22 oz",https://www.costco.com/heavenly-hunks-organic-oatmeal-dark-chocolate-cookies-22-oz.product.100439543.html,,,0,0,https://www.costco.com/snacks.html
20888e1d-698d-5ab4-8829-3a006d06a121,1738,100371248,100371248,"Goldfish Baked Snack Crackers, Cheddar, 1 oz, 45-count",https://www.costco.com/goldfish-baked-snack-crackers-cheddar-1-oz-45-count.product.100371248.html,,,0,0,https://www.costco.com/snacks.html
e900f1bb-0d17-53b0-babb-9d49f600b1c9,1738,100538227,100538227,"Country Archer Grass-Fed Beef Stick Minis Original, 0.5 oz, 28-Count",https://www.costco.com/country-archer-grass-fed-beef-stick-minis-original-05-oz-28-count.product.100538227.html,,,0,0,https://www.costco.com/snacks.html
8e438beb-b315-5d7c-be27-59eb70cd3fd2,1738,100696413,100696413,"Pringles Grab & Go Potato Crisps, Variety, 36-count",https://www.costco.com/pringles-grab--go-potato-crisps-variety-36-count.product.100696413.html,,,0,0,https://www.costco.com/snacks.html
8028f49e-d926-5325-bb00-60871dc0df6a,1738,100403275,100403275,"Clif Kid ZBar Organic Granola Bar, Variety Pack, 1.27 oz, 36-count",https://www.costco.com/clif-kid-zbar-organic-granola-bar-variety-pack-127-oz-36-count.product.100403275.html,,,0,0,https://www.costco.com/snacks.html
a514b122-4271-5efd-a5dc-fe3f70c6b226,1738,100699040,100699040,"OREO Sandwich Cookies, Variety Pack, 60-count",https://www.costco.com/oreo-sandwich-cookies-variety-pack-60-count.product.100699040.html,,,0,0,https://www.costco.com/snacks.html
2ceede4f-40b0-57bd-8d3a-7a9a424794fa,1738,4000094517,4000094517,"Milano Cookies, Double Dark Chocolate, 0.98 oz, 30-count",https://www.costco.com/milano-cookies-double-dark-chocolate-098-oz-30-count.product.4000094517.html,,,0,0,https://www.costco.com/snacks.html
32ea1610-12f2-51e9-93dc-d457fce206e4,1738,4000203095,4000203095,"GoGo SqueeZ, Organic Applesauce, Variety Pack, 3.2 oz, 28-Count",https://www.costco.com/gogo-squeez-organic-applesauce-variety-pack-32-oz-28-count.product.4000203095.html,,,0,0,https://www.costco.com/snacks.html
c7646111-5bba-52e3-8571-5dc8ae20b828,1738,100381587,100381587,"Nature Valley Protein Bar, Peanut Butter Dark Chocolate, 1.42 oz, 30-count",https://www.costco.com/nature-valley-protein-bar-peanut-butter-dark-chocolate-142-oz-30-count.product.100381587.html,,,0,0,https://www.costco.com/snacks.html
3cf4b9f8-41e3-509b-a4d2-79ca76cdd311,1738,4000329562,4000329562,"Variety Snack Pack, 40-count",https://www.costco.com/variety-snack-pack-40-count.product.4000329562.html,,,0,0,https://www.costco.com/snacks.html
6af69a0c-cd26-5444-a343-34cee70c69ef,1738,100389661,100389661,"Goldfish Baked Snacks, Variety Pack, 45-count",https://www.costco.com/goldfish-baked-snacks-variety-pack-45-count.product.100389661.html,,,0,0,https://www.costco.com/snacks.html
cbeaba2c-1fee-50c5-8914-9c2ddfacf676,1738,100381489,100381489,"Cheez-It Crackers, Cheddar, 1.5 oz, 45-count",https://www.costco.com/cheez-it-crackers-cheddar-15-oz-45-count.product.100381489.html,,,0,0,https://www.costco.com/snacks.html
bc09a5a3-60ac-598c-b5c2-971668ee6eb3,1738,4000233544,4000233544,"Kirkland Signature Sweet Heat Snack Mix, 24 oz",https://www.costco.com/kirkland-signature-sweet-heat-snack-mix-24-oz.product.4000233544.html,,,0,0,https://www.costco.com/snacks.html
6466313b-63dc-5c89-81a7-9b7350a907cb,1738,100698498,100698498,"Go Raw Sprouted Organic Pumpkin Seeds with Sea Salt, 22 oz",https://www.costco.com/go-raw-sprouted-organic-pumpkin-seeds-with-sea-salt-22-oz.product.100698498.html,,,0,0,https://www.costco.com/snacks.html
97e1e2a8-f345-5c7f-9a88-98c2fe02b15a,1738,4201003967,4201003967,"Kirkland Signature Snacking Nuts Variety Pack, 1.6 oz, 21-count",https://www.costco.com/kirkland-signature-snacking-nuts-variety-pack-16-oz-21-count.product.4201003967.html,,,0,0,https://www.costco.com/snacks.html
13d54481-ff40-5c51-8806-46bc7a841bb4,1738,100805013,100805013,"Golden Island Pork Snack Bites, Korean Barbecue, 1.5 oz, 12-count",https://www.costco.com/golden-island-pork-snack-bites-korean-barbecue-15-oz-12-count.product.100805013.html,,,0,0,https://www.costco.com/snacks.html
a5177462-b34d-5f86-afdb-ac5e18617ca8,1738,4000142365,4000142365,"The SnakYard Organic Sweet Potato Sticks, 2.82 oz, 6-count",https://www.costco.com/the-snakyard-organic-sweet-potato-sticks-282-oz-6-count.product.4000142365.html,,,0,0,https://www.costco.com/snacks.html
a05f85be-9ecf-5fd7-84d3-d5d49deddec3,1738,4000042930,4000042930,"Kirkland Signature Extra Fancy Mixed Nuts, Unsalted, 2.5 lbs",https://www.costco.com/kirkland-signature-extra-fancy-mixed-nuts-unsalted-25-lbs.product.4000042930.html,,,0,0,https://www.costco.com/snacks.html
72a993f3-ed05-5fdd-92b4-1c8118438714,1738,4201005708,4201005708,"Kirkland Signature Rice Crackers, 32 oz",https://www.costco.com/kirkland-signature-rice-crackers-32-oz.product.4201005708.html,,,0,0,https://www.costco.com/snacks.html
e2e0d2e6-c8d2-51cb-9e24-ee068f5389f2,1738,4000409855,4000409855,"belVita Energy Snack Bites Variety Pack, 25-count",https://www.costco.com/belvita-energy-snack-bites-variety-pack-25-count.product.4000409855.html,,,0,0,https://www.costco.com/snacks.html
31a5d246-1558-58b0-af70-bce850c82b71,1738,100368214,100368214,"Meiji Hello Panda Chocolate Creme Filled Cookies, 0.75 oz, 32-count",https://www.costco.com/meiji-hello-panda-chocolate-creme-filled-cookies-075-oz-32-count.product.100368214.html,,,0,0,https://www.costco.com/snacks.html
6c7c5653-4cbd-5eee-8602-3dd28aef91b2,1738,4000332792,4000332792,"Crunchmaster 6-Seed Multi-Grain Crackers, 28 oz",https://www.costco.com/crunchmaster-6-seed-multi-grain-crackers-28-oz.product.4000332792.html,,,0,0,https://www.costco.com/snacks.html
7f4273b8-d22d-5a27-80cf-f90a55130703,1738,100383407,100383407,"Lotus Biscoff Cookies, 8.8 oz., 4 Count",https://www.costco.com/lotus-biscoff-cookies-88-oz-4-count.product.100383407.html,,,0,0,https://www.costco.com/snacks.html
59e5f81d-6017-5e99-8e31-2c171ec1ac0c,1738,4000420284,4000420284,"Nature Valley Crispy Creamy Wafer Bars, Variety Pack, 1.3 oz, 28-count",https://www.costco.com/nature-valley-crispy-creamy-wafer-bars-variety-pack-13-oz-28-count.product.4000420284.html,,,0,0,https://www.costco.com/snacks.html
eda337c7-810c-521a-bc35-0731ef69243c,1738,100401345,100401345,"Nutella & GO! Hazelnut and Cocoa Spread With Breadsticks, 1.8 oz, 16 Pack",https://www.costco.com/nutella--go-hazelnut-and-cocoa-spread-with-breadsticks-18-oz-16-pack.product.100401345.html,,,0,0,https://www.costco.com/snacks.html
cc49fae6-f05f-538b-b62f-95f8d5c78724,1738,100792770,100792770,"Simple Mills Almond Flour Sea Salt Crackers, 10 oz, 2-count",https://www.costco.com/simple-mills-almond-flour-sea-salt-crackers-10-oz-2-count.product.100792770.html,,,0,0,https://www.costco.com/snacks.html
1136a269-f96f-5df3-b4d7-6254f00f3044,1738,4000418227,4000418227,Hoody's Honey Roasted Nut Mix,https://www.costco.com/hoodys-honey-roasted-nut-mix.product.4000418227.html,,,0,0,https://www.costco.com/snacks.html
70e68ea8-05df-5d4f-bb2c-dcfb54767854,1738,100113305,100113305,"Cheez-It Crackers, Cheddar, 3 lbs",https://www.costco.com/cheez-it-crackers-cheddar-3-lbs.product.100113305.html,,,0,0,https://www.costco.com/snacks.html
42cef2b1-5951-57d3-ae0c-efe66c2893db,1738,100756482,100756482,"Goldfish Baked Snack Crackers, Cheddar, 66 oz",https://www.costco.com/goldfish-baked-snack-crackers-cheddar-66-oz.product.100756482.html,,,0,0,https://www.costco.com/snacks.html
800d41ae-ea18-5080-99bf-2e0271634218,1738,4000250022,4000250022,"Nutella Biscuits, 9.7 oz, 4-count",https://www.costco.com/nutella-biscuits-97-oz-4-count.product.4000250022.html,,,0,0,https://www.costco.com/snacks.html
39b5d6c5-6c21-59b8-9ded-663f614fe661,1738,100369040,100369040,"RITZ Crackers, Original, 61.65 oz, 18-count",https://www.costco.com/ritz-crackers-original-6165-oz-18-count.product.100369040.html,,,0,0,https://www.costco.com/snacks.html
0072cf2f-65a7-5357-953e-7c8964fac70c,1738,100381517,100381517,"WildRoot's Coastal Berry Trail Mix, 26 oz",https://www.costco.com/wildroots-coastal-berry-trail-mix-26-oz.product.100381517.html,,,0,0,https://www.costco.com/snacks.html
5ddb140c-d263-5aad-9874-e7e4f4cfa859,1738,4000415351,4000415351,"BARNUM'S Animal Crackers, 1 oz, 30-count",https://www.costco.com/barnums-animal-crackers-1-oz-30-count.product.4000415351.html,,,0,0,https://www.costco.com/snacks.html
07f6a463-6ebd-524c-b0b0-99b0908dc274,1738,100674223,100674223,"Loacker Minis Wafer Cookie Variety, 28.22 oz",https://www.costco.com/loacker-minis-wafer-cookie-variety-2822-oz.product.100674223.html,,,0,0,https://www.costco.com/snacks.html
570c3320-f023-5a33-aefa-3a46694c6def,1738,4000294926,4000294926,"BUILT Puff Protein Bar, Variety Pack, 1.41 oz, 14-count",https://www.costco.com/built-puff-protein-bar-variety-pack-141-oz-14-count.product.4000294926.html,,,0,0,https://www.costco.com/snacks.html
b6ffda0a-cc51-544e-a444-6e1b954cd739,1738,100403304,100403304,"Nature Valley Biscuits with Almond Butter, 1.35 oz, 30-count",https://www.costco.com/nature-valley-biscuits-with-almond-butter-135-oz-30-count.product.100403304.html,,,0,0,https://www.costco.com/snacks.html
0c09b717-d097-5481-8ec1-3ebb85da4279,1738,4000400472,4000400472,"Mezcla Puff-Crispy Bar, Pistachio Chocolate, 1.4 oz, 14-count",https://www.costco.com/mezcla-puff-crispy-bar-pistachio-chocolate-14-oz-14-count.product.4000400472.html,,,0,0,https://www.costco.com/snacks.html
f9c58eef-00a5-57de-b959-47b595e3f7b0,1738,4201009280,4201009280,"Chomps Chomplings Original Turkey Mini Sticks, 0.5 oz, 24-count",https://www.costco.com/chomps-chomplings-original-turkey-mini-sticks-05-oz-24-count.product.4201009280.html,,,0,0,https://www.costco.com/snacks.html
3ec5b91c-47eb-5d61-9ca3-277ff3e68990,1738,100643788,100643788,"Schwartz Brothers Bakery, Organic Everything Bagel Chips, 15 oz",https://www.costco.com/schwartz-brothers-bakery-organic-everything-bagel-chips-15-oz.product.100643788.html,,,0,0,https://www.costco.com/snacks.html
2045ab0f-7e6d-50b2-97b0-a2e6e0c4f9a5,1738,100439457,100439457,"BelVita Breakfast Biscuits, Blueberry, 1.76 oz, 30-count",https://www.costco.com/belvita-breakfast-biscuits-blueberry-176-oz-30-count.product.100439457.html,,,0,0,https://www.costco.com/snacks.html
ebd466d6-9dcc-524b-9415-92b332a92b0d,1738,100401360,100401360,"FITCRUNCH Protein Bars, 16g Protein, Chocolate Peanut Butter, 1.62 oz, 18-count",https://www.costco.com/fitcrunch-protein-bars-16g-protein-chocolate-peanut-butter-162-oz-18-count.product.100401360.html,,,0,0,https://www.costco.com/snacks.html
43068779-5875-55fe-8717-fa09fc593eb8,1738,4000022053,4000022053,"Simply Fuel Protein Balls, 14.4 oz",https://www.costco.com/simply-fuel-protein-balls-144-oz.product.4000022053.html,,,0,0,https://www.costco.com/snacks.html
52fba44f-a868-5bc9-b626-be6492bb9d41,1738,4000204335,4000204335,"RXBAR Protein Bars, Variety Pack, 14-count",https://www.costco.com/rxbar-protein-bars-variety-pack-14-count.product.4000204335.html,,,0,0,https://www.costco.com/snacks.html
a14c5fe0-3ce3-53ec-a006-d75d49d46aca,1738,100421656,100421656,"BelVita Breakfast Biscuit, Cinnamon Brown Sugar, 1.76 oz, 30-count",https://www.costco.com/belvita-breakfast-biscuit-cinnamon-brown-sugar-176-oz-30-count.product.100421656.html,,,0,0,https://www.costco.com/snacks.html
07f907ce-c8bd-59d1-9019-7e7f939851a0,1738,100383609,100383609,"Frito Lay Classic Mix, Variety Pack, 30-count",https://www.costco.com/frito-lay-classic-mix-variety-pack-30-count.product.100383609.html,,,0,0,https://www.costco.com/snacks.html
ee1938b9-2047-5cd9-a3f1-5a4bcdca9a33,1738,4000201023,4000201023,"Miss Vickie's Kettle Cooked Potato Chips, 1.38 oz, Variety Pack, 30-count",https://www.costco.com/miss-vickies-kettle-cooked-potato-chips-138-oz-variety-pack-30-count.product.4000201023.html,,,0,0,https://www.costco.com/snacks.html
35222e40-bd87-5ad5-9035-b866bb9f2983,1738,100400518,100400518,"Ocean Spray Craisins, Whole Dried Cranberries, 64 oz",https://www.costco.com/ocean-spray-craisins-whole-dried-cranberries-64-oz.product.100400518.html,,,0,0,https://www.costco.com/snacks.html
bdb59726-038d-5ff1-851e-8970be863cc8,1738,100243281,100243281,"Nature Valley Crunchy Granola Bar, Oats 'n Honey, 1.49 oz, 49-count",https://www.costco.com/nature-valley-crunchy-granola-bar-oats-n-honey-149-oz-49-count.product.100243281.html,,,0,0,https://www.costco.com/snacks.html
f70baa04-a156-5cfb-8e0a-cb65e85648da,1738,4000418551,4000418551,"Solely Organic Fruit Jerky Variety Pack, 0.8 oz, 16-count",https://www.costco.com/solely-organic-fruit-jerky-variety-pack-08-oz-16-count.product.4000418551.html,,,0,0,https://www.costco.com/snacks.html
667b83c4-f2d5-509d-9328-7f8f67354876,1738,4000336842,4000336842,"SnakYard Organic Shitake Mushrooms, 14.11 oz",https://www.costco.com/snakyard-organic-shitake-mushrooms-1411-oz.product.4000336842.html,,,0,0,https://www.costco.com/snacks.html
d68f8ceb-f5cf-5961-ae3d-3ea47c1590a0,1738,100397092,100397092,"Wonderful Pistachios, Salt & Pepper, 3 lbs",https://www.costco.com/wonderful-pistachios-salt--pepper-3-lbs.product.100397092.html,,,0,0,https://www.costco.com/snacks.html
2865e739-e84e-5094-94d7-6da37f327d9e,1738,4000099743,4000099743,"Jackson's Kettle Cooked Sweet Potato Chips, Sea Salt, 16 oz",https://www.costco.com/jacksons-kettle-cooked-sweet-potato-chips-sea-salt-16-oz.product.4000099743.html,,,0,0,https://www.costco.com/snacks.html
857739fd-a3a0-511b-b1b1-b629cccaf369,1738,4000026392,4000026392,"Nonni’s Biscotti, Almond Dark Chocolate, 1.34 oz, 25-count",https://www.costco.com/nonnis-biscotti-almond-dark-chocolate-134-oz-25-count.product.4000026392.html,,,0,0,https://www.costco.com/snacks.html
c8e74001-6586-52b1-adea-13a141c0a08f,1738,4000350969,4000350969,"Pure Protein Bars, Variety Pack, 1.76 oz, 25-count",https://www.costco.com/pure-protein-bars-variety-pack-176-oz-25-count.product.4000350969.html,,,0,0,https://www.costco.com/snacks.html
83e38a41-3ca5-57ea-8a30-e299ef318da9,1738,100441043,100441043,"La Dolce Vita Classic Italian Biscotti, 40 oz",https://www.costco.com/la-dolce-vita-classic-italian-biscotti-40-oz.product.100441043.html,,,0,0,https://www.costco.com/snacks.html
aedc1328-6d04-5014-8b7e-5846dd01c1ac,1738,4000250881,4000250881,"IQBAR Clean Protein Bars, Variety Pack, 1.6 oz, 18-count",https://www.costco.com/iqbar-clean-protein-bars-variety-pack-16-oz-18-count.product.4000250881.html,,,0,0,https://www.costco.com/snacks.html
5b07d08f-87b4-575b-94f6-1d6324edc35b,1738,4000240522,4000240522,"Siete Grain Free Sea Salt Tortilla Chips, 15 oz",https://www.costco.com/siete-grain-free-sea-salt-tortilla-chips-15-oz.product.4000240522.html,,,0,0,https://www.costco.com/snacks.html
069594c6-285a-5104-9eac-034d5ff31286,1738,100453227,100453227,"Mott's, Organic Apple Sauce, 3.9 oz, 36-Count",https://www.costco.com/motts-organic-apple-sauce-39-oz-36-count.product.100453227.html,,,0,0,https://www.costco.com/snacks.html
01ab8eb2-bf1f-5b7b-ae19-2747d178c04e,1738,4000434872,4000434872,"Quest Protein Bar Variety Pack, 2.12 oz, 16-count",https://www.costco.com/quest-protein-bar-variety-pack-212-oz-16-count.product.4000434872.html,,,0,0,https://www.costco.com/snacks.html
d1e5d2da-2691-5a93-8fab-a28ff8ab0bce,1738,4201019919,4201019919,"ONE Protein Bar, Variety Pack, 2.12 oz, 16-count",https://www.costco.com/one-protein-bar-variety-pack-212-oz-16-count.product.4201019919.html,,,0,0,https://www.costco.com/snacks.html
472697af-ef2f-511f-9a50-426359c37f37,1738,100377388,100377388,"Sugar Bowl Bakery, Petite Palmiers, 32 oz",https://www.costco.com/sugar-bowl-bakery-petite-palmiers-32-oz.product.100377388.html,,,0,0,https://www.costco.com/snacks.html
3e35ec4b-33e4-58e8-8450-7cf00d710ee2,1738,4000064056,4000064056,"Kirkland Signature Organic Whole Cashews, Unsalted, Unroasted, 2.5 lbs",https://www.costco.com/kirkland-signature-organic-whole-cashews-unsalted-unroasted-25-lbs.product.4000064056.html,,,0,0,https://www.costco.com/snacks.html
4dfb8cb0-ddd0-52c0-88e8-535cab040c13,1738,4201029325,4201029325,"Crown Bakeries Mini Muffin Bites, Birthday Cake, 1.65 oz, 20-count",https://www.costco.com/crown-bakeries-mini-muffin-bites-birthday-cake-165-oz-20-count.product.4201029325.html,,,0,0,https://www.costco.com/snacks.html
e2c5a35a-8c2e-543e-82cd-1ad0f5486688,1738,4000259693,4000259693,"Simply Protein Crispy Bar Variety Pack, 15-count",https://www.costco.com/simply-protein-crispy-bar-variety-pack-15-count.product.4000259693.html,,,0,0,https://www.costco.com/snacks.html
c54d49b4-15d0-500d-9daf-468d03447933,1738,100436609,100436609,"Madi Gran Panettone, 2.2 lbs",https://www.costco.com/madi-gran-panettone-22-lbs.product.100436609.html,,,0,0,https://www.costco.com/snacks.html
34a113f4-0958-5d1c-a22a-56e2ca5076f2,1738,100436999,100436999,"Country Archer Grass-Fed Beef Jerky, Mango Habanero, 16 oz",https://www.costco.com/country-archer-grass-fed-beef-jerky-mango-habanero-16-oz.product.100436999.html,,,0,0,https://www.costco.com/snacks.html
7aa954a5-1515-5836-9aef-3a142c3b6473,1738,4000377029,4000377029,"Kize Life Changing Bars, Variety Pack, 12-count",https://www.costco.com/kize-life-changing-bars-variety-pack-12-count.product.4000377029.html,,,0,0,https://www.costco.com/snacks.html
674c4c1d-059f-5521-ab73-bb4fdf7f3296,1738,4000111426,4000111426,"Kellogg's Cracker Collection, Variety Pack, 13-stacks",https://www.costco.com/kelloggs-cracker-collection-variety-pack-13-stacks.product.4000111426.html,,,0,0,https://www.costco.com/snacks.html
f846854d-436f-59ad-867b-d1d7c4ea3856,1738,100456939,100456939,"Joy Luck Palace Double Egg Yolk and Lotus Seed Paste Moon Cakes, 24.7 oz, 4-Count",https://www.costco.com/joy-luck-palace-double-egg-yolk-and-lotus-seed-paste-moon-cakes-247-oz-4-count.product.100456939.html,,,0,0,https://www.costco.com/snacks.html
ca96fea4-a349-559e-be39-2444391a6611,1738,100387865,100387865,"Carr's Table Water Crackers, Variety Pack, 25.5 oz",https://www.costco.com/carrs-table-water-crackers-variety-pack-255-oz.product.100387865.html,,,0,0,https://www.costco.com/snacks.html
b57234fd-3d46-5ed8-b089-0c13953d488e,1738,4000424142,4000424142,"Chomps Smokey BBQ Seasoned Beef Sticks, 1.15 oz, 12-count",https://www.costco.com/chomps-smokey-bbq-seasoned-beef-sticks-115-oz-12-count.product.4000424142.html,,,0,0,https://www.costco.com/snacks.html
408e13be-e730-5c1e-9a1b-d9e45255ddd1,1738,4000237460,4000237460,"Kirkland Signature Roasted Almonds, Sea Salt, 2.5 lbs",https://www.costco.com/kirkland-signature-roasted-almonds-sea-salt-25-lbs.product.4000237460.html,,,0,0,https://www.costco.com/snacks.html
2a8d67dd-0bc7-5a4b-ae26-784963fd847e,1738,100581556,100581556,"Tropical Fields Organic Coconut Rolls, 11 oz",https://www.costco.com/tropical-fields-organic-coconut-rolls-11-oz.product.100581556.html,,,0,0,https://www.costco.com/snacks.html
820b6682-57bd-5f41-8b1a-937d5e2f77f4,1738,4000191539,4000191539,"Gen Bake Churro Donut Bites, 30 oz",https://www.costco.com/gen-bake-churro-donut-bites-30-oz.product.4000191539.html,,,0,0,https://www.costco.com/snacks.html
9934d716-1d7d-5006-8ce8-f098cfd33ded,1738,100423249,100423249,"Gourmet Nut Power Up Trail Mix, Mega Omega, 26 oz",https://www.costco.com/gourmet-nut-power-up-trail-mix-mega-omega-26-oz.product.100423249.html,,,0,0,https://www.costco.com/snacks.html
4531e069-d998-5386-9e9b-1bc08f470d76,1738,100368222,100368222,"Cape Cod Kettle Cooked Potato Chips, 30 oz",https://www.costco.com/cape-cod-kettle-cooked-potato-chips-30-oz.product.100368222.html,,,0,0,https://www.costco.com/snacks.html
d1513507-4f4c-555a-8c1d-0c849207881a,1738,100393415,100393415,"Snack Factory Organic Original Pretzel Crisps, 28 oz",https://www.costco.com/snack-factory-organic-original-pretzel-crisps-28-oz.product.100393415.html,,,0,0,https://www.costco.com/snacks.html
5efde51c-b35d-5b4e-ab3b-386f11a6c26f,1738,4000179943,4000179943,"Skinny Pop Organic Popcorn, 14 oz",https://www.costco.com/skinny-pop-organic-popcorn-14-oz.product.4000179943.html,,,0,0,https://www.costco.com/snacks.html
674590e6-1239-548a-92ed-fe674ea53109,1738,100441930,100441930,"Sun-Maid Organic California Sun-Dried Raisins, 2 lbs, 2-count",https://www.costco.com/sun-maid-organic-california-sun-dried-raisins-2-lbs-2-count.product.100441930.html,,,0,0,https://www.costco.com/snacks.html
bfe3e3f0-e9a6-5d0c-9254-656152bee5ff,1738,100442140,100442140,"Cheetos Cheese Flavored Snacks, Crunchy, 28.8 oz",https://www.costco.com/cheetos-cheese-flavored-snacks-crunchy-288-oz.product.100442140.html,,,0,0,https://www.costco.com/snacks.html
dc2724c5-c6f0-5dfe-8bd1-8fe2f7348a98,1738,100405372,100405372,"Doritos Tortilla Chips, Nacho Cheese, 30 oz",https://www.costco.com/doritos-tortilla-chips-nacho-cheese-30-oz.product.100405372.html,,,0,0,https://www.costco.com/snacks.html
6378e540-ad63-5ac6-9619-f1092d7474bd,1738,100435721,100435721,"Fritos Scoops! Corn Chips, 32 oz",https://www.costco.com/fritos-scoops-corn-chips-32-oz.product.100435721.html,,,0,0,https://www.costco.com/snacks.html
aa190f68-8179-5d99-b8de-52e11e7ec3af,1738,1485984,1485984,"Fairlife Nutrition Plan, 30g Protein Shake, Chocolate, 11.5 fl oz, 18-pack",https://www.costco.com/.product.1485984.html,,,0,0,https://www.costco.com/health-beauty.html
cb73ff43-bb0b-500d-8c78-29c687a454e5,1738,1674070,1674070,"Emergen-C 1000 mg Vitamin C Daily Immune Support Variety Pack Drink Mix, 120 Packets",https://www.costco.com/.product.1674070.html,,,0,0,https://www.costco.com/health-beauty.html
2140e938-178c-549c-b9b7-351d963d0013,1738,2025322,2025322,"Grüns Adult Greens Gummies, 35 Daily Packs",https://www.costco.com/.product.2025322.html,,,0,0,https://www.costco.com/health-beauty.html
4cc29294-e947-54f6-9960-c5c38cef0404,1738,4748527,4748527,Homedics SereneScent Ceramic Diffuser Set,https://www.costco.com/.product.4748527.html,,,0,0,https://www.costco.com/health-beauty.html
4a12d8ae-2d53-5916-ab7c-2bd2ff5ec562,1738,1148964,1148964,"PreserVision AREDS2 Formula, 210 Soft Gels",https://www.costco.com/.product.1148964.html,,,0,0,https://www.costco.com/health-beauty.html
440949dc-e558-53df-91ad-fba398901226,1738,2021189,2021189,"Olay Essential Botanical Body Wash, 23.6 fl oz, 3-pack",https://www.costco.com/.product.2021189.html,,,0,0,https://www.costco.com/health-beauty.html
002929e4-7951-5f0d-8f31-ff2fa1044962,1738,7161149,7161149,Philips Norelco All-in-One Electric Shaver and Trimmer with 24 Attachments,https://www.costco.com/.product.7161149.html,,,0,0,https://www.costco.com/health-beauty.html
10614a41-1d09-5486-9ed2-06cfd7f64cd9,1738,2007587,2007587,Harry's Chrome Edition Razor Set 16 Cartridges + 1 Handle,https://www.costco.com/.product.2007587.html,,,0,0,https://www.costco.com/health-beauty.html
ec5fd128-6476-556b-936c-ecbd347a3a6a,1738,1060126,1060126,"Terra Kai USDA Organic Juce Super Fruit & Veggie Powder, 12.2 oz",https://www.costco.com/.product.1060126.html,,,0,0,https://www.costco.com/health-beauty.html
e115772c-bf11-59c2-918f-9c8190f8f36f,1738,1816515,1816515,"Osaki OS-3D Aspire Massage Chair, Brown",https://www.costco.com/.product.1816515.html,,,0,0,https://www.costco.com/health-beauty.html
12856019-0212-586d-8912-fd08d5f7ec4b,1738,1896208,1896208,"Q-tips Cotton Swabs, 1875-count",https://www.costco.com/.product.1896208.html,,,0,0,https://www.costco.com/health-beauty.html
908a1cbb-0abf-5dcf-b322-e2cfba0cf7f2,1738,2011581,2011581,Sharper Image Power Percussion Duo Max Deep Tissue Massager,https://www.costco.com/.product.2011581.html,,,0,0,https://www.costco.com/health-beauty.html
d67fe0cf-3665-5639-8f16-74b9df6af92b,1738,2049358,2049358,"Liquid I.V. Hydration Multiplier, 30 Individual Serving Stick Packs in Resealable Pouch, Sugar Free, Variety Pack",https://www.costco.com/.product.2049358.html,,,0,0,https://www.costco.com/health-beauty.html
f32680ea-7f5d-510f-b5de-4755fbd6cf6e,1738,1252365,1252365,"Ensure Original Nutrition Shake, Vanilla, 8 fl oz, 30-count",https://www.costco.com/.product.1252365.html,,,0,0,https://www.costco.com/health-beauty.html
cea36ac1-d6f5-56d8-a190-37d6685f3b92,1738,2075676,2075676,"Celsius Sparkling Energy Drink, Variety Pack, 12 fl oz, 18-count",https://www.costco.com/.product.2075676.html,,,0,0,https://www.costco.com/health-beauty.html
1226caab-43e0-52c8-b10f-086ac2135333,1738,2009618,2009618,"MaryRuth's Morning Multivitamin + Hair Growth, Peach Mango, 22 fl. oz., 2-pack",https://www.costco.com/.product.2009618.html,,,0,0,https://www.costco.com/health-beauty.html
8825cf4a-24f7-5547-9646-9d9f5dd7be0f,1738,1985130,1985130,"youtheory Concentrated Effect Verisol Collagen with Biotin, 345 Count",https://www.costco.com/.product.1985130.html,,,0,0,https://www.costco.com/health-beauty.html
d35827a2-39c5-5744-b8af-41d0e22bae53,1738,1932071,1932071,"Liquid I.V. Hydration Multiplier, 30 Individual Serving Stick Packs in Resealable Pouch, Variety Pack",https://www.costco.com/.product.1932071.html,,,0,0,https://www.costco.com/health-beauty.html
97aefeac-7de6-518f-b3e5-e8f05c568fad,1738,1814790,1814790,"Zena USDA Organic Supergreens Fruits & Vegetables Powder, 45 Stick Packets",https://www.costco.com/.product.1814790.html,,,0,0,https://www.costco.com/health-beauty.html
71bd7dc5-2afa-5101-9d52-f30b9a8ed042,1738,1303463,1303463,"Vital Proteins Collagen Peptides, Unflavored, 1.5 lbs",https://www.costco.com/.product.1303463.html,,,0,0,https://www.costco.com/health-beauty.html
21ffab56-5fb2-5ed9-864d-dee243602eb8,1738,2032156,2032156,"SmartyPants Kids Plus Multivitamin & Omegas, 180 Gummies",https://www.costco.com/.product.2032156.html,,,0,0,https://www.costco.com/health-beauty.html
525854ad-15a8-5a38-8cfe-67c9dafc2fea,1738,1995727,1995727,"Nello Supercalm Drink Mix, Variety Pack, 26-ct",https://www.costco.com/.product.1995727.html,,,0,0,https://www.costco.com/health-beauty.html
3786695e-0d5c-53d0-8f31-37c843ecdf9c,1738,1945057,1945057,"Oikos 30g Protein Shake, Vanilla, 12 fl oz, 18-pack",https://www.costco.com/.product.1945057.html,,,0,0,https://www.costco.com/health-beauty.html
6bcb6257-b667-50a4-9d19-9facbbf1cc56,1738,1837002,1837002,Crest 3D Whitestrips 20 Professional Treatments with 10 Bonus Brightening Treatments,https://www.costco.com/.product.1837002.html,,,0,0,https://www.costco.com/health-beauty.html
8caf8a22-f935-52b0-b626-9323a7b88f62,1738,1654375,1654375,"Neutrogena Rainbath Shower Gel, Original, 40 fl oz",https://www.costco.com/.product.1654375.html,,,0,0,https://www.costco.com/health-beauty.html
6dd70d37-d04a-50b1-9ced-b6b7f47f826a,1738,1121864,1121864,"Neutrogena Rainbath Shower Gel, Ocean Mist, 40 fl oz",https://www.costco.com/.product.1121864.html,,,0,0,https://www.costco.com/health-beauty.html
465c7312-c2ed-582d-b651-8db41ee27a8c,1738,1243880,1243880,"Optimum Nutrition Gold Standard 100% Whey Protein Powder, 5.64 lbs, Chocolate",https://www.costco.com/.product.1243880.html,,,0,0,https://www.costco.com/health-beauty.html
82de60d3-c91d-5c20-881f-79b5281f127c,1738,2036501,2036501,"Nordic Naturals Omega Mini Fish Oil, 110 Mini Softgels, Lemon Flavor",https://www.costco.com/.product.2036501.html,,,0,0,https://www.costco.com/health-beauty.html
53d6bb89-274d-5219-a28d-e5db2c98bb5e,1738,1702153,1702153,"Crest Pro Health Advanced Toothpaste, 5.9 oz, 5-pack",https://www.costco.com/.product.1702153.html,,,0,0,https://www.costco.com/health-beauty.html
19265d58-e9ae-55db-87d5-dcb587aeab87,1738,1195611,1195611,"Orgain Organic Protein and Superfoods Plant Based Protein Powder, Vanilla Bean, 2.7 lbs",https://www.costco.com/.product.1195611.html,,,0,0,https://www.costco.com/health-beauty.html
31de8c1d-0b45-5d86-bbf7-ccf52e141b1c,1738,2049977,2049977,"youtheory Total Body Turmeric, 90 Vegetarian Capsules",https://www.costco.com/.product.2049977.html,,,0,0,https://www.costco.com/health-beauty.html
62811443-a7bd-58f7-9de6-1301a88bb84e,1738,870735,870735,"Kirkland Signature Adult Multivitamin, 320 Gummies",https://www.costco.com/.product.870735.html,,,0,0,https://www.costco.com/health-beauty.html
d674e3d1-598f-5d32-a15d-424dc7fde9d8,1738,2017037,2017037,"Orgain 35g Dairy Free Protein Shake, Creamy Chocolate 14 fl oz, 12-count",https://www.costco.com/.product.2017037.html,,,0,0,https://www.costco.com/health-beauty.html
506cfad5-9e38-5323-b391-b23e542a2299,1738,1908287,1908287,"Design Optics by Foster Grant, +2.00, #666 Classic Plastic Rectangle Reading Glasses, 3-pack",https://www.costco.com/.product.1908287.html,,,0,0,https://www.costco.com/health-beauty.html
fcb86775-3ed2-5be1-84aa-84216446a74e,1738,1908284,1908284,"Design Optics by Foster Grant, +1.25, #666 Classic Plastic Rectangle Reading Glasses, 3-pack",https://www.costco.com/.product.1908284.html,,,0,0,https://www.costco.com/health-beauty.html
5d19da60-279f-5698-b672-12fe5fd46905,1738,1908286,1908286,"Design Optics by Foster Grant, +1.75, #666 Classic Plastic Rectangle Reading Glasses, 3-pack",https://www.costco.com/.product.1908286.html,,,0,0,https://www.costco.com/health-beauty.html
cb3dd58a-5ce9-5505-bd9f-32a235c629ad,1738,1908290,1908290,"Design Optics by Foster Grant, +3.00, #666 Classic Plastic Rectangle Reading Glasses, 3-pack",https://www.costco.com/.product.1908290.html,,,0,0,https://www.costco.com/health-beauty.html
d0c4f2ed-8ddf-52db-9c78-735f794828b2,1738,1908288,1908288,"Design Optics by Foster Grant, +2.50, #666 Classic Plastic Rectangle Reading Glasses, 3-pack",https://www.costco.com/.product.1908288.html,,,0,0,https://www.costco.com/health-beauty.html
c3fd886d-98ed-50f9-98a3-3728401b307a,1738,1742398,1742398,"youtheory Ashwagandha 1000 mg, 180 Vegetarian Capsules",https://www.costco.com/.product.1742398.html,,,0,0,https://www.costco.com/health-beauty.html
e51b25ee-4e08-57de-8cf6-24ffdb79c868,1738,1502205,1502205,"Orgain Organic Protein and Superfoods Plant Based Protein Powder, Creamy Chocolate Fudge, 2.64 lbs",https://www.costco.com/.product.1502205.html,,,0,0,https://www.costco.com/health-beauty.html
e65646e9-cabc-5e0f-9bff-ccf5a85492a1,1738,1446055,1446055,"Nature's Truth Organic Apple Cider Vinegar 500 mg., 120 Gummies",https://www.costco.com/.product.1446055.html,,,0,0,https://www.costco.com/health-beauty.html
ef0cf8de-fc4d-5f82-b123-34805264ce10,1738,311676,311676,"Kirkland Signature Aller-Tec 10 mg Tablets, 365 count",https://www.costco.com/.product.311676.html,,,0,0,https://www.costco.com/health-beauty.html
0f39212b-b80d-5b01-95cb-01471817fbd9,1738,1243864,1243864,"Optimum Nutrition Gold Standard 100% Whey Protein Powder, Vanilla Ice Cream, 5.47 lbs",https://www.costco.com/.product.1243864.html,,,0,0,https://www.costco.com/health-beauty.html
bd52f88a-ef53-5138-a3c7-f35a338b0aef,1738,580664,580664,"Nature Made Prenatal Folic Acid + DHA, 150 Softgels",https://www.costco.com/.product.580664.html,,,0,0,https://www.costco.com/health-beauty.html
608e5038-0866-5ebc-a0bd-bca637fe01d6,1738,370945,370945,"Ocuvite Eye Vitamin Adult 50+ Formula, 150 Soft Gels",https://www.costco.com/.product.370945.html,,,0,0,https://www.costco.com/health-beauty.html
413afd67-6a88-5a58-baf2-5aae9ea3e67b,1738,2068077,2068077,"Fairlife Nutrition Plan, 30g Protein Shake, Vanilla, 11.5 fl oz, 18-pack",https://www.costco.com/.product.2068077.html,,,0,0,https://www.costco.com/health-beauty.html
486add7b-374e-5ff4-9156-ebfa182e0816,1738,572220,572220,"Nature Made Iron, 65 mg, 365 Tablets",https://www.costco.com/.product.572220.html,,,0,0,https://www.costco.com/health-beauty.html
cae2dfc9-45aa-5790-9a0d-2b6efe3f440f,1738,1698212,1698212,"Nature Made Fish Oil, 1200mg, 300 Softgels",https://www.costco.com/.product.1698212.html,,,0,0,https://www.costco.com/health-beauty.html
6131b4e3-44e2-5ebb-88a2-c45966a8f19e,1738,2837566,2837566,Braun Series 9 Sport + Electric Shaver with Clean and Charge Station and Travel Case,https://www.costco.com/.product.2837566.html,,,0,0,https://www.costco.com/health-beauty.html
2193ae45-8891-5db8-a359-c1f6956b0371,1738,2067295,2067295,"Native Body Wash Coconut & Vanilla, 34 fl oz, 2-pack",https://www.costco.com/.product.2067295.html,,,0,0,https://www.costco.com/health-beauty.html
820f35cb-f401-5a76-ac39-82b0854bd381,1738,1927215,1927215,"Orgain, Micronized Creatine Monohydrate, Unflavored, 1.48lbs",https://www.costco.com/.product.1927215.html,,,0,0,https://www.costco.com/health-beauty.html
acd5469c-58ca-50b3-9e03-9b63d7f09f31,1738,40310,40310,Refresh Plus Lubricant Eye Drops,https://www.costco.com/.product.40310.html,,,0,0,https://www.costco.com/health-beauty.html
4a9a220f-a36d-54a5-9d02-991e92629f0f,1738,2075999,2075999,"FEELGOOD NAD+ NMN, 120 Vegan Capsules",https://www.costco.com/.product.2075999.html,,,0,0,https://www.costco.com/health-beauty.html
b785e6be-747f-5d94-a63b-c34107408e9d,1738,1820576,1820576,"eos Natural USDA Organic Lip Balm, 9 Sticks",https://www.costco.com/.product.1820576.html,,,0,0,https://www.costco.com/health-beauty.html
89090d5a-cdc0-564c-886a-0bef91263423,1738,1968128,1968128,"youtheory Ashwagandha, 180 Gummies, Mixed Berry Flavor",https://www.costco.com/.product.1968128.html,,,0,0,https://www.costco.com/health-beauty.html
b45b906f-855d-5af3-945a-e03ef24daa4e,1738,864070,864070,"Nature Made Vitamin B12 1000 mcg, 400 Softgels",https://www.costco.com/.product.864070.html,,,0,0,https://www.costco.com/health-beauty.html
a7866f2d-a07f-5dbc-8d43-3be14bc3b95e,1738,1908880,1908880,"Gillette Venus Ultra Smooth Razor, 11-count",https://www.costco.com/.product.1908880.html,,,0,0,https://www.costco.com/health-beauty.html
7525dc54-ac34-5988-aaab-c2a989825304,1738,1711799,1711799,"Kirkland Signature Extra Strength Energy Shot, 2 fl oz, 48-count",https://www.costco.com/.product.1711799.html,,,0,0,https://www.costco.com/health-beauty.html
ed6f0227-0b2d-5561-b75b-21be3bee3f04,1738,897980,897980,"Kirkland Signature Children's Multivitamin, 320 Gummies",https://www.costco.com/.product.897980.html,,,0,0,https://www.costco.com/health-beauty.html
34936eaf-6d24-5151-9bd1-34161abb0193,1738,1308590,1308590,"Nature Made Extra Strength Magnesium 400 mg, 180 Softgels",https://www.costco.com/.product.1308590.html,,,0,0,https://www.costco.com/health-beauty.html
41c72558-4cda-5d5b-8cb2-f802ebcab8a9,1738,1102928,1102928,"Centrum Silver Adults 50+, 325 Tablets",https://www.costco.com/.product.1102928.html,,,0,0,https://www.costco.com/health-beauty.html
8016191b-2e0a-5b60-b204-e49789b026f9,1738,1968803,1968803,"GUM Professional Clean Floss Picks, 150-count, 3-pack",https://www.costco.com/.product.1968803.html,,,0,0,https://www.costco.com/health-beauty.html
ed88c942-cfdc-53e7-8fd8-fad064be6da3,1738,1863995,1863995,"TheraBreath Icy Mint Oral Rinse, 1 Liter, 2-pack",https://www.costco.com/.product.1863995.html,,,0,0,https://www.costco.com/health-beauty.html
2c60874d-9cdf-513e-a94f-cc29c9d042a6,1738,135576,135576,"Zipfizz Multi-Vitamin Energy Hydration Drink Mix, Variety Pack, 30-count",https://www.costco.com/.product.135576.html,,,0,0,https://www.costco.com/health-beauty.html
11c75db2-739d-5fd7-a7ba-b400656d9103,1738,1692715,1692715,"Qunol Magnesium Extra Strength 250 mg, 150 Gummies",https://www.costco.com/.product.1692715.html,,,0,0,https://www.costco.com/health-beauty.html
f013d427-bac3-5a6d-81d1-c8ec40ba0d77,1738,648220,648220,"Kirkland Signature CoQ10 300 mg., 100 Softgels",https://www.costco.com/.product.648220.html,,,0,0,https://www.costco.com/health-beauty.html
ed52b8be-7006-561a-87f5-d09e89dd6f59,1738,1906773,1906773,"OLLY Women's Multivitamin Gummy, 200 Gummies",https://www.costco.com/.product.1906773.html,,,0,0,https://www.costco.com/health-beauty.html
297c9253-5698-50f7-afcb-c008059977f9,1738,887498,887498,"Kirkland Signature Wild Alaskan Fish Oil 1400 mg, 230 Softgels",https://www.costco.com/.product.887498.html,,,0,0,https://www.costco.com/health-beauty.html
7a0ee731-2e8c-577e-9e4f-3320f298e09e,1738,886740,886740,"Weider Prime Testosterone Support, 120 Capsules",https://www.costco.com/.product.886740.html,,,0,0,https://www.costco.com/health-beauty.html
02046cd4-02ce-5dd3-907e-9bd78bbc9eb9,1738,1366250,1366250,"Kirkland Signature Liquid Body Wash, Natural Citrus, 27 fl oz, 2-count",https://www.costco.com/.product.1366250.html,,,0,0,https://www.costco.com/health-beauty.html
1876c623-feea-5e76-bb58-2436c24f51f7,1738,1316229,1316229,"Biotrue Multi-Purpose Solution, 34 Ounces",https://www.costco.com/.product.1316229.html,,,0,0,https://www.costco.com/health-beauty.html
d3431dc3-e360-566f-b25c-3af2c9fb99eb,1738,2033364,2033364,OFF! Clean Feel Mosquito Repellent Picaridin DEET-free Bug Spray Set,https://www.costco.com/.product.2033364.html,,,0,0,https://www.costco.com/health-beauty.html
984307a4-0424-5bc4-af8b-16980c272aae,1738,667448,667448,NeilMed Sinus Rinse Kit,https://www.costco.com/.product.667448.html,,,0,0,https://www.costco.com/health-beauty.html
7c257f70-d783-5353-9df2-da17c0614aa4,1738,2027490,2027490,"Orgain 30g Ultra Filtered A2 Milk Protein Shake, Chocolate 11 fl oz, 15-count",https://www.costco.com/.product.2027490.html,,,0,0,https://www.costco.com/health-beauty.html
411e2837-6a5f-598c-ae28-ae3b72738b1d,1738,3907391,3907391,"Oral-B iO Series 2 Complete Clean Rechargeable Electric Toothbrush, 2-pack",https://www.costco.com/.product.3907391.html,,,0,0,https://www.costco.com/health-beauty.html
954843f6-6cd6-53b4-b3b9-3eaffbb5a275,1738,1355176,1355176,"Lumify Redness Reliever Eye Drops, 15 ml.",https://www.costco.com/.product.1355176.html,,,0,0,https://www.costco.com/health-beauty.html
9d9a76b4-39ea-54c3-a3f3-79c1e74dd2b5,1738,1458438,1458438,"GUM Soft-Picks Advanced Mint, 180-count",https://www.costco.com/.product.1458438.html,,,0,0,https://www.costco.com/health-beauty.html
a7a71856-a58d-55ec-8d36-2e51ddeb1ff4,1738,1563168,1563168,"Children's Motrin Dye-Free Berry Flavor Suspension, Fever Reducer & Pain Relief, 12 Fluid Ounces",https://www.costco.com/.product.1563168.html,,,0,0,https://www.costco.com/health-beauty.html
ce48035b-f48a-585c-a859-3c1618851692,1738,2949962,2949962,Sharper Image Motorized Handheld Rolling Massager,https://www.costco.com/.product.2949962.html,,,0,0,https://www.costco.com/health-beauty.html
e34ea937-fe11-5f25-9bdb-03cfdb058b07,1738,691740,691740,"Ricola Sugar Free Lemon Mint Cough Drops, 210 Drops",https://www.costco.com/.product.691740.html,,,0,0,https://www.costco.com/health-beauty.html
5441b70d-273b-5bac-b514-dbe38f0dd807,1738,1051972,1051972,"Kirkland Signature Calcium 500 mg with D3 & Zinc, 240 Adult Gummies",https://www.costco.com/.product.1051972.html,,,0,0,https://www.costco.com/health-beauty.html
a57a242f-9b44-5531-afff-6b62d14ffe58,1738,2028787,2028787,"Poise Advanced Ultimate Absorbency Incontinence and Postpartum Long Pads, 108-Count",https://www.costco.com/.product.2028787.html,,,0,0,https://www.costco.com/health-beauty.html
5150ad5a-ea22-50ea-bff0-708b4626272c,1738,393914,393914,"Kirkland Signature Vitamin D3, 2000 IU, 600-count",https://www.costco.com/.product.393914.html,,,0,0,https://www.costco.com/health-beauty.html
e89f7304-e121-594a-9e78-9fbdebff1bae,1738,1252372,1252372,"Ensure Plus Nutrition Shake, Vanilla, 8 fl. oz, 30-pack",https://www.costco.com/.product.1252372.html,,,0,0,https://www.costco.com/health-beauty.html
8013fe9d-d8ac-5b8b-9fba-a71a7b60d225,1738,2048096,2048096,"Genius Gourmet Sparkling Clear 30g Protein Variety Pack, 12 fl oz, 15-pack",https://www.costco.com/.product.2048096.html,,,0,0,https://www.costco.com/health-beauty.html
8aa5ffbb-a2ae-57e2-80a7-0d68fa72c577,1738,1669785,1669785,"Kirkland Signature Omeprazole 20 mg., 42 Tablets",https://www.costco.com/.product.1669785.html,,,0,0,https://www.costco.com/health-beauty.html
78eacc42-4e60-5504-8928-a00b6b6c72e9,1738,588153,588153,"Kirkland Signature Calcium Citrate, Magnesium and Zinc, 500 Tablets",https://www.costco.com/.product.588153.html,,,0,0,https://www.costco.com/health-beauty.html
b16b112d-8ed8-5e0f-8993-d5a6d1b2c581,1738,989874,989874,"Caltrate 600 + D3 Plus Minerals Tablets, 320-count",https://www.costco.com/.product.989874.html,,,0,0,https://www.costco.com/health-beauty.html
5c941701-0758-5d98-a0a2-71de834969b5,1738,1050777,1050777,"Kirkland Signature Vitamin C 250 mg, 360 Adult Gummies",https://www.costco.com/.product.1050777.html,,,0,0,https://www.costco.com/health-beauty.html
8144eb1a-e92d-50ee-b295-970e29e015cf,1738,1729692,1729692,"Nature's Bounty Optimal Solutions Hair Growth, 90 Capsules",https://www.costco.com/.product.1729692.html,,,0,0,https://www.costco.com/health-beauty.html
48bcdae7-baa5-5a01-a97b-5dddd5c6935b,1738,504882,504882,"Tylenol Extra Strength Acetaminophen 500 mg, Pain & Fever Relief, 290 Rapid Release Gelcap Tablets",https://www.costco.com/.product.504882.html,,,0,0,https://www.costco.com/health-beauty.html
1ba574a5-7f30-5c6b-a239-fbbc43c106e6,1738,1351728,1351728,"trunature Cinnamon Concentrate Cinsulin 500mg, 200 Vegetarian Capsules",https://www.costco.com/.product.1351728.html,,,0,0,https://www.costco.com/health-beauty.html
cb347ffd-5ebe-5a0f-b304-d13920c2d6d9,1738,2076005,2076005,"FEELGOOD Magnesium Glycinate, 180 Vegan Capsules",https://www.costco.com/.product.2076005.html,,,0,0,https://www.costco.com/health-beauty.html
ff7b8df2-62f4-5423-a04b-83b4c59c6e8f,1738,2052615,2052615,"Zena Creatine + D3/K2 Gummies 180ct, Variety Pack",https://www.costco.com/.product.2052615.html,,,0,0,https://www.costco.com/health-beauty.html
35216391-2c7b-5087-b699-6a39f06ba333,1738,1129909,1129909,"Kirkland Signature LaxaClear, 100 Doses",https://www.costco.com/.product.1129909.html,,,0,0,https://www.costco.com/health-beauty.html
9c527b76-b3ac-5d5a-84c5-a5ab3183c13a,1738,2040581,2040581,OSAKI 3D QUEST BEIGE MODEL EC-1616 PLT1,https://www.costco.com/.product.2040581.html,,,0,0,https://www.costco.com/health-beauty.html
8d725420-7f4c-5128-bdc3-401616219133,1738,1607417,1607417,"Qunol Turmeric Plus Ginger, 200 Gummies, Tangerine",https://www.costco.com/.product.1607417.html,,,0,0,https://www.costco.com/health-beauty.html
2c714751-19fc-5a0f-95b5-1476ee590ab7,1738,2007062,2007062,"Premier Protein High Protein Chocolate Shake, 11 fl oz, 18-count",https://www.costco.com/.product.2007062.html,,,0,0,https://www.costco.com/health-beauty.html
214f5096-13e8-50e7-babc-e66edc003202,1738,1226620,1226620,"Pure Alaska Omega Wild Salmon Oil 1000 mg, 210 Softgels",https://www.costco.com/.product.1226620.html,,,0,0,https://www.costco.com/health-beauty.html
56cc2fb1-c02e-5787-8137-a7a66d17904a,1738,1069850,1069850,"Salonpas Pain Relieving Patch, 140 Patches",https://www.costco.com/.product.1069850.html,,,0,0,https://www.costco.com/health-beauty.html
253c4fa2-0603-5124-8619-9aa6ed748d79,1738,935195,935195,"Ultra Strength BENGAY, Non-Greasy Topical Pain Relieving Cream, 8 Ounces",https://www.costco.com/.product.935195.html,,,0,0,https://www.costco.com/health-beauty.html
483b1633-b166-5e65-b68d-004fb58bc4a2,1738,1763447,1763447,"Emergen-C Immune+ 1000 mg Vitamin C + Vitamin D & Zinc, 90 Packets",https://www.costco.com/.product.1763447.html,,,0,0,https://www.costco.com/health-beauty.html
1f07c5c8-4b9d-5142-a40b-790181207066,1738,1105926,1105926,"Nature's Bounty B-12 2500 mcg, 300 Quick Dissolve Tablets",https://www.costco.com/.product.1105926.html,,,0,0,https://www.costco.com/health-beauty.html
ba1f5fda-5f70-530a-97c6-d14e30b27e46,1738,808620,808620,"Citracal Maximum Plus Calcium Citrate + D3, 280 Caplets",https://www.costco.com/.product.808620.html,,,0,0,https://www.costco.com/health-beauty.html
bd1d9223-77a3-5478-9713-f3079c0cd042,1738,1810859,1810859,"SENSODYNE Advanced Whitening Toothpaste, 6.5 oz, 4-pack",https://www.costco.com/.product.1810859.html,,,0,0,https://www.costco.com/health-beauty.html
36633d79-996c-57b1-9ad0-175da5261024,1738,1369089,1369089,"Voltaren Arthritis Pain Gel, 12.34 Ounces",https://www.costco.com/.product.1369089.html,,,0,0,https://www.costco.com/health-beauty.html
27804d1d-ef8b-5872-a67b-8e8dd76f01a6,1738,1548657,1548657,"Florastor Daily Probiotic with Vitamin D3, 120 Vegetarian Capsules",https://www.costco.com/.product.1548657.html,,,0,0,https://www.costco.com/health-beauty.html
3104acf2-d299-573b-b589-c3d7c219a5c9,1738,402146,402146,"Nature's Way Joint Movement Glucosamine Extra Strength, 33.8 Fluid Ounces",https://www.costco.com/.product.402146.html,,,0,0,https://www.costco.com/health-beauty.html
c5dfd722-5cce-563a-b720-61e81b3c972f,1738,529110,529110,"Refresh Tears Lubricant Eye Drops Multi-Pack, 65 ml.",https://www.costco.com/.product.529110.html,,,0,0,https://www.costco.com/health-beauty.html
18bb3c6f-9eb2-57a9-be00-84d580eba555,1738,2067452,2067452,"Olay Advanced Repair Serum Body Wash, 35 fl oz, 2-pack",https://www.costco.com/.product.2067452.html,,,0,0,https://www.costco.com/health-beauty.html
0ae80ef1-0327-50c0-844e-18e0e7ce4522,1738,690843,690843,"Kirkland Signature Quick Dissolve B-12 5000 mcg, 300 Tablets",https://www.costco.com/.product.690843.html,,,0,0,https://www.costco.com/health-beauty.html
bcebcca2-41a0-54d4-a035-dc90d8997800,1738,1674847,1674847,"Sports Research Plant-Based D3 + K2, 160-count",https://www.costco.com/.product.1674847.html,,,0,0,https://www.costco.com/health-beauty.html
66326ef4-3201-556b-8d4e-4019710e5667,1738,657187,657187,"Amlactin Moisturizing Body Lotion with 12% Lactic Acid, 20 oz",https://www.costco.com/.product.657187.html,,,0,0,https://www.costco.com/health-beauty.html
f9240e93-2c7c-567b-9424-b9e562cdecfa,1738,1274751,1274751,"One A Day Men's 50+ Multivitamin Tablets, 300 count",https://www.costco.com/.product.1274751.html,,,0,0,https://www.costco.com/health-beauty.html
db1e8c1b-6396-5f99-88ec-2b06030e3b8b,1738,1320303,1320303,"Centrum Silver Men 50+ Immune Support Multivitamin, 275 Tablets",https://www.costco.com/.product.1320303.html,,,0,0,https://www.costco.com/health-beauty.html
ada44b87-a267-53be-b43d-ebfa49c01731,1738,1106007,1106007,"Nature's Bounty Vitamin D3 125 mcg, 400 Softgels",https://www.costco.com/.product.1106007.html,,,0,0,https://www.costco.com/health-beauty.html
37b3b947-39f8-5e41-8d23-15891cff4e52,1738,1987084,1987084,Chirp Contour Decompression and Massage Roller Table with Additional Roller Set,https://www.costco.com/.product.1987084.html,,,0,0,https://www.costco.com/health-beauty.html
a4980db9-c8bf-59c8-984f-134f45ab98d5,1738,529688,529688,"Kirkland Signature NonDrowsy AllerClear Antihistamine 10 mg., 365 Tablets",https://www.costco.com/.product.529688.html,,,0,0,https://www.costco.com/health-beauty.html
a1f847b3-e0cb-5a89-8ae0-d92cc0fc51ba,1738,1014328,1014328,"MiraLAX Powder Laxative, 68 Doses",https://www.costco.com/.product.1014328.html,,,0,0,https://www.costco.com/health-beauty.html
122d5555-85e1-56ed-b2ad-3f2541450bc9,1738,2037453,2037453,"Nurri 30g Protein Shake, Chocolate, 11 fl oz , 15-pack",https://www.costco.com/.product.2037453.html,,,0,0,https://www.costco.com/health-beauty.html
809a7f26-86c2-52b9-934e-54794b7af6e3,1738,1349614,1349614,"Kirkland Signature OPTIFIBER, 26.8 Ounces, 190 Servings",https://www.costco.com/.product.1349614.html,,,0,0,https://www.costco.com/health-beauty.html
3c76d8d7-98d1-5343-bd2f-adac96833b0f,1738,853467,853467,"One A Day Men's Multivitamin, 300 Tablets",https://www.costco.com/.product.853467.html,,,0,0,https://www.costco.com/health-beauty.html
906b3249-6241-5f4d-b6b1-d732d52bff21,1738,1957823,1957823,"Sports Research Vitamin B Complex, 180 Veggie Soft Gels",https://www.costco.com/.product.1957823.html,,,0,0,https://www.costco.com/health-beauty.html
7a79e5a6-3ee1-5cb3-a3cb-6ac05a011b4d,1738,864024,864024,"Nature Made CoQ10 200 mg, 140 Softgels",https://www.costco.com/.product.864024.html,,,0,0,https://www.costco.com/health-beauty.html
eecb513e-db15-58de-ba63-6c1b9db0225e,1738,536970,536970,"Natrol JuiceFestiv, 240 Capsules",https://www.costco.com/.product.536970.html,,,0,0,https://www.costco.com/health-beauty.html
ae62f669-44eb-5c3a-95f8-1d00a660c3cd,1738,1812167,1812167,"Qunol Turmeric 1,500 mg., 220 Capsules",https://www.costco.com/.product.1812167.html,,,0,0,https://www.costco.com/health-beauty.html
30915aa1-a69c-5a23-8a72-d5f359b213c0,1738,1998494,1998494,"SuperBeets Heart Gummies, Strawberry, 150ct",https://www.costco.com/.product.1998494.html,,,0,0,https://www.costco.com/health-beauty.html
6737b8e7-4f54-57f5-b0d4-76bbdee147f6,1738,1398241,1398241,"Nature's Way Sambucus Elderberry with Vitamin C and Zinc, 120 Gummies",https://www.costco.com/.product.1398241.html,,,0,0,https://www.costco.com/health-beauty.html
3a47cd51-a678-5d75-b3e3-08ce458d7d5d,1738,1169865,1169865,"Nature Made Super C with Vitamin D3 and Zinc, 200 Tablets",https://www.costco.com/.product.1169865.html,,,0,0,https://www.costco.com/health-beauty.html
3044b37e-8d26-51f5-8aac-19bcd889a3c5,1738,1089847,1089847,"Metamucil Fiber Supplement, Orange Sugar Free, 260 Servings",https://www.costco.com/.product.1089847.html,,,0,0,https://www.costco.com/health-beauty.html
c91bf99b-f77a-55d7-a9eb-d7e6813ac8eb,1738,1962753,1962753,"Qunol Brain Health Memory Plus, 100 Count",https://www.costco.com/.product.1962753.html,,,0,0,https://www.costco.com/health-beauty.html
37652eb5-5f8c-5745-aea8-6d42245ee2fd,1738,2025437,2025437,"Force Factor Total Beets Chews, 90 Soft Chews",https://www.costco.com/.product.2025437.html,,,0,0,https://www.costco.com/health-beauty.html
8e580029-82b9-503a-9273-8a75d75458a5,1738,1953411,1953411,"Old Spice Swagger Scent Boosted Aluminum Free Deodorant, 3 oz, 4-pack",https://www.costco.com/.product.1953411.html,,,0,0,https://www.costco.com/health-beauty.html
a046ff82-0635-59f1-ab77-067fb3b3c6fc,1738,2069070,2069070,"Physician's Choice Advanced 60 Billion Probiotic, 75 Capsules",https://www.costco.com/.product.2069070.html,,,0,0,https://www.costco.com/health-beauty.html
25d825da-1d53-5219-88e0-f30b9bd25035,1738,1017650,1017650,"Kirkland Signature Triple Action Joint Health, 110 Coated Tablets",https://www.costco.com/.product.1017650.html,,,0,0,https://www.costco.com/health-beauty.html
e9ab738d-70c8-5e0d-ba87-51ed733b7eb4,1738,553486,553486,"Nature's Bounty Optimal Solutions Hair, Skin and Nails, 250 Softgels",https://www.costco.com/.product.553486.html,,,0,0,https://www.costco.com/health-beauty.html
c5add068-f754-5804-bf9c-1776106cfd50,1738,1274752,1274752,"One A Day Women's 50+ Multivitamin Tablets, 300-count",https://www.costco.com/.product.1274752.html,,,0,0,https://www.costco.com/health-beauty.html
06653215-99fd-5067-9002-161795d0cea8,1738,2049359,2049359,"Liquid I.V. Hydration Multiplier, 30 Individual Serving Stick Packs in Resealable Pouch, Sugar Free, Ring Pop Cherry",https://www.costco.com/.product.2049359.html,,,0,0,https://www.costco.com/health-beauty.html
56bda5d1-d9e9-52bd-a6ab-697344b169e3,1738,1972488,1972488,"Oats Overnight Variety Pack, 30g Protein Shake, Fudge Brownie, Cookies & Cream, 14-pack",https://www.costco.com/.product.1972488.html,,,0,0,https://www.costco.com/health-beauty.html
1d674cf8-bdcc-59d7-b230-8076538d0ee4,1738,2034508,2034508,"Bayer Aspirin Regimen Low Dose 81 mg., 365 Enteric Coated Tablets",https://www.costco.com/.product.2034508.html,,,0,0,https://www.costco.com/health-beauty.html
c392b382-f712-5064-a221-ac72a3fb10d5,1738,1408247,1408247,"Trunature Ginkgo Biloba 120mg, 340 Softgels",https://www.costco.com/.product.1408247.html,,,0,0,https://www.costco.com/health-beauty.html
b8390cdd-bb50-5003-9820-a26d43f03c1b,1738,855643,855643,"Advil Liqui-Gels Ibuprofen 200 mg., Pain Reliever, Fever Reducer, 240 Liqui-Gel Capsules",https://www.costco.com/.product.855643.html,,,0,0,https://www.costco.com/health-beauty.html
ec72b634-5e1c-5683-b2c8-610496b23461,1738,2037515,2037515,"Nurri 30g Protein Shake, Vanilla, 11 fl oz, 15-pack",https://www.costco.com/.product.2037515.html,,,0,0,https://www.costco.com/health-beauty.html
127954c7-998b-5bdf-abfe-b7ccb204a99c,1738,1991395,1991395,"OLLY Men's Multivitamin Gummy, 200 Gummies",https://www.costco.com/.product.1991395.html,,,0,0,https://www.costco.com/health-beauty.html
aef1d676-283c-59a8-bba4-9b536b47eb0a,1738,926628,926628,"Kirkland Signature Omega-3 Fish Oil Concentrate 1000 mg, 400 Softgels",https://www.costco.com/.product.926628.html,,,0,0,https://www.costco.com/health-beauty.html
64e9dd30-3241-57ad-b2d8-f567bbaf3a2b,1738,853472,853472,"One A Day Women's Multivitamin, 300 Tablets",https://www.costco.com/.product.853472.html,,,0,0,https://www.costco.com/health-beauty.html
90fbbbff-3b0e-5e77-98e3-bb2d46d55d0c,1738,1687275,1687275,"Qunol Ultra CoQ10 100 mg, 180 Softgels",https://www.costco.com/.product.1687275.html,,,0,0,https://www.costco.com/health-beauty.html
89c7ea63-fe55-5748-92a3-42e7e10008bf,1738,1719200,1719200,"Country Farms Fiber Care Gummies, 240 Gummies",https://www.costco.com/.product.1719200.html,,,0,0,https://www.costco.com/health-beauty.html
1e93f4f5-7c83-5136-93b2-8436b4b977fa,1738,2047386,2047386,Lume Whole Body Soft Powder Deodorant Set,https://www.costco.com/.product.2047386.html,,,0,0,https://www.costco.com/health-beauty.html
6cab88fb-c6f6-597a-904f-a386bd66999f,1738,482358,482358,"Tylenol PM Extra Strength Acetaminophen 500 mg Pain Reliever, Sleep Aid, 225 Caplets",https://www.costco.com/.product.482358.html,,,0,0,https://www.costco.com/health-beauty.html
3ed2bbc4-d6d2-5d14-82eb-ca3987cf223b,1738,1043487,1043487,"Neosporin + Max Strength Pain Relief Dual Action Topical Antibiotic Ointment, 2 Ounces",https://www.costco.com/.product.1043487.html,,,0,0,https://www.costco.com/health-beauty.html
d5f56029-a739-52e1-b22c-a0369d9f9677,1738,2043904,2043904,"Nello Superfocus Drink Mix, 26-ct, Variety Pack",https://www.costco.com/.product.2043904.html,,,0,0,https://www.costco.com/health-beauty.html
5b7f2b10-4333-5fa3-a48c-48a6cc41fd90,1738,4640862,4640862,"Philips Norelco Shaver 9000, Wet & Dry Electric Shaver, with SenseIQ",https://www.costco.com/.product.4640862.html,,,0,0,https://www.costco.com/health-beauty.html
7bbab91e-7d03-51a9-af54-6ab988cd041a,1738,1586629,1586629,"Kirkland Signature Aller-Flo 50 mcg Allergy Spray, 720 Metered Sprays",https://www.costco.com/.product.1586629.html,,,0,0,https://www.costco.com/health-beauty.html
0c7db9b0-03f3-5444-8a9a-5bbd3c9638c3,1738,1917880,1917880,"Salonpas LIDOCAINE 4% Pain Relieving Gel-Patch, 30 Patches",https://www.costco.com/.product.1917880.html,,,0,0,https://www.costco.com/health-beauty.html
f5d29913-c4e8-5b7a-b918-5ce11dcc62a7,1738,1798586,1798586,"eos Super Balm 24 Hour Moisture, 5 Tubes",https://www.costco.com/.product.1798586.html,,,0,0,https://www.costco.com/health-beauty.html
69de248d-3397-591e-8233-cfdd3966cdc6,1738,1886852,1886852,"Sports Research Magtein Magnesium L-Threonate, 2000 mg, 135 Veggie Capsules",https://www.costco.com/.product.1886852.html,,,0,0,https://www.costco.com/health-beauty.html
2a245c87-e3a0-58a3-98c4-0d779e3e3940,1738,1810858,1810858,"SENSODYNE Pronamel Gentle Whitening Advanced Toothpaste, 6.5 oz, 4-pack",https://www.costco.com/.product.1810858.html,,,0,0,https://www.costco.com/health-beauty.html
642a3814-0bac-509b-959e-db94c6f87553,1738,1264311,1264311,"Vicks VapoRub Cough Suppressant & Topical Analgesic, 3.53 oz, 2 count",https://www.costco.com/.product.1264311.html,,,0,0,https://www.costco.com/health-beauty.html
eed51781-519a-5fbd-bb17-b38eb2493917,1738,2037470,2037470,"Nurri 30g Protein Shake, Coffee, 11 fl oz, 15-pack",https://www.costco.com/.product.2037470.html,,,0,0,https://www.costco.com/health-beauty.html
577695c9-edda-5a61-9c54-4fb81505e3d2,1738,869100,869100,"vitafusion Women's Multivitamin, 220 Gummies",https://www.costco.com/.product.869100.html,,,0,0,https://www.costco.com/health-beauty.html
08cd28c3-571c-5bd8-b4a5-199c4644b24b,1738,1487435,1487435,"Kirkland Signature Arthritis Pain Relief Gel, Diclofenac Sodium Topical Gel 1%, 15.87 Ounces",https://www.costco.com/.product.1487435.html,,,0,0,https://www.costco.com/health-beauty.html
9ff2ae93-9a3e-574a-9bea-707369afc204,1738,1332345,1332345,"Natural Vitality Calm Magnesium Citrate Powder, 20 Ounces",https://www.costco.com/.product.1332345.html,,,0,0,https://www.costco.com/health-beauty.html
a6d2c0d0-f9d7-5bf4-ada2-5145ec1f7b78,1738,1562786,1562786,"Children's Tylenol Liquid Pain Relief & Fever Medicine, Dye-Free Cherry Flavor, 12 Fluid Ounces",https://www.costco.com/.product.1562786.html,,,0,0,https://www.costco.com/health-beauty.html
ddc2d73c-c85a-5f2b-af0b-a98f6e51f03d,1738,355476,355476,"Kirkland Signature Extra Strength Acetaminophen 500 mg., 400 Gelcaps",https://www.costco.com/.product.355476.html,,,0,0,https://www.costco.com/health-beauty.html
8bbcb59c-4627-5c97-86f2-b522666b920f,1738,2063186,2063186,"Kids Grüns Superfood Greens Strawberry Burst Flavored Gummies, 35 Daily Packs",https://www.costco.com/.product.2063186.html,,,0,0,https://www.costco.com/health-beauty.html
59df442b-2ca9-5303-bdc9-ccf9030afb14,1738,1930184,1930184,"Flents Wipe 'N Clear Lens Wipes, 4 Boxes, 75 Wipes Each",https://www.costco.com/.product.1930184.html,,,0,0,https://www.costco.com/health-beauty.html
451327d2-a7d9-5663-b468-21cffcf723fe,1738,1181284,1181284,"Weider Red Yeast Rice Plus 1200 mg, 240 count",https://www.costco.com/.product.1181284.html,,,0,0,https://www.costco.com/health-beauty.html
913f2aaf-b3a9-592e-a2f1-ccb2d68b5e80,1738,1116624,1116624,"Schiff Move Free Advanced Joint Supplement, 200 Tablets",https://www.costco.com/.product.1116624.html,,,0,0,https://www.costco.com/health-beauty.html
881a111a-5c54-55f3-a9b1-27e1a680afc9,1738,1347960,1347960,"Claritin RediTabs 10 mg 24 Hour Non-Drowsy, 70 Disintegrating Tablets",https://www.costco.com/.product.1347960.html,,,0,0,https://www.costco.com/health-beauty.html
07c1880f-3ddc-5227-93e5-4179cb64d509,1738,98501,98501,"Kirkland Signature Chewable Vitamin C 500 mg, 500 Tablets",https://www.costco.com/.product.98501.html,,,0,0,https://www.costco.com/health-beauty.html
3a947873-9171-5ab8-a08d-dafd641fd8b0,1738,1957813,1957813,"Sports Research Multi Collagen, 180 Capsules",https://www.costco.com/.product.1957813.html,,,0,0,https://www.costco.com/health-beauty.html
8924526d-d996-55f0-8c86-0c965bb08cf7,1738,1469910,1469910,"Biofreeze Pain Reliever, 6 Fluid Ounce Pack",https://www.costco.com/.product.1469910.html,,,0,0,https://www.costco.com/health-beauty.html
40b322db-d8b3-5536-89a0-5599baabb0fa,1738,1199824,1199824,"Nature Made CholestOFF Plus, 210 Softgels",https://www.costco.com/.product.1199824.html,,,0,0,https://www.costco.com/health-beauty.html
eea0d7dc-a3f7-532d-bb6e-e95e5f96601e,1738,572310,572310,"Nature Made Vitamin D3 25 mcg, 650 Softgels",https://www.costco.com/.product.572310.html,,,0,0,https://www.costco.com/health-beauty.html
9e1a5637-07df-532c-bb9d-77639a0a1c48,1738,1875027,1875027,"Refresh Optive MEGA-3 Preservative-Free Lubricating Eye Drop, 70 Vials",https://www.costco.com/.product.1875027.html,,,0,0,https://www.costco.com/health-beauty.html
dd58cca5-dcea-5061-b717-41fda1245197,1738,1320304,1320304,"Centrum Silver Women 50+ Immune Support Multivitamin, 275 Tablets",https://www.costco.com/.product.1320304.html,,,0,0,https://www.costco.com/health-beauty.html
0fc52c97-5df5-5a14-a450-d468f64b6c0e,1738,383241,383241,"Kirkland Signature Extra Strength Acetaminophen 500 mg., 1000 Caplets",https://www.costco.com/.product.383241.html,,,0,0,https://www.costco.com/health-beauty.html
485bf699-615d-5820-b6b3-b30ad49abf31,1738,1811669,1811669,"Benefiber Fiber Supplement Powder, 410 Teaspoons",https://www.costco.com/.product.1811669.html,,,0,0,https://www.costco.com/health-beauty.html
b2f1d2b9-401b-51ea-8981-dac506e9527c,1738,2059615,2059615,"Neuro Energy & Focus Gum, Peppermint and Spearmint, 12-packs, 72 Total Pieces",https://www.costco.com/.product.2059615.html,,,0,0,https://www.costco.com/health-beauty.html
73eba727-128f-5477-8c77-f4309f6df477,1738,1561942,1561942,"Nasacort Allergy 24 HR, 480 Metered Sprays",https://www.costco.com/.product.1561942.html,,,0,0,https://www.costco.com/health-beauty.html
bdcb1917-a9ce-5f4a-8dc1-a62f7e8178be,1738,1231411,1231411,"Pepto Bismol Ultra, 5 Symptom Digestive Relief Liquid, 36 Fluid Ounces",https://www.costco.com/.product.1231411.html,,,0,0,https://www.costco.com/health-beauty.html
b8679a2c-8c6e-5055-a461-cf6051bbf16e,1738,3399074,3399074,"Oral-B iO Series 5 All-in-One Clean Rechargeable Electric Toothbrush, 2-pack",https://www.costco.com/.product.3399074.html,,,0,0,https://www.costco.com/health-beauty.html
40a76233-d4fd-5345-a3b0-9dbdf98bbac1,1738,1996833,1996833,"Metamucil Fiber Gummies, 150 Gummies",https://www.costco.com/.product.1996833.html,,,0,0,https://www.costco.com/health-beauty.html
d4040468-3e74-5890-b3ff-188b598d4a36,1738,249375,249375,"Kirkland Signature Extra Strength Glucosamine with MSM, 375 Tablets",https://www.costco.com/.product.249375.html,,,0,0,https://www.costco.com/health-beauty.html
22fb9677-b6fa-54f0-be00-5d7032a5517b,1738,1998559,1998559,"Natrol Melatonin 10mg Gummies, 200ct",https://www.costco.com/.product.1998559.html,,,0,0,https://www.costco.com/health-beauty.html
d0a2096b-6e23-5cc6-ad4e-fa9cf123e5e8,1738,1644223,1644223,"Nature's Bounty Magnesium Glycinate 240 mg, 180 Capsules",https://www.costco.com/.product.1644223.html,,,0,0,https://www.costco.com/health-beauty.html
b661a971-6c89-509b-a877-ffa7a6bca855,1738,2032153,2032153,"Tree Hut Body Scrub, Vanilla and Coco Colada, 21 fl oz, 2-pack",https://www.costco.com/.product.2032153.html,,,0,0,https://www.costco.com/health-beauty.html
5e315e6a-c7bc-55a6-b9b3-758892200f29,1738,1241036,1241036,"Nature's Truth Apple Cider Vinegar 1200 mg, 180 Capsules",https://www.costco.com/.product.1241036.html,,,0,0,https://www.costco.com/health-beauty.html
65f524b2-f186-546a-b0bf-3bced787966a,1738,1327667,1327667,"Nature Made CoQ10 400 mg, 90 Softgels",https://www.costco.com/.product.1327667.html,,,0,0,https://www.costco.com/health-beauty.html
0a4421c7-ec91-5997-9b6b-b8d6409fc034,1738,1969480,1969480,"OLLY Sleep Gummy, 110 Gummies",https://www.costco.com/.product.1969480.html,,,0,0,https://www.costco.com/health-beauty.html
0eed0c79-89f9-5d4f-a705-db5a6c7539e9,1738,402463,402463,"Systane ULTRA Lubricant Eye Drops, 30 ml",https://www.costco.com/.product.402463.html,,,0,0,https://www.costco.com/health-beauty.html
36e9af95-7c0f-50f9-a2e3-481cb3c6cc83,1738,2036982,2036982,"MiraFAST Soft Chews Pouch, 100 Soft Chews",https://www.costco.com/.product.2036982.html,,,0,0,https://www.costco.com/health-beauty.html
f1d62d43-2303-5e9f-b760-4d624a5d78a0,1738,1214224,1214224,"Clear Care Plus Cleaning & Disinfecting Solution, 32 Fluid Ounces",https://www.costco.com/.product.1214224.html,,,0,0,https://www.costco.com/health-beauty.html
a7238008-1729-5fc4-a36b-a501b4b7507f,1738,2007527,2007527,"Vital Proteins Collagen Gummies, Raspberry 256 Count",https://www.costco.com/.product.2007527.html,,,0,0,https://www.costco.com/health-beauty.html
1bd8e938-fad8-5d9f-be48-a5d81104ba3b,1738,681272,681272,"trunature Vision Complex Lutein & Zeaxanthin, 140 Softgels",https://www.costco.com/.product.681272.html,,,0,0,https://www.costco.com/health-beauty.html
ae1a3108-40cb-5a39-8f43-22c97fc9c2e2,1738,1697407,1697407,"TUMS Chewy Bites, 108ct",https://www.costco.com/.product.1697407.html,,,0,0,https://www.costco.com/health-beauty.html
351e59f2-6f3d-5e2b-a2b4-b3808903e2d3,1738,98268,98268,"Kirkland Signature Vitamin C 1000 mg, 500 Tablets",https://www.costco.com/.product.98268.html,,,0,0,https://www.costco.com/health-beauty.html
bccca734-e696-5cad-b200-7e528963309b,1738,83829,83829,"Tylenol 8 Hour Arthritis & Joint Pain Extended-Release Acetaminophen 650 mg, 290 Caplets",https://www.costco.com/.product.83829.html,,,0,0,https://www.costco.com/health-beauty.html
2181edad-5735-514d-aa89-cdf062f13fa0,1738,2051218,2051218,"Tylenol Extra Strength Caplets, Fever Reducer & Pain Reliever, 500 mg, 320 ct.",https://www.costco.com/.product.2051218.html,,,0,0,https://www.costco.com/health-beauty.html
ec2c4081-e490-51e4-bc20-8a57eb8aad34,1738,1991633,1991633,"Sports Research CoQ10 200mg, 150ct",https://www.costco.com/.product.1991633.html,,,0,0,https://www.costco.com/health-beauty.html
8396af43-e733-5c97-848d-36c93fc42f1b,1738,667287,667287,"Aleve Pain Reliever, 320 Caplets",https://www.costco.com/.product.667287.html,,,0,0,https://www.costco.com/health-beauty.html
b3e0695e-c263-5776-9db2-05166430e857,1738,1481822,1481822,"Allegra Allergy Non-Drowsy, 110 Tablets",https://www.costco.com/.product.1481822.html,,,0,0,https://www.costco.com/health-beauty.html
b484bc77-bc0d-59fb-a794-82e10d64b161,1738,1806584,1806584,"Gillette Custom Plus3 Disposable Razors Sensitive, 30-count",https://www.costco.com/.product.1806584.html,,,0,0,https://www.costco.com/health-beauty.html
3ee5cfe6-1ae6-5516-8324-f62cc3bb4aee,1738,1590808,1590808,"Pataday Extra Strength Once Daily Antihistamine Eye Drops, 7.5 ml",https://www.costco.com/.product.1590808.html,,,0,0,https://www.costco.com/health-beauty.html
ef341f03-7268-5516-9932-0a60c99dd203,1738,1820338,1820338,"Kirkland Signature Krill Oil 500mg, 180 Softgels",https://www.costco.com/.product.1820338.html,,,0,0,https://www.costco.com/health-beauty.html
14fdc20a-2bc8-5585-9133-aa710f8d7576,1738,1585071,1585071,"Claritin 10 mg Non-Drowsy 24 Hour, 115 Tablets",https://www.costco.com/.product.1585071.html,,,0,0,https://www.costco.com/health-beauty.html
b314afa7-0191-52aa-9aa8-5377334421cd,1738,2007064,2007064,"Premier Protein High Protein Café Latte Shake, 11 fl oz, 18-count",https://www.costco.com/.product.2007064.html,,,0,0,https://www.costco.com/health-beauty.html
444337a2-c17d-5a34-97a4-e23a2bed4f46,1738,1089974,1089974,"Xyzal Allergy 24 Hour Antihistamine 5 mg, 110 Tablets",https://www.costco.com/.product.1089974.html,,,0,0,https://www.costco.com/health-beauty.html
1834e1ff-224c-5d55-9715-b5c124fe0126,1738,1991797,1991797,"Sports Research Vitamin C Liposomal, 1000 mg, 180 Veggie Capsules",https://www.costco.com/.product.1991797.html,,,0,0,https://www.costco.com/health-beauty.html
e968d1b6-a799-50a0-a714-e474ba70b2dc,1738,1086592,1086592,"Kirkland Signature Acid Controller 20 mg, 250-count",https://www.costco.com/.product.1086592.html,,,0,0,https://www.costco.com/health-beauty.html
a485cde4-9da5-5be0-b480-824e76aac9a9,1738,2056983,2056983,"Force Factor Hair Growth Accelerator, 90-count",https://www.costco.com/.product.2056983.html,,,0,0,https://www.costco.com/health-beauty.html
8f675a72-03ae-5e94-933e-c57ffb11367f,1738,654260,654260,"Natrol Melatonin 5 mg Fast Dissolve Tablets, 250 Tablets",https://www.costco.com/.product.654260.html,,,0,0,https://www.costco.com/health-beauty.html
dfc82743-e40f-5305-9a15-459101c73258,1738,536672,536672,"Nature's Bounty Fish Oil 1,400 mg, 130 Coated Softgels",https://www.costco.com/.product.536672.html,,,0,0,https://www.costco.com/health-beauty.html
27887ac3-8a9b-542a-ac46-e17406c07923,1738,1882051,1882051,"Kirkland Signature Mini Ibuprofen, 200 mg, 500 Liquid-Filled Capsules",https://www.costco.com/.product.1882051.html,,,0,0,https://www.costco.com/health-beauty.html
e84a4410-b337-532b-9dcd-8c50e7fc49c3,1738,1187500,1187500,"trunature Advanced Digestive Probiotic, 100 Capsules",https://www.costco.com/.product.1187500.html,,,0,0,https://www.costco.com/health-beauty.html
e7a919d8-d28e-52ca-87be-8cc5e6dd3f9f,1738,1991771,1991771,"Sports Research Advanced Multivitamin, 180 Veggie Capsules",https://www.costco.com/.product.1991771.html,,,0,0,https://www.costco.com/health-beauty.html
241b16b0-add3-5498-ac68-820f3244207b,1738,561532,561532,"Kirkland Signature Fast Acting Lactase, 180 Caplets",https://www.costco.com/.product.561532.html,,,0,0,https://www.costco.com/health-beauty.html
0e5b2cc6-613e-56f6-bd66-1f11360629d6,1738,644585,644585,"trunature Prostate Plus Health Complex, 250 Softgels",https://www.costco.com/.product.644585.html,,,0,0,https://www.costco.com/health-beauty.html
55bc3564-bdc5-5f35-a1ed-474b27565a78,1738,2007065,2007065,"Premier Protein High Protein Strawberries & Cream Shake, 11 fl oz, 18-count",https://www.costco.com/.product.2007065.html,,,0,0,https://www.costco.com/health-beauty.html
ad4bfde7-94ec-568c-9fd9-169af309dd93,1738,2023727,2023727,"Once Upon a Farm Organic Immunity Blends Variety Pack, 3.2 fl oz, 12-count",https://www.costco.com/.product.2023727.html,,,0,0,https://www.costco.com/health-beauty.html
1f50ff63-01b9-5c71-9973-12b2c488097d,1738,9022010,9022010,"Orgain USDA Organic Kids Nutritional Protein Shake, Chocolate, 8 fl oz, 24-pack",https://www.costco.com/.product.9022010.html,,,0,0,https://www.costco.com/health-beauty.html
951c08bf-f95d-5d20-8a38-f6edef979827,1738,389194,389194,"Kirkland Signature Calcium 600 mg + D3, 500-count",https://www.costco.com/.product.389194.html,,,0,0,https://www.costco.com/health-beauty.html
328edc91-056c-567b-b047-1988ea0eeddd,1738,1478260,1478260,"Nature's Bounty Hair, Skin and Nails Advanced, 230 Gummies",https://www.costco.com/.product.1478260.html,,,0,0,https://www.costco.com/health-beauty.html
eafe301f-ad2b-58a9-948c-caaa1823a47d,1738,1816477,1816477,"Schiff Digestive Advantage Probiotic, 120 Gummies",https://www.costco.com/.product.1816477.html,,,0,0,https://www.costco.com/health-beauty.html
8faf566f-41d2-59f7-b6b1-a540ce66f00e,1738,555744,555744,"Glucerna Original Diabetic Nutrition Shake, 8 fl oz, 24-pack, Vanilla",https://www.costco.com/.product.555744.html,,,0,0,https://www.costco.com/health-beauty.html
930d9beb-ed0f-5022-8df9-85991304151a,1738,1694426,1694426,"Orgain Collagen Peptides + Probiotics, Unflavored, 1.6 lbs",https://www.costco.com/.product.1694426.html,,,0,0,https://www.costco.com/health-beauty.html
8189d040-c345-5a40-a4a0-6539265bf83b,1738,1428912,1428912,"Zyrtec 24 Hour Allergy Relief Antihistamine Cetirizine HCl 10 mg, 120 Tablets",https://www.costco.com/.product.1428912.html,,,0,0,https://www.costco.com/health-beauty.html
d19443da-f392-5eeb-9dc4-9150d69e0e03,1738,98211,98211,"Kirkland Signature Vitamin E 400 IU, 500 Softgels",https://www.costco.com/.product.98211.html,,,0,0,https://www.costco.com/health-beauty.html
af6ab694-f568-5ddf-992a-c6ee5d09b2da,1738,1648450,1648450,"Afrin No Drip Severe Congestion 12 Hour Nasal Pump Mist, 60 ml",https://www.costco.com/.product.1648450.html,,,0,0,https://www.costco.com/health-beauty.html
ae1a55f9-b1f4-57c6-9175-3155e22cb025,1738,851753,851753,"Nexium 24HR Acid Reducer 20 mg., 42 Capsules",https://www.costco.com/.product.851753.html,,,0,0,https://www.costco.com/health-beauty.html
c6a633f3-d9b4-5e2b-810b-20e0e109bd10,1738,2077790,2077790,"Grüns Immün Daily Defense 13-in-1 Sour Pineapple Gummies, 35 Daily Packs",https://www.costco.com/.product.2077790.html,,,0,0,https://www.costco.com/health-beauty.html
6b2f0d6d-7bda-56d6-b9a9-890f99abdbcb,1738,580655,580655,"Nature Made Super B-Complex, 460 Tablets",https://www.costco.com/.product.580655.html,,,0,0,https://www.costco.com/health-beauty.html
082e25b8-c99a-52ca-97c7-630d57f09f5f,1738,987677,987677,"Kirkland Signature Aller-Fex 180mg, 180 Tablets",https://www.costco.com/.product.987677.html,,,0,0,https://www.costco.com/health-beauty.html
d1174e6a-5e81-5501-bd6d-7ee821695d6a,1738,1796097,1796097,"FEELGOOD Berberine Phytosome, 120 Vegan Capsules",https://www.costco.com/.product.1796097.html,,,0,0,https://www.costco.com/health-beauty.html
f4c1ae3c-06c0-5443-aada-b3ae92767aee,1738,1992278,1992278,"Sports Research Omega-3 Krill Oil Superba2 1000mg, 90ct Softgels",https://www.costco.com/.product.1992278.html,,,0,0,https://www.costco.com/health-beauty.html
44e55a8a-4efd-5f27-b5b1-d882637b59ca,1738,2007063,2007063,"Premier Protein Vanilla High Protein Shake, 11 fl oz, 18-count",https://www.costco.com/.product.2007063.html,,,0,0,https://www.costco.com/health-beauty.html
398702d2-ad8a-5491-a3b2-5634ba57dea9,1738,1683859,1683859,"Sports Research Triple Strength Omega-3 Fish Oil, 150 Fish Softgels",https://www.costco.com/.product.1683859.html,,,0,0,https://www.costco.com/health-beauty.html
052255ea-a17a-5539-87c3-5b4c8213b830,1738,1476391,1476391,"Nature's Bounty Immune 24 Hour +, 120 Softgels",https://www.costco.com/.product.1476391.html,,,0,0,https://www.costco.com/health-beauty.html
4b89f86e-8dc8-5123-8c03-e06bffe931fa,1738,2077334,2077334,"Mucinex 12HR Cold & Fever Multi-Symptom, 50 Extended Release Tablets",https://www.costco.com/.product.2077334.html,,,0,0,https://www.costco.com/health-beauty.html
91bec751-694c-5742-a78e-f028f2747eff,1738,2033366,2033366,Flamingo by Harry's Moisture Plus Razor Set 11 Cartridges + 1 Handle,https://www.costco.com/.product.2033366.html,,,0,0,https://www.costco.com/health-beauty.html
cfacd661-cba4-54e7-a0ca-38eabdaaff6a,1738,1862992,1862992,"Pepto Bismol Chews, Berry Mint Flavor, 70 Chewable Tablets",https://www.costco.com/.product.1862992.html,,,0,0,https://www.costco.com/health-beauty.html
cfc58ced-163f-56d3-92f6-00d3de8be8bb,1738,1392697,1392697,"Nature's Bounty Sleep3 10 mg. Melatonin, 120 Tablets",https://www.costco.com/.product.1392697.html,,,0,0,https://www.costco.com/health-beauty.html
26872fe7-187d-522f-889a-e450788c4901,1738,1830585,1830585,"Airborne Gummy Immune Support Supplement, 90 Gummies",https://www.costco.com/.product.1830585.html,,,0,0,https://www.costco.com/health-beauty.html
623258af-b3d7-55eb-9142-7e94aa895ed5,1738,1003144,1003144,"Schiff Move Free Ultra Triple Action Joint Supplement, 75 Tablets",https://www.costco.com/.product.1003144.html,,,0,0,https://www.costco.com/health-beauty.html
06064cc7-71c4-5494-8ec2-7418a0a855d1,1738,942620,942620,"vitafusion Men's Multivitamin Gummies, 220 Gummies",https://www.costco.com/.product.942620.html,,,0,0,https://www.costco.com/health-beauty.html
b7c2e8b5-a168-5a5b-a3ba-576fbdb28153,1738,561527,561527,"Kirkland Signature Psyllium Fiber Sugar-Free Powder, 2x180 Teaspoons",https://www.costco.com/.product.561527.html,,,0,0,https://www.costco.com/health-beauty.html
07bf4d0c-fbf5-54d3-9997-e0bce795da9f,1738,1987193,1987193,"Aleve Naproxen Sodium 220 mg Pain Reliever, Fever Reducer, 180 Liquid Gel Capsules",https://www.costco.com/.product.1987193.html,,,0,0,https://www.costco.com/health-beauty.html
79e035bd-384e-5d01-9d1c-10daac3633a6,1738,720393,720393,"Excedrin Migraine for Migraine Relief, 300 Caplets",https://www.costco.com/.product.720393.html,,,0,0,https://www.costco.com/health-beauty.html
b5b7cf81-bc2d-50b2-b60e-91af8e325db6,1738,901165,901165,"Arm & Hammer Simply Saline Nasal Mist, 13.5 Ounces",https://www.costco.com/.product.901165.html,,,0,0,https://www.costco.com/health-beauty.html
041dfe5d-8fd5-5fb4-a22a-8df0b218ab64,1738,1969459,1969459,"OLLY Kids Multivitamin & Probiotic, 160 Gummies",https://www.costco.com/.product.1969459.html,,,0,0,https://www.costco.com/health-beauty.html
2d9422bd-e98e-559c-b862-da5bcc555d61,1738,1888647,1888647,"Sports Research L-Theanine Suntheanine 200 mg, 150 Softgels",https://www.costco.com/.product.1888647.html,,,0,0,https://www.costco.com/health-beauty.html
0b95378c-abaf-5fd6-8493-73969e34555f,1738,1616284,1616284,"Irish Spring Bar Soap, 4.5 oz, 20-count",https://www.costco.com/.product.1616284.html,,,0,0,https://www.costco.com/health-beauty.html
dd253d05-0bcd-5f79-a34a-4cef887f925f,1738,1233864,1233864,"Nature Made Magnesium Citrate 250 mg., 180 Softgels",https://www.costco.com/.product.1233864.html,,,0,0,https://www.costco.com/health-beauty.html
30625f2a-4c87-5cd3-84e2-47ad9f933095,1738,2027551,2027551,"Muscle Milk 33g Protein Ultra-Filtered Milk Shake, Cookies 'N Crème, 11 fl oz, 18-pack",https://www.costco.com/.product.2027551.html,,,0,0,https://www.costco.com/health-beauty.html
fa39b7a6-b9a8-5610-8170-c38ca69e4c2a,1738,1259303,1259303,"Vicks Severe DayQuil and NyQuil Cough, Cold & Flu Relief, 72 LiquiCaps",https://www.costco.com/.product.1259303.html,,,0,0,https://www.costco.com/health-beauty.html
65e722d3-c319-5d3c-aa41-769f26cf4961,1738,1747557,1747557,"Systane Complete Preservative Free Lubricant Drops, 30ml",https://www.costco.com/.product.1747557.html,,,0,0,https://www.costco.com/health-beauty.html
ffcf8203-6baa-50fe-bac5-11d1f098502b,1738,502046,502046,"Zyrtec 24 Hour Allergy Relief Antihistamine Cetirizine HCl 10 mg, 65 Liquid Gels",https://www.costco.com/.product.502046.html,,,0,0,https://www.costco.com/health-beauty.html
1d505a87-0082-53d9-a527-b301f741ea06,1738,1459734,1459734,"Nature's Bounty Ultra Strength Probiotic 10, 70 Capsules",https://www.costco.com/.product.1459734.html,,,0,0,https://www.costco.com/health-beauty.html
d246bad2-590d-5ac3-a25e-89d35d9ead7a,1738,1908250,1908250,"Design Optics by Foster Grant, +1.25, #668 Metal Square Reading Glasses, 3-pack",https://www.costco.com/.product.1908250.html,,,0,0,https://www.costco.com/health-beauty.html
8def3927-a6b6-5f85-a7fe-62ab15382b37,1738,1908251,1908251,"Design Optics by Foster Grant, +1.50, #668 Metal Square Reading Glasses, 3-pack",https://www.costco.com/.product.1908251.html,,,0,0,https://www.costco.com/health-beauty.html
039e6518-155e-53d3-8fea-93590484961a,1738,1908254,1908254,"Design Optics by Foster Grant, +2.50, #668 Metal Square Reading Glasses, 3-pack",https://www.costco.com/.product.1908254.html,,,0,0,https://www.costco.com/health-beauty.html
229003ca-a392-55c3-ac6f-619dbb94dcef,1738,1908252,1908252,"Design Optics by Foster Grant, +1.75, #668 Metal Square Reading Glasses, 3-pack",https://www.costco.com/.product.1908252.html,,,0,0,https://www.costco.com/health-beauty.html
7ec747fd-ad1b-5491-ba1b-846c66a8c593,1738,1908253,1908253,"Design Optics by Foster Grant, +2.00, #668 Metal Square Reading Glasses, 3-pack",https://www.costco.com/.product.1908253.html,,,0,0,https://www.costco.com/health-beauty.html
33ff7518-6197-5940-ac41-adef6114c1b4,1738,2076158,2076158,FEELGOOD Glutathione Phytosome 120 Vegan Capsules,https://www.costco.com/.product.2076158.html,,,0,0,https://www.costco.com/health-beauty.html
a7bebfc4-0d52-5490-9797-57d0523c610a,1738,598848,598848,"Kirkland Signature Psyllium Fiber, 720 Capsules",https://www.costco.com/.product.598848.html,,,0,0,https://www.costco.com/health-beauty.html
7851a65a-b540-547c-9293-903b4ef69961,1738,681421,681421,"Dulcolax Laxative, 200 Tablets",https://www.costco.com/.product.681421.html,,,0,0,https://www.costco.com/health-beauty.html
bf5ad963-5d02-5877-aaa1-b387bd2a091c,1738,1416181,1416181,"Zena Liquid Collagen + Biotin, 30 Fluid Ounces",https://www.costco.com/.product.1416181.html,,,0,0,https://www.costco.com/health-beauty.html
0583bcfa-425a-5781-ba59-1ee895cb1b7a,1738,805287,805287,"Kirkland Signature Lansoprazole 15 mg. Acid Reducer, 42 Capsules",https://www.costco.com/.product.805287.html,,,0,0,https://www.costco.com/health-beauty.html
058ba0ed-f98d-57a3-b6bf-8dbf660bc9f6,1738,1813019,1813019,"Neuriva Brain Supplement Original, 50 Capsules",https://www.costco.com/.product.1813019.html,,,0,0,https://www.costco.com/health-beauty.html
e1844b10-fc19-52f7-a574-a449056ea106,1738,1965989,1965989,"Aveeno Skin Relief Body Wash, 18 fl oz, 3-pack",https://www.costco.com/.product.1965989.html,,,0,0,https://www.costco.com/health-beauty.html
942b125c-a44d-529e-bdee-f9ea14381cd6,1738,1667705,1667705,"Ascent 100% Whey, Native Whey Protein Blend, Vanilla Bean, 4.25 lbs",https://www.costco.com/.product.1667705.html,,,0,0,https://www.costco.com/health-beauty.html
85d3e04d-45a4-53c0-8bc5-64e260532577,1738,1700279,1700279,"Zarbee's Children's Cough Daytime / Nighttime, Two 4 Ounce Daytime + One 4 Ounce Nighttime",https://www.costco.com/.product.1700279.html,,,0,0,https://www.costco.com/health-beauty.html
3619c171-5355-5ae9-9fd4-3a45313278df,1738,1856902,1856902,"Theraflu Severe Cold Relief Medicine Powder, 24 Packets",https://www.costco.com/.product.1856902.html,,,0,0,https://www.costco.com/health-beauty.html
ffaa9428-df9b-59c7-97b9-a3383faade24,1738,1209115,1209115,"Qunol Liquid Turmeric 1000 mg, 30.4 fl oz",https://www.costco.com/.product.1209115.html,,,0,0,https://www.costco.com/health-beauty.html
3377d333-f5ea-5410-8e95-a1a039ed966a,1738,1665191,1665191,"Kirkland Signature Glucosamine & Chondroitin, 280 Tablets",https://www.costco.com/.product.1665191.html,,,0,0,https://www.costco.com/health-beauty.html
82666ef9-e34f-583c-8184-3150a10b4ba6,1738,1904353,1904353,"Colgate Bluey Toothbrush, 6-count",https://www.costco.com/.product.1904353.html,,,0,0,https://www.costco.com/health-beauty.html
10ec4cfd-2632-5468-96ee-20784c8a74ad,1738,2032764,2032764,"Dove Men +Care Body & Face Wash, 32 fl oz, 2-pack",https://www.costco.com/.product.2032764.html,,,0,0,https://www.costco.com/health-beauty.html
35aea441-edbf-5954-9d05-155e422e1906,1738,1813892,1813892,"Nature Made Extra Strength Vitamin D3 125 mcg, 200 Gummies",https://www.costco.com/.product.1813892.html,,,0,0,https://www.costco.com/health-beauty.html
49e36281-dc47-55a5-98d7-58c250dfeaca,1738,1144335,1144335,"Flonase Non-Drowsy 24 Hour Allergy Relief Nasal Spray, 432 Metered Sprays",https://www.costco.com/.product.1144335.html,,,0,0,https://www.costco.com/health-beauty.html
715e8f58-ee08-5af8-8578-141c5b26805b,1738,261574,261574,"Kirkland Signature Aller-Tec D 12 Hour, 24 Extended Release Tablets",https://www.costco.com/.product.261574.html,,,0,0,https://www.costco.com/health-beauty.html
c6a53382-aa5a-5727-98c7-ebba57575a09,1738,1423302,1423302,"trunature Women's Daily Probiotic, 90 Vegetarian Capsules",https://www.costco.com/.product.1423302.html,,,0,0,https://www.costco.com/health-beauty.html
0fa6ec7a-aba7-5944-867a-5f3bf328a1ab,1738,1174112,1174112,"Kirkland Signature USDA Organic Multivitamin, 80 Coated Tablets",https://www.costco.com/.product.1174112.html,,,0,0,https://www.costco.com/health-beauty.html
8e7d50d4-b5a4-5eb0-bda9-0639b2ec5375,1738,301341,301341,"Gas-X Extra Strength, 120 Softgels",https://www.costco.com/.product.301341.html,,,0,0,https://www.costco.com/health-beauty.html
dc869648-9ebb-594d-8389-3ebb6cc0e677,1738,2080753,2080753,TUMS CHEWY BITES ASSORTED WNTRMNT VNL CRM T9H6MPK20,https://www.costco.com/.product.2080753.html,,,0,0,https://www.costco.com/health-beauty.html
ce18e9ea-6c30-55c2-bc50-480083174540,1738,1794121,1794121,"Children's Zyrtec Allergy Cetirizine HCl 10 mg Dye-Free Grape Flavored Chewables, 72 Tablets",https://www.costco.com/.product.1794121.html,,,0,0,https://www.costco.com/health-beauty.html
307d2991-52e3-5cc2-b6d6-2c401724816e,1738,2038523,2038523,"Garden of Life Advanced Women's Daily Probiotic, 60 Capsules",https://www.costco.com/.product.2038523.html,,,0,0,https://www.costco.com/health-beauty.html
3b148a16-406f-5edc-9bed-ffa2ee50d93c,1738,573854,573854,"Qunol Mega CoQ10 100 mg., 120 Softgels",https://www.costco.com/.product.573854.html,,,0,0,https://www.costco.com/health-beauty.html
1b8d351e-64e4-5c48-a7bd-de7f81a2cf0f,1738,1197931,1197931,"Osteo Bi-Flex Triple Strength, 200 Tablets",https://www.costco.com/.product.1197931.html,,,0,0,https://www.costco.com/health-beauty.html
c2ac37c7-127c-5bd0-8ea9-fc0e0399a30b,1738,594518,594518,"Culturelle Digestive Health Probiotic, 80 Vegetarian Capsules",https://www.costco.com/.product.594518.html,,,0,0,https://www.costco.com/health-beauty.html
a0d2fbd6-1549-5738-adfb-b0ef04f65388,1738,1076988,1076988,Robitussin DM Day & Night Cough Relief,https://www.costco.com/.product.1076988.html,,,0,0,https://www.costco.com/health-beauty.html
1785dc00-f638-5e9e-8972-b5f5f77cb3e7,1738,547204,547204,"Zyrtec-D 12 Hour Allergy & Sinus Medicine & Nasal Decongestant, 24 Tablets",https://www.costco.com/.product.547204.html,,,0,0,https://www.costco.com/health-beauty.html
2fa6ecd5-4904-5aa2-98ac-156b20d0f719,1738,1458383,1458383,"Nature's Bounty Zinc 50 mg, 400 Caplets",https://www.costco.com/.product.1458383.html,,,0,0,https://www.costco.com/health-beauty.html
bb344508-2aff-52b5-860e-24ca18965661,1738,596759,596759,"Kirkland Signature Acetaminophen PM, 500 mg, 375 Capsules",https://www.costco.com/.product.596759.html,,,0,0,https://www.costco.com/health-beauty.html
0d1afa30-29f4-5efd-a6e5-142191a204e2,1738,573015,573015,"Advil Ibuprofen 200 mg., Pain Reliever/Fever Reducer 360 Tablets",https://www.costco.com/.product.573015.html,,,0,0,https://www.costco.com/health-beauty.html
9017f553-b073-57fa-8936-dbf651f4e201,1738,1594459,1594459,"Vicks VapoInhaler Soothing Vapors, 4 Scented Sticks",https://www.costco.com/.product.1594459.html,,,0,0,https://www.costco.com/health-beauty.html
50e79b08-ee56-5654-928e-d67793e79753,1738,1734412,1734412,"Nature Made Extra Strength Vitamin C 500 mg, 180 Gummies",https://www.costco.com/.product.1734412.html,,,0,0,https://www.costco.com/health-beauty.html
ed7081ff-6ad7-5ec9-8bb4-cf6ba7beb14a,1738,1566060,1566060,"Mucinex Children's Multi-Symptom Day/Nighttime, 12 oz",https://www.costco.com/.product.1566060.html,,,0,0,https://www.costco.com/health-beauty.html
2100e163-9faf-5890-98cc-7f6146bc96e2,1738,1176584,1176584,"Qunol Liquid CoQ10 100 mg., 30.4 Fluid Ounces",https://www.costco.com/.product.1176584.html,,,0,0,https://www.costco.com/health-beauty.html
21f0ead1-e860-5400-9e90-046dbcd4950f,1738,1820336,1820336,"Kirkland Signature Turmeric 1000 mg, 320 Vegetarian Capsules",https://www.costco.com/.product.1820336.html,,,0,0,https://www.costco.com/health-beauty.html
54d0e96a-5c6c-56a2-9dd6-45ccc7a198bf,1738,1095721,1095721,"Flonase Sensimist Allergy Relief, 360 Sprays",https://www.costco.com/.product.1095721.html,,,0,0,https://www.costco.com/health-beauty.html
91f9c871-1fd0-5f32-bcbb-88e2d00b57e4,1738,1566153,1566153,"Mucinex Maximum Strength 1200 mg Tablets, 56-count",https://www.costco.com/.product.1566153.html,,,0,0,https://www.costco.com/health-beauty.html
cadb658f-8f0b-537e-9a82-469238887a3f,1738,947272,947272,"Advil PM, Pain Reliever / Nighttime Sleep Aid, 200 Caplets",https://www.costco.com/.product.947272.html,,,0,0,https://www.costco.com/health-beauty.html
45dc1a5b-6bd3-5e0f-b9a6-9343eced9a8e,1738,2052093,2052093,"FeelGood Creatine+, 120 Capsules",https://www.costco.com/.product.2052093.html,,,0,0,https://www.costco.com/health-beauty.html
c15a68f9-6ec0-53ea-9183-43b3da0c56f2,1738,2001199,2001199,"Ritual Prenatal Multivitamin, 120 Capsules",https://www.costco.com/.product.2001199.html,,,0,0,https://www.costco.com/health-beauty.html
9407f839-7735-5fe9-92d7-3cfb63e7a3c3,1738,699770,699770,"Kirkland Signature Allerclear-D 12 Hour, 30 Extended Release Tablets",https://www.costco.com/.product.699770.html,,,0,0,https://www.costco.com/health-beauty.html
3f0786bc-8ab6-520f-8788-ab51c1a6b337,1738,427053,427053,Delsym 12 Hour Cough Relief,https://www.costco.com/.product.427053.html,,,0,0,https://www.costco.com/health-beauty.html
811e2882-53ae-5f06-a422-29967ada4e97,1738,1561932,1561932,"Vicks Dayquil/Nyquil Severe Cold & Flu, 12 fl oz, 3 Count",https://www.costco.com/.product.1561932.html,,,0,0,https://www.costco.com/health-beauty.html
5b8b78dd-ecaf-5f7e-8468-97aff8310339,1738,352457,352457,MedMassager Body Massager,https://www.costco.com/.product.352457.html,,,0,0,https://www.costco.com/health-beauty.html
f62d5101-c70b-5251-a433-2c80ac977228,1738,197197,197197,"Kirkland Signature Naproxen Sodium, 220 mg, 400 Caplets",https://www.costco.com/.product.197197.html,,,0,0,https://www.costco.com/health-beauty.html
073afa50-821a-5a41-8b14-4d886b1fd729,1738,1220987,1220987,"Breathe Right Extra Strength Nasal Strips, Clear, 72 count",https://www.costco.com/.product.1220987.html,,,0,0,https://www.costco.com/health-beauty.html
9c5a9d2b-7d27-5ac0-b4d7-6f58ff886638,1738,1220988,1220988,"Breathe Right Extra Strength Nasal Strips, Tan, 72 count",https://www.costco.com/.product.1220988.html,,,0,0,https://www.costco.com/health-beauty.html
4079f8a3-c259-53fd-8f45-2bdc455b06e3,1738,1908257,1908257,"Design Optics by Foster Grant, +1.25, #811 Fashion Cateye Reading Glasses, 3-pack",https://www.costco.com/.product.1908257.html,,,0,0,https://www.costco.com/health-beauty.html
1f2539d6-657a-54e7-a1d3-bc910bb27ad7,1738,1908267,1908267,"Design Optics by Foster Grant, +2.50, #811 Fashion Cateye Reading Glasses, 3-pack",https://www.costco.com/.product.1908267.html,,,0,0,https://www.costco.com/health-beauty.html
c94d9d82-159f-5c6e-9574-453aca35e224,1738,1908258,1908258,"Design Optics by Foster Grant, +1.50, #811 Fashion Cateye Reading Glasses, 3-pack",https://www.costco.com/.product.1908258.html,,,0,0,https://www.costco.com/health-beauty.html
597392ff-d38f-5682-a2d1-e563fe8ac0cf,1738,1908259,1908259,"Design Optics by Foster Grant, +1.75, #811 Fashion Cateye Reading Glasses, 3-pack",https://www.costco.com/.product.1908259.html,,,0,0,https://www.costco.com/health-beauty.html
c33ce591-5a11-5333-8a9a-6127ba1459aa,1738,1908260,1908260,"Design Optics by Foster Grant, +2.00, #811 Fashion Cateye Reading Glasses, 3-pack",https://www.costco.com/.product.1908260.html,,,0,0,https://www.costco.com/health-beauty.html
9aa39564-e653-52c9-ac3b-4634346b3477,1738,1486041,1486041,"Estroven Complete Multi-Symptom Menopause Relief, 84 Caplets",https://www.costco.com/.product.1486041.html,,,0,0,https://www.costco.com/health-beauty.html
58b6be6e-2365-5268-8914-7b4199bdcc3d,1738,1562581,1562581,"Mucinex DM Maximum Strength, 56 Tablets",https://www.costco.com/.product.1562581.html,,,0,0,https://www.costco.com/health-beauty.html
202d3059-013b-5e6a-913d-0fbc61a7befc,1738,1908270,1908270,"Design Optics by Foster Grant, +1.25, #815 Classic Plastic Square Reading Glasses, 3-pack",https://www.costco.com/.product.1908270.html,,,0,0,https://www.costco.com/health-beauty.html
7a955a0a-f422-5180-a908-e662d5376997,1738,1908271,1908271,"Design Optics by Foster Grant, +1.50, #815 Classic Plastic Square Reading Glasses, 3-pack",https://www.costco.com/.product.1908271.html,,,0,0,https://www.costco.com/health-beauty.html
b4497b4c-b4b7-5206-9fef-b3f0d7250c24,1738,1908272,1908272,"Design Optics by Foster Grant, +1.75, #815 Classic Plastic Square Reading Glasses, 3-pack",https://www.costco.com/.product.1908272.html,,,0,0,https://www.costco.com/health-beauty.html
eb1d1359-be3f-5b5e-b5bf-92daee558bd8,1738,1908273,1908273,"Design Optics by Foster Grant, +2.00, #815 Classic Plastic Square Reading Glasses, 3-pack",https://www.costco.com/.product.1908273.html,,,0,0,https://www.costco.com/health-beauty.html
cbe5daeb-7eb5-5101-819f-bf71dc10eb52,1738,1908274,1908274,"Design Optics by Foster Grant, +2.50, #815 Classic Plastic Square Reading Glasses, 3-pack",https://www.costco.com/.product.1908274.html,,,0,0,https://www.costco.com/health-beauty.html
378f2eda-29ef-5adf-8e71-d8ddb0397573,1738,1908277,1908277,"Design Optics by Foster Grant, +1.25, #809 Classic Plastic Round Reading Glasses, 3-pack",https://www.costco.com/.product.1908277.html,,,0,0,https://www.costco.com/health-beauty.html
5861bcc1-55fc-5b46-a694-9e77f4ed9596,1738,1908278,1908278,"Design Optics by Foster Grant, +1.50, #809 Classic Plastic Round Reading Glasses, 3-pack",https://www.costco.com/.product.1908278.html,,,0,0,https://www.costco.com/health-beauty.html
4a7d3494-663d-5c4d-b8a1-acb168898059,1738,1908279,1908279,"Design Optics by Foster Grant, +1.75, #809 Classic Plastic Round Reading Glasses, 3-pack",https://www.costco.com/.product.1908279.html,,,0,0,https://www.costco.com/health-beauty.html
6faf564d-3db4-5783-ab29-ebfc231aeb8e,1738,1908280,1908280,"Design Optics by Foster Grant, +2.00, #809 Classic Plastic Round Reading Glasses, 3-pack",https://www.costco.com/.product.1908280.html,,,0,0,https://www.costco.com/health-beauty.html
5484c64d-987c-507c-91e8-ec8aca89dc74,1738,1908281,1908281,"Design Optics by Foster Grant, +2.50, #809 Classic Plastic Round Reading Glasses, 3-pack",https://www.costco.com/.product.1908281.html,,,0,0,https://www.costco.com/health-beauty.html
5f8fb0fb-6b4a-5931-8313-acafa329369b,1738,719940,719940,"Kirkland Signature Nighttime Sleep Aid, 192 Tablets",https://www.costco.com/.product.719940.html,,,0,0,https://www.costco.com/health-beauty.html
efb5f87c-c486-5e93-aee7-907267774e78,1738,837291,837291,"Pepcid Complete Dual Action Acid Reducer + Antacid, 100 Chewable Berry Tablets",https://www.costco.com/.product.837291.html,,,0,0,https://www.costco.com/health-beauty.html
6b16056f-a0d3-5b29-83d3-025de58afe38,1738,638603,638603,"Kirkland Signature Multi-Purpose Disinfecting Solution, 48 Ounces",https://www.costco.com/.product.638603.html,,,0,0,https://www.costco.com/health-beauty.html
1ff76277-d00f-52c5-b295-d2864b7f15d5,1738,2027848,2027848,"Design Optics by Foster Grant +1.75 #669 Upsweep Cateye Reading Glasses, 3- pack",https://www.costco.com/.product.2027848.html,,,0,0,https://www.costco.com/health-beauty.html
332be1c0-a9fb-51a1-abbe-b33ef7f324b1,1738,2027849,2027849,"Design Optics by Foster Grant +2.00 #669 Upsweep Cateye Reading Glasses, 3- pack",https://www.costco.com/.product.2027849.html,,,0,0,https://www.costco.com/health-beauty.html
88e6ac2c-db85-560c-a572-217d747dc2e0,1738,2027851,2027851,"Design Optics by Foster Grant +2.50 #669 Upsweep Cateye Reading Glasses, 3- pack",https://www.costco.com/.product.2027851.html,,,0,0,https://www.costco.com/health-beauty.html
7bb945b3-4373-5661-911e-9d17ff05cde6,1738,1140422,1140422,"Kirkland Signature Esomeprazole 20 mg, 42 count",https://www.costco.com/.product.1140422.html,,,0,0,https://www.costco.com/health-beauty.html
2db6d000-85d9-5252-9bac-05bcd57b6746,1738,629240,629240,"Kirkland Signature Stool Softener, 100 mg, 400 Softgels",https://www.costco.com/.product.629240.html,,,0,0,https://www.costco.com/health-beauty.html
64416cee-6af2-5897-9130-2ba006696902,1738,650377,650377,"Kirkland Signature Quit Original Gum, 2 mg, 380 Pieces",https://www.costco.com/.product.650377.html,,,0,0,https://www.costco.com/health-beauty.html
7cc10682-c452-59df-a7a4-8f24064d9156,1738,650382,650382,"Kirkland Signature Quit Gum 4 mg., 380-pieces",https://www.costco.com/.product.650382.html,,,0,0,https://www.costco.com/health-beauty.html
4a1a6430-e2ca-5739-8900-825056500d88,1738,906492,906492,"Kirkland Signature Quit4 Mint 4 mg. Lozenge, 270-pieces",https://www.costco.com/.product.906492.html,,,0,0,https://www.costco.com/health-beauty.html
fa4cb4fa-1e1e-50c0-bd3b-4f50f01e9fd0,1738,906476,906476,"Kirkland Signature Quit Lozenges 2mg. or 4mg., Mint, 270 Pieces",https://www.costco.com/.product.906476.html,,,0,0,https://www.costco.com/health-beauty.html
1452c9e4-1160-58d5-a02b-7ec4992d20a7,1738,1140951,1140951,"Kirkland Signature Quit Coated Gum, 2 mg., 300-pieces",https://www.costco.com/.product.1140951.html,,,0,0,https://www.costco.com/health-beauty.html
2a769e14-5cac-5d34-990e-f85e8babf432,1738,1140957,1140957,"Kirkland Signature Quit Coated Gum, 4 mg., 300-pieces",https://www.costco.com/.product.1140957.html,,,0,0,https://www.costco.com/health-beauty.html
bbf13640-575a-523e-934e-9e8032a6e813,1738,1784954,1784954,"Disney Holiday Village, 13-piece Set",https://www.costco.com/.product.1784954.html,,,0,0,https://www.costco.com/seasonal.html
6dfb4bb2-400a-52fd-9ca1-b7d91e889bce,1738,1851698,1851698,"Kirkland Signature Nativity Set, 14-piece",https://www.costco.com/.product.1851698.html,,,0,0,https://www.costco.com/seasonal.html
72816c86-5997-5278-8da1-d03b14ef56b0,1738,1851620,1851620,"48"" Red Bow with LED Twinkle Lights",https://www.costco.com/.product.1851620.html,,,0,0,https://www.costco.com/seasonal.html
bacb8a0d-2bb4-5bdb-a3bf-e97261ee39a4,1738,1739980,1739980,7.5' Pre-Lit Radiant Micro LED with Twinkle Artificial Christmas Tree,https://www.costco.com/.product.1739980.html,,,0,0,https://www.costco.com/seasonal.html
8cb471af-a4b0-55c9-96f9-f71b659876f1,1738,1729162,1729162,BARK Winter Wooferland Toy and Treat Dog Advent Calendar,https://www.costco.com/.product.1729162.html,,,0,0,https://www.costco.com/seasonal.html
8a159c0b-67e8-5162-a4f2-d75ddb9c9164,1738,1785051,1785051,9' Pre-Lit Radiant Micro LED with Twinkle Artificial Christmas Tree,https://www.costco.com/.product.1785051.html,,,0,0,https://www.costco.com/seasonal.html
e727b361-10d6-5f7d-b967-461f37827aac,1738,1929667,1929667,4.5' Pre-Lit Whimsical Tree with LED Lights,https://www.costco.com/.product.1929667.html,,,0,0,https://www.costco.com/seasonal.html
a93188f7-30ea-58e2-9672-3331cf0283a0,1738,1929673,1929673,Pokémon Holiday Calendar,https://www.costco.com/.product.1929673.html,,,0,0,https://www.costco.com/seasonal.html
af9d04e6-7366-59a7-963a-6d9040c2301a,1738,2002026,2002026,Swarovski Annual Edition Ornament 2026,https://www.costco.com/.product.2002026.html,,,0,0,https://www.costco.com/seasonal.html
f5fcb557-c099-5099-b474-4ad5d92c595c,1738,262092,262092,"USPS First-Class Holiday Forever Stamp, 100-count",https://www.costco.com/.product.262092.html,,,0,0,https://www.costco.com/seasonal.html
e1854ced-6846-55eb-8cb6-0db27d5964ba,1738,1785052,1785052,12' Pre-lit Radiant Micro LED with Twinkle Artificial Christmas Tree,https://www.costco.com/.product.1785052.html,,,0,0,https://www.costco.com/seasonal.html
93653955-3832-59ba-b054-7dd08d44b050,1738,1784947,1784947,7' LED Triple Lamp Post,https://www.costco.com/.product.1784947.html,,,0,0,https://www.costco.com/seasonal.html
7a8511fd-3f74-57db-9dc1-747914284029,1738,2008742,2008742,"Kirkland Signature Gift Bows, 50ct",https://www.costco.com/.product.2008742.html,,,0,0,https://www.costco.com/seasonal.html
d5052dfc-0cdd-5b01-9adb-3c83aea44a5d,1738,1784949,1784949,9.5' Star Arch with LED Twinkle Lights,https://www.costco.com/.product.1784949.html,,,0,0,https://www.costco.com/seasonal.html
abc10238-502d-5e45-b45e-af29d86de905,1738,1929696,1929696,"BOO Wooden Light Up Letters, Set of 3",https://www.costco.com/.product.1929696.html,,,0,0,https://www.costco.com/seasonal.html
bec60236-2593-599f-8932-8e508326fd1b,1738,1851488,1851488,7' Potted Tree with LED Lights,https://www.costco.com/.product.1851488.html,,,0,0,https://www.costco.com/seasonal.html
6f600ec4-958f-5045-a90c-e9b6eac7d6fd,1738,1929678,1929678,"12"" Color Changing Candy Cane LED Pathway Lights, Set of 6",https://www.costco.com/.product.1929678.html,,,0,0,https://www.costco.com/seasonal.html
cf899cea-0112-5dd7-b570-fd606e6e350b,1738,1784931,1784931,7.5' Pre-Lit Glitter Flocked Micro LED with Twinkle Artificial Christmas Tree,https://www.costco.com/.product.1784931.html,,,0,0,https://www.costco.com/seasonal.html
5687f14d-7462-57a0-a303-02fefe14fa71,1738,1929704,1929704,"72"" Candy Canes with LED Twinkle Lights",https://www.costco.com/.product.1929704.html,,,0,0,https://www.costco.com/seasonal.html
8980de50-684b-5947-8b4a-6880f2b0550a,1738,1851677,1851677,9' Pre-Lit Radiant Micro LED with Twinkle Artificial Greenery Garland,https://www.costco.com/.product.1851677.html,,,0,0,https://www.costco.com/seasonal.html
958ca7fc-e882-56db-8892-2c9ab22881e2,1738,1851622,1851622,3.6' LED Mickey Pumpkin with Infinity LED Lights,https://www.costco.com/.product.1851622.html,,,0,0,https://www.costco.com/seasonal.html
146cc722-5d29-5c23-8d95-6518d38d5dc2,1738,1851630,1851630,"42"" Color Changing LED Tree",https://www.costco.com/.product.1851630.html,,,0,0,https://www.costco.com/seasonal.html
68594383-a00e-5f04-8166-315cfbe1dfb8,1738,1929676,1929676,9' Pre-Lit Radiant Micro LED with Twinkle Artificial Flocked Greenery Garland,https://www.costco.com/.product.1929676.html,,,0,0,https://www.costco.com/seasonal.html
ce5de8ed-836a-5e6e-95bc-b991348f8ffc,1738,1953158,1953158,Ingersoll Rand Edge 155 Piece Master Mechanic's Tool Set,https://www.costco.com/.product.1953158.html,,,0,0,https://www.costco.com/hardware.html
4db4b92f-ac2d-52c7-a8cd-d4f2d97fab6e,1738,1806569,1806569,"Mohawk Home 6MM Thick 9.4in X 47.8in 22 MIL Waterproof Luxury Vinyl Plank Flooring (15.65 sq ft/ctn), Tudor Oak",https://www.costco.com/.product.1806569.html,,,0,0,https://www.costco.com/hardware.html
6d9ae7a0-0bd5-5199-b754-6cb632f9c4ad,1738,1882002,1882002,"Mohawk Home 6MM Thick 9.4in X 47.8in 22 MIL Waterproof Luxury Vinyl Plank Flooring (15.65 sq ft/ctn), Bloomington Oak",https://www.costco.com/.product.1882002.html,,,0,0,https://www.costco.com/hardware.html
7f8207d6-1697-509d-9c88-641aaccf8235,1738,1806289,1806289,"Kohler Rodean Kitchen Sink Faucet, No Sensor, Stainless Steel",https://www.costco.com/.product.1806289.html,,,0,0,https://www.costco.com/hardware.html
c6c65193-949e-50a8-9e84-71a2f6d764cb,1738,1600208,1600208,"Gorilla Rack Industrial Shelving, 77” x 24” x 72",https://www.costco.com/.product.1600208.html,,,0,0,https://www.costco.com/hardware.html
c70b6198-3271-5db9-abee-e2208b58bbf0,1738,1806325,1806325,"Firman Tri Fuel Portable Generator 7850/6300W Electric Start, Gas, CO Alert",https://www.costco.com/.product.1806325.html,,,0,0,https://www.costco.com/hardware.html
9ee1397a-2d64-51c7-9fb0-c23097add956,1738,1806359,1806359,"Feit 48' LED String Light Set, Black, 1-pack",https://www.costco.com/.product.1806359.html,,,0,0,https://www.costco.com/hardware.html
04be9086-e0ae-5476-9d29-a5632a0c4385,1738,1806226,1806226,"Kohler HydroRail 3-in-1 Multifunction Showerhead and Column Kit, in Brushed Nickel",https://www.costco.com/.product.1806226.html,,,0,0,https://www.costco.com/hardware.html
59e777bd-7966-5120-a107-941f7a118898,1738,2322029,2322029,Greenmade 5-Tier Utility Rack,https://www.costco.com/.product.2322029.html,,,0,0,https://www.costco.com/hardware.html
17b84514-ef97-5fde-8c37-3b24586084f5,1738,540003,540003,First Alert Rechargeable Heavy Duty Fire Extinguisher UL Rated 3-A:40-BC,https://www.costco.com/.product.540003.html,,,0,0,https://www.costco.com/hardware.html
300a91e0-fb03-58e4-84e7-e1be3227497d,1738,1806313,1806313,"Artika Sunnyvale 28” Fandelier with Remote, Brushed Nickel",https://www.costco.com/.product.1806313.html,,,0,0,https://www.costco.com/hardware.html
a6a09354-db94-5185-a2e1-fb5f1ff63272,1738,1938018,1938018,Artika Bowen Solar LED Address Wall Light,https://www.costco.com/.product.1938018.html,,,0,0,https://www.costco.com/hardware.html
12990241-1637-527d-ba99-4568acf4496e,1738,1758910,1758910,"First Alert Precision Detection, 10-year Battery Smoke and Carbon Monoxide Alarm, 2-pack",https://www.costco.com/.product.1758910.html,,,0,0,https://www.costco.com/hardware.html
11b28340-36c3-5e4f-8356-1b6e7ede3040,1738,2009560,2009560,Little Giant Ladders Megalite™ M18 Telescoping Multi-position Ladder with Ladder Rack,https://www.costco.com/.product.2009560.html,,,0,0,https://www.costco.com/hardware.html
6a288ea5-0ad2-5019-afde-feefdc2b3ca9,1738,1806351,1806351,"Excello Global Products 10' String Light Pole, 2-pack",https://www.costco.com/.product.1806351.html,,,0,0,https://www.costco.com/hardware.html
602c6d79-d037-58aa-890e-551cdf6c9a0a,1738,1996984,1996984,Jackery Explorer 1500 v2 Solar Generator with Solar Panel 100Air,https://www.costco.com/.product.1996984.html,,,0,0,https://www.costco.com/hardware.html
697968a9-c7e1-5baa-ba9c-59de8e9c2fb9,1738,1806222,1806222,"Kohler Provo 33"" Dual Mount Single-bowl Workstation Kitchen Sink Kit, Stainless Steel",https://www.costco.com/.product.1806222.html,,,0,0,https://www.costco.com/hardware.html
70e8d3ac-a801-5418-9bbd-55c65a5114db,1738,1937970,1937970,Kohler Calidus 2-piece Elongated Toilet,https://www.costco.com/.product.1937970.html,,,0,0,https://www.costco.com/hardware.html
4366ba65-90cc-5fa0-957e-8db016ca603e,1738,1937955,1937955,"GTX Solar LED Pathway Lights, 4-pack",https://www.costco.com/.product.1937955.html,,,0,0,https://www.costco.com/hardware.html
304829f5-b314-5479-b211-6904f70f2a3f,1738,2004793,2004793,"Mohawk Home 6MM Thick x 9.43in x 47.8in 22 mil Waterproof Luxury Vinyl Plank Flooring (15.65 sq ft/ctn) , Coppervale Oak",https://www.costco.com/.product.2004793.html,,,0,0,https://www.costco.com/hardware.html
5e059334-30d1-59b9-baec-f930a8f27ee4,1738,1806215,1806215,"Artika Sonolok Sound-Absorbing Slatted Panel Kit, Walnut",https://www.costco.com/.product.1806215.html,,,0,0,https://www.costco.com/hardware.html
671cb417-0159-5dc8-b8df-0dfce105c80d,1738,1856257,1856257,Teakhaus Teak Bench,https://www.costco.com/.product.1856257.html,,,0,0,https://www.costco.com/hardware.html
257e51cf-665e-5a00-a29f-c7bca91f4bea,1738,1938099,1938099,Artika Eclipse Solar String Light with Remote,https://www.costco.com/.product.1938099.html,,,0,0,https://www.costco.com/hardware.html
be1af746-fa55-518d-a76d-f174d85b9886,1738,1959104,1959104,HOTO Flexi Cordless Spin Scrubber,https://www.costco.com/.product.1959104.html,,,0,0,https://www.costco.com/hardware.html
457a5648-681a-52f6-8483-81c69348b334,1738,1859466,1859466,"Globe Electric 14"" Matte Black Outdoor Wall Light with GFCI Outlet",https://www.costco.com/.product.1859466.html,,,0,0,https://www.costco.com/hardware.html
accfb875-c6e2-5b5a-aa3b-9fc9834abf5c,1738,1600212,1600212,"Gorilla Rack Z-Beam 5-shelf Steel Storage Rack, 48“ x 24“ x 72""",https://www.costco.com/.product.1600212.html,,,0,0,https://www.costco.com/hardware.html
f625e07c-c5ba-5a24-80fe-ee095af614e6,1738,1975695,1975695,"Mohawk Home 12MM Thick 9.4in X 47.2in AC4 Waterproof Surface Laminate Wood Plank Flooring (18.6 sq ft/ctn), Westhighland Oak",https://www.costco.com/.product.1975695.html,,,0,0,https://www.costco.com/hardware.html
d8cf3243-190a-5731-afcd-481893ad39c9,1738,1558000,1558000,"SafeRacks Storage Bin Rack, 5 Tote Capacity, NSF Certified, Black",https://www.costco.com/.product.1558000.html,,,0,0,https://www.costco.com/hardware.html
782afaae-bd76-528d-b078-08c1793e3966,1738,1806250,1806250,TOTO Washlet Elongated Bidet Seat with Soft Close Lid,https://www.costco.com/.product.1806250.html,,,0,0,https://www.costco.com/hardware.html
fa379272-5da5-58eb-b6ec-428f4d0987fc,1738,1806208,1806208,"Kohler Fora One-piece Elongated Smart Toilet, Dual-flush",https://www.costco.com/.product.1806208.html,,,0,0,https://www.costco.com/hardware.html
24233503-0376-5c30-88a8-1e88238beb3b,1738,1936026,1936026,HOTO Wand Cordless Spin Scrubber,https://www.costco.com/.product.1936026.html,,,0,0,https://www.costco.com/hardware.html
0ad7dcc5-8a45-53e0-9e1b-74d5c1de43bb,1738,2012412,2012412,"United Weavers Urban Impressions WPC Flooring 8 MM Thick with 22 Mil Wear Layer, 14.74 sq.ft/ctn, Scottsdale",https://www.costco.com/.product.2012412.html,,,0,0,https://www.costco.com/hardware.html
eee39bb4-1943-5945-8725-d06c9ac15d56,1738,1806317,1806317,"Kohler Assert Multifunction 1.75GPM Handshower, Brushed Nickel",https://www.costco.com/.product.1806317.html,,,0,0,https://www.costco.com/hardware.html
9ecd3d60-821b-5d61-b5dd-b5c8d8647a40,1738,1922000,1922000,"Delta Rinna Two Handle Widespread Bathroom Faucet, Brushed Nickel",https://www.costco.com/.product.1922000.html,,,0,0,https://www.costco.com/hardware.html
945d2f00-b7e5-5f08-ad2b-1454d8b5d9e0,1738,1974257,1974257,"Fanttik W10 APEX 4"" Mini Chainsaw",https://www.costco.com/.product.1974257.html,,,0,0,https://www.costco.com/hardware.html
946285e5-acfe-5e63-a7b3-1c6b1517d288,1738,1937919,1937919,"Artika Royce 32” x 24” LED Wall Mirror with Defogger, Brushed Nickel",https://www.costco.com/.product.1937919.html,,,0,0,https://www.costco.com/hardware.html
bbf44f4d-8c25-5a64-97cd-9b609e7f45a7,1738,1937993,1937993,KODA Hardwire Motion Activated LED Security Floodlight,https://www.costco.com/.product.1937993.html,,,0,0,https://www.costco.com/hardware.html
a43f2ff7-60f9-550d-a97a-d248beee0701,1738,1889825,1889825,"Delta Adjustable Shower Head with Hand Shower, Brushed Nickel",https://www.costco.com/.product.1889825.html,,,0,0,https://www.costco.com/hardware.html
2fb51944-0707-57b1-bee9-c5f6977fe1b7,1738,1806320,1806320,Lutec Craftsman Style Outdoor LED Wall Lantern,https://www.costco.com/.product.1806320.html,,,0,0,https://www.costco.com/hardware.html
8f2ef020-3277-5276-b886-2879c76be916,1738,1961920,1961920,HOTO Cordless Auto-Dispensing Glue Gun,https://www.costco.com/.product.1961920.html,,,0,0,https://www.costco.com/hardware.html
e313dfe1-1ead-5c20-80d8-431b5b804a9c,1738,1904701,1904701,"Mohawk Home 6MM Thick x 8.9in x 46.5in 22 mil Waterproof Luxury Vinyl Plank Flooring (14.35 sq ft/ctn), Beckett Oak",https://www.costco.com/.product.1904701.html,,,0,0,https://www.costco.com/hardware.html
bf6a203f-91d3-5381-ab99-b698d8baed2d,1738,1938000,1938000,Feit Electric 15” Round Ceiling Fixture with Night Light,https://www.costco.com/.product.1938000.html,,,0,0,https://www.costco.com/hardware.html
b6b8674f-b867-52f4-bdf5-14bcdf347677,1738,2070429,2070429,Jackery FridgeGuard Smart Fridge Backup Power Station,https://www.costco.com/.product.2070429.html,,,0,0,https://www.costco.com/hardware.html
c75c2249-edea-5049-8776-f08cc9a6189f,1738,1938066,1938066,"Duracell 1600 Lumen Hybrid Power LED Flashlight, 3-Pack",https://www.costco.com/.product.1938066.html,,,0,0,https://www.costco.com/hardware.html
431fdd71-0ade-5630-9d61-bfe3adb25f58,1738,1878939,1878939,American Standard Slim-Line 1.25HP Garbage Disposer,https://www.costco.com/.product.1878939.html,,,0,0,https://www.costco.com/hardware.html
37e312fc-9cb4-5e21-ad40-4a1afdce848f,1738,1937997,1937997,COSCO 5 in 1 Convertible Hand Truck with 3 Position Extendable Handle,https://www.costco.com/.product.1937997.html,,,0,0,https://www.costco.com/hardware.html
e1367514-102e-58ec-970b-70bcbd4705aa,1738,1937952,1937952,"Energetic Lighting 14” Arcadia Flush Mount with Selectable CCT & Halo Accent Light, 1 Light",https://www.costco.com/.product.1937952.html,,,0,0,https://www.costco.com/hardware.html
1bfd3e9b-7095-521a-b564-b18faf3fc09a,1738,1276702,1276702,"Kirkland Signature Water Filter Cartridge, 10-pack set",https://www.costco.com/.product.1276702.html,,,0,0,https://www.costco.com/hardware.html
6d1ebe79-debb-5b07-9cff-4daa98d269da,1738,1731394,1731394,Kohler Layne Quick Release Elongated Toilet Seat,https://www.costco.com/.product.1731394.html,,,0,0,https://www.costco.com/hardware.html
d0d12bd8-5819-5238-8cb6-fd9d40e2b2fc,1738,1996039,1996039,Artika Sonokit Wall Panel Accessory Kit,https://www.costco.com/.product.1996039.html,,,0,0,https://www.costco.com/hardware.html
5d3a48e9-0b9b-5f29-8b99-1850ff5b3d0e,1738,987554,987554,"Brita Replacement Water Filters, 10-pack",https://www.costco.com/.product.987554.html,,,0,0,https://www.costco.com/hardware.html
c3a8e474-b1a8-571d-a2fa-3ffd34819c9a,1738,1975773,1975773,"Feit Electric 100W Replacement 5-CCT LED Classic Glass A19 Bulbs, 4-pack",https://www.costco.com/.product.1975773.html,,,0,0,https://www.costco.com/hardware.html
0626279d-eb64-5f11-aa12-e0c67bd509db,1738,4000295255,4000295255,"Gorilla Rack Industrial Shelving, 77” x 24” x 72""",https://www.costco.com/gorilla-rack-industrial-shelving-77-x-24-x-72.product.4000295255.html,,,0,0,https://www.costco.com/garage.html
6d5016ff-825d-5441-9dbf-2bb8a1e22f40,1738,100976583,100976583,Greenmade 5-Tier Utility Rack,https://www.costco.com/greenmade-5-tier-utility-rack.product.100976583.html,,,0,0,https://www.costco.com/garage.html
78662a17-edb4-5ec9-81a9-112fe472aad5,1738,4000292011,4000292011,"Gorilla Rack Z-Beam 5-shelf Steel Storage Rack, 48“ x 24“ x 72""",https://www.costco.com/gorilla-rack-z-beam-5-shelf-steel-storage-rack-48-x-24-x-72.product.4000292011.html,,,0,0,https://www.costco.com/garage.html
f8c9b61a-387d-59fc-b58f-440e683ed158,1738,100677580,100677580,"SafeRacks Storage Bin Rack, 5 Tote Capacity, NSF Certified",https://www.costco.com/saferacks-storage-bin-rack-5-tote-capacity-nsf-certified.product.100677580.html,,,0,0,https://www.costco.com/garage.html
85e5dbed-14d6-5d7b-818f-03b3200205cb,1738,4000412583,4000412583,"Firman Tri Fuel Portable Generator 7850/6300W Electric Start, Gas, CO Alert",https://www.costco.com/firman-tri-fuel-portable-generator-78506300w-electric-start-gas-co-alert.product.4000412583.html,,,0,0,https://www.costco.com/generators.html
7b3606c4-a49c-50c5-a249-726573209d80,1738,4000411792,4000411792,Jackery Explorer 1500 v2 Solar Generator with Solar Panel 100Air,https://www.costco.com/jackery-explorer-1500-v2-solar-generator-with-solar-panel-100air.product.4000411792.html,,,0,0,https://www.costco.com/generators.html
2a5b44cf-0ee4-58bb-ab00-4769d144eac2,1738,4201017782,4201017782,Jackery FridgeGuard Smart Fridge Backup Power Station,https://www.costco.com/jackery-fridgeguard-smart-fridge-backup-power-station.product.4201017782.html,,,0,0,https://www.costco.com/generators.html
0e882bdb-d24a-5136-993b-d0676deae57e,1738,4000421002,4000421002,Artika Bowen Solar LED Address Wall Light,https://www.costco.com/artika-bowen-solar-led-address-wall-light.product.4000421002.html,,,0,0,https://www.costco.com/lighting.html
0286d9bc-d96f-586d-ba8f-5f453b98211d,1738,4000392789,4000392789,Artika Sunnyvale 28” Fandelier with Remote,https://www.costco.com/artika-sunnyvale-28-fandelier-with-remote.product.4000392789.html,,,0,0,https://www.costco.com/lighting.html
d1c87d96-0f9d-5d09-8838-5cafff45b8dc,1738,4000369135,4000369135,"Infinity X1 Under Cabinet Lights, 3-pack",https://www.costco.com/infinity-x1-under-cabinet-lights-3-pack.product.4000369135.html,,,0,0,https://www.costco.com/lighting.html
13bbbc00-22ec-531e-8e3e-e2789f62dc03,1738,4000385994,4000385994,Feit 48' LED String Light,https://www.costco.com/feit-48-led-string-light.product.4000385994.html,,,0,0,https://www.costco.com/lighting.html
79079951-2f77-5714-ad3c-ab7a83f4f9d6,1738,4000344094,4000344094,"SnapPower GuideLight 2 LED Outlet Cover, 3-pack",https://www.costco.com/snappower-guidelight-2-led-outlet-cover-3-pack.product.4000344094.html,,,0,0,https://www.costco.com/lighting.html
8792c202-12b0-5cab-8923-09dfb5a12a06,1738,4000412083,4000412083,Feit Electric 15” Round Ceiling Fixture with Night Light,https://www.costco.com/feit-electric-15-round-ceiling-fixture-with-night-light.product.4000412083.html,,,0,0,https://www.costco.com/lighting.html
a4a4616e-19c4-5b5f-9dae-57616615652c,1738,4000340301,4000340301,"Globe Electric 14"" Matte Black Outdoor Wall Light with GFCI Outlet",https://www.costco.com/globe-electric-14-matte-black-outdoor-wall-light-with-gfci-outlet.product.4000340301.html,,,0,0,https://www.costco.com/lighting.html
e24269b7-b937-5efc-923f-1a8630a09895,1738,4000366387,4000366387,"Excello Global Products 10 ft. String Light Pole, 2-pack",https://www.costco.com/excello-global-products-10-ft-string-light-pole-2-pack.product.4000366387.html,,,0,0,https://www.costco.com/lighting.html
7d093d3d-ab7d-54ea-a526-94f4fc36cfd0,1738,4000443169,4000443169,Energetic Lighting 14” Arcadia Flush Mount with Selectable CCT & Halo Accent Light,https://www.costco.com/energetic-lighting-14-arcadia-flush-mount-with-selectable-cct--halo-accent-light.product.4000443169.html,,,0,0,https://www.costco.com/lighting.html
6d871f5e-3fa9-587f-b5ac-b8b37de19296,1738,4000411063,4000411063,Artika Eclipse Solar String Light with Remote,https://www.costco.com/artika-eclipse-solar-string-light-with-remote.product.4000411063.html,,,0,0,https://www.costco.com/lighting.html
4330b134-5ef8-5208-8679-50d88d7e8f58,1738,4000450030,4000450030,KODA Hardwire Motion Activated LED Security Floodlight,https://www.costco.com/koda-hardwire-motion-activated-led-security-floodlight.product.4000450030.html,,,0,0,https://www.costco.com/lighting.html
9bbe8b70-492a-5f79-98c4-aa2e54573777,1738,4000355070,4000355070,Lutec Craftsman Style Outdoor LED Wall Lantern,https://www.costco.com/lutec-craftsman-style-outdoor-led-wall-lantern.product.4000355070.html,,,0,0,https://www.costco.com/lighting.html
15ddd3de-8a3a-5886-bb4e-091755e412e3,1738,4000403893,4000403893,"GTX Solar LED Pathway Lights, 4-pack",https://www.costco.com/gtx-solar-led-pathway-lights-4-pack.product.4000403893.html,,,0,0,https://www.costco.com/lighting.html
7a586ee4-727e-5bf8-94a0-e093dd7d71aa,1738,4000420691,4000420691,Artika Royce 32” x 24” LED Wall Mirror with Defogger,https://www.costco.com/artika-royce-32-x-24-led-wall-mirror-with-defogger.product.4000420691.html,,,0,0,https://www.costco.com/lighting.html
b3a9f640-fa28-5af8-8189-12e7c0929256,1738,4000449798,4000449798,"Feit Electric Triple Outlet Outdoor Smart Plugs, 3-pack",https://www.costco.com/feit-electric-triple-outlet-outdoor-smart-plugs-3-pack.product.4000449798.html,,,0,0,https://www.costco.com/lighting.html
cbc4f057-e8bd-508d-8bd0-4b80deaede59,1738,4000411477,4000411477,"Feit Electric 100W Replacement 5-CCT LED Classic Glass A19 Bulbs, 4-pack",https://www.costco.com/feit-electric-100w-replacement-5-cct-led-classic-glass-a19-bulbs-4-pack.product.4000411477.html,,,0,0,https://www.costco.com/lighting.html
96cd1b99-a0b5-5460-97be-bbd83f7d0fb0,1738,4000438243,4000438243,COSCO 5-in-1 Convertible Hand Truck with 3 Position Extendable Handle,https://www.costco.com/cosco-5-in-1-convertible-hand-truck-with-3-position-extendable-handle.product.4000438243.html,,,0,0,https://www.costco.com/storage-organization.html
8d1e99ed-2a51-570c-95ad-50ded11b5722,1738,4000374144,4000374144,Ingersoll Rand Edge 155-piece Master Mechanic's Tool Set,https://www.costco.com/ingersoll-rand-edge-155-piece-master-mechanics-tool-set.product.4000374144.html,,,0,0,https://www.costco.com/tools.html
315af4fb-d0f0-5625-923b-5596e046fd23,1738,4000419023,4000419023,"Little Giant Ladders Megalite M18 Telescoping Multi-position Ladder with Ladder Rack, 18-ft Reach",https://www.costco.com/little-giant-ladders-megalite-m18-telescoping-multi-position-ladder-with-ladder-rack-18-ft-reach.product.4000419023.html,,,0,0,https://www.costco.com/tools.html
09b4b0e5-eadc-50fd-831e-9c0f73f68459,1738,4000390930,4000390930,HOTO Flexi Cordless Spin Scrubber,https://www.costco.com/hoto-flexi-cordless-spin-scrubber.product.4000390930.html,,,0,0,https://www.costco.com/tools.html
85910428-8d88-57ea-93da-eb11a542e0c5,1738,4000392180,4000392180,"Fanttik W10 APEX 4"" Mini Chainsaw",https://www.costco.com/fanttik-w10-apex-4-mini-chainsaw.product.4000392180.html,,,0,0,https://www.costco.com/tools.html
ec01785b-06c2-538b-9ba4-b4f239af5ed0,1738,4000360679,4000360679,HOTO Wand Cordless Spin Scrubber,https://www.costco.com/hoto-wand-cordless-spin-scrubber.product.4000360679.html,,,0,0,https://www.costco.com/tools.html
13cca0a5-3b75-5831-9d61-e5f5c8102ee5,1738,4000385781,4000385781,HOTO Cordless Auto-Dispensing Glue Gun,https://www.costco.com/hoto-cordless-auto-dispensing-glue-gun.product.4000385781.html,,,0,0,https://www.costco.com/tools.html
3d2cfbaf-40f4-5b31-a2d3-ee2c1962f539,1738,4000449524,4000449524,"Duracell 1600 Lumen Hybrid Power LED Flashlight, 3-pack",https://www.costco.com/duracell-1600-lumen-hybrid-power-led-flashlight-3-pack.product.4000449524.html,,,0,0,https://www.costco.com/tools.html
24f5dd02-631f-5b24-b8df-06694bdbd873,1738,1748800,1748800,"Casper Cooling Select 12"" Memory Foam Mattress, Queen",https://www.costco.com/.product.1748800.html,,,0,0,https://www.costco.com/mattresses.html
4376e372-8adf-53e1-b20f-dd03b8f18d17,1738,1748801,1748801,"Casper Cooling Select 12"" Memory Foam Mattress, King",https://www.costco.com/.product.1748801.html,,,0,0,https://www.costco.com/mattresses.html
a98bf0e0-040e-55c7-a625-edaf86a7c9dd,1738,1608575,1608575,"Beautyrest 12"" BR800 Medium Mattress, Twin",https://www.costco.com/.product.1608575.html,,,0,0,https://www.costco.com/mattresses.html
4335c1e3-56ef-57be-98ad-ec3908766f05,1738,1608576,1608576,"Beautyrest 12"" BR800 Medium Mattress, Full",https://www.costco.com/.product.1608576.html,,,0,0,https://www.costco.com/mattresses.html
adff4c4b-1db5-5dd0-9009-1e5753389077,1738,1900478,1900478,"Sealy Posturepedic Pro Highland Manor 13"" Medium Mattress, Queen",https://www.costco.com/.product.1900478.html,,,0,0,https://www.costco.com/mattresses.html
1dec01b0-6ce8-5950-b247-1f2d732df293,1738,1900479,1900479,"Sealy Posturepedic Pro Highland Manor 13"" Medium Mattress, King",https://www.costco.com/.product.1900479.html,,,0,0,https://www.costco.com/mattresses.html
9a59a144-bf38-5549-8430-b7189b27596b,1738,1847133,1847133,"Novaform 14"" Legacy Premier Support Hybrid Euro Top Mattress, Queen, Firm",https://www.costco.com/.product.1847133.html,,,0,0,https://www.costco.com/mattresses.html
3ceb9cbf-d617-546c-aa64-12238b6a8e2d,1738,1847134,1847134,"Novaform 14"" Legacy Premier Support Hybrid Euro Top Mattress, King, Firm",https://www.costco.com/.product.1847134.html,,,0,0,https://www.costco.com/mattresses.html
75d0a126-10c9-54df-bec1-0a595cd1efa8,1738,1698562,1698562,"Novaform DreamAway 8"" Gel Memory Foam Mattress, Twin",https://www.costco.com/.product.1698562.html,,,0,0,https://www.costco.com/mattresses.html
d70598a4-4513-51cc-8df0-051914cd5c17,1738,1698564,1698564,"Novaform DreamAway 8"" Gel Memory Foam Mattress, Full",https://www.costco.com/.product.1698564.html,,,0,0,https://www.costco.com/mattresses.html
932cfc70-adfe-5702-975e-a54bd7d30720,1738,1743417,1743417,"PurpleRenew 11"" Gel Grid Mattress, Queen",https://www.costco.com/.product.1743417.html,,,0,0,https://www.costco.com/mattresses.html
a865681b-2b3d-5aff-8b75-5856c72f82f1,1738,1743415,1743415,"PurpleRenew 11"" Gel Grid Mattress, King",https://www.costco.com/.product.1743415.html,,,0,0,https://www.costco.com/mattresses.html
8b155e1d-5615-5de4-8403-6dfb2e78d7b6,1738,1819440,1819440,"Kirkland Signature V3.0 Golf Ball, 2-dozen",https://www.costco.com/.product.1819440.html,,,0,0,https://www.costco.com/sports-fitness.html
ece38a1a-4a02-504b-a01d-6dae26f4624b,1738,1819487,1819487,Tetris Tumble XL,https://www.costco.com/.product.1819487.html,,,0,0,https://www.costco.com/sports-fitness.html
a18243a4-fab8-57b5-852e-3068d2d5f8ff,1738,2066550,2066550,TUSCANY 2- PERSON INFRARE INFRARED SAUNA P3,https://www.costco.com/.product.2066550.html,,,0,0,https://www.costco.com/sports-fitness.html
648f4172-27e8-57d8-971f-a33b98926b15,1738,1740556,1740556,"Kirkland Signature 7-piece Players Iron Set, Right Handed, Regular",https://www.costco.com/.product.1740556.html,,,0,0,https://www.costco.com/sports-fitness.html
9b2563f6-65a7-54e8-9ecd-92b323dd1758,1738,1872142,1872142,Sealy Air Mattress Queen with Built-in Headboard,https://www.costco.com/.product.1872142.html,,,0,0,https://www.costco.com/sports-fitness.html
e17bdca6-3d7a-585b-a2d7-0992a2d1b052,1738,1819400,1819400,Phantom A10 Smart Electric Scooter,https://www.costco.com/.product.1819400.html,,,0,0,https://www.costco.com/sports-fitness.html
fc4226d7-d0bd-5e4a-87b8-059e2981c377,1738,1985364,1985364,Stern Pokémon Pinball Machine,https://www.costco.com/.product.1985364.html,,,0,0,https://www.costco.com/sports-fitness.html
35250ef9-1d4f-5e60-b5ab-0005d3411b9b,1738,2028780,2028780,Almost Heaven Arcadia 2-person Outdoor Barrel Sauna,https://www.costco.com/.product.2028780.html,,,0,0,https://www.costco.com/sports-fitness.html
5e5adb95-5788-5ad7-a427-40d7fbc56737,1738,1985324,1985324,Duracell 5000L Tri-Powered Lantern,https://www.costco.com/.product.1985324.html,,,0,0,https://www.costco.com/sports-fitness.html
8528156e-6a97-50fd-9354-43fe6939e64d,1738,1740668,1740668,"Kirkland Signature Adjustable Driver, Regular",https://www.costco.com/.product.1740668.html,,,0,0,https://www.costco.com/sports-fitness.html
0806b1ce-0dc0-5159-bca3-df4b0d029e60,1738,1985333,1985333,RinseKit Pro 2.0 Portable Shower,https://www.costco.com/.product.1985333.html,,,0,0,https://www.costco.com/sports-fitness.html
3828980d-692d-5bc7-8b51-1d2c781b52a2,1738,1872239,1872239,LifeStraw Water Filter Variety Pack,https://www.costco.com/.product.1872239.html,,,0,0,https://www.costco.com/sports-fitness.html
1fc46e12-58e3-5661-a15b-eefe949d4429,1738,1987067,1987067,Aigo E3 Rainbow Kids Electric Scooter,https://www.costco.com/.product.1987067.html,,,0,0,https://www.costco.com/sports-fitness.html
d6fbb281-8eef-5a83-9d64-e91b54095822,1738,1819441,1819441,"Kirkland Signature V3.0 Yellow Golf Ball, 2-dozen",https://www.costco.com/.product.1819441.html,,,0,0,https://www.costco.com/sports-fitness.html
567d2ed2-fc3c-5130-a1ee-dfd0dad30e0a,1738,1896109,1896109,"Hiboy C1 Electric Bike, Black",https://www.costco.com/.product.1896109.html,,,0,0,https://www.costco.com/sports-fitness.html
77bc17bb-2962-5763-bc06-4b301f394d9e,1738,1872247,1872247,Infinity X1 2000L Camp Site Light,https://www.costco.com/.product.1872247.html,,,0,0,https://www.costco.com/sports-fitness.html
5be9dabf-4fb5-5abc-ae8b-2da4fda02be0,1738,2049073,2049073,Axil MX II Pro SE + X30i Earplug Bundle,https://www.costco.com/.product.2049073.html,,,0,0,https://www.costco.com/sports-fitness.html
fee1992d-e864-58bb-baf0-f20adc2b374e,1738,2024351,2024351,LifeTrend Classic Cold Plunge with Chiller System,https://www.costco.com/.product.2024351.html,,,0,0,https://www.costco.com/sports-fitness.html
d343e5df-8bc5-50f3-a6e4-be2eec019345,1738,1825280,1825280,"Selkirk Pro S1 Pickleball Ball, 24-pack",https://www.costco.com/.product.1825280.html,,,0,0,https://www.costco.com/sports-fitness.html
04ae1b1b-9a79-5988-afc5-6fa7fc49e6bc,1738,100406208,100406208,MedMassager Body Massager,https://www.costco.com/medmassager-body-massager.product.100406208.html,,,0,0,https://www.costco.com/sports-fitness.html
5c492424-a82e-52a2-8aa5-712d6e571df3,1738,1929716,1929716,Mini Brands Mini Vinyls Playset with Three Capsules,https://www.costco.com/.product.1929716.html,,,0,0,https://www.costco.com/toys.html
e0fe7af6-ff40-581f-a53b-ed3116d76e5f,1738,2036911,2036911,Jetson Halos 3-Wheel Light-Up Kick Scooter,https://www.costco.com/.product.2036911.html,,,0,0,https://www.costco.com/toys.html
d5f8233c-8e9c-5088-87c7-8f1161af1d33,1738,2049570,2049570,Level Readers - 10 book Packs,https://www.costco.com/.product.2049570.html,,,0,0,https://www.costco.com/toys.html
bc48461b-fd36-58fc-a49f-e22528b31fed,1738,2213964,2213964,Trifold Coloring and Activity Set,https://www.costco.com/.product.2213964.html,,,0,0,https://www.costco.com/toys.html
b00abe25-fa93-5b8c-9839-8e10934d47f9,1738,2064924,2064924,Googly Eyes Sound Book,https://www.costco.com/.product.2064924.html,,,0,0,https://www.costco.com/toys.html
54af2e02-54dd-582a-9034-a3cdc9feea0c,1738,2065849,2065849,My Big Wipe Clean: Spiral Floor Pad,https://www.costco.com/.product.2065849.html,,,0,0,https://www.costco.com/toys.html
5573f1ff-3adc-5c2b-932c-a99de7619e33,1738,2071117,2071117,Quiz It Book & Set / Book & Talking Flash Card Set,https://www.costco.com/.product.2071117.html,,,0,0,https://www.costco.com/toys.html
c6200095-82db-5a59-af81-c49e6a3b6166,1738,1927496,1927496,2025 Topps Baseball Flagship Collection 2,https://www.costco.com/.product.1927496.html,,,0,0,https://www.costco.com/toys.html
451cc9b6-a5b2-5954-a46e-c633335b9bfa,1738,2037490,2037490,Halloween Board Book,https://www.costco.com/.product.2037490.html,,,0,0,https://www.costco.com/toys.html
